policy,seed,days_prior,dow,month,weekend,peak_month,price,selling_limit,remain,accepted,cum_revenue,base_demand,is_soft
rl_best,0,100,2,12,0,1,91.88748478889465,10393.463224172592,10000.0,75.85211613697494,6969.8601677417555,78.34826956228913,0
rl_best,0,99,2,12,0,1,89.2421543598175,10843.625664710999,9950.192944234366,88.79318047858526,14893.954886110794,78.34826956228913,0
rl_best,0,98,2,12,0,1,90.79638242721558,10782.660245895386,9893.745278358643,87.5644607530976,22844.491151681956,78.34826956228913,0
rl_best,0,97,2,12,0,1,91.42588138580322,10901.205390691757,9836.787082686742,82.84907555956968,30419.04090671462,80.43164846582134,0
rl_best,0,96,2,12,0,1,92.45134830474854,10930.337458848953,9782.103387458403,85.54938631728507,38328.19701839143,80.43164846582134,0
rl_best,0,95,2,12,0,1,93.33473205566406,10992.640554904938,9724.580848650701,95.56374846691926,47247.61387578622,80.76388620962199,0
rl_best,0,94,2,12,0,1,94.34775114059448,11028.00503373146,9660.862025201293,97.69443595102227,56464.86420671402,80.76388620962199,0
rl_best,0,93,2,12,0,1,95.41604995727539,11114.356219768524,9596.282386275068,88.98707983637082,64955.65986193323,81.2516721329647,0
rl_best,0,92,2,12,0,1,96.53098344802856,11041.71872138977,9535.711534366525,85.83425915010127,73241.32531122545,81.68189079408234,0
rl_best,0,91,2,12,0,1,96.88726902008057,11017.64664053917,9478.910192413421,78.54838097952532,80851.66343028049,81.68189079408234,0
rl_best,0,90,2,12,0,1,96.72832012176514,11034.735888242722,9426.585425520278,87.84173061376691,89348.44646913878,82.82831677780638,0
rl_best,0,89,2,12,0,1,96.74538612365723,11103.718280792236,9368.597590272379,84.38980244850264,97512.77049191833,82.82831677780638,0
rl_best,0,88,2,12,0,1,96.78509473800659,11199.575513601303,9311.927087419044,92.1520405191678,106431.7144638666,82.82831677780638,0
rl_best,0,87,2,12,0,1,96.52553081512451,11314.68802690506,9249.547673223753,90.93165135650574,115208.94037894916,84.56293398444693,0
rl_best,0,86,2,12,0,1,95.49647331237793,11490.328162908554,9188.876173067567,88.3757002740573,123648.5080816334,84.56293398444693,0
rl_best,0,85,2,12,0,1,93.94179821014404,11698.63373041153,9128.301363701781,105.98627101541088,133605.04896640877,84.8282916403851,0
rl_best,0,84,2,12,0,1,92.52649664878845,11849.317848682404,9058.204035727844,107.63909230419071,143564.5170797711,87.66566629607894,0
rl_best,0,83,2,12,0,1,91.03826761245728,11905.145645141602,8983.534336017328,103.34379239273535,152972.75690770717,87.66566629607894,0
rl_best,0,82,2,12,0,1,89.82217073440552,11952.8828561306,8913.05023672239,96.2632458727697,161619.33061393915,87.66566629607894,0
rl_best,0,81,2,12,0,1,89.06625032424927,11955.78008890152,8845.97178576084,115.2551638470406,171884.67588830204,88.02391932314761,0
rl_best,0,80,2,12,0,1,88.54854345321655,11943.476647138596,8765.108172051072,112.21874134006543,181821.4819821181,88.02391932314761,0
rl_best,0,79,2,12,0,1,88.13565611839294,11962.726712226868,8688.13167434366,92.98470873079955,190016.75029508478,89.41124357506565,0
rl_best,0,78,2,12,0,1,87.83745169639587,12038.968205451965,8624.66386563502,109.64859770385324,199648.00369947453,89.85798532780689,0
rl_best,0,77,2,12,0,1,87.2580623626709,12294.219434261322,8551.472936811382,108.19116737387724,209088.55532927447,91.10061121112462,0
rl_best,0,76,2,12,0,1,86.34656548500061,12653.13059091568,8476.85397182102,111.59498775619768,218724.39924736283,91.10061121112462,0
rl_best,0,75,2,12,0,1,85.21193504333496,13244.703710079193,8401.99844062633,101.97341170899631,227413.75098205707,91.10061121112462,0
rl_best,0,74,2,12,0,1,84.24158811569214,13864.721655845642,8332.536989350301,99.5625019072439,235801.05425949494,91.10061121112462,0
rl_best,0,73,2,12,0,1,83.66574883460999,14240.34595489502,8262.077117315861,105.58658964229994,244635.03534881063,91.59938678561403,0
rl_best,0,72,2,12,0,1,83.08191537857056,14382.947981357574,8188.961719524022,110.38992905206263,253806.4420929605,91.59938678561403,0
rl_best,0,71,2,12,0,1,82.81554579734802,14399.099349975586,8110.808422196998,123.32020132614902,264019.27187362436,93.48039800843478,0
rl_best,0,70,2,12,0,1,82.74860501289368,14386.64436340332,8024.717080771809,95.20432619840655,271897.297057735,93.48039800843478,0
rl_best,0,69,2,12,0,1,82.6614499092102,14376.125633716583,7958.814023018558,120.3739946589959,281847.5859876111,93.48039800843478,0
rl_best,0,68,2,12,0,1,82.47207403182983,14405.538737773895,7874.010136932161,110.17739791959454,290934.1445054703,95.11469441166237,0
rl_best,0,67,2,12,0,1,82.40615606307983,14356.656670570374,7795.2579350742435,106.05973864067238,299674.119879903,95.11469441166237,0
rl_best,0,66,2,12,0,1,82.51921892166138,14281.699657440186,7722.434332781252,123.97294011912359,309904.27006595494,96.29318018780998,0
rl_best,0,65,2,12,0,1,82.71052241325378,14181.408882141113,7636.093310531183,132.29062622433588,320846.09687134624,96.29318018780998,0
rl_best,0,64,2,12,0,1,83.01409482955933,14062.787890434265,7543.592750489461,110.85514939303572,330048.63675540464,96.29318018780998,0
rl_best,0,63,2,12,0,1,83.44375252723694,13919.774293899536,7466.721357075077,106.69505590040137,338951.67259583744,96.29318018780998,0
rl_best,0,62,2,12,0,1,83.65737795829773,13777.323961257935,7393.828778317609,120.35888982163281,349020.5817322869,96.29318018780998,0
rl_best,0,61,2,12,0,1,83.63921403884888,13670.10235786438,7308.707236932308,155.69101237935976,362042.45564060926,96.40873891602581,0
rl_best,0,60,2,12,0,1,83.62607717514038,13559.217751026154,7200.948156961903,159.14661940674458,375351.2631172804,121.48371342624034,0
rl_best,0,59,2,12,0,1,83.68842124938965,13457.972407341003,7089.688445791419,158.13796542433806,388585.5797832338,121.717787817549,0
rl_best,0,58,2,12,0,1,83.74892115592957,13385.57779788971,6979.232025791918,139.5704658773967,400274.4557256963,121.717787817549,0
rl_best,0,57,2,12,0,1,83.88910174369812,13368.569016456604,6880.421846134543,153.50120724263286,413151.534117854,121.717787817549,0
rl_best,0,56,2,12,0,1,83.98568868637085,13341.51804447174,6771.728189440433,144.96238986878978,425326.30026460654,121.717787817549,0
rl_best,0,55,2,12,0,1,84.15653467178345,13294.201493263245,6671.621043565387,138.17711470144536,436954.8074088257,125.52438207732914,0
rl_best,0,54,2,12,0,1,84.287588596344,13256.287276744843,6572.881389052921,157.10957513227999,450197.1946421217,125.52438207732914,0
rl_best,0,53,2,12,0,1,84.36635851860046,13201.669752597809,6461.670039393822,140.77674169462816,462074.01570301113,125.52438207732914,0
rl_best,0,52,2,12,0,1,84.38767790794373,13174.976110458374,6360.116182863681,141.2275499400205,473991.8806990776,125.77567823347204,0
rl_best,0,51,2,12,0,1,84.41890835762024,13096.767961978912,6260.744912947254,156.3910352726916,487194.2411737163,127.57061847614774,0
rl_best,0,50,2,12,0,1,84.36149477958679,12985.429465770721,6153.645444733314,154.59541750675677,500236.1416806606,127.57061847614774,0
rl_best,0,49,2,12,0,1,84.28669452667236,12864.454686641693,6044.209321535074,152.49320130150278,513089.28955615475,127.56529444817109,0
rl_best,0,48,2,12,0,1,84.1035783290863,12751.309275627136,5935.11212900833,153.51619014199147,526000.5504785447,127.56529444817109,0
rl_best,0,47,2,12,0,1,83.82850885391235,12658.655941486359,5823.68132095082,150.13315936835662,538585.9893579208,127.56529444817109,0
rl_best,0,46,2,12,0,1,83.50188732147217,12571.941316127777,5713.271954258826,162.52158977845625,552156.848834908,130.8145259896823,0
rl_best,0,45,2,12,0,1,83.20892214775085,12514.985501766205,5594.579888158244,166.99561770823985,566052.3741878085,130.8145259896823,0
rl_best,0,44,2,12,0,1,82.97481179237366,12501.491904258728,5472.493167514622,164.79801412272533,579726.4583933986,131.2339851260106,0
rl_best,0,43,2,12,0,1,82.70898342132568,12467.631697654724,5353.1452567120705,147.04982246808493,591888.7997220203,131.2339851260106,0
rl_best,0,42,2,12,0,1,82.46635556221008,12475.365996360779,5246.806736512913,156.2463740574718,604773.8687603498,131.2339851260106,0
rl_best,0,41,2,12,0,1,82.26820588111877,12505.18411397934,5136.101672172662,164.78914757012797,618330.7762796232,134.1721664575167,0
rl_best,0,40,2,12,0,1,82.08557844161987,12530.10094165802,5017.310356043075,154.77713196927826,631035.7466868563,134.1721664575167,0
rl_best,0,39,2,12,0,1,81.9333004951477,12536.748945713043,4906.415035636821,166.71325349601736,644695.1137820692,134.1721664575167,0
rl_best,0,38,2,12,0,1,81.74494504928589,12545.480132102966,4783.869890299952,175.45126573487553,659037.3678583943,135.24479254111014,0
rl_best,0,37,2,12,0,1,81.55642986297607,12540.812492370605,4655.390133481477,173.67457050252648,673201.6457865661,135.24479254111014,0
rl_best,0,36,2,12,0,1,81.34572267532349,12560.802400112152,4525.148471758142,174.8834781198698,687427.668698201,135.3776796692217,0
rl_best,0,35,2,12,0,1,81.21184229850769,12590.697705745697,4401.7527563936055,175.7291157614984,701698.95393468,135.3776796692217,0
rl_best,0,34,2,12,0,1,81.07718706130981,12567.0725107193,4271.474890022153,169.50856859350372,715442.2318590303,135.3776796692217,0
rl_best,0,33,2,12,0,1,80.95940947532654,12621.90580368042,4145.45771701037,172.1947961110766,729383.0208669073,135.3776796692217,0
rl_best,0,32,2,12,0,1,80.97428560256958,12697.756588459015,4017.245778890173,177.19761207016177,743731.4709147699,137.67563429490323,0
rl_best,0,31,2,12,0,1,81.05828523635864,12792.18316078186,3889.847392996331,179.1475107824899,758252.8609431606,146.59908961842842,0
rl_best,0,30,2,12,0,1,81.16470694541931,12813.054621219635,3758.1985643097223,191.37660203878636,773785.8867638488,146.67867998707746,0
rl_best,0,29,2,12,0,1,81.27034902572632,12824.21499490738,3616.0107858439287,183.21414979226583,788675.764663918,149.0471367442043,0
rl_best,0,28,2,12,0,1,81.27082705497742,12881.62112236023,3480.772972750974,178.97581135502665,803221.2768755766,149.0471367442043,0
rl_best,0,27,2,12,0,1,81.22532606124878,12899.315357208252,3346.5219085279996,171.25940086618866,817131.8775519868,149.46787494367135,0
rl_best,0,26,2,12,0,1,81.05666756629944,12831.01201057434,3217.105777667718,188.38324279278157,832401.5954381028,149.46787494367135,0
rl_best,0,25,2,12,0,1,80.84776043891907,12765.198945999146,3077.676414620072,171.27258369445616,846248.6002543869,154.18295349612166,0
rl_best,0,24,2,12,0,1,80.71587085723877,12702.083587646484,2947.13599809094,189.4224147360296,861537.9954196865,154.86606328959272,0
rl_best,0,23,2,12,0,1,80.56751608848572,12695.148289203644,2804.5998374444616,193.94564999247078,877163.7146957468,155.75897319641388,0
rl_best,0,22,2,12,0,1,80.46523451805115,12621.849179267883,2653.316558354245,195.63139136464932,892905.240480996,158.80352394212818,0
rl_best,0,21,2,12,0,1,80.41279196739197,12426.13509297371,2503.826136528677,184.23315290191357,907719.9426787943,158.80352394212818,0
rl_best,0,20,2,12,0,1,80.37519574165344,12183.691263198853,2359.60230539051,203.54128468448152,924079.613276817,158.80352394212818,0
rl_best,0,19,2,12,0,1,80.37074685096741,11932.426542043686,2200.963996927251,202.33387231159142,940341.3377077479,158.80352394212818,0
rl_best,0,18,2,12,0,1,80.34211158752441,11396.037638187408,2043.0762803864327,204.97623081374715,956809.5609165762,163.45135432315968,0
rl_best,0,17,2,12,0,1,80.26514291763306,11249.04453754425,1883.238919700223,200.98478659918908,972941.6335372301,163.45135432315968,0
rl_best,0,16,2,12,0,1,80.19242405891418,11007.624417543411,1730.6963305419285,214.47104905122154,990140.5868511058,163.48588367478033,0
rl_best,0,15,2,12,0,1,80.13614773750305,11030.39875626564,1568.5000202519077,205.63509206242287,1006619.3909686352,166.63305223218825,0
rl_best,0,14,2,12,0,1,80.09721875190735,10696.977823972702,1408.1736918384777,199.8490768773949,1022626.7461966507,167.6035577215017,0
rl_best,0,13,2,12,0,1,80.06588697433472,10758.579075336456,1250.032126317572,207.9400369519404,1039275.6496926837,168.05485080599917,0
rl_best,0,12,2,12,0,1,80.04783511161804,10505.864471197128,1087.0751367852408,213.73803791750765,1056384.9169089852,169.09384479432455,0
rl_best,0,11,2,12,0,1,80.03133296966553,10384.166240692139,918.906187481718,0.0,1056384.9169089852,169.09384479432455,0
rl_best,0,10,2,12,0,1,80.02770066261292,10382.45365023613,918.906187481718,4.790027411883784,1056768.2517888693,170.63726322604822,0
rl_best,0,9,2,12,0,1,80.02889752388,10442.969799041748,915.1784708832147,92.18842979126202,1064145.9901895216,170.84305227950415,0
rl_best,0,8,2,12,0,1,80.027015209198,10380.773693323135,840.1592005864968,0.0,1064145.9901895216,170.84305227950415,0
rl_best,0,7,2,12,0,1,80.02543568611145,10464.722961187363,840.1592005864968,85.3273683309817,1070974.3500161576,170.84305227950415,0
rl_best,0,6,2,12,0,1,80.0240421295166,10408.626049757004,771.8402024617262,0.0,1070974.3500161576,170.84305227950415,0
rl_best,0,5,2,12,0,1,80.02278089523315,10497.530847787857,771.8402024617262,92.89632225505011,1078408.1720579464,155.39122305741984,0
rl_best,0,4,2,12,0,1,80.02123355865479,10428.404659032822,695.7123935608033,0.0,1078408.1720579464,149.0674834074808,0
rl_best,0,3,2,12,0,1,80.01962065696716,10537.454783916473,695.7123935608033,98.05723638744712,1086254.6749163405,142.23678861945825,0
rl_best,0,2,2,12,0,1,80.01802325248718,10441.844314336777,612.5788913629367,0.0,1086254.6749163405,135.31638940994628,0
rl_best,0,1,2,12,0,1,80.01654267311096,10596.27965092659,612.5788913629367,115.51188568505495,1095497.5366465102,127.3584148712835,0
rl_best,1,100,2,6,0,0,98.71341705322266,11034.304201602936,10000.0,56.98029672598972,5624.719794529001,53.51064944791461,1
rl_best,1,99,2,6,0,0,93.48285794258118,11303.784102201462,9964.108315250802,64.93833442974115,11695.34088705232,53.51064944791461,1
rl_best,1,98,2,6,0,0,95.47198414802551,11569.416373968124,9921.803777948495,54.25458041125138,16875.133328033087,53.51064944791461,1
rl_best,1,97,2,6,0,0,95.12280702590942,11635.553538799286,9886.332643136204,62.0378908783376,22776.35165034762,55.53276728716988,1
rl_best,1,96,2,6,0,0,94.81940507888794,11812.567561864853,9845.927207579674,59.904930639236575,28456.50153485208,55.852472283942966,1
rl_best,1,95,2,6,0,0,93.3908748626709,11847.69481420517,9806.689075809018,54.749058684265165,33569.56402328331,56.18471002774361,1
rl_best,1,94,2,6,0,0,91.89333438873291,11950.901597738266,9771.23400225191,57.79340340623486,38880.39256795539,56.18471002774361,1
rl_best,1,93,2,6,0,0,89.99099135398865,12089.85060453415,9733.250232926393,64.0047616816374,44640.24452306172,56.18471002774361,1
rl_best,1,92,2,6,0,0,88.07723641395569,11870.720386505127,9691.79440386429,58.73746196748732,49813.67784712784,56.85789131285237,1
rl_best,1,91,2,6,0,0,87.19770789146423,11899.239867925644,9653.677040593093,66.81379558940793,55639.68767805303,56.85789131285237,1
rl_best,1,90,2,6,0,0,86.17827296257019,11852.641850709915,9610.277401341309,77.80898028862659,62345.131220305535,57.85980122566746,1
rl_best,1,89,2,6,0,0,85.350261926651,11818.565428256989,9558.52004255158,46.3420725891245,66300.43925401119,57.85980122566746,1
rl_best,1,88,2,6,0,0,84.54281806945801,11759.427785873413,9529.258894243074,68.61167565348383,72101.06366622433,57.85980122566746,1
rl_best,1,87,2,6,0,0,83.94174695014954,11641.27916097641,9484.636651777537,72.14495730580178,78157.0374161173,59.05581472314141,1
rl_best,1,86,2,6,0,0,83.4703528881073,11556.31810426712,9437.110663461792,88.03057896776727,85504.98090750123,59.05581472314141,1
rl_best,1,85,2,6,0,0,82.98807382583618,11448.38809967041,9380.44442623364,68.41034118299658,91182.22335204639,59.321172379079584,1
rl_best,1,84,2,6,0,0,82.6436173915863,11396.973878145218,9333.867363450507,76.85000792378598,97533.38600344013,59.321172379079584,1
rl_best,1,83,2,6,0,0,82.49428153038025,11368.337571620941,9282.645134281025,67.67063832105129,103115.82669243748,59.321172379079584,1
rl_best,1,82,2,6,0,0,82.37357258796692,11349.441409111023,9239.359882274333,73.64236407888997,109182.0113154394,59.321172379079584,1
rl_best,1,81,2,6,0,0,82.28960514068604,11329.006552696228,9190.614127339566,62.54396323922999,114328.72935432922,59.67942540614826,1
rl_best,1,80,2,6,0,0,82.27546572685242,11320.594251155853,9149.747990134789,72.36084418274841,120282.25150985304,59.67942540614826,1
rl_best,1,79,2,6,0,0,82.26304531097412,11339.717209339142,9102.632402716405,72.70182596184375,126262.92511314274,60.144742931333404,1
rl_best,1,78,2,6,0,0,82.25705146789551,11350.237727165222,9054.32067616827,75.10501341155333,132440.84206683387,60.59148468407464,1
rl_best,1,77,2,6,0,0,82.2547996044159,11362.67900466919,9004.878589996075,79.57197500027708,138986.01892460923,61.68635059106254,1
rl_best,1,76,2,6,0,0,82.24963665008545,11379.949152469635,8951.124875408916,77.39259866825397,145351.532044479,61.68635059106254,1
rl_best,1,75,2,6,0,0,82.24855661392212,11398.918777704239,8900.323700758308,80.67982998387805,151987.33160850962,61.68635059106254,1
rl_best,1,74,2,6,0,0,82.26000189781189,11453.78589630127,8846.9771157662,82.00306748445402,158732.9040954072,61.68635059106254,1
rl_best,1,73,2,6,0,0,82.28647828102112,11537.523865699768,8793.24785205156,82.2658816624661,165502.27378009478,61.811377832783585,1
rl_best,1,72,2,6,0,0,82.30940222740173,11647.025644779205,8738.220439781906,67.22347516443143,171035.39783652773,61.811377832783585,1
rl_best,1,71,2,6,0,0,82.36371040344238,11774.210631847382,8693.422824114985,77.60477630755173,177427.21515824684,63.69238905560433,1
rl_best,1,70,2,6,0,0,82.42020606994629,11900.473237037659,8641.09320135634,69.2712729502005,183136.56774952984,63.69238905560433,1
rl_best,1,69,2,6,0,0,82.49061226844788,12027.086615562439,8595.46213892066,79.66339422291331,189708.0499143607,63.69238905560433,1
rl_best,1,68,2,6,0,0,82.53476858139038,12155.407965183258,8542.279813488105,79.9165795396823,196303.94631248465,64.51194257070377,1
rl_best,1,67,2,6,0,0,82.5333046913147,12270.946949720383,8487.701083752256,66.67137813206165,201806.55547804796,64.51194257070377,1
rl_best,1,66,2,6,0,0,82.58031725883484,12355.018109083176,8442.485148909609,89.62160576527452,209207.53611539054,66.02319309723785,1
rl_best,1,65,2,6,0,0,82.67404079437256,12439.012825489044,8382.193206025835,73.26365823407338,215264.5387849793,66.02319309723785,1
rl_best,1,64,2,6,0,0,82.81118869781494,12538.385391235352,8331.933438547225,81.66908771949677,222027.65301889693,66.02319309723785,1
rl_best,1,63,2,6,0,0,82.92462944984436,12650.747299194336,8275.687695773446,76.78991326130539,228395.42812157638,66.02319309723785,1
rl_best,1,62,2,6,0,0,83.06727886199951,12771.323919296265,8224.900746285612,78.61222192210026,234925.53148194088,66.02319309723785,1
rl_best,1,61,2,6,0,0,83.10155868530273,12949.731647968292,8171.815172022092,108.65156102967191,243954.64555709792,66.0678136608015,1
rl_best,1,60,2,6,0,0,83.06752920150757,13214.786648750305,8097.501221838195,89.43695883319631,251383.95274666848,85.17672399217258,1
rl_best,1,59,2,6,0,0,83.0617344379425,13487.367630004883,8037.72841871335,109.55998793309655,260484.19536939153,85.17672399217258,1
rl_best,1,58,2,6,0,0,83.05438756942749,13763.19706439972,7961.934152035443,97.3752380994311,268571.63613416697,85.17672399217258,1
rl_best,1,57,2,6,0,0,83.16916465759277,13942.063450813293,7895.222204813818,105.94445742059715,277382.94815793994,85.17672399217258,1
rl_best,1,56,2,6,0,0,83.28170776367188,13986.670970916748,7821.939372442552,112.27382804297244,286733.30429452355,85.17672399217258,1
rl_best,1,55,2,6,0,0,83.34851384162903,13986.220955848694,7744.420017381153,104.43497737132859,295437.8044515079,87.67464619283565,1
rl_best,1,54,2,6,0,0,83.37080359458923,13966.294825077057,7672.819717731784,113.61609553288842,304910.0696373645,87.67464619283565,1
rl_best,1,53,2,6,0,0,83.29019904136658,13933.773040771484,7597.630234195107,104.54281714099102,313617.4616853828,87.67464619283565,1
rl_best,1,52,2,6,0,0,83.06720614433289,13932.146430015564,7525.341105623374,96.0897526885101,321599.36898031726,88.00542260216963,1
rl_best,1,51,2,6,0,0,82.81222701072693,13949.897289276123,7458.443815378092,102.5556523594031,330092.2309447373,89.3393639748758,1
rl_best,1,50,2,6,0,0,82.57321000099182,13929.188549518585,7386.301914610342,107.66220723559056,338982.24499197205,89.3393639748758,1
rl_best,1,49,2,6,0,0,82.28981852531433,13903.367519378662,7310.664093263842,118.7233224425397,348751.965650491,89.87264365606573,1
rl_best,1,48,2,6,0,0,82.03788042068481,13879.770040512085,7227.487386035351,102.2385125757962,357139.3965195729,89.87264365606573,1
rl_best,1,47,2,6,0,0,81.84878945350647,13849.546909332275,7158.065836839917,126.4130797683002,367486.1540696978,89.87264365606573,1
rl_best,1,46,2,6,0,0,81.72880172729492,13811.025619506836,7069.890763511326,107.058132549768,376235.88695815223,92.28499445299059,1
rl_best,1,45,2,6,0,0,81.6615080833435,13739.788830280304,6994.752610749905,111.75879334453931,385362.27856424206,92.32417290804567,1
rl_best,1,44,2,6,0,0,81.58641338348389,13659.410774707794,6915.268546050377,113.64518538106034,394634.1816377839,92.85601305134094,1
rl_best,1,43,2,6,0,0,81.51559591293335,13613.719642162323,6835.364332218527,107.73603208893627,403416.3484948084,92.85601305134094,1
rl_best,1,42,2,6,0,0,81.49406671524048,13605.325818061829,6758.900398801793,106.152651525508,412067.15976022783,92.85601305134094,1
rl_best,1,41,2,6,0,0,81.48032188415527,13615.91637134552,6683.1747749104925,126.63052869359883,422385.05599854304,93.6308664821853,1
rl_best,1,40,2,6,0,0,81.47447228431702,13598.330020904541,6595.954604933085,94.7157671760844,430101.97314621875,93.6308664821853,1
rl_best,1,39,2,6,0,0,81.45315766334534,13576.81542634964,6528.161391538797,136.5845650418139,441227.21725694905,93.6308664821853,1
rl_best,1,38,2,6,0,0,81.43678545951843,13537.83905506134,6432.77538839281,106.21449007767782,449876.98389809707,95.04742683727991,1
rl_best,1,37,2,6,0,0,81.4306366443634,13498.57747554779,6356.4621458754555,109.50129657633029,458793.7441916909,95.04742683727991,1
rl_best,1,36,2,6,0,0,81.41086101531982,13452.553451061249,6278.991022747406,113.4646850351827,468031.0018952372,95.04742683727991,1
rl_best,1,35,2,6,0,0,81.3902759552002,13335.782289505005,6197.1826540072,113.0306845614559,477230.60050309927,95.04742683727991,1
rl_best,1,34,2,6,0,0,81.34347677230835,13167.120814323425,6115.8239516956255,114.91421508439575,486578.1222886249,95.04742683727991,1
rl_best,1,33,2,6,0,0,81.28669023513794,12994.912564754486,6034.4195037875415,116.2321851274719,496026.2519164349,95.04742683727991,1
rl_best,1,32,2,6,0,0,81.20367646217346,12859.610915184021,5952.029447512859,124.68980924987282,506151.5228448917,97.00694341239463,1
rl_best,1,31,2,6,0,0,81.08350872993469,12728.76113653183,5863.687493773526,116.04118552773873,515560.5493246621,101.69890345053383,1
rl_best,1,30,2,6,0,0,80.95915675163269,12672.05834388733,5777.905823633176,128.68456669063542,525978.7433308852,101.69890345053383,1
rl_best,1,29,2,6,0,0,80.85555672645569,12619.304656982422,5684.642788136487,133.33298784197814,536759.4562928501,105.09652333242514,1
rl_best,1,28,2,6,0,0,80.7516610622406,12487.637400627136,5588.322385558911,128.06136275706766,547100.6240533774,105.09652333242514,1
rl_best,1,27,2,6,0,0,80.6500768661499,12344.081699848175,5494.348645658591,132.27759906908506,557768.8225859689,105.51726153189219,1
rl_best,1,26,2,6,0,0,80.59330940246582,12189.232110977173,5399.43046942063,140.88520653798852,569123.2276267153,105.51726153189219,1
rl_best,1,25,2,6,0,0,80.58630347251892,11976.27067565918,5297.0964174286355,127.56714961138267,579403.3926584225,108.86577323146005,1
rl_best,1,24,2,6,0,0,80.56764364242554,11758.60345363617,5204.632847703181,134.01724623717618,590200.8463951985,110.31606898852215,1
rl_best,1,23,2,6,0,0,80.57336926460266,11722.742021083832,5103.561845935036,129.8782576335106,600665.5752069466,111.20897889534331,1
rl_best,1,22,2,6,0,0,80.59419751167297,11748.175919055939,5007.297724778098,122.15171905961613,610510.2949792277,112.95137016244168,1
rl_best,1,21,2,6,0,0,80.59985756874084,11771.397143602371,4916.701349415996,146.44317352973664,622313.5939076389,112.95137016244168,1
rl_best,1,20,2,6,0,0,80.60421824455261,11803.95096540451,4808.126288173947,134.2058922671686,633131.1549376467,112.95137016244168,1
rl_best,1,19,2,6,0,0,80.62055110931396,11818.979531526566,4707.621785418816,150.30821700893563,645249.0862291654,112.95137016244168,1
rl_best,1,18,2,6,0,0,80.62814474105835,11875.263005495071,4594.015943082803,160.47609553571013,658187.9760874986,117.40424760711261,1
rl_best,1,17,2,6,0,0,80.63086748123169,11907.301992177963,4473.069250738901,139.99574296577916,669475.954286509,117.40424760711261,1
rl_best,1,16,2,6,0,0,80.63644647598267,11937.465965747833,4367.679217185527,144.5838505018232,681134.6822087907,117.43877695873326,1
rl_best,1,15,2,6,0,0,80.65499067306519,11958.056688308716,4258.074627353508,145.31720278977087,692855.2398444356,117.79311858824813,1
rl_best,1,14,2,6,0,0,80.66992044448853,11981.11042380333,4147.394917796339,132.16946027849366,703517.3396902927,118.13382576143007,1
rl_best,1,13,2,6,0,0,80.7139790058136,12073.367983102798,4045.4775642774093,141.51335715359212,714939.44582863,118.13382576143007,1
rl_best,1,12,2,6,0,0,80.7670271396637,12282.004952430725,3938.8328450620074,151.13774970072953,727146.3925605365,118.65148982084473,1
rl_best,1,11,2,6,0,0,80.83774328231812,12461.733520030975,3820.6559953110827,151.19652812329448,739368.7786861452,118.65148982084473,1
rl_best,1,10,2,6,0,0,80.8856463432312,12625.259757041931,3703.5255702503882,139.97871096124143,750691.0471965376,119.72247037978816,1
rl_best,1,9,2,6,0,0,80.91284036636353,12776.974439620972,3591.374726234765,154.43940638717416,763187.178231819,119.9282594332441,1
rl_best,1,8,2,6,0,0,80.91722369194031,12884.17398929596,3472.5078998702847,141.15392587668072,774608.9620269779,119.9282594332441,1
rl_best,1,7,2,6,0,0,80.94706416130066,13008.456528186798,3361.5096631767374,134.91023556401808,785529.5495211947,119.9282594332441,1
rl_best,1,6,2,6,0,0,81.00399017333984,13133.759200572968,3254.664504318819,133.40993757287976,796336.2867933741,119.9282594332441,1
rl_best,1,5,2,6,0,0,81.08980059623718,13226.89175605774,3147.1501625289766,136.90605612267967,807437.9715847794,111.6350613497792,1
rl_best,1,4,2,6,0,0,81.20613932609558,13355.301916599274,3040.9353925169007,123.69924073063395,817483.1093620835,105.31132169984018,1
rl_best,1,3,2,6,0,0,81.31794095039368,13520.190715789795,2942.5333085986877,128.18443701969176,827906.8038424102,100.66337802387262,1
rl_best,1,2,2,6,0,0,81.43529057502747,13698.82345199585,2837.4651678416294,115.0323983625603,837274.5006286076,97.45860423514522,1
rl_best,1,1,2,6,0,0,81.57142639160156,13839.362263679504,2742.6643753047374,116.94077976104136,846813.5268370619,90.48681714092218,1
rl_best,2,100,2,6,0,0,98.71341705322266,11034.304201602936,10000.0,68.73445917828984,6785.013334794233,53.51064944791461,1
rl_best,2,99,2,6,0,0,93.51094722747803,11314.845979213715,9953.04173823555,55.07406789088531,11935.041590941351,53.51064944791461,1
rl_best,2,98,2,6,0,0,95.52136421203613,11581.044793128967,9915.607749549315,60.766985113274934,17739.586908013865,53.51064944791461,1
rl_best,2,97,2,6,0,0,95.1471734046936,11637.078821659088,9875.226557116195,66.92552024790882,24107.36098824098,55.53276728716988,1
rl_best,2,96,2,6,0,0,94.84713315963745,11818.974614143372,9830.496779439789,57.02826674612806,29516.328598174314,55.852472283942966,1
rl_best,2,95,2,6,0,0,93.43542814254761,11852.208971977234,9792.675222347481,64.25031739287745,35519.58451207239,56.18471002774361,1
rl_best,2,94,2,6,0,0,91.95094108581543,11953.666508197784,9749.459891146078,65.97382823253729,41585.940105088135,56.18471002774361,1
rl_best,2,93,2,6,0,0,90.06535053253174,12096.485644578934,9705.442360572897,64.6508727255785,47408.74361935146,56.18471002774361,1
rl_best,2,92,2,6,0,0,88.12731862068176,11884.892731904984,9662.483667826531,71.69027862130234,53726.61564541642,56.85789131285237,1
rl_best,2,91,2,6,0,0,87.22528100013733,11900.143176317215,9613.83105596355,69.37408171529981,59777.78941715994,56.85789131285237,1
rl_best,2,90,2,6,0,0,86.28009915351868,11844.967901706696,9566.50505376715,59.2997100542001,64894.17428041123,57.85980122566746,1
rl_best,2,89,2,6,0,0,85.47284722328186,11822.769939899445,9525.738140041123,84.39988183683619,72108.07248631417,57.85980122566746,1
rl_best,2,88,2,6,0,0,84.61684823036194,11740.54503440857,9470.174279262974,56.122097715094085,76856.94751104183,57.85980122566746,1
rl_best,2,87,2,6,0,0,84.00900363922119,11609.6431016922,9433.07992342034,77.1198216906204,83335.70689210524,59.05581472314141,1
rl_best,2,86,2,6,0,0,83.52112770080566,11537.468880414963,9380.45765384813,79.67846419627413,89990.54207524633,59.05581472314141,1
rl_best,2,85,2,6,0,0,82.99492239952087,11413.118243217468,9325.452665702804,73.11088055397359,96058.373933384,59.321172379079584,1
rl_best,2,84,2,6,0,0,82.73168921470642,11407.087594270706,9275.296189865281,70.25560568677354,101870.73886865312,59.321172379079584,1
rl_best,2,83,2,6,0,0,82.58037805557251,11363.833844661713,9226.546876287846,62.68367343855892,107047.18031912137,59.321172379079584,1
rl_best,2,82,2,6,0,0,82.44170904159546,11351.808458566666,9183.968944188728,74.19736081707676,113164.13755125708,59.321172379079584,1
rl_best,2,81,2,6,0,0,82.3866057395935,11315.5397772789,9131.553750796114,66.17759946734118,118616.28534736566,59.67942540614826,1
rl_best,2,80,2,6,0,0,82.38430857658386,11299.82739686966,9087.027537520074,68.35234012992981,124247.44562856141,59.67942540614826,1
rl_best,2,79,2,6,0,0,82.3828136920929,11314.76491689682,9039.261291974073,71.52085832116455,130139.53517473249,60.144742931333404,1
rl_best,2,78,2,6,0,0,82.37724542617798,11327.911168336868,8988.918830881508,59.751115454466785,135061.667477013,60.59148468407464,1
rl_best,2,77,2,6,0,0,82.37066268920898,11345.803439617157,8946.937592592032,83.0151542949975,141899.68074953888,61.68635059106254,1
rl_best,2,76,2,6,0,0,82.34108686447144,11368.233561515808,8891.128905556858,75.98677256417423,148156.51418979638,61.68635059106254,1
rl_best,2,75,2,6,0,0,82.35008001327515,11397.607028484344,8837.514754833908,75.45481275600247,154370.22405763986,61.68635059106254,1
rl_best,2,74,2,6,0,0,82.37436890602112,11475.803852081299,8784.389324332009,93.88404765641499,162103.86323367985,61.68635059106254,1
rl_best,2,73,2,6,0,0,82.39845156669617,11575.344949960709,8719.000412504965,72.62403084907587,168087.97092217568,61.811377832783585,1
rl_best,2,72,2,6,0,0,82.45099067687988,11694.370210170746,8669.28302261319,82.28976582014334,174872.84363661494,61.811377832783585,1
rl_best,2,71,2,6,0,0,82.51288652420044,11821.980774402618,8612.273458550491,75.62797050877332,181113.12578526093,63.69238905560433,1
rl_best,2,70,2,6,0,0,82.58848309516907,11934.710144996643,8559.715712027444,82.19911958129696,187901.82638323866,63.69238905560433,1
rl_best,2,69,2,6,0,0,82.67037272453308,12058.414816856384,8503.498516789257,65.6885456801388,193332.32293834825,63.69238905560433,1
rl_best,2,68,2,6,0,0,82.70761847496033,12181.719541549683,8459.699352908672,87.4880912520731,200568.25461072722,64.51194257070377,1
rl_best,2,67,2,6,0,0,82.70878195762634,12303.29543352127,8398.43057459206,91.80360553459357,208161.21900381186,64.51194257070377,1
rl_best,2,66,2,6,0,0,82.81104803085327,12392.84798502922,8334.133157998582,73.7043833956219,214264.75623727113,66.02319309723785,1
rl_best,2,65,2,6,0,0,82.96566724777222,12489.593923091888,8281.998765501728,78.90641828073554,220811.27988006416,66.02319309723785,1
rl_best,2,64,2,6,0,0,83.06703686714172,12587.73922920227,8227.800247687846,72.358279981181,226821.8677909039,66.02319309723785,1
rl_best,2,63,2,6,0,0,83.17641735076904,12699.905931949615,8175.384372223547,82.18695760987625,233657.88447785293,66.02319309723785,1
rl_best,2,62,2,6,0,0,83.33731889724731,12830.32774925232,8117.035681756249,77.06580283646569,240080.34186490785,66.02319309723785,1
rl_best,2,61,2,6,0,0,83.36409091949463,13067.026436328888,8063.282710991212,109.31387735004905,249193.19387507983,66.0678136608015,1
rl_best,2,60,2,6,0,0,83.33059549331665,13348.246812820435,7986.114023687838,96.14200229954488,257204.7641786207,85.17672399217258,1
rl_best,2,59,2,6,0,0,83.33577275276184,13645.718395709991,7918.166482620589,94.96472727576392,265118.72311040177,85.17672399217258,1
rl_best,2,58,2,6,0,0,83.38297605514526,13897.192478179932,7850.564094292611,111.19514897819148,274390.50555509864,85.17672399217258,1
rl_best,2,57,2,6,0,0,83.53922367095947,13978.009819984436,7772.690023899937,113.42997605844572,283866.3576960367,85.17672399217258,1
rl_best,2,56,2,6,0,0,83.62229824066162,13998.935520648956,7692.870949740713,106.13285398104846,292741.4308647725,85.17672399217258,1
rl_best,2,55,2,6,0,0,83.67447972297668,13989.949822425842,7618.283705808264,103.07277543242478,301365.9917226839,87.67464619283565,1
rl_best,2,54,2,6,0,0,83.6526608467102,13951.180577278137,7544.585890430142,101.39613274095589,309848.04802603106,87.67464619283565,1
rl_best,2,53,2,6,0,0,83.484947681427,13937.687277793884,7472.90186794137,100.02330297997582,318198.4882422379,87.67464619283565,1
rl_best,2,52,2,6,0,0,83.21888089179993,13941.265940666199,7402.210726049661,94.76929812643911,326085.0831752215,88.00542260216963,1
rl_best,2,51,2,6,0,0,82.95651078224182,13934.425115585327,7334.447701496403,110.82048349128293,335278.3638088594,89.3393639748758,1
rl_best,2,50,2,6,0,0,82.6955246925354,13908.57458114624,7253.515338525462,113.71185279999001,344681.8251399149,89.3393639748758,1
rl_best,2,49,2,6,0,0,82.42386102676392,13873.713612556458,7168.384951430285,111.37746563418209,353861.9858888599,89.87264365606573,1
rl_best,2,48,2,6,0,0,82.20514416694641,13830.167651176453,7088.569313614438,124.03696959853534,364058.46285673865,89.87264365606573,1
rl_best,2,47,2,6,0,0,82.0148503780365,13780.203461647034,7000.438722750228,119.94992852635761,373896.138297684,89.87264365606573,1
rl_best,2,46,2,6,0,0,81.90044403076172,13735.126256942749,6914.90333061656,115.20938458721136,383331.8380518874,92.28499445299059,1
rl_best,2,45,2,6,0,0,81.78953528404236,13671.446144580841,6834.121598993139,120.34161650457716,393174.5229411272,92.32417290804567,1
rl_best,2,44,2,6,0,0,81.70950651168823,13619.546890258789,6746.767299743834,105.49514890234099,401794.47949731455,92.85601305134094,1
rl_best,2,43,2,6,0,0,81.66482090950012,13602.73152589798,6667.8055032458615,119.40923006858348,411546.01288580673,92.85601305134094,1
rl_best,2,42,2,6,0,0,81.64520263671875,13608.57754945755,6580.484304298794,108.29022634661173,420387.390359452,92.85601305134094,1
rl_best,2,41,2,6,0,0,81.63516163825989,13594.651520252228,6501.248311685086,112.95362512192376,429608.3778039077,93.6308664821853,1
rl_best,2,40,2,6,0,0,81.61112070083618,13566.29490852356,6417.408236178388,120.67666836046797,439456.9359512486,93.6308664821853,1
rl_best,2,39,2,6,0,0,81.593177318573,13527.817130088806,6329.661948946279,111.64671593666012,448566.5462417049,93.6308664821853,1
rl_best,2,38,2,6,0,0,81.56046628952026,13484.493792057037,6248.116074326312,105.28445164234125,457153.5952106907,95.04742683727991,1
rl_best,2,37,2,6,0,0,81.52859807014465,13442.496061325073,6171.124752906504,115.37607299774776,466560.0446930357,95.04742683727991,1
rl_best,2,36,2,6,0,0,81.51225566864014,13362.421989440918,6084.804890889649,126.6970130728693,476887.4040150845,95.04742683727991,1
rl_best,2,35,2,6,0,0,81.4746356010437,13187.76547908783,5992.075969227197,120.58469770045531,486711.9983192911,95.04742683727991,1
rl_best,2,34,2,6,0,0,81.42725229263306,13003.121018409729,5903.071036364831,132.83243159440167,497528.1782393724,95.04742683727991,1
rl_best,2,33,2,6,0,0,81.3809883594513,12859.291732311249,5804.161491813273,122.69804007897666,507513.4660107671,95.04742683727991,1
rl_best,2,32,2,6,0,0,81.29420876502991,12736.011743545532,5713.910794455915,118.04168921739105,517109.57173698244,97.00694341239463,1
rl_best,2,31,2,6,0,0,81.16016626358032,12650.749683380127,5625.246108879458,121.61835303277587,526980.1374898254,101.69890345053383,1
rl_best,2,30,2,6,0,0,81.03771209716797,12567.681670188904,5533.458758448498,116.516376774333,536422.3580854689,101.69890345053383,1
rl_best,2,29,2,6,0,0,80.91780185699463,12488.143891096115,5444.896748931013,121.96635265863117,546291.6072431203,105.09652333242514,1
rl_best,2,28,2,6,0,0,80.81370234489441,12378.388047218323,5350.571275013445,127.50335064537848,556595.6250701527,105.09652333242514,1
rl_best,2,27,2,6,0,0,80.75851917266846,12262.139022350311,5252.560065731007,118.72109532560918,566183.364923206,105.51726153189219,1
rl_best,2,26,2,6,0,0,80.74166417121887,12059.066742658615,5161.935895598382,126.92041947892001,576431.1308092432,105.51726153189219,1
rl_best,2,25,2,6,0,0,80.70319175720215,11833.981275558472,5066.136882530574,136.05781639850142,587411.4308561176,108.86577323146005,1
rl_best,2,24,2,6,0,0,80.6554663181305,11674.199998378754,4962.873404801038,139.13845395212257,598633.7077424098,110.31606898852215,1
rl_best,2,23,2,6,0,0,80.65761208534241,11663.696467876434,4855.294363170613,144.3906178812489,610279.9101882385,111.20897889534331,1
rl_best,2,22,2,6,0,0,80.67475318908691,11654.006242752075,4744.674198348763,128.23768335480673,620625.4536424278,112.95137016244168,1
rl_best,2,21,2,6,0,0,80.68399906158447,11638.858169317245,4647.207601120603,137.5665457592561,631724.872691373,112.95137016244168,1
rl_best,2,20,2,6,0,0,80.69154858589172,11655.166745185852,4544.596686758995,145.13900739146948,643436.3639580099,112.95137016244168,1
rl_best,2,19,2,6,0,0,80.69293856620789,11685.438305139542,4432.602184599347,142.5944654719215,654942.7304002169,112.95137016244168,1
rl_best,2,18,2,6,0,0,80.69082021713257,11722.427308559418,4320.369301705673,149.95128834892424,667042.4228497073,117.40424760711261,1
rl_best,2,17,2,6,0,0,80.70015549659729,11749.578416347504,4203.105506632951,136.6267098685457,678068.2195810875,117.40424760711261,1
rl_best,2,16,2,6,0,0,80.71462512016296,11799.369752407074,4095.753848533215,147.82275229957554,689999.6776171784,117.43877695873326,1
rl_best,2,15,2,6,0,0,80.70235967636108,11799.436509609222,3981.146814176751,153.83676947818753,702414.6679190566,117.79311858824813,1
rl_best,2,14,2,6,0,0,80.70229530334473,11904.162466526031,3859.056323656415,129.73337104006268,712884.4487394302,118.13382576143007,1
rl_best,2,13,2,6,0,0,80.76690196990967,11992.819458246231,3756.209612965563,135.91833469074325,723862.1515533108,118.13382576143007,1
rl_best,2,12,2,6,0,0,80.81694006919861,12174.354195594788,3646.639040723194,152.42089716253102,736180.3420645886,118.65148982084473,1
rl_best,2,11,2,6,0,0,80.88009834289551,12387.432605028152,3526.7923360526693,140.1124711002936,747512.6525062465,118.65148982084473,1
rl_best,2,10,2,6,0,0,80.92573761940002,12541.663944721222,3414.2696209628903,145.4682899353165,759284.7811694947,119.72247037978816,1
rl_best,2,9,2,6,0,0,80.94011783599854,12717.78792142868,3294.946523625915,153.28587188585468,771691.7577025295,119.9282594332441,1
rl_best,2,8,2,6,0,0,80.96167802810669,12828.445136547089,3171.1671110952348,151.9462207020815,783993.5787005991,119.9282594332441,1
rl_best,2,7,2,6,0,0,80.99849700927734,12966.513931751251,3050.6242462456257,149.75298309609434,796123.3452540385,119.9282594332441,1
rl_best,2,6,2,6,0,0,81.0387647151947,13069.523870944977,2926.661456642184,135.60430523261383,807112.5506401517,119.9282594332441,1
rl_best,2,5,2,6,0,0,81.12006902694702,13248.29488992691,2815.5915834430907,133.6972351393162,817958.079583365,111.6350613497792,1
rl_best,2,4,2,6,0,0,81.18127584457397,13432.716727256775,2702.3136408733008,125.03460562038187,828108.5483923508,105.31132169984018,1
rl_best,2,3,2,6,0,0,81.32695198059082,13551.171720027924,2598.533440947752,130.86323289995036,838751.2562504299,100.66337802387262,1
rl_best,2,2,2,6,0,0,81.50480508804321,13489.6120429039,2489.474000395656,114.59531182338377,848091.3248045983,97.45860423514522,1
rl_best,2,1,2,6,0,0,81.50545716285706,13366.313576698303,2391.107640019074,109.82445201085653,857042.6169734035,90.48681714092218,1
rl_best,3,100,2,6,0,0,98.71341705322266,11034.304201602936,10000.0,52.4813410953691,5180.612511059603,53.51064944791461,1
rl_best,3,99,2,6,0,0,93.47990036010742,11303.556561470032,9965.575191018605,84.28138277542287,13059.227775118208,53.51064944791461,1
rl_best,3,98,2,6,0,0,95.49866437911987,11574.869751930237,9909.100627507083,55.711380414626525,18379.590195432098,53.51064944791461,1
rl_best,3,97,2,6,0,0,95.14676809310913,11650.438010692596,9872.065269893568,53.76088152187741,23494.764322075283,55.53276728716988,1
rl_best,3,96,2,6,0,0,94.82348442077637,11818.371415138245,9836.798463556652,56.54839453113969,28856.880129918725,55.852472283942966,1
rl_best,3,95,2,6,0,0,93.40919017791748,11850.098669528961,9798.594789363242,58.71991403957721,34341.85974767256,56.18471002774361,1
rl_best,3,94,2,6,0,0,91.92017674446106,11952.664256095886,9758.547899885885,60.033843315465475,39860.181235879434,56.18471002774361,1
rl_best,3,93,2,6,0,0,90.0231146812439,12094.83727812767,9718.216539316292,76.03163405569039,46704.78574787722,56.18471002774361,1
rl_best,3,92,2,6,0,0,88.10417890548706,11878.3500790596,9666.600512243265,60.932517062367666,52073.195132301706,56.85789131285237,1
rl_best,3,91,2,6,0,0,87.22485184669495,11899.873465299606,9625.714507363558,71.05401267305007,58270.870860821684,56.85789131285237,1
rl_best,3,90,2,6,0,0,86.24724864959717,11848.185360431671,9576.2251422442,65.2516161202162,63898.643221130034,57.85980122566746,1
rl_best,3,89,2,6,0,0,85.43438196182251,11820.787638425827,9532.376422317675,75.99147520888835,70390.92793996856,57.85980122566746,1
rl_best,3,88,2,6,0,0,84.59498167037964,11744.82673406601,9481.85030333224,67.63912376299038,76112.85837489927,57.85980122566746,1
rl_best,3,87,2,6,0,0,83.99417042732239,11614.753305912018,9435.36910169701,75.04146252147932,82415.90376704393,59.05581472314141,1
rl_best,3,86,2,6,0,0,83.51340770721436,11537.085175514221,9384.43725732646,76.41805501783473,88797.8359519407,59.05581472314141,1
rl_best,3,85,2,6,0,0,82.99271702766418,11415.949761867523,9335.376294157762,79.59833049790083,95403.91767082748,59.321172379079584,1
rl_best,3,84,2,6,0,0,82.7128517627716,11404.301524162292,9282.242210654567,58.278140444111756,100224.26886239127,59.321172379079584,1
rl_best,3,83,2,6,0,0,82.5688111782074,11363.667845726013,9242.399762424993,77.33399414431284,106609.64482254963,59.321172379079584,1
rl_best,3,82,2,6,0,0,82.42258191108704,11353.568732738495,9190.13730714128,63.65630122538134,111856.36152445545,59.321172379079584,1
rl_best,3,81,2,6,0,0,82.37233638763428,11315.47600030899,9146.691969289104,71.88155296787149,117777.41298559052,59.67942540614826,1
rl_best,3,80,2,6,0,0,82.36010313034058,11303.445547819138,9096.401837306126,78.85537158189899,124271.94952145705,59.67942540614826,1
rl_best,3,79,2,6,0,0,82.36339092254639,11314.793527126312,9042.274806549294,82.30809027141308,131051.12293656968,60.144742931333404,1
rl_best,3,78,2,6,0,0,82.37343788146973,11323.002576828003,8986.098316531205,67.3269734885812,136597.07720497868,60.59148468407464,1
rl_best,3,77,2,6,0,0,82.38573789596558,11338.398903608322,8939.441988188864,79.38537251093607,143137.29969743825,61.68635059106254,1
rl_best,3,76,2,6,0,0,82.37085700035095,11361.852288246155,8885.115688743557,68.47361191570674,148777.52979284446,61.68635059106254,1
rl_best,3,75,2,6,0,0,82.37916946411133,11401.036381721497,8837.820296024332,54.77877312510897,153290.15962715392,61.68635059106254,1
rl_best,3,74,2,6,0,0,82.38542795181274,11479.487717151642,8799.62969894506,78.807695537543,159782.76534991057,61.68635059106254,1
rl_best,3,73,2,6,0,0,82.36976265907288,11572.458148002625,8746.890394329597,75.37919705022932,165991.73192036944,61.811377832783585,1
rl_best,3,72,2,6,0,0,82.37640619277954,11677.704155445099,8695.711772083947,83.22002293359863,172847.09833292,61.811377832783585,1
rl_best,3,71,2,6,0,0,82.43497729301453,11803.283542394638,8640.288569624663,69.80153187193373,178601.1860278005,63.69238905560433,1
rl_best,3,70,2,6,0,0,82.51368165016174,11919.711232185364,8591.324929153925,86.30854214091819,185722.82159770577,63.69238905560433,1
rl_best,3,69,2,6,0,0,82.58528470993042,12043.708264827728,8533.811446270925,74.00910916483085,191834.88494921164,63.69238905560433,1
rl_best,3,68,2,6,0,0,82.64371752738953,12170.319259166718,8482.07592174826,73.07446344447231,197874.03026458216,64.51194257070377,1
rl_best,3,67,2,6,0,0,82.6481282711029,12292.599231004715,8429.848114047481,70.24089137736131,203679.30846501494,64.51194257070377,1
rl_best,3,66,2,6,0,0,82.70131587982178,12372.68015742302,8380.574456164059,71.34132129281755,209579.3296125361,66.02319309723785,1
rl_best,3,65,2,6,0,0,82.81938195228577,12458.266168832779,8329.580299668185,79.4618144195229,216160.3079715682,66.02319309723785,1
rl_best,3,64,2,6,0,0,82.91662573814392,12559.049427509308,8274.366988925192,65.8125005110918,221617.2584453378,66.02319309723785,1
rl_best,3,63,2,6,0,0,83.02187442779541,12668.92522573471,8226.977026287837,85.49682259581074,228715.3649148627,66.02319309723785,1
rl_best,3,62,2,6,0,0,83.16159248352051,12792.281806468964,8166.221771502737,88.52058497386463,236076.87772886208,66.02319309723785,1
rl_best,3,61,2,6,0,0,83.20275902748108,13003.3478140831,8103.639857826834,97.2315586053163,244166.8116693666,66.0678136608015,1
rl_best,3,60,2,6,0,0,83.1861424446106,13276.088237762451,8036.16142626381,95.96091580815384,252149.43008089898,85.17672399217258,1
rl_best,3,59,2,6,0,0,83.17678213119507,13557.929396629333,7966.96266147608,90.6890334034659,259692.65205398772,85.17672399217258,1
rl_best,3,58,2,6,0,0,83.16840648651123,13836.975395679474,7903.579761966049,99.81069257844553,267993.7483060521,85.17672399217258,1
rl_best,3,57,2,6,0,0,83.29741954803467,13967.464566230774,7832.698835615422,106.85157212160436,276894.2085384325,85.17672399217258,1
rl_best,3,56,2,6,0,0,83.39461207389832,13990.858793258667,7758.652497188209,91.30499671844447,284508.55332017574,85.17672399217258,1
rl_best,3,55,2,6,0,0,83.43836307525635,13985.951840877533,7693.842901127378,114.80758468813755,294087.9102551778,87.67464619283565,1
rl_best,3,54,2,6,0,0,83.42046856880188,13958.0237865448,7611.172014580103,106.84310708971485,303000.8123119485,87.67464619283565,1
rl_best,3,53,2,6,0,0,83.32509160041809,13932.102620601654,7535.475954930422,107.96108049526352,311996.6792334964,87.67464619283565,1
rl_best,3,52,2,6,0,0,83.10090065002441,13930.765390396118,7458.752919663905,113.99407407091722,321469.68945755524,88.00542260216963,1
rl_best,3,51,2,6,0,0,82.85903930664062,13943.491876125336,7378.378030526912,108.78963386672338,330483.8940062731,89.3393639748758,1
rl_best,3,50,2,6,0,0,82.62481570243835,13917.239308357239,7300.608586869644,112.95816373430567,339817.04146690597,89.3393639748758,1
rl_best,3,49,2,6,0,0,82.34352827072144,13888.470530509949,7219.25416997086,129.3149262499152,350465.2887523921,89.87264365606573,1
rl_best,3,48,2,6,0,0,82.1213698387146,13851.997256278992,7124.056488548913,121.12813807073931,360412.4973767742,89.87264365606573,1
rl_best,3,47,2,6,0,0,81.95433855056763,13803.496956825256,7039.976253295589,109.54658665650852,369390.3154266808,89.87264365606573,1
rl_best,3,46,2,6,0,0,81.83681607246399,13760.595917701721,6961.745098358136,116.70875690899564,378941.3884998882,92.28499445299059,1
rl_best,3,45,2,6,0,0,81.73663854598999,13694.33045387268,6880.786417809568,122.60235763783336,388962.49309101794,92.32417290804567,1
rl_best,3,44,2,6,0,0,81.66335463523865,13630.625009536743,6790.449471264733,102.87145956107166,397363.3215749983,92.85601305134094,1
rl_best,3,43,2,6,0,0,81.6064465045929,13600.431978702545,6717.023628850335,106.94206148625221,406090.48319476703,92.85601305134094,1
rl_best,3,42,2,6,0,0,81.58221006393433,13608.03484916687,6639.187044052509,119.45231856450948,415835.6673405208,92.85601305134094,1
rl_best,3,41,2,6,0,0,81.57544374465942,13600.45313835144,6549.380148537817,112.75258904393161,425033.5098251388,93.6308664821853,1
rl_best,3,40,2,6,0,0,81.5605354309082,13576.472699642181,6466.024363101937,115.59224550352022,434461.2752600669,93.6308664821853,1
rl_best,3,39,2,6,0,0,81.54143571853638,13543.94018650055,6379.129317035808,122.03795818373617,444412.4255825275,93.6308664821853,1
rl_best,3,38,2,6,0,0,81.52086734771729,13497.390151023865,6287.717462578377,107.50275342442299,453176.14328395424,95.04742683727991,1
rl_best,3,37,2,6,0,0,81.49962067604065,13455.814123153687,6208.947057031699,109.63820886561503,462111.6157181024,95.04742683727991,1
rl_best,3,36,2,6,0,0,81.48695349693298,13393.996953964233,6126.316011362834,121.42395526424716,472006.0839141338,95.04742683727991,1
rl_best,3,35,2,6,0,0,81.45287871360779,13226.420283317566,6037.110472366977,112.58195758284295,481176.2084504696,95.04742683727991,1
rl_best,3,34,2,6,0,0,81.40202641487122,13046.168088912964,5953.165082224007,110.6477369996938,490183.1584604644,95.04742683727991,1
rl_best,3,33,2,6,0,0,81.34647488594055,12900.657951831818,5872.346894722968,122.57139681274187,500153.90951302677,95.04742683727991,1
rl_best,3,32,2,6,0,0,81.26302123069763,12776.98665857315,5777.947377059796,122.59619735578312,510116.44690155255,97.00694341239463,1
rl_best,3,31,2,6,0,0,81.12592458724976,12679.597437381744,5687.393397988812,115.36332205576207,519475.4030667829,101.69890345053383,1
rl_best,3,30,2,6,0,0,81.00464582443237,12612.419426441193,5603.089004953168,133.25253740878162,530269.4776647883,101.69890345053383,1
rl_best,3,29,2,6,0,0,80.89433550834656,12540.853321552277,5501.999801275492,129.26518806782758,540726.2991578967,105.09652333242514,1
rl_best,3,28,2,6,0,0,80.78422665596008,12407.588362693787,5404.438473140144,130.7757435297165,551290.916464303,105.09652333242514,1
rl_best,3,27,2,6,0,0,80.71274042129517,12293.73648762703,5305.770287234585,117.7296548696257,560793.1995376839,105.51726153189219,1
rl_best,3,26,2,6,0,0,80.69638133049011,12106.273919343948,5217.528477170269,134.97564816363695,571685.2459122267,105.51726153189219,1
rl_best,3,25,2,6,0,0,80.67068457603455,11882.702112197876,5116.605447800821,132.09264016337653,582341.2496216621,108.86577323146005,1
rl_best,3,24,2,6,0,0,80.63483476638794,11699.361801147461,5017.609942148734,134.38396852299098,593177.2787187649,110.31606898852215,1
rl_best,3,23,2,6,0,0,80.6377124786377,11686.625629663467,4914.039096501628,135.94269021740112,604139.3862860881,111.20897889534331,1
rl_best,3,22,2,6,0,0,80.64188838005066,11703.188717365265,4810.479665406648,145.69941981271575,615888.8626356634,112.95137016244168,1
rl_best,3,21,2,6,0,0,80.65899133682251,11699.29563999176,4697.859964155472,152.72815178007338,628207.7613069812,112.95137016244168,1
rl_best,3,20,2,6,0,0,80.67812204360962,11687.068045139313,4584.407904274614,145.9954327900558,639986.3986514269,112.95137016244168,1
rl_best,3,19,2,6,0,0,80.68243622779846,11711.86774969101,4472.683712854918,145.69735064098853,651741.6158530776,112.95137016244168,1
rl_best,3,18,2,6,0,0,80.67971229553223,11750.08550286293,4358.709132634231,153.28967895059523,664108.9830486862,117.40424760711261,1
rl_best,3,17,2,6,0,0,80.68708658218384,11780.32636642456,4238.0837514962395,145.89664966293813,675880.9586520902,117.40424760711261,1
rl_best,3,16,2,6,0,0,80.7078230381012,11813.473999500275,4122.074254138765,142.79915303490003,687405.9674252216,117.43877695873326,1
rl_best,3,15,2,6,0,0,80.69597005844116,11803.444921970367,4010.6799095975584,151.89414218789724,699663.2125752687,117.79311858824813,1
rl_best,3,14,2,6,0,0,80.69397926330566,11915.32701253891,3892.4181695285088,162.7894049093025,712799.3374393058,118.13382576143007,1
rl_best,3,13,2,6,0,0,80.77009677886963,12008.09508562088,3762.49661771333,163.43597239738122,726000.076746991,118.13382576143007,1
rl_best,3,12,2,6,0,0,80.82844257354736,12163.80387544632,3633.248822440588,142.8835876287681,737549.1346043453,118.65148982084473,1
rl_best,3,11,2,6,0,0,80.88564991950989,12360.848784446716,3519.4693594836563,153.06008893672225,749929.49937473,118.65148982084473,1
rl_best,3,10,2,6,0,0,80.92757225036621,12538.176774978638,3398.218047330558,150.4137501671823,762102.1190088332,119.72247037978816,1
rl_best,3,9,2,6,0,0,80.94735026359558,12691.775560379028,3277.5689331059684,160.2731269635945,775075.803954997,119.9282594332441,1
rl_best,3,8,2,6,0,0,80.98421812057495,12817.639410495758,3149.375034423312,155.66390907781388,787682.123921256,119.9282594332441,1
rl_best,3,7,2,6,0,0,81.02166295051575,12929.770946502686,3024.0949655082286,139.55565303976985,798989.1550046834,119.9282594332441,1
rl_best,3,6,2,6,0,0,81.05726361274719,13051.734864711761,2911.140249413147,127.48965691972516,809323.1177335243,119.9282594332441,1
rl_best,3,5,2,6,0,0,81.13359689712524,13227.121531963348,2806.193716764311,137.40355822629797,820471.1626388874,111.6350613497792,1
rl_best,3,4,2,6,0,0,81.17470383644104,13383.916020393372,2692.192221380573,128.39819377083597,830893.847991369,105.31132169984018,1
rl_best,3,3,2,6,0,0,81.30459666252136,13518.271744251251,2583.3408250718003,121.48315079118095,840770.9865677382,100.66337802387262,1
rl_best,3,2,2,6,0,0,81.50785446166992,13452.020287513733,2480.496147055019,108.36587009968233,849603.6561364353,97.45860423514522,1
rl_best,3,1,2,6,0,0,81.48475050926208,13320.598304271698,2388.723568389424,108.47839487660875,858442.991078601,90.48681714092218,1
rl_best,4,100,6,12,1,1,102.65682935714722,11351.436078548431,10000.0,128.7270487038682,13214.710672442177,119.21816460837967,0
rl_best,4,99,6,12,1,1,101.60930633544922,10857.7099442482,9906.268823922992,103.78468368044378,23760.200389456084,119.21816460837967,0
rl_best,4,98,6,12,1,1,102.80570030212402,11100.050956010818,9831.270303339588,111.4440498786633,35217.2839817369,119.21816460837967,0
rl_best,4,97,6,12,1,1,102.95180082321167,11162.799447774887,9750.480832593727,103.35501649520728,45857.86905403124,120.48841230422327,0
rl_best,4,96,6,12,1,1,103.23963642120361,11246.8783557415,9675.378388417299,118.70587137935856,58113.020056298374,120.48841230422327,0
rl_best,4,95,6,12,1,1,103.50803852081299,11323.31758737564,9587.563032641912,118.96449903243301,70426.80200475667,121.5480831964681,0
rl_best,4,94,6,12,1,1,103.6762285232544,11310.110688209534,9500.618254691657,104.70735472507627,81282.46564129913,121.5480831964681,0
rl_best,4,93,6,12,1,1,103.28723907470703,11305.6081533432,9422.364949979552,102.85473128901535,91906.04686191241,122.03586911981081,0
rl_best,4,92,6,12,1,1,103.1714677810669,11305.385529994965,9346.45936920194,115.71158767137831,103844.18120124612,123.03316904179233,0
rl_best,4,91,6,12,1,1,102.84150838851929,11233.378797769547,9263.159957520043,114.97856945177311,115668.75071602059,123.03316904179233,0
rl_best,4,90,6,12,1,1,102.51652240753174,11183.224618434906,9180.050025933551,123.75578661236787,128355.76358732911,124.47314745072495,0
rl_best,4,89,6,12,1,1,102.65537023544312,11179.29995059967,9089.808587275731,132.62627090547286,141970.5625300766,124.47314745072495,0
rl_best,4,88,6,12,1,1,102.80517578125,11169.361174106598,8995.275195532564,122.17364495303192,154530.64557530906,124.74048774082162,0
rl_best,4,87,6,12,1,1,102.94718980789185,11188.049912452698,8906.911799142987,128.18976678394063,167727.42182784478,126.45503592053535,0
rl_best,4,86,6,12,1,1,105.56301832199097,11506.617069244385,8815.702260298684,116.57210850869892,180033.1254541817,126.45503592053535,0
rl_best,4,85,6,12,1,1,107.16326713562012,11630.719900131226,8729.933708749635,107.58575645470815,191562.36661312534,127.85690711176491,0
rl_best,4,84,6,12,1,1,108.69560718536377,11831.520795822144,8649.908802110185,118.48639557292901,204441.31732313006,130.6942817674587,0
rl_best,4,83,6,12,1,1,109.01853561401367,11899.875849485397,8561.647148619759,124.22370822084163,217984.00408190873,130.6942817674587,0
rl_best,4,82,6,12,1,1,110.06812334060669,12056.961208581924,8471.350675671581,108.83673171848565,229963.45889268751,130.6942817674587,0
rl_best,4,81,6,12,1,1,110.70625305175781,12124.94283914566,8391.309568996405,120.1992333952184,243270.26564156587,131.0525347945274,0
rl_best,4,80,6,12,1,1,111.22778177261353,12150.509059429169,8301.616681932137,110.8736321456127,255602.49380219512,131.0525347945274,0
rl_best,4,79,6,12,1,1,111.56124830245972,12163.633853197098,8220.306636182366,109.62951388976128,267832.89922252874,134.69965047598188,0
rl_best,4,78,6,12,1,1,111.84812545776367,12188.2064640522,8139.781330244492,114.8004073418141,280673.10958549834,134.69965047598188,0
rl_best,4,77,6,12,1,1,112.15560674667358,12207.192927598953,8054.847907734531,133.96045205861262,295697.5253661907,136.04655404778723,0
rl_best,4,76,6,12,1,1,112.42867946624756,12259.531766176224,7956.0947722137735,114.73497078678808,308597.02662034775,137.5612169999776,0
rl_best,4,75,6,12,1,1,112.67160177230835,12322.607338428497,7870.3565069898295,109.01917294176448,320880.39145958866,137.5612169999776,0
rl_best,4,74,6,12,1,1,113.3618974685669,12282.493114471436,7789.634101146599,116.25102700461167,334058.82846350106,137.5612169999776,0
rl_best,4,73,6,12,1,1,113.8762092590332,12317.954152822495,7702.2051350868205,104.76266228288748,345988.80331616057,138.32368132308972,0
rl_best,4,72,6,12,1,1,114.38714027404785,12363.904416561127,7622.75934577517,111.62303591886108,358757.04318362643,138.32368132308972,0
rl_best,4,71,6,12,1,1,114.86670732498169,12393.962740898132,7539.2122027389305,120.42337551843288,372589.6798143886,138.32368132308972,0
rl_best,4,70,6,12,1,1,115.5632472038269,12444.377690553665,7448.416000314783,123.50283902923428,386862.06893149845,138.32368132308972,0
rl_best,4,69,6,12,1,1,116.21819496154785,12483.600974082947,7355.726526804646,115.91021105200666,400332.9444375747,141.44513027967048,0
rl_best,4,68,6,12,1,1,116.53842687606812,12572.304606437683,7268.465109546485,107.54759428457726,412866.37188980496,144.11442869521588,0
rl_best,4,67,6,12,1,1,116.63681030273438,12668.389678001404,7186.526391538158,110.37596427646912,425740.27229710086,144.11442869521588,0
rl_best,4,66,6,12,1,1,116.73131704330444,12768.084704875946,7104.871470022788,132.8651358955171,441249.7945993222,145.6585852960098,0
rl_best,4,65,6,12,1,1,116.839280128479,12861.129939556122,7004.9941804420305,106.79215766636067,453727.31342442683,145.6585852960098,0
rl_best,4,64,6,12,1,1,116.90936326980591,12942.47567653656,6922.725255577325,114.82540690238051,467151.4786325805,145.6585852960098,0
rl_best,4,63,6,12,1,1,116.93647146224976,13040.993213653564,6834.923821425957,110.77926040822796,480105.6144559164,147.36536096010775,0
rl_best,4,62,6,12,1,1,116.96377754211426,13124.665319919586,6751.412627208167,103.86879402305358,492254.5009735965,147.36536096010775,0
rl_best,4,61,6,12,1,1,116.9818639755249,13217.785358428955,6674.691805991704,129.8951712334252,507449.8802259026,147.3781006109956,0
rl_best,4,60,6,12,1,1,116.97949886322021,13243.86477470398,6576.280959107062,144.2819153570493,524327.9063793957,172.95101534140753,0
rl_best,4,59,6,12,1,1,117.003333568573,13300.190269947052,6463.7099493403275,134.45112925227065,540059.1367039705,173.18520571918685,0
rl_best,4,58,6,12,1,1,117.11347818374634,13379.521071910858,6360.24543472725,137.63433432296472,556177.9723140375,179.28794627762093,0
rl_best,4,57,6,12,1,1,117.22034931182861,13464.796245098114,6255.606299213956,130.38960058363108,571462.2868410805,179.28794627762093,0
rl_best,4,56,6,12,1,1,117.3171615600586,13537.854254245758,6157.9839591571035,137.56211305099785,587600.6834824275,179.28794627762093,0
rl_best,4,55,6,12,1,1,117.432861328125,13599.025011062622,6054.442137984661,143.50935712849716,604453.3979173867,181.50830068228348,0
rl_best,4,54,6,12,1,1,117.52194881439209,13662.9056930542,5945.577165251409,153.34932742495948,622475.3097257443,181.50830068228348,0
rl_best,4,53,6,12,1,1,117.60846376419067,13743.702471256256,5827.85727997177,144.47721817077544,639467.0534037331,181.50830068228348,0
rl_best,4,52,6,12,1,1,117.71419048309326,13818.808794021606,5715.54285669987,148.82763078575323,656986.1774831947,181.50830068228348,0
rl_best,4,51,6,12,1,1,117.8305459022522,13888.753056526184,5601.19531338787,150.6191094290926,674733.7093705358,183.74050410317923,0
rl_best,4,50,6,12,1,1,117.92956352233887,13942.953944206238,5485.402557333943,160.32850473932385,693641.1799546335,192.542564800098,0
rl_best,4,49,6,12,1,1,117.94721603393555,13970.251083374023,5360.677400796839,154.60112486959184,711875.9522287167,193.30528083385084,0
rl_best,4,48,6,12,1,1,117.97994613647461,14010.937213897705,5240.199101658103,150.15341665592354,729591.0442379902,193.30528083385084,0
rl_best,4,47,6,12,1,1,117.98186779022217,14060.264527797699,5123.37087565535,143.20647053378073,746486.8111112111,197.01820323067741,0
rl_best,4,46,6,12,1,1,117.98874855041504,14117.790460586548,5010.768082314421,155.20925828834194,764799.7572600907,197.01820323067741,0
rl_best,4,45,6,12,1,1,118.02289724349976,14170.922040939331,4890.05382799568,159.66561270335836,783643.9554614995,197.01820323067741,0
rl_best,4,44,6,12,1,1,118.01068544387817,14310.00530719757,4765.936579757712,152.86663668031602,801683.8520376439,197.60821190962048,0
rl_best,4,43,6,12,1,1,118.00270080566406,14452.625215053558,4645.355857532314,155.84443908628572,820073.9167553694,197.60821190962048,0
rl_best,4,42,6,12,1,1,118.02266836166382,14589.825868606567,4525.066859745539,161.05746445770887,839082.348470232,197.60821190962048,0
rl_best,4,41,6,12,1,1,118.06504726409912,14692.917168140411,4401.736628569866,170.68310714474217,859234.0575824593,201.0148893750271,0
rl_best,4,40,6,12,1,1,118.16587924957275,14772.393703460693,4268.37560217771,157.56261370956346,877852.5823683107,201.0148893750271,0
rl_best,4,39,6,12,1,1,118.23964595794678,14828.060269355774,4141.968850081823,179.82000417342587,899114.435997933,201.0148893750271,0
rl_best,4,38,6,12,1,1,118.37088108062744,14867.714047431946,4000.517715534691,167.27717688681415,918915.1828107052,208.16928401824555,0
rl_best,4,37,6,12,1,1,118.53029012680054,14897.659122943878,3867.358033802888,175.67576181323165,939738.0818266742,208.16928401824555,0
rl_best,4,36,6,12,1,1,118.68665218353271,14910.269975662231,3729.0291258178813,162.91025883457505,959073.3550541027,208.605935944052,0
rl_best,4,35,6,12,1,1,118.80133867263794,14908.311069011688,3598.71208460027,163.6974881549873,978520.8357842636,208.605935944052,0
rl_best,4,34,6,12,1,1,118.92076015472412,14900.829493999481,3468.1315497623227,166.12101758147932,998276.0734727294,208.605935944052,0
rl_best,4,33,6,12,1,1,119.0213131904602,14897.339344024658,3338.031857148155,154.11890175772885,1016619.5075474058,208.605935944052,0
rl_best,4,32,6,12,1,1,119.12038326263428,14897.767305374146,3219.2925749802307,162.1139011146308,1035930.5775803814,208.605935944052,0
rl_best,4,31,6,12,1,1,119.19084072113037,14896.79753780365,3088.511686011305,156.49718332941265,1054583.608431903,213.0863875168285,0
rl_best,4,30,6,12,1,1,119.23512935638428,14895.256757736206,2962.1435691523066,181.4862708665268,1076223.147415081,214.84826275598544,0
rl_best,4,29,6,12,1,1,119.30990695953369,14893.16314458847,2817.136498581738,173.2266132856682,1096890.7985291092,225.55221352890493,0
rl_best,4,28,6,12,1,1,119.34069633483887,14886.369407176971,2678.245180234154,166.63856554695198,1116777.5609777211,225.55221352890493,0
rl_best,4,27,6,12,1,1,119.367356300354,14877.33244895935,2544.844460104695,173.08245323134523,1137437.9558419264,225.97295172837198,0
rl_best,4,26,6,12,1,1,119.41057205200195,14861.409366130829,2404.7619908778543,182.91136252574705,1159279.506275937,225.97295172837198,0
rl_best,4,25,6,12,1,1,119.46002006530762,14851.23485326767,2258.374468761728,185.7067606362508,1181464.0396278067,230.19559885154544,0
rl_best,4,24,6,12,1,1,119.50745582580566,14856.6335439682,2109.455794326748,178.87262179355457,1202840.6515752461,233.6670386321828,0
rl_best,4,23,6,12,1,1,119.53516483306885,14871.77848815918,1964.0547306215258,182.12370444301757,1224610.8386058514,235.30679756566138,0
rl_best,4,22,6,12,1,1,119.520583152771,14895.896911621094,1816.3557594359645,184.5021292144411,1246662.6406824894,238.1271749969102,0
rl_best,4,21,6,12,1,1,119.47383880615234,14904.563426971436,1666.9783209581383,177.25884318861168,1267840.4351405706,238.1271749969102,0
rl_best,4,20,6,12,1,1,119.32039022445679,14898.738861083984,1522.6209138979502,190.60882536822496,1290583.9545637325,238.1271749969102,0
rl_best,4,19,6,12,1,1,119.02166366577148,14878.669381141663,1366.846792292623,203.66128471730835,1314824.059495095,238.1271749969102,0
rl_best,4,18,6,12,1,1,118.64599227905273,14837.984442710876,1199.500623371414,165.73059508482137,1334487.3303999314,244.15619931843952,0
rl_best,4,17,6,12,1,1,117.9238224029541,14682.78169631958,1063.752560517054,206.76586981899695,1358869.952111459,244.15619931843952,0
rl_best,4,16,6,12,1,1,116.02471828460693,14284.427762031555,893.245267655615,197.69570770255848,1381807.5409037245,246.45447097887347,0
rl_best,4,15,6,12,1,1,110.64563274383545,12984.483540058136,731.0216572367008,229.53816828052635,1407204.9367719842,249.0993376403336,0
rl_best,4,14,6,12,1,1,88.19376587867737,10685.652643442154,539.1344871761794,0.0,1407204.9367719842,251.01425215790965,0
rl_best,4,13,6,12,1,1,80.37766695022583,10500.957816839218,539.1344871761794,0.0,1407204.9367719842,251.46554524240713,0
rl_best,4,12,6,12,1,1,80.45921802520752,10610.693395137787,539.1344871761794,0.0,1407204.9367719842,252.18470229434556,0
rl_best,4,11,6,12,1,1,80.36939740180969,10721.97049856186,539.1344871761794,34.975463544145896,1410015.8937008763,252.18470229434556,0
rl_best,4,10,6,12,1,1,80.28773427009583,10783.052742481232,509.773009556724,84.73620231976201,1416819.1713957824,253.3217479726484,0
rl_best,4,9,6,12,1,1,80.19510388374329,10637.197047472,438.30533267699866,0.0,1416819.1713957824,253.3217479726484,0
rl_best,4,8,6,12,1,1,80.15564560890198,10671.280324459076,438.30533267699866,0.0,1416819.1713957824,253.3217479726484,0
rl_best,4,7,6,12,1,1,80.13105273246765,10761.467218399048,438.30533267699866,47.00322239228808,1420585.5890878947,253.3217479726484,0
rl_best,4,6,6,12,1,1,80.10455846786499,10792.185068130493,398.1222416481796,52.866775685122775,1424820.4588117711,253.3217479726484,0
rl_best,4,5,6,12,1,1,80.08266925811768,10702.044814825058,352.69297607811677,0.0,1424820.4588117711,227.42353435458372,0
rl_best,4,4,6,12,1,1,80.07120251655579,10805.217176675797,352.69297607811677,56.09008086118956,1429311.6590355774,223.80390014802688,0
rl_best,4,3,6,12,1,1,80.06245017051697,10855.924934148788,304.20893771011833,72.24183866661951,1435095.5176440503,212.94074769604768,0
rl_best,4,2,6,12,1,1,80.0539481639862,10768.193155527115,240.75579528827984,0.0,1435095.5176440503,199.91705650403023,0
rl_best,4,1,6,12,1,1,80.04883170127869,10902.450829744339,240.75579528827984,88.84455054254977,1442207.4201180066,192.4570690769313,0
rl_best,5,100,1,6,0,0,83.62133979797363,10323.884636163712,10000.0,73.11621464179747,6114.075829303321,53.51064944791461,1
rl_best,5,99,1,6,0,0,85.35035252571106,10328.113436698914,9952.491697082318,58.496416690011195,11106.765615286666,53.51064944791461,1
rl_best,5,98,1,6,0,0,85.0624418258667,10394.931733608246,9915.058621153566,71.47702075611909,17186.77553524031,53.51064944791461,1
rl_best,5,97,1,6,0,0,84.88826513290405,10454.46291565895,9867.270514997725,68.16295552462198,22973.010576056768,55.53276728716988,1
rl_best,5,96,1,6,0,0,84.76712822914124,10558.752566576004,9823.917764360158,58.788842184280924,27956.371899934456,55.852472283942966,1
rl_best,5,95,1,6,0,0,84.70326662063599,10713.351517915726,9784.5397250795,68.12107990330776,33726.44989346998,56.18471002774361,1
rl_best,5,94,1,6,0,0,84.6230161190033,10904.45876121521,9741.529278295138,65.88255705066845,39301.63058072985,56.18471002774361,1
rl_best,5,93,1,6,0,0,84.49887990951538,11140.436679124832,9699.410691076067,62.399918576346884,44574.35380687612,56.18471002774361,1
rl_best,5,92,1,6,0,0,84.23976421356201,11427.582502365112,9658.954220985855,61.90450962071703,49789.175101081506,56.85789131285237,1
rl_best,5,91,1,6,0,0,83.99623990058899,11725.82894563675,9618.010454404033,68.46680598884741,55540.12936214782,56.85789131285237,1
rl_best,5,90,1,6,0,0,84.00993227958679,12076.406925916672,9573.590071377988,72.23908951678122,61608.93038039162,57.85980122566746,1
rl_best,5,89,1,6,0,0,84.18384313583374,12612.964510917664,9525.46091926975,55.697050562197674,66297.72214804827,57.85980122566746,1
rl_best,5,88,1,6,0,0,84.15158033370972,13123.921155929565,9489.008762916772,62.44113190039366,71552.24207529202,57.85980122566746,1
rl_best,5,87,1,6,0,0,84.020094871521,13575.01208782196,9448.027092463191,60.064940547840536,76598.90407857385,59.05581472314141,1
rl_best,5,86,1,6,0,0,83.8062584400177,13836.195468902588,9408.415248475902,70.54566726523075,82511.07250122727,59.05581472314141,1
rl_best,5,85,1,6,0,0,83.8822889328003,13990.31400680542,9362.101871068815,62.41121853700024,87746.26836719607,59.321172379079584,1
rl_best,5,84,1,6,0,0,84.03786659240723,13969.282805919647,9321.142501958648,61.95325077443003,92952.68739074357,59.321172379079584,1
rl_best,5,83,1,6,0,0,84.13258194923401,13960.382342338562,9281.157947075142,72.41474433556363,99045.1268028882,59.321172379079584,1
rl_best,5,82,1,6,0,0,84.14084076881409,13985.819518566132,9234.135012019091,80.39938033967606,105809.99826196021,59.321172379079584,1
rl_best,5,81,1,6,0,0,84.10907745361328,13964.959383010864,9180.10611858375,55.07722538745409,110442.4928780037,59.67942540614826,1
rl_best,5,80,1,6,0,0,84.09417748451233,13949.847221374512,9143.325907824914,62.81082918635009,115724.51789555002,59.67942540614826,1
rl_best,5,79,1,6,0,0,84.1248619556427,13974.106311798096,9101.499418383893,72.48331882869698,121822.16708610099,60.144742931333404,1
rl_best,5,78,1,6,0,0,84.1916036605835,13983.336389064789,9054.976230004635,71.52091774744497,127843.62784653508,60.59148468407464,1
rl_best,5,77,1,6,0,0,84.26867604255676,13990.773260593414,9007.461395685306,81.02725042461239,134671.68696318587,61.68635059106254,1
rl_best,5,76,1,6,0,0,84.35640096664429,14000.422954559326,8954.471396017558,79.17064418755908,141350.23756905913,61.68635059106254,1
rl_best,5,75,1,6,0,0,84.45330739021301,14018.38481426239,8902.538872706222,70.54424821976882,147307.93264857476,61.68635059106254,1
rl_best,5,74,1,6,0,0,84.53648328781128,14048.99001121521,8855.971376102823,84.8710834336049,154482.63557487814,61.68635059106254,1
rl_best,5,73,1,6,0,0,84.61771488189697,14079.97727394104,8798.44111423218,92.67484070394532,162324.5688222898,61.811377832783585,1
rl_best,5,72,1,6,0,0,84.71407771110535,14104.865193367004,8735.451520553204,82.13549383933389,169282.60143023514,61.811377832783585,1
rl_best,5,71,1,6,0,0,84.77960586547852,14137.49247789383,8679.357738721801,70.47257594587487,175257.23864325142,63.69238905560433,1
rl_best,5,70,1,6,0,0,84.80437397956848,14157.942831516266,8631.903007624589,86.1096486908028,182559.71349407552,63.69238905560433,1
rl_best,5,69,1,6,0,0,84.62115287780762,14121.098220348358,8574.167757639429,77.92777044923865,189154.05127068725,63.69238905560433,1
rl_best,5,68,1,6,0,0,84.46567058563232,14085.151553153992,8521.489101348998,81.41147171801467,196030.5258227126,64.51194257070377,1
rl_best,5,67,1,6,0,0,84.3398118019104,14074.849784374237,8466.705412420242,77.21152553928172,202542.531355634,64.51194257070377,1
rl_best,5,66,1,6,0,0,84.15775060653687,14062.584638595581,8414.111100998733,79.3988488947229,209224.5598793622,66.02319309723785,1
rl_best,5,65,1,6,0,0,84.10608172416687,14025.034308433533,8360.999274714617,85.78186426751799,216439.33636589747,66.02319309723785,1
rl_best,5,64,1,6,0,0,84.08406972885132,14001.84541940689,8303.990622476735,69.02411515818031,222243.16487783016,66.02319309723785,1
rl_best,5,63,1,6,0,0,84.05168056488037,13978.133797645569,8258.030439215032,86.39447901239959,229504.76603034962,66.02319309723785,1
rl_best,5,62,1,6,0,0,83.96490573883057,13959.153294563293,8199.427727503393,71.01236606879694,235467.31265360749,66.02319309723785,1
rl_best,5,61,1,6,0,0,83.85045528411865,13865.931630134583,8151.857003037906,105.05255684623833,244276.01737392534,66.0678136608015,1
rl_best,5,60,1,6,0,0,83.7803316116333,13789.890706539154,8081.258951766039,91.57855692211716,251948.49924137516,85.17672399217258,1
rl_best,5,59,1,6,0,0,83.70404601097107,13688.719272613525,8017.78584796226,92.25949387598394,259670.99216171942,85.17672399217258,1
rl_best,5,58,1,6,0,0,83.6409330368042,13610.230684280396,7954.747651830332,101.84357244732357,268189.2835850149,85.17672399217258,1
rl_best,5,57,1,6,0,0,83.59546065330505,13518.32628250122,7885.193789554409,101.51139134123504,276675.1751057434,85.17672399217258,1
rl_best,5,56,1,6,0,0,83.55566024780273,13413.216173648834,7813.662455028121,100.84051300790559,285100.9707498461,85.17672399217258,1
rl_best,5,55,1,6,0,0,83.5096538066864,13304.53097820282,7745.56924412457,90.33010376843994,292644.40644387057,87.67464619283565,1
rl_best,5,54,1,6,0,0,83.57375860214233,13198.019862174988,7683.295906853278,102.13856894356917,301180.5105487287,87.67464619283565,1
rl_best,5,53,1,6,0,0,83.67310285568237,13118.158280849457,7612.193203915624,101.53373166468373,309676.152921629,87.67464619283565,1
rl_best,5,52,1,6,0,0,83.77635955810547,13032.77313709259,7542.280858963206,100.96175461331813,318134.3611777316,88.00542260216963,1
rl_best,5,51,1,6,0,0,83.88688802719116,12955.600023269653,7472.6861767791015,107.89559972909557,327185.3872708329,89.3393639748758,1
rl_best,5,50,1,6,0,0,84.0708577632904,12876.543998718262,7397.993522762403,107.85530796656485,336252.87552590587,89.3393639748758,1
rl_best,5,49,1,6,0,0,84.1672420501709,12811.407744884491,7320.422764040533,110.78077062225407,345576.98746137356,89.87264365606573,1
rl_best,5,48,1,6,0,0,84.27555918693542,12711.999118328094,7245.089829397064,120.69924513157197,355748.98383827775,89.87264365606573,1
rl_best,5,47,1,6,0,0,84.47434067726135,12585.394084453583,7160.029468073548,101.9471127751182,364360.8989739063,89.87264365606573,1
rl_best,5,46,1,6,0,0,84.69040393829346,12443.50552558899,7087.404613423694,109.42676732276435,373628.29610013287,92.28499445299059,1
rl_best,5,45,1,6,0,0,84.95457410812378,12245.495617389679,7011.236752128261,104.5526408036205,382510.5211714841,92.32417290804567,1
rl_best,5,44,1,6,0,0,85.12172341346741,12155.874818563461,6938.8011720724335,109.819414262066,391858.5389777287,92.85601305134094,1
rl_best,5,43,1,6,0,0,85.1568603515625,12258.235812187195,6859.922424291111,106.79489348790815,400952.8568087385,92.85601305134094,1
rl_best,5,42,1,6,0,0,85.24356126785278,12433.806508779526,6783.836719025056,125.21593264857421,411626.7088351786,92.85601305134094,1
rl_best,5,41,1,6,0,0,85.28621435165405,12559.31168794632,6696.889840125437,112.22301906742652,421197.78529455286,93.6308664821853,1
rl_best,5,40,1,6,0,0,85.31586170196533,12629.041075706482,6617.556138944321,101.65548079223326,429870.6102350698,93.6308664821853,1
rl_best,5,39,1,6,0,0,85.3014624118805,12671.276032924652,6546.424766951693,111.68984380421858,439397.9172481242,93.6308664821853,1
rl_best,5,38,1,6,0,0,85.23815274238586,12700.529396533966,6466.174626478474,107.63161543774983,448572.2373247169,95.04742683727991,1
rl_best,5,37,1,6,0,0,85.13306498527527,12704.163789749146,6389.13940354976,117.7818630900373,458599.3683292478,95.04742683727991,1
rl_best,5,36,1,6,0,0,85.08797883987427,12715.241014957428,6304.327563565856,119.0049792377633,468725.2614844703,95.04742683727991,1
rl_best,5,35,1,6,0,0,85.04028677940369,12711.627185344696,6218.223512237224,116.01405921682138,478591.13035071146,95.04742683727991,1
rl_best,5,34,1,6,0,0,85.01845598220825,12709.488868713379,6132.405723652979,117.12028833410704,488548.5164290683,95.04742683727991,1
rl_best,5,33,1,6,0,0,84.87235188484192,12596.646547317505,6047.716643071772,120.29633669596772,498758.3494475859,95.04742683727991,1
rl_best,5,32,1,6,0,0,84.82034683227539,12557.840645313263,5962.007557091967,117.52231414745106,508726.6328941043,97.00694341239463,1
rl_best,5,31,1,6,0,0,84.69216823577881,12433.618009090424,5875.759321661952,125.42667350680347,519349.2898279966,101.69890345053383,1
rl_best,5,30,1,6,0,0,84.70893025398254,12407.107800245285,5782.495340832,124.46476678385537,529892.5670765684,101.69890345053383,1
rl_best,5,29,1,6,0,0,84.54556465148926,12375.148981809616,5693.971075634034,140.16498788176537,541742.8951214014,105.09652333242514,1
rl_best,5,28,1,6,0,0,84.49125647544861,12375.153005123138,5589.9047729494505,116.6846438211972,551601.7272892445,105.09652333242514,1
rl_best,5,27,1,6,0,0,84.53743696212769,12482.743114233017,5502.712810850358,125.35529161837137,562198.9423523018,105.51726153189219,1
rl_best,5,26,1,6,0,0,84.36818838119507,12537.204325199127,5413.371314542459,125.9241729667531,572822.936698907,105.51726153189219,1
rl_best,5,25,1,6,0,0,84.17722940444946,12603.078484535217,5321.364054042407,143.98892450239984,584943.5254284455,108.86577323146005,1
rl_best,5,24,1,6,0,0,84.05961275100708,12676.610052585602,5216.332452354624,130.4526104421906,595909.3213445741,110.31606898852215,1
rl_best,5,23,1,6,0,0,83.89097332954407,12801.747024059296,5120.116882013353,131.75402767155936,606962.2949660289,111.20897889534331,1
rl_best,5,22,1,6,0,0,83.87881278991699,12971.524000167847,5023.61950012999,136.55498764293637,618416.3652100601,112.95137016244168,1
rl_best,5,21,1,6,0,0,83.93496632575989,13107.954263687134,4920.323643907945,139.71800215434993,630143.5910159879,112.95137016244168,1
rl_best,5,20,1,6,0,0,83.97107601165771,13188.176155090332,4817.359584052988,125.47871122570285,640680.1734141662,112.95137016244168,1
rl_best,5,19,1,6,0,0,83.89880299568176,13298.845291137695,4723.109311360429,134.435793336513,651959.1755548745,112.95137016244168,1
rl_best,5,18,1,6,0,0,83.84597420692444,13475.068211555481,4622.903988891076,126.72530590513442,662584.582285161,117.40424760711261,1
rl_best,5,17,1,6,0,0,83.72446894645691,13627.139627933502,4524.793895126911,147.70827171444418,674951.3788934518,117.40424760711261,1
rl_best,5,16,1,6,0,0,83.41384887695312,13810.6769323349,4414.475971820035,148.5036143165205,687338.6369357314,117.43877695873326,1
rl_best,5,15,1,6,0,0,82.71409869194031,13972.291350364685,4299.569850473468,123.52199480308417,697555.647404499,117.79311858824813,1
rl_best,5,14,1,6,0,0,82.01761960983276,14097.838997840881,4206.002030451372,140.52196871787825,709080.9247816268,118.13382576143007,1
rl_best,5,13,1,6,0,0,81.60265326499939,14329.487681388855,4097.391308012871,143.8742376287399,720821.444308611,118.13382576143007,1
rl_best,5,12,1,6,0,0,81.2608253955841,14552.221298217773,3986.9995873890757,144.86569052619012,732593.3498922704,118.65148982084473,1
rl_best,5,11,1,6,0,0,80.96200466156006,14672.733545303345,3872.5320952078937,164.3536241339833,745899.7487755503,118.65148982084473,1
rl_best,5,10,1,6,0,0,80.76573371887207,14788.199961185455,3745.7568072911636,140.19909240609513,757223.0313404485,119.72247037978816,1
rl_best,5,9,1,6,0,0,80.62568783760071,14855.32134771347,3633.098461113983,139.97263279193675,768508.4211377384,119.9282594332441,1
rl_best,5,8,1,6,0,0,80.53701281547546,14898.275434970856,3524.0505667630923,148.23085762497277,780446.4916179298,119.9282594332441,1
rl_best,5,7,1,6,0,0,80.51271200180054,14923.769235610962,3406.420444787889,156.2054621971275,793023.0170089152,119.9282594332441,1
rl_best,5,6,1,6,0,0,80.51865100860596,14945.756793022156,3281.83609172505,130.75361585418648,803551.1217719917,119.9282594332441,1
rl_best,5,5,1,6,0,0,80.52178621292114,14957.638680934906,3176.724429460409,131.92597959788182,814174.0372971025,111.6350613497792,1
rl_best,5,4,1,6,0,0,80.49780488014221,14965.744614601135,3068.5563534488683,124.10126171437369,824163.9164479657,105.31132169984018,1
rl_best,5,3,1,6,0,0,80.47812700271606,14972.336888313293,2969.0543100537316,111.92933885252627,833171.7799954693,100.66337802387262,1
rl_best,5,2,1,6,0,0,80.46290755271912,14977.82289981842,2875.960786659459,107.3799592252038,841811.8837276216,97.45860423514522,1
rl_best,5,1,1,6,0,0,80.53114175796509,14981.036186218262,2787.91073203846,98.71366197688924,849761.4076337303,90.48681714092218,1
rl_best,6,100,6,6,1,0,98.50704312324524,11094.016283750534,10000.0,75.48856165855483,7436.154998611018,94.22677816891029,0
rl_best,6,99,6,6,1,0,94.48676943778992,11589.896976947784,9947.387909433328,108.57046087948962,17694.627103485942,94.22677816891029,0
rl_best,6,98,6,6,1,0,95.82492232322693,11626.380383968353,9870.16617367192,105.44749265001745,27799.124895852907,94.22677816891029,0
rl_best,6,97,6,6,1,0,95.43229222297668,11708.953827619553,9794.949918336404,103.32372657720586,37659.544964135755,95.43576480047696,0
rl_best,6,96,6,6,1,0,95.60747623443604,11748.884916305542,9722.034859546993,103.34819586619919,47540.405144285236,95.75546979725004,0
rl_best,6,95,6,6,1,0,95.66928625106812,11756.590008735657,9650.604505283021,95.07345289025395,56636.01452372038,96.81514068949487,0
rl_best,6,94,6,6,1,0,95.61644673347473,11801.00679397583,9583.507928820327,97.26631099127172,65936.2735675789,96.81514068949487,0
rl_best,6,93,6,6,1,0,95.67999362945557,11827.010661363602,9514.009483977916,113.47769558241629,76793.8187579898,96.81514068949487,0
rl_best,6,92,6,6,1,0,95.99487543106079,11854.863315820694,9432.320143501709,102.55950179049829,86639.00535664034,98.05540323546752,0
rl_best,6,91,6,6,1,0,96.82098507881165,11971.815526485443,9358.773321232735,95.89417505600521,95923.57384888276,98.05540323546752,0
rl_best,6,90,6,6,1,0,96.85811758041382,12078.446745872498,9291.859852564929,103.74707487883575,105972.32022612102,99.3508655734912,0
rl_best,6,89,6,6,1,0,97.17011332511902,12177.651524543762,9218.309324087662,90.20919805680299,114737.95822426867,99.3508655734912,0
rl_best,6,88,6,6,1,0,96.61914110183716,12243.248522281647,9156.024220707233,107.72402715987758,125146.16120448703,99.61820586358787,0
rl_best,6,87,6,6,1,0,96.42442226409912,12308.439463376999,9080.630455683666,114.78577460946849,136214.31320534213,100.79415033413501,0
rl_best,6,86,6,6,1,0,96.42394423484802,12323.521375656128,8998.84559439172,109.03900246300341,146728.28389825823,100.79415033413501,0
rl_best,6,85,6,6,1,0,96.47854328155518,12262.874990701675,8921.246902506904,113.67836866264966,157695.80730945425,102.19602152536453,0
rl_best,6,84,6,6,1,0,96.69916152954102,12185.802459716797,8840.627484417353,114.92906015465657,168809.35106178772,102.19602152536453,0
rl_best,6,83,6,6,1,0,96.91073060035706,12104.083001613617,8759.423073002268,104.184572291538,178905.9540798464,102.19602152536453,0
rl_best,6,82,6,6,1,0,96.57333374023438,12038.283050060272,8685.871531268751,111.55260087873056,189678.9606340992,102.19602152536453,0
rl_best,6,81,6,6,1,0,96.51770353317261,12119.736075401306,8606.271347463953,99.94163075219005,199325.0973216609,102.5542745524332,0
rl_best,6,80,6,6,1,0,95.85168123245239,12250.771820545197,8533.15343010786,107.61046058650251,209639.74088707572,102.5542745524332,0
rl_best,6,79,6,6,1,0,95.76036930084229,12328.786700963974,8456.324902689646,113.78885016250405,220536.20320095532,105.27938350715478,0
rl_best,6,78,6,6,1,0,95.38104295730591,12303.622215986252,8373.11763757861,111.36325623002956,231158.14672729722,105.27938350715478,0
rl_best,6,77,6,6,1,0,96.44327640533447,12256.71410560608,8292.584225654942,113.56068447687859,242110.3112090798,106.63956259332332,0
rl_best,6,76,6,6,1,0,96.70558333396912,12288.345396518707,8212.656720953477,118.7657046221014,253595.61795463,108.15422554551367,0
rl_best,6,75,6,6,1,0,96.81851029396057,12363.35664987564,8126.224468773974,110.36343400552211,264280.8412259705,108.15422554551367,0
rl_best,6,74,6,6,1,0,97.33364582061768,12442.765235900879,8046.821731133225,99.8368917098265,273998.3298834861,108.15422554551367,0
rl_best,6,73,6,6,1,0,97.67226815223694,12511.355578899384,7976.328060273179,108.27486389792567,284573.78142427123,108.37967750832935,0
rl_best,6,72,6,6,1,0,98.33810687065125,12517.29965209961,7897.602024102365,106.78446595714885,295074.7636496908,108.37967750832935,0
rl_best,6,71,6,6,1,0,99.12065982818604,12524.402439594269,7820.17470928616,117.26544755699287,306698.19218658743,108.37967750832935,0
rl_best,6,70,6,6,1,0,99.97475743293762,12524.550557136536,7735.2420808852185,116.130648208841,318308.3255717961,108.37967750832935,0
rl_best,6,69,6,6,1,0,100.95763683319092,12514.72383737564,7649.655224209229,102.89019427183695,328695.87643878866,111.50112646491013,0
rl_best,6,68,6,6,1,0,101.90709829330444,12446.074485778809,7574.344377742247,96.4801373915648,338527.8872833024,114.17042488045551,0
rl_best,6,67,6,6,1,0,102.63453960418701,12437.911182641983,7503.89466513936,114.21129936307356,350249.9114110274,114.17042488045551,0
rl_best,6,66,6,6,1,0,103.29855918884277,12433.027774095535,7421.391666835446,103.04242747333052,360894.0457043433,116.26293387735014,0
rl_best,6,65,6,6,1,0,103.91465902328491,12423.624247312546,7346.398166352539,107.51946768178544,372066.89452686114,116.26293387735014,0
rl_best,6,64,6,6,1,0,104.6507978439331,12417.084723711014,7267.883273369202,104.12345634937235,382963.4973080909,116.26293387735014,0
rl_best,6,63,6,6,1,0,105.70271015167236,12396.291643381119,7191.331324379748,101.60994284763855,393703.94364544284,117.96970954144811,0
rl_best,6,62,6,6,1,0,106.72147512435913,12459.119856357574,7117.29056148961,105.38667146952096,404950.9646831163,117.96970954144811,0
rl_best,6,61,6,6,1,0,107.68777847290039,12510.520219802856,7038.948163118304,116.88949633890805,417538.53487066954,118.04371025661288,0
rl_best,6,60,6,6,1,0,108.67298603057861,12566.037476062775,6953.643874274189,136.63652422407168,432387.2339589389,141.95045016902438,0
rl_best,6,59,6,6,1,0,109.84553813934326,12628.893852233887,6854.088239322164,119.70783993824301,445536.6060564536,141.95045016902438,0
rl_best,6,58,6,6,1,0,111.0166883468628,12754.580974578857,6765.726361709372,125.23759796986315,459440.0694395836,146.98995099620282,0
rl_best,6,57,6,6,1,0,111.88142776489258,12957.665920257568,6672.555723020286,118.66942397145041,472716.9740255468,146.98995099620282,0
rl_best,6,56,6,6,1,0,112.66172409057617,13113.39557170868,6584.797777421546,131.62031467872498,487545.54560259613,146.98995099620282,0
rl_best,6,55,6,6,1,0,113.08905124664307,13228.479623794556,6486.373267710251,116.67849375044965,500740.60576172185,148.91799961184566,0
rl_best,6,54,6,6,1,0,113.42255592346191,13323.8884806633,6398.625235477621,117.72610425124687,514093.4014048102,148.91799961184566,0
rl_best,6,53,6,6,1,0,113.7245225906372,13391.346335411072,6313.000129861897,116.75550458579403,527371.3654236586,148.91799961184566,0
rl_best,6,52,6,6,1,0,113.99619579315186,13449.367880821228,6226.170069800362,122.8328698955693,541373.8453101087,148.91799961184566,0
rl_best,6,51,6,6,1,0,114.50657844543457,13476.21500492096,6134.378547808741,131.1587380406493,556392.3836363646,150.72146896463957,0
rl_best,6,50,6,6,1,0,115.04383087158203,13541.911840438843,6036.349271332996,125.23122769155674,570799.4638147526,154.00250483209075,0
rl_best,6,49,6,6,1,0,115.62521457672119,13606.410920619965,5941.0855805455285,108.45568924586033,583339.6761558715,155.30382457501017,0
rl_best,6,48,6,6,1,0,116.06083393096924,13671.850264072418,5861.778325645288,122.27595163858832,597531.1250727489,155.30382457501017,0
rl_best,6,47,6,6,1,0,116.40342235565186,13734.453022480011,5771.657517378386,105.24028957089179,609781.4549485005,156.4916823109558,0
rl_best,6,46,6,6,1,0,116.66924476623535,13795.64344882965,5693.516353598568,119.46690291108196,623719.5682856976,156.4916823109558,0
rl_best,6,45,6,6,1,0,116.82337760925293,13873.710930347443,5606.533198759135,133.0198839306847,639259.4004156709,156.83230445638512,0
rl_best,6,44,6,6,1,0,116.92440032958984,13925.268650054932,5505.091790794756,135.833138186119,655141.6086429692,158.05947025224935,0
rl_best,6,43,6,6,1,0,117.02082633972168,13984.900116920471,5403.36762357924,126.95673405148928,669998.1905710667,158.05947025224935,0
rl_best,6,42,6,6,1,0,117.13981628417969,14031.936526298523,5308.817747497882,129.56392316101346,685175.2847272054,158.05947025224935,0
rl_best,6,41,6,6,1,0,117.24798917770386,14081.681966781616,5211.634820886021,130.98245699309146,700532.7144272005,161.03342439189663,0
rl_best,6,40,6,6,1,0,117.35281467437744,14135.750532150269,5112.834641015143,135.7708857884615,716465.8100253099,161.03342439189663,0
rl_best,6,39,6,6,1,0,117.41964340209961,14191.727638244629,5008.934496510732,139.4587854047277,732841.010876823,161.03342439189663,0
rl_best,6,38,6,6,1,0,117.4527645111084,14239.87478017807,4904.920248286584,114.92527357428966,746339.3019703188,163.78391687365212,0
rl_best,6,37,6,6,1,0,117.44430303573608,14287.254810333252,4817.047126175835,125.2267269750478,761046.4676413496,163.78391687365212,0
rl_best,6,36,6,6,1,0,117.49454021453857,14341.328740119934,4721.129839391926,132.13605553296483,776571.732731958,164.22056879945856,0
rl_best,6,35,6,6,1,0,117.49961376190186,14376.862347126007,4619.963792594115,137.0890387745728,792679.6418389607,164.22056879945856,0
rl_best,6,34,6,6,1,0,117.50189304351807,14408.807456493378,4514.398222926267,133.51008702445736,808367.3298047393,164.22056879945856,0
rl_best,6,33,6,6,1,0,117.53328800201416,14426.480531692505,4412.980357479506,143.46597277926892,825229.3573018942,164.22056879945856,0
rl_best,6,32,6,6,1,0,117.57386684417725,14410.21740436554,4302.567332694913,141.98066352911158,841922.5729301139,164.22056879945856,0
rl_best,6,31,6,6,1,0,117.61096239089966,14401.403069496155,4192.857033390588,143.85895482201846,858841.9630552804,168.70102037223506,0
rl_best,6,30,6,6,1,0,117.64264583587646,14391.116499900818,4081.6679891766807,144.83130806157513,875880.301335515,169.5313551099291,0
rl_best,6,29,6,6,1,0,117.69389390945435,14385.418891906738,3969.5160679169403,137.30935715932014,892040.7742497994,181.5204308117816,0
rl_best,6,28,6,6,1,0,117.81761169433594,14404.598772525787,3863.742899473171,141.86449313819259,908754.9100155688,181.5204308117816,0
rl_best,6,27,6,6,1,0,117.98943042755127,14448.65107536316,3753.706597661516,134.80339847999792,924660.286221922,181.94116901124866,0
rl_best,6,26,6,6,1,0,118.22702407836914,14503.576159477234,3646.5589776174475,136.54420245631056,940803.5009334859,181.94116901124866,0
rl_best,6,25,6,6,1,0,118.51783275604248,14563.299417495728,3540.3817349904493,166.60924184031762,960549.6671935277,184.81972965388394,0
rl_best,6,24,6,6,1,0,118.76962661743164,14628.203511238098,3410.992156408717,154.1380099204111,978856.5810793289,189.05835539811233,0
rl_best,6,23,6,6,1,0,118.9473009109497,14688.153266906738,3289.4744126537425,146.8333164641054,996322.0077565375,191.03935136353707,0
rl_best,6,22,6,6,1,0,119.03033018112183,14743.467569351196,3175.805099355127,135.88179098479154,1012496.0622030594,192.1968114158716,0
rl_best,6,21,6,6,1,0,119.12524700164795,14798.991680145264,3068.835405018378,151.45360216734102,1030538.0099705333,192.1968114158716,0
rl_best,6,20,6,6,1,0,119.15631532669067,14847.025573253632,2951.9007422378227,149.23820377291824,1048320.6844380881,192.1968114158716,0
rl_best,6,19,6,6,1,0,119.16187763214111,14884.309470653534,2834.539427133728,159.67601733582077,1067347.9784766468,192.1968114158716,0
rl_best,6,18,6,6,1,0,119.13839817047119,14905.26258945465,2707.671643151538,146.15874195972748,1084761.09687234,198.05584899707483,0
rl_best,6,17,6,6,1,0,119.09365653991699,14921.621680259705,2591.8557294372995,154.83608850216078,1103201.0928164006,198.05584899707483,0
rl_best,6,16,6,6,1,0,119.06000852584839,14941.200017929077,2467.0000191572153,179.21024006842498,1124537.8655268666,200.3541206575088,0
rl_best,6,15,6,6,1,0,119.04559135437012,14956.786930561066,2323.2161816359467,157.00343749864112,1143228.4325885612,200.70846228702368,0
rl_best,6,14,6,6,1,0,119.11113023757935,14964.389204978943,2196.5419776208864,156.1715935408283,1161830.2076062132,202.16814556654086,0
rl_best,6,13,6,6,1,0,119.09135818481445,14970.811605453491,2070.173284362805,159.84363655338396,1180866.2033805556,202.16814556654086,0
rl_best,6,12,6,6,1,0,119.08927917480469,14976.449310779572,1941.0548395496326,150.4445377488996,1198782.5349368588,202.47826441075347,0
rl_best,6,11,6,6,1,0,119.04026746749878,14981.341361999512,1818.979484978926,164.68290486366706,1218386.4319791545,202.47826441075347,0
rl_best,6,10,6,6,1,0,118.9447832107544,14986.010789871216,1684.9765297103513,169.82548671316994,1238586.2876799132,203.1428722162761,0
rl_best,6,9,6,6,1,0,118.82449150085449,14989.237189292908,1545.47056107983,156.97619389280197,1257238.904096965,203.1428722162761,0
rl_best,6,8,6,6,1,0,118.62940788269043,14991.223812103271,1415.441530564116,149.5201596457076,1274976.3921022606,203.1428722162761,0
rl_best,6,7,6,6,1,0,118.24538707733154,14991.167187690735,1291.5390344278767,174.32530119543569,1295589.5548194873,203.1428722162761,0
rl_best,6,6,6,6,1,0,117.78852939605713,14987.971186637878,1147.7300785219795,145.4467397174057,1312721.5123962515,203.1428722162761,0
rl_best,6,5,6,6,1,0,116.74421310424805,14982.23602771759,1026.3419332090252,157.17110915288285,1331070.3298570267,184.9018914663731,0
rl_best,6,4,6,6,1,0,113.4593915939331,14969.422519207,894.8576704647512,147.5650110216598,1347812.9662280963,181.28225725981625,0
rl_best,6,3,6,6,1,0,107.19245910644531,14933.522939682007,770.431226445824,152.22555000200276,1364130.397271642,172.60185591989207,0
rl_best,6,2,6,6,1,0,97.17414140701294,14806.441366672516,642.4469798287209,160.56610824104925,1379733.2709790315,163.29379014865918,0
rl_best,6,1,6,6,1,0,83.13589096069336,14107.404351234436,505.4443368359989,168.66426702548443,1393755.3250914274,155.83380272156026,0
rl_best,7,100,6,12,1,1,102.65682935714722,11351.436078548431,10000.0,113.2241539298409,11623.232649083046,119.21816460837967,0
rl_best,7,99,6,12,1,1,101.57165765762329,10857.09199309349,9919.684555871047,113.33235663099123,23134.58797833776,119.21816460837967,0
rl_best,7,98,6,12,1,1,102.72974967956543,11092.197597026825,9839.315015018856,117.02272266645718,35156.30298468412,119.21816460837967,0
rl_best,7,97,6,12,1,1,102.94939756393433,11162.570118904114,9753.63548444061,112.28634139902395,46716.114186371895,120.48841230422327,0
rl_best,7,96,6,12,1,1,103.23545217514038,11245.850026607513,9673.408131431128,120.7476634760038,59181.55382440883,120.48841230422327,0
rl_best,7,95,6,12,1,1,103.52733373641968,11322.711557149887,9585.897398567768,117.24650933497873,71319.77232576141,121.5480831964681,0
rl_best,7,94,6,12,1,1,103.6668348312378,11309.89357829094,9502.292257468685,116.43203003351785,83389.91235231183,121.5480831964681,0
rl_best,7,93,6,12,1,1,103.28238010406494,11303.43109369278,9417.348361359504,107.43335314907762,94485.88476810911,122.03586911981081,0
rl_best,7,92,6,12,1,1,103.16067695617676,11302.949786186218,9340.057245351789,103.15696989655608,105127.62761538579,123.03316904179233,0
rl_best,7,91,6,12,1,1,102.81487703323364,11227.205842733383,9266.610255479764,105.5347479002309,115978.16974348134,123.03316904179233,0
rl_best,7,90,6,12,1,1,102.53377437591553,11187.201887369156,9190.277122928786,110.54893314117291,127313.16911167653,124.47314745072495,0
rl_best,7,89,6,12,1,1,102.65319585800171,11181.782931089401,9109.688734686973,122.0229650890267,139839.2164461345,124.47314745072495,0
rl_best,7,88,6,12,1,1,102.81249523162842,11175.858676433563,9021.162570860995,102.05310800746838,150331.55112652518,124.74048774082162,0
rl_best,7,87,6,12,1,1,102.92692184448242,11191.221326589584,8947.383395315985,121.6255402735593,162850.09360455477,126.45503592053535,0
rl_best,7,86,6,12,1,1,104.98361587524414,11438.241600990295,8858.584827396682,107.96954444322007,174185.1267846069,126.45503592053535,0
rl_best,7,85,6,12,1,1,106.68435096740723,11603.330075740814,8780.273485210802,112.38285175780274,186174.61838425443,127.85690711176491,0
rl_best,7,84,6,12,1,1,108.36711406707764,11802.432537078857,8699.025732771133,126.05906319298998,199835.2752644781,130.6942817674587,0
rl_best,7,83,6,12,1,1,108.89139413833618,11894.417256116867,8607.775413678113,116.48945567803968,212519.97449567576,130.6942817674587,0
rl_best,7,82,6,12,1,1,109.80513572692871,12032.882422208786,8521.481973844822,110.96387664036031,224704.3780309567,130.6942817674587,0
rl_best,7,81,6,12,1,1,110.49238204956055,12146.442532539368,8440.207955137153,115.43560877699313,237459.13341806782,131.0525347945274,0
rl_best,7,80,6,12,1,1,110.9770917892456,12157.44823217392,8355.361180236503,107.1558787375905,249350.9812084867,131.0525347945274,0
rl_best,7,79,6,12,1,1,111.30570411682129,12175.11162161827,8276.48899089556,127.29574513486583,263519.72375179833,134.69965047598188,0
rl_best,7,78,6,12,1,1,111.62458896636963,12198.164612054825,8184.700226890209,123.94379229880182,277354.89862208517,134.69965047598188,0
rl_best,7,77,6,12,1,1,111.99998378753662,12212.301343679428,8093.190230637087,112.62066536159737,289968.41131672566,136.04655404778723,0
rl_best,7,76,6,12,1,1,112.28363990783691,12252.567708492279,8008.0491047799915,123.38226523771684,303822.2211576907,137.5612169999776,0
rl_best,7,75,6,12,1,1,112.4650239944458,12325.458824634552,7918.293966957952,117.58090038283066,317045.95994053426,137.5612169999776,0
rl_best,7,74,6,12,1,1,113.10681819915771,12305.65458536148,7830.651620949091,115.05762419540414,330059.7617228308,137.5612169999776,0
rl_best,7,73,6,12,1,1,113.68128776550293,12305.479943752289,7744.6691198792705,115.08218969431543,343142.4532461545,138.32368132308972,0
rl_best,7,72,6,12,1,1,114.21019077301025,12371.55094742775,7658.573584032945,126.24459125602478,357560.8720975658,138.32368132308972,0
rl_best,7,71,6,12,1,1,114.74528312683105,12389.945089817047,7565.589594793636,115.47332807515245,370810.8918211466,138.32368132308972,0
rl_best,7,70,6,12,1,1,115.43687582015991,12441.07037782669,7480.187678129982,116.26162663155377,384231.77077726304,138.32368132308972,0
rl_best,7,69,6,12,1,1,116.07278347015381,12480.093538761139,7394.906149632547,111.68417583507697,397195.26393601054,141.44513027967048,0
rl_best,7,68,6,12,1,1,116.46125316619873,12558.738589286804,7311.798575044311,122.83689052417063,411501.0021414946,144.11442869521588,0
rl_best,7,67,6,12,1,1,116.58095836639404,12682.677805423737,7218.776222287803,106.08845569412382,423868.89597792627,144.11442869521588,0
rl_best,7,66,6,12,1,1,116.68194770812988,12761.304378509521,7140.220486609213,121.67538583881863,438066.21698573785,145.6585852960098,0
rl_best,7,65,6,12,1,1,116.77850484848022,12870.83238363266,7051.453149416163,112.62602702104842,451218.5160282804,145.6585852960098,0
rl_best,7,64,6,12,1,1,116.84260845184326,12951.329946517944,6967.075723540605,127.63727589021458,466131.98827898066,145.6585852960098,0
rl_best,7,63,6,12,1,1,116.88535690307617,13046.182692050934,6870.407210143665,114.88785301878538,479560.6959829095,147.36536096010775,0
rl_best,7,62,6,12,1,1,116.92405939102173,13127.734363079071,6784.382371842321,115.44570867473463,493059.0768804328,147.36536096010775,0
rl_best,7,61,6,12,1,1,116.95897579193115,13220.236003398895,6695.874537264097,134.32995081244644,508770.170345637,147.3781006109956,0
rl_best,7,60,6,12,1,1,116.96849822998047,13244.125247001648,6594.919000411834,140.74160397701107,525232.5044013066,172.95101534140753,0
rl_best,7,59,6,12,1,1,116.98394775390625,13298.937380313873,6488.751652843946,141.16946710408396,541747.0659654576,173.18520571918685,0
rl_best,7,58,6,12,1,1,117.09495067596436,13379.96929883957,6383.431598687765,142.41675135238202,558423.3484404958,179.28794627762093,0
rl_best,7,57,6,12,1,1,117.20981121063232,13464.041352272034,6276.109006904346,151.59082799378456,576191.2807709107,179.28794627762093,0
rl_best,7,56,6,12,1,1,117.32729434967041,13532.72944688797,6160.200312818577,143.5745787442391,593036.4976323659,179.28794627762093,0
rl_best,7,55,6,12,1,1,117.4547553062439,13585.233092308044,6050.240413703124,140.77114857504148,609570.7384424263,181.50830068228348,0
rl_best,7,54,6,12,1,1,117.54321813583374,13656.706809997559,5941.804512094488,143.25422764890487,626409.3013718419,181.50830068228348,0
rl_best,7,53,6,12,1,1,117.62663841247559,13743.622303009033,5831.868440003928,132.7885804998215,642028.7757156003,181.50830068228348,0
rl_best,7,52,6,12,1,1,117.7167010307312,13817.092776298523,5730.0840436282915,131.1715642230645,657469.8595249802,181.50830068228348,0
rl_best,7,51,6,12,1,1,117.81125545501709,13887.392282485962,5632.3343408642595,148.9536520869818,675018.2762819573,183.74050410317923,0
rl_best,7,50,6,12,1,1,117.91119337081909,13948.040008544922,5519.493126413918,153.06976402416154,693066.9148270359,192.542564800098,0
rl_best,7,49,6,12,1,1,117.92422294616699,13973.959386348724,5399.22861931261,145.07333197850582,710174.5747708125,193.30528083385084,0
rl_best,7,48,6,12,1,1,117.94734716415405,14016.177654266357,5288.5917012089485,156.2299857067291,728601.487132415,193.30528083385084,0
rl_best,7,47,6,12,1,1,117.94413089752197,14070.21164894104,5167.697891274516,153.183109567841,746668.5358585739,197.01820323067741,0
rl_best,7,46,6,12,1,1,117.9681658744812,14126.218557357788,5049.906352686924,160.15723780034907,765561.9914534042,197.01820323067741,0
rl_best,7,45,6,12,1,1,118.0063796043396,14175.745248794556,4925.534812278336,146.6403035340781,782866.4827775422,197.01820323067741,0
rl_best,7,44,6,12,1,1,117.99818515777588,14298.13802242279,4812.230860055539,155.21143645915595,801181.150595454,197.60821190962048,0
rl_best,7,43,6,12,1,1,117.98514366149902,14433.034658432007,4693.470657887052,157.03877975637778,819709.3935854367,197.60821190962048,0
rl_best,7,42,6,12,1,1,117.99077987670898,14575.597047805786,4572.812460247106,165.394447518118,839224.413435377,197.60821190962048,0
rl_best,7,41,6,12,1,1,118.02615642547607,14682.943224906921,4443.968875457559,158.24703118449142,857901.702291825,201.0148893750271,0
rl_best,7,40,6,12,1,1,118.1222915649414,14764.180779457092,4321.561172953252,156.35180557422137,876370.3358565682,201.0148893750271,0
rl_best,7,39,6,12,1,1,118.18479537963867,14819.999635219574,4202.457949461731,153.6918342436889,894534.3738381799,201.0148893750271,0
rl_best,7,38,6,12,1,1,118.2847547531128,14860.087037086487,4081.875763545552,145.464856018812,911740.6486575619,208.16928401824555,0
rl_best,7,37,6,12,1,1,118.41239929199219,14888.761639595032,3966.9691336986716,148.54593469368115,929330.3291897122,208.16928401824555,0
rl_best,7,36,6,12,1,1,118.54990005493164,14904.929995536804,3849.5254246210106,155.40652852948574,947753.7576147666,208.605935944052,0
rl_best,7,35,6,12,1,1,118.63185405731201,14917.489886283875,3726.4063376201,163.01296135674775,967092.2874558906,208.605935944052,0
rl_best,7,34,6,12,1,1,118.76619100570679,14910.225868225098,3600.26983960712,171.62225987431586,987475.2095529546,208.605935944052,0
rl_best,7,33,6,12,1,1,118.86504173278809,14906.296730041504,3462.9249831762345,160.85518044854803,1006595.2672899065,208.605935944052,0
rl_best,7,32,6,12,1,1,118.93107891082764,14903.779029846191,3336.1479733468323,163.39998918621208,1026028.6042978403,208.605935944052,0
rl_best,7,31,6,12,1,1,119.03287410736084,14903.517961502075,3208.0908458886233,174.56679758740253,1046807.7919383867,213.0863875168285,0
rl_best,7,30,6,12,1,1,119.10099506378174,14902.206063270569,3070.3418097580334,173.4434296204836,1067465.0769934612,214.84826275598544,0
rl_best,7,29,6,12,1,1,119.1955041885376,14899.285435676575,2933.5604235574137,168.5885672168071,1087560.0762632918,225.55221352890493,0
rl_best,7,28,6,12,1,1,119.26429748535156,14896.221160888672,2801.02938537341,183.79098424922697,1109479.778883917,225.55221352890493,0
rl_best,7,27,6,12,1,1,119.28573608398438,14889.965653419495,2654.47853778178,181.4036681683746,1131118.6489697164,225.97295172837198,0
rl_best,7,26,6,12,1,1,119.33790683746338,14876.826703548431,2509.2725030210613,171.22235809009896,1151551.9667879634,225.97295172837198,0
rl_best,7,25,6,12,1,1,119.38445568084717,14862.656593322754,2372.3757618588306,174.8310899748754,1172424.081300703,230.19559885154544,0
rl_best,7,24,6,12,1,1,119.42829132080078,14850.448369979858,2231.811120955039,177.44535469380133,1193616.0768145972,233.6670386321828,0
rl_best,7,23,6,12,1,1,119.45042610168457,14865.923523902893,2089.241851925678,171.51847728285918,1214104.032010347,235.30679756566138,0
rl_best,7,22,6,12,1,1,119.45482969284058,14885.45298576355,1951.7991176222167,195.76695176968806,1237489.3398934815,238.1271749969102,0
rl_best,7,21,6,12,1,1,119.43592548370361,14908.84780883789,1794.317854870069,174.1557603493047,1258289.7943091188,238.1271749969102,0
rl_best,7,20,6,12,1,1,119.33777809143066,14906.262159347534,1652.5311622246536,194.12714698180815,1281456.4966971562,238.1271749969102,0
rl_best,7,19,6,12,1,1,119.1097640991211,14899.274706840515,1496.7851945499187,186.49881606466894,1303670.3266833844,238.1271749969102,0
rl_best,7,18,6,12,1,1,118.61881256103516,14878.271222114563,1345.5175850695705,175.5172613951231,1324489.9758140387,244.15619931843952,0
rl_best,7,17,6,12,1,1,117.96165704727173,14807.355403900146,1201.0440695293855,193.14615140456303,1347273.8158860242,244.15619931843952,0
rl_best,7,16,6,12,1,1,116.62023544311523,14612.788558006287,1042.5156400877568,193.39977017709208,1369828.1426187211,246.45447097887347,0
rl_best,7,15,6,12,1,1,113.86650085449219,14010.13433933258,882.82458170051,204.93160125756265,1393162.986968428,249.0993376403336,0
rl_best,7,14,6,12,1,1,104.20798778533936,12350.323349237442,713.9544626253828,229.90149159119002,1417120.558795994,251.01425215790965,0
rl_best,7,13,6,12,1,1,82.03271269798279,10429.138541221619,525.6918923976045,0.0,1417120.558795994,251.46554524240713,0
rl_best,7,12,6,12,1,1,80.37874698638916,10476.722419261932,525.6918923976045,0.0,1417120.558795994,252.18470229434556,0
rl_best,7,11,6,12,1,1,80.3371798992157,10567.644983530045,525.6918923976045,0.0,1417120.558795994,252.18470229434556,0
rl_best,7,10,6,12,1,1,80.27775287628174,10684.72445011139,525.6918923976045,0.0,1417120.558795994,253.3217479726484,0
rl_best,7,9,6,12,1,1,80.21767735481262,10787.098109722137,525.6918923976045,38.26409374002651,1420190.0155219056,253.3217479726484,0
rl_best,7,8,6,12,1,1,80.16741156578064,10828.479528427124,493.4671040888843,64.46562835457553,1425358.0580820534,253.3217479726484,0
rl_best,7,7,6,12,1,1,80.13132214546204,10724.074840545654,438.7230646505741,0.0,1425358.0580820534,253.3217479726484,0
rl_best,7,6,6,12,1,1,80.10553240776062,10779.28677201271,438.7230646505741,0.0,1425358.0580820534,253.3217479726484,0
rl_best,7,5,6,12,1,1,80.08981108665466,10928.586423397064,438.7230646505741,166.5605966173407,1438697.8647996169,227.42353435458372,0
rl_best,7,4,6,12,1,1,80.06698727607727,10609.919428825378,295.9632805433048,0.0,1438697.8647996169,223.80390014802688,0
rl_best,7,3,6,12,1,1,80.05652785301208,10603.289902210236,295.9632805433048,0.0,1438697.8647996169,212.94074769604768,0
rl_best,7,2,6,12,1,1,80.05272030830383,10835.033506155014,295.9632805433048,0.0,1438697.8647996169,199.91705650403023,0
rl_best,7,1,6,12,1,1,80.05227565765381,11054.613143205643,295.9632805433048,213.12441174188825,1455758.9589577538,192.4570690769313,0
rl_best,8,100,1,12,0,1,81.66937232017517,10350.453555583954,10000.0,92.76940801652036,7576.419323223445,78.34826956228913,0
rl_best,8,99,1,12,0,1,86.0078775882721,10523.016303777695,9940.65053660417,89.99219493516354,15316.45700910691,78.34826956228913,0
rl_best,8,98,1,12,0,1,87.06894993782043,10663.580447435379,9881.428277051577,100.06123802000315,24028.6839329869,78.34826956228913,0
rl_best,8,97,1,12,0,1,87.67858386039734,10842.808187007904,9813.180720776836,103.46209603743345,33100.09399677749,80.43164846582134,0
rl_best,8,96,1,12,0,1,88.0168104171753,10944.297015666962,9742.756023593734,91.95335549831083,41193.53505489544,80.43164846582134,0
rl_best,8,95,1,12,0,1,88.27741026878357,10945.079922676086,9679.988851646374,104.16887829830128,50389.29386167356,80.76388620962199,0
rl_best,8,94,1,12,0,1,88.35926175117493,10969.780534505844,9610.697392030885,97.48443467055655,59002.94654139458,80.76388620962199,0
rl_best,8,93,1,12,0,1,88.59102606773376,10973.833352327347,9545.037297174667,104.38490335109908,68250.51223524967,81.2516721329647,0
rl_best,8,92,1,12,0,1,88.64638209342957,11021.920442581177,9475.665309305597,90.3981376531048,76263.98008618124,81.68189079408234,0
rl_best,8,91,1,12,0,1,88.60683798789978,11059.759259223938,9414.18222843619,96.21731610084365,84789.49222555924,81.68189079408234,0
rl_best,8,90,1,12,0,1,88.5861074924469,11102.560758590698,9351.062345944889,97.05428068710673,93387.15316710938,82.82831677780638,0
rl_best,8,89,1,12,0,1,88.44194769859314,11147.859245538712,9285.44668265688,92.39834219245847,101559.04251473151,82.82831677780638,0
rl_best,8,88,1,12,0,1,87.50722169876099,11217.04950928688,9222.939042289217,98.99181946631276,110221.54160713387,82.82831677780638,0
rl_best,8,87,1,12,0,1,86.98649764060974,11227.06264257431,9157.97089529123,110.18818581950461,119806.42597294528,84.56293398444693,0
rl_best,8,86,1,12,0,1,86.50007009506226,11236.742585897446,9084.199965802094,80.63946066809659,126781.74497316364,84.56293398444693,0
rl_best,8,85,1,12,0,1,86.50872349739075,11220.21034359932,9029.358597815979,113.51817056170472,136602.0570022158,84.8282916403851,0
rl_best,8,84,1,12,0,1,86.49938821792603,11273.157000541687,8952.66511654644,114.2783527906868,146487.0646051625,87.66566629607894,0
rl_best,8,83,1,12,0,1,86.39323234558105,11334.101855754852,8872.534424375363,95.0779671899148,154701.15751554637,87.66566629607894,0
rl_best,8,82,1,12,0,1,86.15082859992981,11349.985897541046,8810.535070120128,92.77115742083149,162693.46959752552,87.66566629607894,0
rl_best,8,81,1,12,0,1,85.9501326084137,11365.32723903656,8745.703501164457,96.33043465951535,170973.083230737,88.02391932314761,0
rl_best,8,80,1,12,0,1,85.74888348579407,11418.667584657669,8681.484634771336,94.00020678105375,179033.4960096461,88.02391932314761,0
rl_best,8,79,1,12,0,1,85.65454125404358,11455.902457237244,8616.93832558409,105.11776571615101,188037.31000971305,89.41124357506565,0
rl_best,8,78,1,12,0,1,85.58390140533447,11585.443615913391,8543.563083609642,114.77279569390602,197860.0136403949,89.85798532780689,0
rl_best,8,77,1,12,0,1,85.46249151229858,11770.56908607483,8465.865507237886,105.73905252598915,206896.73651941575,91.10061121112462,0
rl_best,8,76,1,12,0,1,85.48412680625916,11859.139800071716,8394.453609298163,107.54459563017409,216090.09236959342,91.10061121112462,0
rl_best,8,75,1,12,0,1,85.46701550483704,12019.141912460327,8321.739902260633,97.3861640102769,224413.39715901634,91.10061121112462,0
rl_best,8,74,1,12,0,1,85.16406655311584,12205.775529146194,8251.998068790352,108.16604676653944,233625.25756462934,91.10061121112462,0
rl_best,8,73,1,12,0,1,84.77286696434021,12389.936596155167,8176.252495245598,128.64172639766966,244530.58552260205,91.59938678561403,0
rl_best,8,72,1,12,0,1,84.36620831489563,12607.59562253952,8085.8217583001115,110.10469402223283,253819.7010749296,91.59938678561403,0
rl_best,8,71,1,12,0,1,83.93351078033447,12801.235616207123,8009.271277183702,105.54728395362568,262678.65517048625,93.48039800843478,0
rl_best,8,70,1,12,0,1,83.56235027313232,12875.191271305084,7934.478906333396,109.27734499028745,271810.1269494826,93.48039800843478,0
rl_best,8,69,1,12,0,1,83.49299192428589,12837.859988212585,7856.100330905174,111.19733442539004,281094.3250946638,93.48039800843478,0
rl_best,8,68,1,12,0,1,83.52856874465942,12761.713564395905,7778.999520086696,110.55977701417244,290329.22502938635,95.11469441166237,0
rl_best,8,67,1,12,0,1,83.62175583839417,12668.297588825226,7700.910802267102,116.71402733780133,300089.05692634365,95.11469441166237,0
rl_best,8,66,1,12,0,1,83.75024795532227,12591.319382190704,7617.340819443935,110.64326682654573,309355.45795765374,96.29318018780998,0
rl_best,8,65,1,12,0,1,83.84567499160767,12540.05491733551,7539.395837448634,130.46349001045095,320294.25733934087,96.29318018780998,0
rl_best,8,64,1,12,0,1,83.95183086395264,12453.278303146362,7448.187796533186,119.0980334477214,330292.75529957336,96.29318018780998,0
rl_best,8,63,1,12,0,1,84.19082880020142,12259.837836027145,7362.249815929394,118.98853087863822,340310.49833196425,96.29318018780998,0
rl_best,8,62,1,12,0,1,84.54972505569458,12128.948867321014,7279.382411241752,97.78443705013615,348578.14559927915,96.29318018780998,0
rl_best,8,61,1,12,0,1,84.8003613948822,12052.758634090424,7207.723735352343,147.08433016912187,361050.9499531449,96.40873891602581,0
rl_best,8,60,1,12,0,1,85.03792762756348,12012.513279914856,7101.610349740957,139.76108362851102,372935.94286789605,121.48371342624034,0
rl_best,8,59,1,12,0,1,85.25002598762512,11958.530694246292,6999.744352998649,147.4181131849247,385503.34084795753,121.717787817549,0
rl_best,8,58,1,12,0,1,85.50072431564331,11910.076141357422,6895.145513088152,135.68108742284318,397104.1720985447,121.717787817549,0
rl_best,8,57,1,12,0,1,85.7220458984375,11866.653859615326,6798.192579031944,138.68011941173293,408992.1156599581,121.717787817549,0
rl_best,8,56,1,12,0,1,85.96101760864258,11852.315068244934,6699.92289779537,133.69111061422663,420484.3395735866,121.717787817549,0
rl_best,8,55,1,12,0,1,86.12907886505127,11822.776645421982,6605.468840972042,147.69708000772664,433205.35302570986,125.52438207732914,0
rl_best,8,54,1,12,0,1,86.30547165870667,11798.21491241455,6502.367958908537,146.74352064843856,445870.1217881325,125.52438207732914,0
rl_best,8,53,1,12,0,1,86.41638994216919,11753.363907337189,6396.277640134969,143.8234519224873,458298.825292295,125.52438207732914,0
rl_best,8,52,1,12,0,1,86.546550989151,11702.54796743393,6294.3569017230675,143.20480270668673,470692.7070516406,125.77567823347204,0
rl_best,8,51,1,12,0,1,86.67362809181213,11661.715805530548,6189.998791140948,135.6952201902047,482453.90410024294,127.57061847614774,0
rl_best,8,50,1,12,0,1,86.78232669830322,11615.75049161911,6092.943819744485,144.44345022809895,494989.04278736794,127.57061847614774,0
rl_best,8,49,1,12,0,1,86.93188190460205,11546.947360038757,5988.6586123748075,147.01319374500233,507769.1763844269,127.56529444817109,0
rl_best,8,48,1,12,0,1,87.16472148895264,11484.227776527405,5884.611495793558,163.53404333656738,522023.5757258211,127.56529444817109,0
rl_best,8,47,1,12,0,1,87.52444386482239,11425.77052116394,5766.035458375511,139.66202692125572,534247.4169611378,127.56529444817109,0
rl_best,8,46,1,12,0,1,87.78183579444885,11422.066688537598,5666.418539233076,150.77496530187761,547482.720207181,130.8145259896823,0
rl_best,8,45,1,12,0,1,87.84919857978821,11404.378712177277,5555.9004564833485,139.63192172354567,559749.2726267502,130.8145259896823,0
rl_best,8,44,1,12,0,1,87.92853355407715,11396.153271198273,5453.19336469696,139.25788823888828,571994.0145254332,131.2339851260106,0
rl_best,8,43,1,12,0,1,88.18578839302063,11366.925090551376,5353.093901930553,156.66390807022663,585809.5447713379,131.2339851260106,0
rl_best,8,42,1,12,0,1,88.56508135795593,11317.953914403915,5235.673545729745,151.90547717416462,599263.0657159869,131.2339851260106,0
rl_best,8,41,1,12,0,1,88.75671982765198,11361.28157377243,5125.114014856513,162.41778275238613,613678.7353547688,134.1721664575167,0
rl_best,8,40,1,12,0,1,88.5823106765747,11390.018165111542,5008.205558836535,154.77877445281462,627389.3968394875,134.1721664575167,0
rl_best,8,39,1,12,0,1,88.46057295799255,11388.245820999146,4894.06991845537,162.04713561887067,641724.1793025343,134.1721664575167,0
rl_best,8,38,1,12,0,1,88.05971384048462,11396.211981773376,4774.19580330441,152.4919761602314,655152.5790861743,135.24479254111014,0
rl_best,8,37,1,12,0,1,87.50678062438965,11413.954496383667,4660.588256014077,146.6607973842044,667986.3933090719,135.24479254111014,0
rl_best,8,36,1,12,0,1,87.31665015220642,11520.536839962006,4550.755003873416,150.60077726954415,681136.3486905671,135.3776796692217,0
rl_best,8,35,1,12,0,1,87.02003479003906,11653.274297714233,4440.821998902506,153.52287941623368,694495.9149984347,135.3776796692217,0
rl_best,8,34,1,12,0,1,86.72560334205627,11806.209683418274,4326.700789515803,162.62705117625114,708599.8441314346,135.3776796692217,0
rl_best,8,33,1,12,0,1,86.08834862709045,11952.029764652252,4206.031483656071,166.54496222890978,722937.4249018825,135.3776796692217,0
rl_best,8,32,1,12,0,1,85.41822552680969,12208.34493637085,4079.8832638291096,171.4051175083675,737578.5458856616,137.67563429490323,0
rl_best,8,31,1,12,0,1,84.95718359947205,12390.85704088211,3953.7020878530657,180.51421413587698,752914.5251183177,146.59908961842842,0
rl_best,8,30,1,12,0,1,84.07049894332886,12572.768926620483,3817.7475878267696,160.616546729284,766417.6383404031,146.67867998707746,0
rl_best,8,29,1,12,0,1,83.27502727508545,12884.504199028015,3698.913486253633,180.10614182731132,781415.9822134828,149.0471367442043,0
rl_best,8,28,1,12,0,1,82.42717385292053,13139.123618602753,3566.1808690121607,175.53538957549245,795884.868287362,149.0471367442043,0
rl_best,8,27,1,12,0,1,81.84606671333313,13327.317833900452,3437.236389992221,185.24714180422117,811046.6182139246,149.46787494367135,0
rl_best,8,26,1,12,0,1,81.85298323631287,13636.859357357025,3296.3487812437415,189.16748600837713,826530.5412750237,149.46787494367135,0
rl_best,8,25,1,12,0,1,82.08185315132141,13884.052634239197,3149.6126748134884,185.34420428992584,841743.937033998,154.18295349612166,0
rl_best,8,24,1,12,0,1,82.32308030128479,14073.528945446014,3009.0066740783877,204.95842579156886,858616.7459788622,154.86606328959272,0
rl_best,8,23,1,12,0,1,82.2949206829071,14162.049889564514,2855.5833174763457,198.37637501648874,874942.1140262068,155.75897319641388,0
rl_best,8,22,1,12,0,1,82.46342778205872,14248.197674751282,2706.6608419028335,194.11200384880684,890949.2552372236,158.80352394212818,0
rl_best,8,21,1,12,0,1,82.62569785118103,14195.193946361542,2553.1445912343397,194.08357702866215,906985.5462306703,158.80352394212818,0
rl_best,8,20,1,12,0,1,82.68038868904114,14127.067923545837,2405.210538953588,210.88223612872793,924421.3714814077,158.80352394212818,0
rl_best,8,19,1,12,0,1,82.34330773353577,13891.819417476654,2243.370795998805,196.43390549031483,940596.3890104969,158.80352394212818,0
rl_best,8,18,1,12,0,1,81.91794514656067,13328.983187675476,2090.2363408608353,188.17726899980434,956011.4842102524,163.45135432315968,0
rl_best,8,17,1,12,0,1,81.97036743164062,12625.288367271423,1941.4524428497853,211.8075690994099,973373.4284741336,163.45135432315968,0
rl_best,8,16,1,12,0,1,82.19800114631653,11785.171329975128,1774.18277202042,204.87275730504902,990213.5596139431,163.48588367478033,0
rl_best,8,15,1,12,0,1,81.69780492782593,10966.155081987381,1613.7793292081133,211.5075984777967,1007493.2661351351,166.63305223218825,0
rl_best,8,14,1,12,0,1,81.07850790023804,10657.496899366379,1455.3895565671664,205.2148710906368,1024131.7816821036,167.6035577215017,0
rl_best,8,13,1,12,0,1,80.7786226272583,10460.034161806107,1292.5613389743394,192.21220247132092,1039658.4186498886,168.05485080599917,0
rl_best,8,12,1,12,0,1,80.61095952987671,10313.452780246735,1139.0833654470516,207.41661371674513,1056378.4709040332,169.09384479432455,0
rl_best,8,11,1,12,0,1,80.46011805534363,10193.220227956772,973.7202940812494,0.0,1056378.4709040332,169.09384479432455,0
rl_best,8,10,1,12,0,1,80.38727045059204,10207.737535238266,973.7202940812494,0.0,1056378.4709040332,170.63726322604822,0
rl_best,8,9,1,12,0,1,80.33331871032715,10348.66601228714,973.7202940812494,145.48190158795296,1068065.5148708827,170.84305227950415,0
rl_best,8,8,1,12,0,1,80.26272177696228,10319.789350032806,856.2003640505627,7.047833917966273,1068631.1932037708,170.84305227950415,0
rl_best,8,7,1,12,0,1,80.21761178970337,10376.711636781693,850.5028974732122,87.09216139590717,1075617.5183965538,170.84305227950415,0
rl_best,8,6,1,12,0,1,80.17924785614014,10444.947332143784,778.1564432202849,100.50337985038823,1083675.803799958,170.84305227950415,0
rl_best,8,5,1,12,0,1,80.14634132385254,10388.447791337967,693.6869097552244,0.0,1083675.803799958,155.39122305741984,0
rl_best,8,4,1,12,0,1,80.12412905693054,10515.950322151184,693.6869097552244,132.0626775633118,1094257.2108206446,149.0674834074808,0
rl_best,8,3,1,12,0,1,80.10170578956604,10480.859279632568,583.3237244845477,0.0,1094257.2108206446,142.23678861945825,0
rl_best,8,2,1,12,0,1,80.08689284324646,10568.046271800995,583.3237244845477,112.53546230546453,1103269.8263313675,135.31638940994628,0
rl_best,8,1,1,12,0,1,80.06922245025635,10561.317652463913,485.3494592093284,24.633971329989436,1105242.2492616216,127.3584148712835,0
rl_best,9,100,4,6,0,0,92.2632086277008,10572.19460606575,10000.0,47.39037606691379,4372.388154006866,55.48941880342484,1
rl_best,9,99,4,6,0,0,86.46960973739624,11112.219393253326,9968.845908168032,73.64656488722636,10740.577878305157,55.48941880342484,1
rl_best,9,98,4,6,0,0,86.95257782936096,11154.127568006516,9921.327510066252,69.17057248819332,16755.137466086242,55.48941880342484,1
rl_best,9,97,4,6,0,0,86.43444657325745,11314.155757427216,9876.067857556427,63.29695747729026,22226.174955406837,56.829019946353895,1
rl_best,9,96,4,6,0,0,85.75683355331421,11561.50370836258,9835.439843650656,51.89683886145126,26676.683527591482,57.148724943126965,1
rl_best,9,95,4,6,0,0,84.9128007888794,11841.46374464035,9800.716089999089,68.36575790256933,32481.811509153107,58.20839583537179,1
rl_best,9,94,4,6,0,0,84.39622759819031,12142.837047576904,9754.096833416468,75.71738855464378,38872.07346675143,58.20839583537179,1
rl_best,9,93,4,6,0,0,83.62140655517578,12470.28648853302,9704.283240354534,65.87343479091497,44380.502738588395,58.20839583537179,1
rl_best,9,92,4,6,0,0,83.46461772918701,12531.4199924469,9660.05750643328,67.19442096738416,49988.85939816518,59.44865838134444,1
rl_best,9,91,4,6,0,0,83.46984267234802,12507.44879245758,9614.756951953746,69.78267546841384,55813.608340769206,59.44865838134444,1
rl_best,9,90,4,6,0,0,83.48315238952637,12487.745136022568,9568.747443226634,60.77847717295633,60887.58721260247,60.89109345881038,1
rl_best,9,89,4,6,0,0,83.69077324867249,12479.72920536995,9527.16187334654,72.3755882794418,66944.75616003652,60.89109345881038,1
rl_best,9,88,4,6,0,0,83.9320719242096,12495.17172574997,9479.809236045907,81.57670809681555,73791.65829135869,61.15843374890705,1
rl_best,9,87,4,6,0,0,84.24831628799438,12508.139908313751,9426.86799842062,80.9918871945371,80615.08842048561,62.95185624470667,1
rl_best,9,86,4,6,0,0,84.63868856430054,12530.439496040344,9374.516536636009,79.7204227971952,87362.52045783178,62.95185624470667,1
rl_best,9,85,4,6,0,0,85.03055095672607,12577.786445617676,9322.791859458837,60.36273645939227,92495.19719622956,63.6293292994672,1
rl_best,9,84,4,6,0,0,85.26869535446167,12594.592571258545,9283.240659043302,63.166130387095045,97881.29072492698,63.6293292994672,1
rl_best,9,83,4,6,0,0,85.37108659744263,12579.931318759918,9240.939228191904,74.9726336136785,104281.78592159867,63.6293292994672,1
rl_best,9,82,4,6,0,0,85.50604104995728,12559.441328048706,9190.701553577648,75.84720562860115,110767.18019960239,63.6293292994672,1
rl_best,9,81,4,6,0,0,85.71727752685547,12601.134479045868,9140.580637212046,75.17961960316963,117211.3725174907,63.98758232653586,1
rl_best,9,80,4,6,0,0,86.04286909103394,12651.026546955109,9089.601564599645,73.78278387920813,123559.85493198145,63.98758232653586,1
rl_best,9,79,4,6,0,0,86.44641757011414,12705.08497953415,9041.075220943552,67.69590027800051,129411.92299519829,64.45289985172099,1
rl_best,9,78,4,6,0,0,86.89475297927856,12844.518423080444,8996.046298987638,70.01987083317586,135496.2823748881,64.89964160446222,1
rl_best,9,77,4,6,0,0,87.20749378204346,12918.650507926941,8947.730569524854,66.342751600175,141281.86747254402,65.68756414862953,1
rl_best,9,76,4,6,0,0,87.38037943840027,12946.682870388031,8904.173196114258,73.18785127085968,147677.04968687295,65.68756414862953,1
rl_best,9,75,4,6,0,0,87.49398589134216,12975.886762142181,8854.535215972632,73.40065488171383,154099.1655495089,65.68756414862953,1
rl_best,9,74,4,6,0,0,87.46485352516174,13022.58312702179,8806.090482227406,68.92957023120015,160128.08031333316,65.68756414862953,1
rl_best,9,73,4,6,0,0,87.45677709579468,13076.758980751038,8760.017999815975,83.17802588630585,167402.56238254005,65.5279447130899,1
rl_best,9,72,4,6,0,0,87.41782546043396,13115.904927253723,8704.978288806253,76.85614901483723,174121.1598026802,65.5279447130899,1
rl_best,9,71,4,6,0,0,87.3818588256836,13152.506649494171,8653.700120227335,80.21282481620773,181130.30553677934,67.40895593591064,1
rl_best,9,70,4,6,0,0,87.35126256942749,13203.715682029724,8599.136547224933,65.91864983742285,186888.38282695023,67.40895593591064,1
rl_best,9,69,4,6,0,0,87.2716224193573,13258.716762065887,8552.780659278864,80.16659539396612,193884.65167081784,67.40895593591064,1
rl_best,9,68,4,6,0,0,87.24071741104126,13318.539261817932,8498.948547506528,71.52314755092097,200124.38237465595,68.22850945101008,1
rl_best,9,67,4,6,0,0,86.92383170127869,13401.881158351898,8450.630608067668,81.06363075414131,207170.74377142353,68.22850945101008,1
rl_best,9,66,4,6,0,0,85.98389506340027,13507.168889045715,8394.968704039398,81.64190726843297,214190.6329587683,69.84883539218049,1
rl_best,9,65,4,6,0,0,85.49019455909729,13611.26184463501,8338.92806544753,69.13114189113375,220100.6677291339,69.84883539218049,1
rl_best,9,64,4,6,0,0,85.0115704536438,13708.23085308075,8292.420776598236,74.35946649610783,226422.08275406313,69.84883539218049,1
rl_best,9,63,4,6,0,0,84.55411195755005,13748.701810836792,8241.49575073476,86.45935547008952,233732.5767762587,69.84883539218049,1
rl_best,9,62,4,6,0,0,84.28828835487366,13783.589005470276,8183.916674137924,81.72777657493164,240621.27117480923,69.84883539218049,1
rl_best,9,61,4,6,0,0,84.07523989677429,13836.23719215393,8127.235652839452,113.45534072078925,250160.05616347984,69.89345595574414,1
rl_best,9,60,4,6,0,0,83.75192523002625,13897.631764411926,8050.922156313453,110.98381448789902,259455.16429621345,89.10668574861131,1
rl_best,9,59,4,6,0,0,83.40035438537598,13921.55647277832,7974.196132122041,103.36895589811462,268076.1718505625,89.10668574861131,1
rl_best,9,58,4,6,0,0,83.01643013954163,13942.657709121704,7900.749628833675,98.31713512096557,276238.109429852,89.10668574861131,1
rl_best,9,57,4,6,0,0,82.88833022117615,13966.342210769653,7833.268879838846,111.04223452142413,285442.2148333611,89.10668574861131,1
rl_best,9,56,4,6,0,0,82.85884737968445,13970.314860343933,7756.239940215702,109.07716924784923,294480.22335267666,89.10668574861131,1
rl_best,9,55,4,6,0,0,82.82929539680481,13959.100246429443,7679.047492416301,122.04235510045797,304588.9056342142,91.60460794927438,1
rl_best,9,54,4,6,0,0,82.96346545219421,13932.386636734009,7593.161964426505,118.34527306184403,314407.239607311,91.60460794927438,1
rl_best,9,53,4,6,0,0,83.18076968193054,13896.710872650146,7511.054436793052,101.17240877921294,322822.8384401409,91.60460794927438,1
rl_best,9,52,4,6,0,0,83.41413021087646,13862.473666667938,7438.216074886297,104.17258515457219,331512.304022628,91.93538435860836,1
rl_best,9,51,4,6,0,0,83.62167239189148,13825.977742671967,7363.045404747941,110.58362495587885,340759.4916805963,93.26932573131452,1
rl_best,9,50,4,6,0,0,83.78140807151794,13780.226707458496,7285.535948644598,111.62305244962045,350111.4281880664,93.26932573131452,1
rl_best,9,49,4,6,0,0,84.03910279273987,13758.501708507538,7206.232661602771,108.61920806016501,359239.6889795006,94.57064547423397,1
rl_best,9,48,4,6,0,0,84.29560542106628,13767.691552639008,7127.881650721812,116.67296942912935,369074.7075738026,94.57064547423397,1
rl_best,9,47,4,6,0,0,84.53504681587219,13786.001801490784,7045.725787163042,110.4204709943972,378409.10725874465,94.57064547423397,1
rl_best,9,46,4,6,0,0,84.7780990600586,13802.756071090698,6967.689154039512,115.07504917595651,388164.951177125,96.98299627115883,1
rl_best,9,45,4,6,0,0,85.0092601776123,13813.285827636719,6884.15922381241,122.94749119096662,398616.62644396257,97.32361841658812,1
rl_best,9,44,4,6,0,0,85.27180790901184,13833.275139331818,6799.686238794333,127.3830452948141,409478.8090132069,97.85545855988339,1
rl_best,9,43,4,6,0,0,85.53653717041016,13849.865198135376,6713.345446542922,127.16608982302371,420356.15598216973,97.85545855988339,1
rl_best,9,42,4,6,0,0,85.81684947013855,13851.571083068848,6626.146249793781,115.42311724016295,430261.40425974294,97.85545855988339,1
rl_best,9,41,4,6,0,0,86.06415867805481,13856.499791145325,6543.07233616095,115.06243149910459,440164.15562216466,98.63031199072775,1
rl_best,9,40,4,6,0,0,86.19865298271179,13850.794434547424,6462.674370149923,124.831245335441,450924.4408202341,98.63031199072775,1
rl_best,9,39,4,6,0,0,86.22695922851562,13789.856433868408,6376.342132619024,105.2761500938221,460002.0831221092,98.63031199072775,1
rl_best,9,38,4,6,0,0,86.2792956829071,13702.034056186676,6299.450648236747,109.97507786225873,469490.65538273775,100.36903837561965,1
rl_best,9,37,4,6,0,0,86.25295519828796,13608.037233352661,6220.3357838610555,123.77050132383644,480166.22688829224,100.36903837561965,1
rl_best,9,36,4,6,0,0,86.32668852806091,13502.13348865509,6131.60455044771,119.41450935913414,490474.8860434694,100.68255637139985,1
rl_best,9,35,4,6,0,0,86.3946521282196,13476.139903068542,6045.489979453156,118.83356755963449,500741.47077393933,100.68255637139985,1
rl_best,9,34,4,6,0,0,86.27348303794861,13447.243571281433,5958.200489584702,124.74055145981202,511503.2726244518,100.68255637139985,1
rl_best,9,33,4,6,0,0,85.99721789360046,13413.918018341064,5867.544318558041,127.22911748225269,522444.62276298355,100.68255637139985,1
rl_best,9,32,4,6,0,0,85.53276181221008,13367.592692375183,5776.134098461151,119.85333958045594,532696.0099097167,102.64207294651457,1
rl_best,9,31,4,6,0,0,85.09699940681458,13337.161839008331,5690.475239920858,133.78112326413566,544080.3820767679,107.33403298465377,1
rl_best,9,30,4,6,0,0,84.76085543632507,13313.336074352264,5590.69302212762,132.64330094108948,555323.3417324325,108.1643677223478,1
rl_best,9,29,4,6,0,0,84.4936752319336,13295.177221298218,5497.035617865169,128.25137055983905,566159.7713845659,111.5619876042391,1
rl_best,9,28,4,6,0,0,84.25751328468323,13257.813453674316,5402.481255523589,135.51353274949736,577577.804670461,111.5619876042391,1
rl_best,9,27,4,6,0,0,84.02032852172852,13214.56640958786,5302.876777145695,141.36659486766533,589455.4724132403,111.98272580370616,1
rl_best,9,26,4,6,0,0,83.83902788162231,13162.554204463959,5197.4153238099525,126.97141109334896,600100.6320880646,111.98272580370616,1
rl_best,9,25,4,6,0,0,83.66856455802917,13101.41146183014,5103.10823321033,133.7509737540492,611291.3840703045,115.33123750327402,1
rl_best,9,24,4,6,0,0,83.4422755241394,13052.105903625488,5003.785109670816,151.0068536492246,623891.7395585364,116.78153326033612,1
rl_best,9,23,4,6,0,0,83.30178380012512,13011.913895606995,4888.844625066627,148.9453937780922,636299.1565490636,117.67444316715728,1
rl_best,9,22,4,6,0,0,83.26172113418579,12972.089648246765,4778.82574813996,140.59274914809234,648005.1508221206,119.41683443425565,1
rl_best,9,21,4,6,0,0,83.21930289268494,12987.117767333984,4673.050038616033,135.56006777490532,659286.3651624334,119.41683443425565,1
rl_best,9,20,4,6,0,0,83.08573722839355,13146.840333938599,4571.623179214471,148.49446710533954,671624.137436218,119.41683443425565,1
rl_best,9,19,4,6,0,0,82.63649344444275,13240.079283714294,4458.620706265194,148.5584774122901,683900.4890810151,119.41683443425565,1
rl_best,9,18,4,6,0,0,82.05067038536072,13118.828535079956,4346.043911723035,162.71326086160695,697251.221215298,124.90873747636871,1
rl_best,9,17,4,6,0,0,81.57106041908264,12994.242906570435,4222.432967250674,141.33665448430224,708780.2019976681,124.90873747636871,1
rl_best,9,16,4,6,0,0,81.21955871582031,12888.186573982239,4114.8178482558815,158.04890763918226,721616.86453164,126.98521596814824,1
rl_best,9,15,4,6,0,0,80.97410559654236,12778.495848178864,3995.104685307927,158.3647750557546,734440.3105497774,127.33955759766313,1
rl_best,9,14,4,6,0,0,80.80206036567688,12676.024436950684,3876.56994141797,168.2552727426932,748035.6832547758,128.64897873426494,1
rl_best,9,13,4,6,0,0,80.68255066871643,12585.436701774597,3746.6357459628853,154.50482874662106,760501.5269286864,128.64897873426494,1
rl_best,9,12,4,6,0,0,80.60075402259827,12511.378824710846,3627.113013140376,160.03937342442978,773400.8210999996,128.95909757847755,1
rl_best,9,11,4,6,0,0,80.53895235061646,12395.6498503685,3504.588804644306,138.6550318380654,784567.9521023787,128.95909757847755,1
rl_best,9,10,4,6,0,0,80.47621846199036,12269.641757011414,3401.150416761694,176.26463372283513,798753.0632729803,129.70269371597854,1
rl_best,9,9,4,6,0,0,80.43073534965515,12141.58609509468,3265.317211122774,157.8056178945794,811445.485162548,129.70269371597854,1
rl_best,9,8,4,6,0,0,80.41687607765198,12104.250341653824,3140.4026086917856,157.28830351109576,824094.1191744639,129.70269371597854,1
rl_best,9,7,4,6,0,0,80.39211392402649,12208.749651908875,3014.378546908918,152.63168440198103,836364.502935324,129.70269371597854,1
rl_best,9,6,4,6,0,0,80.34804344177246,12160.846590995789,2892.1717646921097,128.25195481269753,846669.2965721069,129.70269371597854,1
rl_best,9,5,4,6,0,0,80.30009508132935,12249.041348695755,2788.643578073693,142.6991857752129,858128.0547578848,117.28918192833491,1
rl_best,9,4,4,6,0,0,80.29001593589783,12351.302057504654,2672.9900769345695,133.8731291636956,868876.7304318264,110.96544227839588,1
rl_best,9,3,4,6,0,0,80.24959087371826,12471.0051715374,2563.6312422661404,133.98775343645522,879629.1928271906,106.31749860242833,1
rl_best,9,2,4,6,0,0,80.21499514579773,12628.807425498962,2452.366584833938,110.33133381024483,888479.4202332088,102.72787383917988,1
rl_best,9,1,4,6,0,0,80.18977642059326,12671.630382537842,2359.406097622271,103.33479918092708,896765.8146759942,95.2678864120809,1
rl_best,10,100,3,12,0,1,90.83253979682922,12452.225089073181,10000.0,81.34221732924486,7388.5201927209655,78.9152323625027,0
rl_best,10,99,3,12,0,1,88.6116874217987,13504.78619337082,9945.69964986935,87.7111225268984,15160.750765489573,78.9152323625027,0
rl_best,10,98,3,12,0,1,86.54719233512878,13498.468101024628,9887.223303037003,100.2907863843212,23840.636744134732,78.9152323625027,0
rl_best,10,97,3,12,0,1,86.80856108665466,13713.787496089935,9819.415321846163,97.09529492439933,32269.3395848062,80.54394018700624,0
rl_best,10,96,3,12,0,1,85.77726125717163,13778.908848762512,9755.201902550556,88.64008866695728,39872.643628250655,80.54394018700624,0
rl_best,10,95,3,12,0,1,85.00296115875244,13952.146172523499,9696.905846091478,92.68017724957231,47750.73313518234,80.87617793080689,0
rl_best,10,94,3,12,0,1,84.34152126312256,14004.902243614197,9635.008657413795,88.87420521065394,55246.51880369982,80.87617793080689,0
rl_best,10,93,3,12,0,1,83.95854592323303,14018.937647342682,9576.767392659189,99.9849957412857,63641.11366027882,81.3639638541496,0
rl_best,10,92,3,12,0,1,83.54606747627258,14037.604033946991,9512.081662904839,96.52778596915766,71705.63058019326,81.79418251526724,0
rl_best,10,91,3,12,0,1,83.19051146507263,14054.517149925232,9446.819165479128,91.78803413950385,79341.52408663214,81.79418251526724,0
rl_best,10,90,3,12,0,1,82.92197108268738,13983.609676361084,9386.410550771237,93.85314556387989,87124.01190909944,82.94060849899128,0
rl_best,10,89,3,12,0,1,82.66227126121521,13904.987573623657,9322.548364544788,99.15797890672233,95320.63565920078,82.94060849899128,0
rl_best,10,88,3,12,0,1,82.41842985153198,13817.271888256073,9258.08422610346,99.15311387411032,103492.6796195951,82.94060849899128,0
rl_best,10,87,3,12,0,1,82.21782922744751,13712.494373321533,9190.019488571848,110.61346034601294,112587.07821258063,84.67522570563183,0
rl_best,10,86,3,12,0,1,82.0265531539917,13575.046956539154,9114.482837418629,101.35621364204405,120900.9790583771,84.67522570563183,0
rl_best,10,85,3,12,0,1,81.91625356674194,13419.180810451508,9048.290950787596,108.18283187252658,129762.9113456152,84.94058336157,0
rl_best,10,84,3,12,0,1,81.84218645095825,13219.459652900696,8975.261635585966,107.51862647788563,138562.47082076926,87.77795801726384,0
rl_best,10,83,3,12,0,1,81.82655930519104,13005.753755569458,8900.419181848736,108.39015649851619,147431.66438959402,87.77795801726384,0
rl_best,10,82,3,12,0,1,81.85719966888428,12791.121900081635,8826.460369199982,112.16544308848252,156613.21346043682,87.77795801726384,0
rl_best,10,81,3,12,0,1,81.89424991607666,12642.775475978851,8750.543925484993,101.97062687937921,164964.0214621957,88.13621104433251,0
rl_best,10,80,3,12,0,1,81.91553592681885,12539.129853248596,8682.039162051364,115.08708906829791,174391.44204148286,88.13621104433251,0
rl_best,10,79,3,12,0,1,81.91362977027893,12421.176582574844,8602.875580153752,105.58073415886601,183039.94321024645,89.52353529625056,0
rl_best,10,78,3,12,0,1,81.8955385684967,12271.696925163269,8529.354288849154,112.50388057658108,192253.50910111138,89.97027704899179,0
rl_best,10,77,3,12,0,1,81.88917875289917,12134.3332529068,8454.31470623815,115.88322162113506,201743.09095090633,91.21290293230952,0
rl_best,10,76,3,12,0,1,81.90949559211731,12089.370340108871,8375.16484900326,100.38353740610151,209965.45586559255,91.21290293230952,0
rl_best,10,75,3,12,0,1,81.89266085624695,12037.075608968735,8305.714301538705,108.27384640293089,218832.28924866914,91.21290293230952,0
rl_best,10,74,3,12,0,1,81.87812447547913,12022.806406021118,8231.884686492549,116.37469730385023,228360.83120031,91.21290293230952,0
rl_best,10,73,3,12,0,1,81.9211745262146,11890.885531902313,8155.1147625218455,101.38974987613152,236666.7985950818,91.71167850679893,0
rl_best,10,72,3,12,0,1,82.05642700195312,11800.037026405334,8085.816476256884,115.7386454560112,246163.89830724793,91.71167850679893,0
rl_best,10,71,3,12,0,1,82.23050832748413,11765.15519618988,8006.9397321915185,105.57608605933746,254845.47353113347,93.59268972961968,0
rl_best,10,70,3,12,0,1,82.38821983337402,11710.17199754715,7935.397204484343,112.43435101926775,264108.7395597316,93.59268972961968,0
rl_best,10,69,3,12,0,1,82.572580575943,11760.307848453522,7856.715237071792,103.54169676311919,272658.4446586741,93.59268972961968,0
rl_best,10,68,3,12,0,1,82.74695038795471,11742.244362831116,7787.728612687463,112.5634477098197,281972.7266818157,95.22698613284727,0
rl_best,10,67,3,12,0,1,83.02286028862,11786.854863166809,7710.150209274887,108.77389823549196,291003.44683806953,95.22698613284727,0
rl_best,10,66,3,12,0,1,83.32054138183594,11840.23067355156,7633.765177218518,122.13841755414437,301180.08591220155,96.40547190899488,0
rl_best,10,65,3,12,0,1,83.56929421424866,11863.090246915817,7549.600884970394,112.65797998765353,310594.8337873727,96.40547190899488,0
rl_best,10,64,3,12,0,1,83.95630478858948,12041.649222373962,7470.298749467946,111.53217104092369,319958.6627330176,96.40547190899488,0
rl_best,10,63,3,12,0,1,84.46104288101196,12416.340559720993,7394.389505252874,113.84141187886246,329573.8271033531,96.40547190899488,0
rl_best,10,62,3,12,0,1,85.05510210990906,12862.201929092407,7316.051684016973,116.4332344121056,339477.0677452617,96.40547190899488,0
rl_best,10,61,3,12,0,1,85.61100959777832,13476.336002349854,7235.215136146804,141.0785122610886,351554.941612486,96.52103063721071,0
rl_best,10,60,3,12,0,1,85.47574877738953,14009.30255651474,7135.3577339573185,142.06541494599492,363698.0893303655,121.59600514742525,0
rl_best,10,59,3,12,0,1,84.90736484527588,14068.252742290497,7036.626453445055,135.84326764349169,375232.18321794586,121.8300795387339,0
rl_best,10,58,3,12,0,1,84.96540307998657,14020.280241966248,6938.301087465769,152.66294205387032,388203.2516249296,121.8300795387339,0
rl_best,10,57,3,12,0,1,85.06765604019165,13932.773470878601,6833.54392498376,135.2410999043561,399707.89499409054,121.8300795387339,0
rl_best,10,56,3,12,0,1,85.21330714225769,13809.164464473724,6737.080031281572,143.22276589798506,411912.3805343192,121.8300795387339,0
rl_best,10,55,3,12,0,1,85.4133689403534,13683.65466594696,6635.717704771017,154.1401562245888,425078.01056645374,125.63667379851404,0
rl_best,10,54,3,12,0,1,85.49460053443909,13499.733209609985,6526.228659850832,146.47186447398627,437600.5641091917,125.63667379851404,0
rl_best,10,53,3,12,0,1,85.40376663208008,13301.446437835693,6423.079110908662,147.24647136514244,450175.9673870576,125.63667379851404,0
rl_best,10,52,3,12,0,1,85.32794952392578,13160.789608955383,6317.666361961869,164.04148424362234,464173.2908744273,125.88796995465694,0
rl_best,10,51,3,12,0,1,85.20169258117676,12933.462858200073,6198.734134867691,148.7612254559294,476847.9990737225,127.68291019733265,0
rl_best,10,50,3,12,0,1,85.36385178565979,12712.368965148926,6090.940324733189,151.0392222031531,489741.2888516938,127.68291019733265,0
rl_best,10,49,3,12,0,1,85.54737448692322,12506.945431232452,5985.730039196324,148.9676901909231,502485.08363090863,127.67758616935599,0
rl_best,10,48,3,12,0,1,85.77148079872131,12361.373454332352,5877.263005598239,144.70663986114562,514896.78641320637,127.67758616935599,0
rl_best,10,47,3,12,0,1,85.92295289039612,12333.317697048187,5771.8010737061595,150.5901100503159,527835.9333448192,127.67758616935599,0
rl_best,10,46,3,12,0,1,85.76671838760376,12323.55460524559,5663.444155693006,143.75984035035202,540165.7430875947,130.9268177108672,0
rl_best,10,45,3,12,0,1,85.62745928764343,12270.257771015167,5556.492561596683,157.6271310962767,553662.9538381692,130.9268177108672,0
rl_best,10,44,3,12,0,1,85.6325364112854,12182.35582113266,5440.832719239496,150.36995664848195,566539.5146260337,131.3462768471955,0
rl_best,10,43,3,12,0,1,85.69686770439148,12102.196216583252,5334.793533113728,163.58310350862828,580558.0742060865,131.3462768471955,0
rl_best,10,42,3,12,0,1,85.71261644363403,12010.931819677353,5217.6273120240885,170.52376068113568,595174.1118998746,131.3462768471955,0
rl_best,10,41,3,12,0,1,85.74771285057068,11891.394853591919,5094.104959849397,170.24703187404705,609772.4055026724,134.2844581787016,0
rl_best,10,40,3,12,0,1,85.96108675003052,11776.559501886368,4971.688744725943,142.7950418286191,622047.2224807766,134.2844581787016,0
rl_best,10,39,3,12,0,1,86.0186493396759,11750.81118941307,4866.364630669052,157.52239220798657,635597.0858992623,134.2844581787016,0
rl_best,10,38,3,12,0,1,85.73986649513245,11768.802553415298,4751.216191283396,166.90926756373227,649907.864216977,135.35708426229505,0
rl_best,10,37,3,12,0,1,85.38272619247437,11757.113337516785,4630.729537805329,148.89885699921822,662621.2545545137,135.35708426229505,0
rl_best,10,36,3,12,0,1,85.03538012504578,11710.269451141357,4523.538305333207,146.36330939622277,675067.3142053812,135.4899713904066,0
rl_best,10,35,3,12,0,1,84.7366189956665,11719.133257865906,4419.1436161750735,150.02448053788535,687779.8814527427,135.4899713904066,0
rl_best,10,34,3,12,0,1,84.38652515411377,11801.244020462036,4310.266013708672,157.20412145129438,701045.7910019227,135.4899713904066,0
rl_best,10,33,3,12,0,1,84.03489470481873,11896.028369665146,4196.3811911236235,162.98818297084068,714742.485796007,135.4899713904066,0
rl_best,10,32,3,12,0,1,83.70919942855835,12036.044895648956,4074.2358964927726,173.37801732859032,729255.820825094,137.78792601608814,0
rl_best,10,31,3,12,0,1,83.44016551971436,12165.966033935547,3944.6843865859537,168.30225480582507,743298.9888234332,146.71138133961333,0
rl_best,10,30,3,12,0,1,83.21101784706116,12306.79839849472,3818.893473272864,182.44334021248685,758480.2848619318,146.79097170826236,0
rl_best,10,29,3,12,0,1,83.03538799285889,12395.14946937561,3684.2534943566707,166.602677916363,772314.2028633663,149.1594284653892,0
rl_best,10,28,3,12,0,1,82.8783643245697,12476.002126932144,3560.110658980163,179.37122716777688,787180.1967779226,149.1594284653892,0
rl_best,10,27,3,12,0,1,82.56210923194885,12586.61836385727,3422.9319716422087,176.53995070717264,801755.707472011,149.58016666485625,0
rl_best,10,26,3,12,0,1,82.08905816078186,12688.443958759308,3287.236117951601,167.13209575957708,815475.4238013523,149.58016666485625,0
rl_best,10,25,3,12,0,1,81.45648241043091,12733.973860740662,3162.0452376895773,184.2099606196195,830480.5192183905,154.29524521730656,0
rl_best,10,24,3,12,0,1,80.97453951835632,12783.169746398926,3023.85888892435,185.80107286108623,845525.6755353335,154.97835501077762,0
rl_best,10,23,3,12,0,1,80.7302474975586,12605.305314064026,2883.3685552343095,207.1778420903862,862251.1940033005,155.87126491759878,0
rl_best,10,22,3,12,0,1,80.63827276229858,12322.090119123459,2726.504170440302,203.74263229887356,878680.6479599258,158.91581566331308,0
rl_best,10,21,3,12,0,1,80.58597207069397,12119.394391775131,2571.6398860374165,195.2547114863579,894415.4386864369,158.91581566331308,0
rl_best,10,20,3,12,0,1,80.47945141792297,12013.521790504456,2428.251530539005,195.27498574782132,910131.0624150642,158.91581566331308,0
rl_best,10,19,3,12,0,1,80.29306530952454,11915.348321199417,2277.3765864306624,191.6823092113727,925521.8225872534,158.91581566331308,0
rl_best,10,18,3,12,0,1,80.1665198802948,11837.643384933472,2131.3818588887043,194.15761949333395,941086.7632502764,163.56364604434458,0
rl_best,10,17,3,12,0,1,80.10665655136108,11655.651926994324,1977.4841062871637,193.29879844141632,956571.2837088137,163.56364604434458,0
rl_best,10,16,3,12,0,1,80.07226705551147,11349.987238645554,1829.4426690677774,183.56083898129043,971269.4162286574,163.59817539596523,0
rl_best,10,15,3,12,0,1,80.05013585090637,11051.318496465683,1690.1929838644064,207.85414892913954,987908.1690876095,166.74534395337315,0
rl_best,10,14,3,12,0,1,80.034841299057,10798.143446445465,1531.1091951417893,184.98227044201528,1002713.1957455755,167.7158494426866,0
rl_best,10,13,3,12,0,1,80.02465486526489,10437.601208686829,1386.8551968263364,208.7339555907106,1019417.0585003836,168.16714252718407,0
rl_best,10,12,3,12,0,1,80.01793265342712,10269.097834825516,1222.1598150877526,162.22369676419112,1032397.8633428507,169.09384479432455,0
rl_best,10,11,3,12,0,1,80.01466393470764,10166.23705625534,1095.0902956775499,0.0,1032397.8633428507,169.09384479432455,0
rl_best,10,10,3,12,0,1,80.01351952552795,10193.637311458588,1095.0902956775499,0.0,1032397.8633428507,170.63726322604822,0
rl_best,10,9,3,12,0,1,80.01274466514587,10278.329253196716,1095.0902956775499,112.58939065084815,1041406.4495090013,170.84305227950415,0
rl_best,10,8,3,12,0,1,80.01062035560608,10249.818414449692,1006.6385014057832,5.3071160335330205,1041831.0751551435,170.84305227950415,0
rl_best,10,7,3,12,0,1,80.00903725624084,10303.20405960083,1002.3794073153949,82.50192242442063,1048431.9745401104,170.84305227950415,0
rl_best,10,6,3,12,0,1,80.0069797039032,10336.250811815262,937.138113242434,64.29103962058252,1053575.7064421773,170.84305227950415,0
rl_best,10,5,3,12,0,1,80.00548005104065,10329.048782587051,884.1410112064932,23.199565933302438,1055431.798851647,155.39122305741984,0
rl_best,10,4,3,12,0,1,80.00457763671875,10410.161018371582,865.0474869849968,109.21605492191156,1064169.5831968233,149.0674834074808,0
rl_best,10,3,3,12,0,1,80.00337719917297,10379.37268614769,773.475015505408,0.4040728967793257,1064201.9103932003,142.23678861945825,0
rl_best,10,2,3,12,0,1,80.00288128852844,10456.232577562332,773.1312830957995,103.48778165021395,1072481.2311033756,135.31638940994628,0
rl_best,10,1,3,12,0,1,80.00219345092773,10415.889769792557,684.6020359843787,0.0,1072481.2311033756,127.3584148712835,0
rl_best,11,100,0,6,0,0,85.80898404121399,10201.658606529236,10000.0,67.18090607185461,5764.725296994068,53.51064944791461,1
rl_best,11,99,0,6,0,0,88.88551592826843,10416.851341724396,9956.007552104207,66.62265350944926,11686.51422669173,53.51064944791461,1
rl_best,11,98,0,6,0,0,88.23772311210632,10459.781289100647,9913.79875529113,75.90345890695792,18384.062616975025,53.51064944791461,1
rl_best,11,97,0,6,0,0,88.33076596260071,10512.334108352661,9864.009254421962,69.1165667579204,24489.18189940736,55.53276728716988,1
rl_best,11,96,0,6,0,0,88.14582943916321,10569.543838500977,9818.648745016082,61.144199118105135,29878.78804606609,55.852472283942966,1
rl_best,11,95,0,6,0,0,87.96303510665894,10626.17763876915,9778.038497103842,70.89633883374249,36115.04518783217,56.18471002774361,1
rl_best,11,94,0,6,0,0,87.75123238563538,10688.70261311531,9731.44973349666,63.22074207850556,41662.74321755543,56.18471002774361,1
rl_best,11,93,0,6,0,0,87.38012671470642,10787.848979234695,9689.192566874348,58.50563878092129,46774.97334775717,56.18471002774361,1
rl_best,11,92,0,6,0,0,86.79985046386719,10913.526862859726,9651.59537458943,69.02413822651467,52766.25822421594,56.85789131285237,1
rl_best,11,91,0,6,0,0,86.33786201477051,10995.998978614807,9606.455518687342,51.98293956243947,57254.35408727999,56.85789131285237,1
rl_best,11,90,0,6,0,0,86.10248804092407,11064.305305480957,9572.507848103487,63.76830810832712,62744.96407356719,57.85980122566746,1
rl_best,11,89,0,6,0,0,85.93944668769836,11151.99476480484,9531.110028913796,55.68257999043527,67530.29418808871,57.85980122566746,1
rl_best,11,88,0,6,0,0,85.82520842552185,11221.67780995369,9494.077553069556,76.27905515650171,74076.95999539734,57.85980122566746,1
rl_best,11,87,0,6,0,0,85.78266501426697,11247.91145324707,9443.526865007825,63.18244209636208,79496.91826053288,59.05581472314141,1
rl_best,11,86,0,6,0,0,85.68330764770508,11236.082464456558,9401.136452729545,75.25045453577951,85944.62610715172,59.05581472314141,1
rl_best,11,85,0,6,0,0,85.6344211101532,11216.343492269516,9351.19578550859,73.90471062224515,92273.41321860107,59.321172379079584,1
rl_best,11,84,0,6,0,0,85.6547999382019,11203.725785017014,9300.919298861465,67.87720991755269,98087.42205445239,59.321172379079584,1
rl_best,11,83,0,6,0,0,85.54500699043274,11276.510953903198,9256.176871209496,72.39222275191082,104280.21525581756,59.321172379079584,1
rl_best,11,82,0,6,0,0,85.30162811279297,11385.48195362091,9207.464737791099,78.99621221707632,111018.72077267787,59.321172379079584,1
rl_best,11,81,0,6,0,0,85.12603282928467,11510.727405548096,9155.715568522679,65.03855973440233,116555.195343798,59.67942540614826,1
rl_best,11,80,0,6,0,0,84.95147347450256,11648.2412815094,9112.686440070702,57.13370127392733,121408.78745207019,59.67942540614826,1
rl_best,11,79,0,6,0,0,84.74658489227295,11792.73933172226,9074.165218448568,75.90464319859495,127841.4467406176,60.144742931333404,1
rl_best,11,78,0,6,0,0,84.33471322059631,11958.7641954422,9023.712287206334,84.36753965563781,134956.5590026031,60.59148468407464,1
rl_best,11,77,0,6,0,0,83.83504509925842,12098.549902439117,8965.9848230367,78.67124732529714,141551.9665701343,61.68635059106254,1
rl_best,11,76,0,6,0,0,83.4768795967102,12228.345423936844,8912.463092938986,81.5627190833197,148360.56785063288,61.68635059106254,1
rl_best,11,75,0,6,0,0,83.19132208824158,12370.358854532242,8858.62293161363,79.0401798407052,154936.02490967352,61.68635059106254,1
rl_best,11,74,0,6,0,0,82.93954968452454,12548.967599868774,8804.511422659412,60.323988501007214,159939.2693511215,61.68635059106254,1
rl_best,11,73,0,6,0,0,82.67154932022095,12758.5968375206,8763.33390604618,72.66115200579878,165946.27936283298,61.811377832783585,1
rl_best,11,72,0,6,0,0,82.49544620513916,12947.447896003723,8713.29575156515,73.55877376106736,172014.5432265551,61.811377832783585,1
rl_best,11,71,0,6,0,0,82.4158263206482,13072.76964187622,8663.255697733419,79.87493756862467,178597.5022085835,63.69238905560433,1
rl_best,11,70,0,6,0,0,82.33855962753296,13206.645846366882,8609.675439571565,81.97995421887376,185347.61355729666,63.69238905560433,1
rl_best,11,69,0,6,0,0,82.31851100921631,13321.104347705841,8553.82489229905,82.13980998819333,192109.24041010468,63.69238905560433,1
rl_best,11,68,0,6,0,0,82.23109364509583,13328.297734260559,8498.196251398289,86.9572349126654,199259.82893732667,64.51194257070377,1
rl_best,11,67,0,6,0,0,82.11337685585022,13312.925398349762,8438.045102524506,78.77017658392784,205727.91413216462,64.51194257070377,1
rl_best,11,66,0,6,0,0,81.99494242668152,13305.246829986572,8383.44969450259,90.36625110278793,213137.48968865277,66.02319309723785,1
rl_best,11,65,0,6,0,0,82.08940148353577,13324.19753074646,8319.54486016883,67.62476098579153,218688.76584344357,66.02319309723785,1
rl_best,11,64,0,6,0,0,82.23634719848633,13319.85056400299,8272.334207267428,83.81749811366443,225581.61071962735,66.02319309723785,1
rl_best,11,63,0,6,0,0,82.34342932701111,13270.00081539154,8214.686398858334,71.95879171715455,231506.944399846,66.02319309723785,1
rl_best,11,62,0,6,0,0,82.44333982467651,13176.005184650421,8163.98874262262,69.89307154887638,237269.16264894043,66.02319309723785,1
rl_best,11,61,0,6,0,0,82.53898024559021,13083.710372447968,8115.217928827091,113.43893748471294,246632.2968690719,66.0678136608015,1
rl_best,11,60,0,6,0,0,82.66419172286987,12982.906103134155,8038.949750853939,100.47586954993449,254938.05341306975,85.17672399217258,1
rl_best,11,59,0,6,0,0,82.81595230102539,12900.80040693283,7970.906381842731,104.69332751154644,263608.33103050163,85.17672399217258,1
rl_best,11,58,0,6,0,0,83.03658723831177,12805.559635162354,7896.375693127411,118.70382734676156,273465.0917455025,85.17672399217258,1
rl_best,11,57,0,6,0,0,83.35483431816101,12702.625393867493,7816.432407598621,97.5905001434359,281599.73171598505,85.17672399217258,1
rl_best,11,56,0,6,0,0,83.83159160614014,12588.065564632416,7747.618547867689,117.32034123477666,291434.88264947187,85.17672399217258,1
rl_best,11,55,0,6,0,0,83.93001794815063,12643.884420394897,7665.135306630351,98.61259010076331,299711.43910654256,87.67464619283565,1
rl_best,11,54,0,6,0,0,84.06338691711426,12631.213665008545,7595.828222216737,104.30853554763846,308479.96788904123,87.67464619283565,1
rl_best,11,53,0,6,0,0,84.12879586219788,12687.025964260101,7523.010287533127,98.89067814202123,316799.52156312566,87.67464619283565,1
rl_best,11,52,0,6,0,0,84.20783758163452,12705.025374889374,7453.159426655349,108.73274194073879,325955.6706362772,88.00542260216963,1
rl_best,11,51,0,6,0,0,84.24208045005798,12739.93968963623,7376.835546479177,104.45949057917942,334755.5554454205,89.3393639748758,1
rl_best,11,50,0,6,0,0,84.29534077644348,12750.99128484726,7304.9157119503725,102.92026922459796,343431.2546125113,89.3393639748758,1
rl_best,11,49,0,6,0,0,84.37326908111572,12737.172842025757,7230.868626567983,105.20116503372284,352307.42081754847,89.87264365606573,1
rl_best,11,48,0,6,0,0,84.45786952972412,12725.522518157959,7158.370257985294,117.30993435261048,362215.16794764175,89.87264365606573,1
rl_best,11,47,0,6,0,0,84.5465636253357,12708.308696746826,7074.556497093973,126.26313416337948,372890.2820537202,89.87264365606573,1
rl_best,11,46,0,6,0,0,84.54376220703125,12692.264914512634,6984.863001131408,105.75690872170313,381831.36899643857,92.28499445299059,1
rl_best,11,45,0,6,0,0,84.51660752296448,12633.81838798523,6911.559078759019,120.6994331389717,392032.47561528935,92.32417290804567,1
rl_best,11,44,0,6,0,0,84.45558667182922,12593.315243721008,6822.180189904517,103.6092405160627,400782.8548076961,92.85601305134094,1
rl_best,11,43,0,6,0,0,84.41060543060303,12555.964291095734,6749.0285202521145,114.99635174790082,410489.766481047,92.85601305134094,1
rl_best,11,42,0,6,0,0,84.34216141700745,12545.190155506134,6667.930132037316,109.05908347141322,419688.0453031838,92.85601305134094,1
rl_best,11,41,0,6,0,0,84.35411095619202,12512.918412685394,6590.218533500793,112.7457953571922,429198.6166345885,93.6308664821853,1
rl_best,11,40,0,6,0,0,84.3723475933075,12483.900338411331,6507.840613693676,111.36617483094899,438594.84224756237,93.6308664821853,1
rl_best,11,39,0,6,0,0,84.30626153945923,12411.11546754837,6426.520305682663,109.58810916685582,447833.80604059814,93.6308664821853,1
rl_best,11,38,0,6,0,0,84.11375403404236,12324.932515621185,6347.061027357996,96.0609837351951,455913.8559987685,95.04742683727991,1
rl_best,11,37,0,6,0,0,83.87296557426453,12266.219109296799,6279.329420561868,119.80873163492274,465962.56962268066,95.04742683727991,1
rl_best,11,36,0,6,0,0,83.67156863212585,12196.480631828308,6193.376064830705,118.31045085472795,475861.7906312698,95.04742683727991,1
rl_best,11,35,0,6,0,0,83.5604190826416,12122.852802276611,6106.740154775549,124.37613607691242,486254.71268573625,95.04742683727991,1
rl_best,11,34,0,6,0,0,83.48656177520752,12061.235755681992,6015.085118622179,122.01807537664767,496441.5822733607,95.04742683727991,1
rl_best,11,33,0,6,0,0,83.4807825088501,11985.040456056595,5926.240554048965,110.65040755646382,505678.7648810975,95.04742683727991,1
rl_best,11,32,0,6,0,0,83.49449396133423,11976.144909858704,5846.297269889024,117.93765430856566,515525.90964657796,97.00694341239463,1
rl_best,11,31,0,6,0,0,83.54164123535156,11949.400007724762,5761.454940946011,117.40491926109372,525334.1092907537,101.69890345053383,1
rl_best,11,30,0,6,0,0,83.6094856262207,11951.24551653862,5675.319610975259,127.78045190504378,536017.7671476204,101.69890345053383,1
rl_best,11,29,0,6,0,0,83.6924159526825,11919.450014829636,5581.702143492242,110.27350504949153,545246.8232007828,105.09652333242514,1
rl_best,11,28,0,6,0,0,83.70206117630005,11866.51200056076,5500.360287247373,127.95659430760345,555957.0538854288,105.09652333242514,1
rl_best,11,27,0,6,0,0,83.62534642219543,11821.512281894684,5404.099579003117,130.87387594557885,566901.4270989933,105.51726153189219,1
rl_best,11,26,0,6,0,0,83.53577613830566,11753.628253936768,5307.918750367312,124.58424628677282,577308.6688071648,105.51726153189219,1
rl_best,11,25,0,6,0,0,83.36620688438416,11729.215234518051,5212.542131216018,138.38886864725703,588845.6238613079,108.86577323146005,1
rl_best,11,24,0,6,0,0,83.18872570991516,11726.294755935669,5106.5646132441825,150.679310917859,601380.4437274126,110.31606898852215,1
rl_best,11,23,0,6,0,0,83.04345369338989,11709.074079990387,4995.179922526892,139.01670624331535,612924.8711349369,111.20897889534331,1
rl_best,11,22,0,6,0,0,82.80775666236877,11671.28175497055,4890.096650625581,140.73091724875545,624578.4826853438,112.95137016244168,1
rl_best,11,21,0,6,0,0,82.62724280357361,11620.999276638031,4783.274470091985,138.1151280037637,635990.5549017575,112.95137016244168,1
rl_best,11,20,0,6,0,0,82.42431640625,11609.125435352325,4678.662123177801,124.75374115515346,646273.2967355934,112.95137016244168,1
rl_best,11,19,0,6,0,0,82.2204327583313,11657.98082947731,4584.331815465756,136.4720505764305,657494.0877934044,112.95137016244168,1
rl_best,11,18,0,6,0,0,82.01434969902039,11723.451763391495,4480.361320217203,139.0029784223378,668894.3266749394,117.40424760711261,1
rl_best,11,17,0,6,0,0,81.81503057479858,11736.50324344635,4373.382715791,149.61882945610418,681135.3957814561,117.40424760711261,1
rl_best,11,16,0,6,0,0,81.5748119354248,11742.692738771439,4258.31348007569,146.36678809519057,693075.2389939135,117.43877695873326,1
rl_best,11,15,0,6,0,0,81.4169192314148,11835.571825504303,4145.664709132532,140.89492772525196,704546.4699446363,117.79311858824813,1
rl_best,11,14,0,6,0,0,81.32668852806091,11913.316994905472,4037.1942492284734,140.6400539407525,715984.2598060456,118.13382576143007,1
rl_best,11,13,0,6,0,0,81.26695156097412,11912.789195775986,3927.679944755342,145.43684638969816,727803.468956778,118.13382576143007,1
rl_best,11,12,0,6,0,0,81.22688174247742,11907.293796539307,3813.6860712588004,134.75180472611538,738748.9378638515,118.65148982084473,1
rl_best,11,11,0,6,0,0,81.19803667068481,11922.662258148193,3707.2220227468197,140.63311045829178,750168.0703239564,118.65148982084473,1
rl_best,11,10,0,6,0,0,81.13854885101318,11946.335434913635,3597.881761840781,145.492967634548,761973.1585858511,119.72247037978816,1
rl_best,11,9,0,6,0,0,81.10021114349365,11938.866823911667,3483.9175367568414,149.45668637182996,774094.1274074134,119.9282594332441,1
rl_best,11,8,0,6,0,0,80.9939181804657,11998.728811740875,3366.221966047816,138.72483476424358,785329.9953239072,119.9282594332441,1
rl_best,11,7,0,6,0,0,80.93638896942139,12002.853453159332,3256.709601092998,157.8593143083004,798106.55818921,119.9282594332441,1
rl_best,11,6,0,6,0,0,80.84487318992615,12100.03212094307,3129.9321342322446,127.95542414948706,808451.0982285385,119.9282594332441,1
rl_best,11,5,0,6,0,0,80.81778287887573,12173.4619140625,3026.5029858155813,117.1050060401037,817915.2651807171,111.6350613497792,1
rl_best,11,4,0,6,0,0,80.78694581985474,12271.454334259033,2929.5175418954395,111.67616397269411,826937.2413889484,105.31132169984018,1
rl_best,11,3,0,6,0,0,80.75821042060852,12233.701646327972,2837.3121503995408,124.31094501438531,836976.3708440048,100.66337802387262,1
rl_best,11,2,0,6,0,0,80.66506743431091,12446.319013834,2735.427900659003,113.88370737831131,846162.8077793457,97.45860423514522,1
rl_best,11,1,0,6,0,0,80.6271755695343,12397.11046218872,2638.668464220509,107.00330770401506,854790.1822561182,90.48681714092218,1
rl_best,12,100,3,12,0,1,90.83253979682922,12452.225089073181,10000.0,93.38831172098924,8482.697540955447,78.9152323625027,0
rl_best,12,99,3,12,0,1,88.60401749610901,13503.367602825165,9937.245423743412,80.06256650885496,15576.562584689422,78.9152323625027,0
rl_best,12,98,3,12,0,1,86.52345180511475,13503.138720989227,9885.460862391388,83.00408599499897,22758.362618905318,78.9152323625027,0
rl_best,12,97,3,12,0,1,86.82963609695435,13714.713454246521,9831.190226015617,101.2635654589186,31551.041157583335,80.54394018700624,0
rl_best,12,96,3,12,0,1,85.83031415939331,13776.08060836792,9764.796184592056,98.59509886174315,40013.489467463194,80.54394018700624,0
rl_best,12,95,3,12,0,1,85.03275752067566,13949.618339538574,9702.366787812893,96.57861164852993,48225.835133456145,80.87617793080689,0
rl_best,12,94,3,12,0,1,84.34057593345642,14004.804491996765,9639.91857205133,110.85643271684336,57575.53051472317,80.87617793080689,0
rl_best,12,93,3,12,0,1,83.93472194671631,14014.37222957611,9565.79142262203,105.15753380431715,66401.89887519095,81.3639638541496,0
rl_best,12,92,3,12,0,1,83.49809169769287,14034.121632575989,9496.542689942453,102.89420190385735,74993.36838092015,81.79418251526724,0
rl_best,12,91,3,12,0,1,83.15388083457947,14044.479727745056,9427.83666450936,96.95211566074474,83055.31305323407,81.79418251526724,0
rl_best,12,90,3,12,0,1,82.88164019584656,13969.566822052002,9364.339438886615,99.06011237567023,91265.5776449145,82.94060849899128,0
rl_best,12,89,3,12,0,1,82.62940764427185,13886.328935623169,9299.507509119481,95.47462315861668,99154.58920157109,82.94060849899128,0
rl_best,12,88,3,12,0,1,82.38540172576904,13793.75010728836,9236.568255063263,96.74612490317867,107125.05756713089,82.94060849899128,0
rl_best,12,87,3,12,0,1,82.19370484352112,13686.152398586273,9171.514466418219,89.99955977153974,114522.45481903966,84.67522570563183,0
rl_best,12,86,3,12,0,1,82.01902270317078,13555.787205696106,9110.859297060868,98.26382801154824,122581.9579596193,84.67522570563183,0
rl_best,12,85,3,12,0,1,81.92059874534607,13406.964838504791,9046.136337686321,96.01485597403689,130447.55244946058,84.94058336157,0
rl_best,12,84,3,12,0,1,81.84597611427307,13215.701282024384,8982.344041886141,104.91894370095382,139034.74580954362,87.77795801726384,0
rl_best,12,83,3,12,0,1,81.82839393615723,13017.369508743286,8912.12364120498,102.64856134000334,147434.31272385322,87.77795801726384,0
rl_best,12,82,3,12,0,1,81.85563564300537,12810.092866420746,8843.448370546565,121.88385206416538,157411.1929091835,87.77795801726384,0
rl_best,12,81,3,12,0,1,81.88819646835327,12654.970586299896,8761.34114097766,102.70235960859121,165821.30391057528,88.13621104433251,0
rl_best,12,80,3,12,0,1,81.91183090209961,12543.375194072723,8691.417017201948,107.9249283606625,174661.6323925751,88.13621104433251,0
rl_best,12,79,3,12,0,1,81.91530466079712,12432.816922664642,8618.281646690231,114.39727708074969,184032.52019701034,89.52353529625056,0
rl_best,12,78,3,12,0,1,81.89433097839355,12289.417386054993,8541.987924759473,95.5882505240094,191860.65602306917,89.97027704899179,0
rl_best,12,77,3,12,0,1,81.8891978263855,12150.148749351501,8478.097800237825,115.44781241096399,201314.58477221403,91.21290293230952,0
rl_best,12,76,3,12,0,1,81.90590620040894,12107.774913311005,8400.86915936544,114.5296353080562,210695.23833892273,91.21290293230952,0
rl_best,12,75,3,12,0,1,81.88911437988281,12043.533027172089,8322.316267258859,106.68335303682773,219431.44363818492,91.21290293230952,0
rl_best,12,74,3,12,0,1,81.87623739242554,12034.37328338623,8248.73806584042,124.63204247549699,229635.8463346116,91.21290293230952,0
rl_best,12,73,3,12,0,1,81.91260099411011,11894.225776195526,8162.872315634322,120.9412899036455,239542.4619582019,91.71167850679893,0
rl_best,12,72,3,12,0,1,82.06418871879578,11788.489073514938,8079.405342366205,131.772932057678,250356.30072261224,91.71167850679893,0
rl_best,12,71,3,12,0,1,82.26418375968933,11730.979979038239,7989.716953727216,113.5286753502012,259695.6445336153,93.59268972961968,0
rl_best,12,70,3,12,0,1,82.44012713432312,11670.195162296295,7911.777856986933,106.0488375741747,268438.32418567745,93.59268972961968,0
rl_best,12,69,3,12,0,1,82.6224684715271,11721.844971179962,7841.656237805169,108.02864179845349,277363.9172366921,93.59268972961968,0
rl_best,12,68,3,12,0,1,82.80368328094482,11695.467382669449,7767.561026286339,118.66205382373191,287189.5723589788,95.22698613284727,0
rl_best,12,67,3,12,0,1,83.09007048606873,11743.54076385498,7688.828698128755,100.9002790575208,295573.3836579322,95.22698613284727,0
rl_best,12,66,3,12,0,1,83.38011980056763,11791.621446609497,7620.23833761631,114.12798850476256,305089.3890120571,96.40547190899488,0
rl_best,12,65,3,12,0,1,83.63604664802551,11845.738738775253,7542.168120856024,120.70726722441772,315184.86764439417,96.40547190899488,0
rl_best,12,64,3,12,0,1,84.04081106185913,12029.83558177948,7457.68463715049,116.7152810386522,324993.7145261953,96.40547190899488,0
rl_best,12,63,3,12,0,1,84.58506226539612,12400.584518909454,7376.685163902908,105.47687052756329,333915.4821873284,96.40547190899488,0
rl_best,12,62,3,12,0,1,85.17555475234985,12868.613004684448,7305.650246603235,115.58138612031347,343760.19086917164,96.40547190899488,0
rl_best,12,61,3,12,0,1,85.69266676902771,13508.378863334656,7225.113369218551,148.28252757711277,356466.9160925063,96.52103063721071,0
rl_best,12,60,3,12,0,1,85.40814876556396,13987.196683883667,7121.746778072849,149.4361859686487,369229.98409467516,121.59600514742525,0
rl_best,12,59,3,12,0,1,84.90330815315247,14017.719030380249,7017.034495233028,129.88337064891095,380257.5119368498,121.8300795387339,0
rl_best,12,58,3,12,0,1,84.95199680328369,13952.667117118835,6928.255492096534,147.47095059344545,392785.4636602414,121.8300795387339,0
rl_best,12,57,3,12,0,1,85.07261633872986,13859.757781028748,6824.939708777674,131.5565923278285,403977.32716617745,121.8300795387339,0
rl_best,12,56,3,12,0,1,85.23903727531433,13739.230036735535,6731.759867399404,144.38023751326244,416284.1596133892,121.8300795387339,0
rl_best,12,55,3,12,0,1,85.44347882270813,13617.836236953735,6631.675864472544,149.77321779010788,429081.3043758471,125.63667379851404,0
rl_best,12,54,3,12,0,1,85.50153732299805,13439.067602157593,6525.9499776089415,136.0302013625464,440712.0957147018,125.63667379851404,0
rl_best,12,53,3,12,0,1,85.41240811347961,13259.251713752747,6429.390036660846,148.54314564587898,453399.52349306765,125.63667379851404,0
rl_best,12,52,3,12,0,1,85.35097241401672,13137.761652469635,6326.848975549068,147.92589074998375,466025.14211378834,125.88796995465694,0
rl_best,12,51,3,12,0,1,85.24811029434204,12938.92115354538,6227.241034913474,145.10473250285776,478395.046354423,127.68291019733265,0
rl_best,12,50,3,12,0,1,85.35996317863464,12746.36834859848,6125.039133602517,144.4356371209908,490724.0670207534,127.68291019733265,0
rl_best,12,49,3,12,0,1,85.48686504364014,12564.65882062912,6023.997364067053,148.7395116969146,503439.34158384445,127.67758616935599,0
rl_best,12,48,3,12,0,1,85.56101322174072,12394.29920911789,5919.081735234999,157.96509923512642,516954.9955280747,127.67758616935599,0
rl_best,12,47,3,12,0,1,85.74099063873291,12360.234260559082,5807.585238790821,151.249714856183,529923.2959136697,127.67758616935599,0
rl_best,12,46,3,12,0,1,85.63246607780457,12343.12355518341,5699.63331681864,170.11290013238488,544490.4830636531,130.9268177108672,0
rl_best,12,45,3,12,0,1,85.54155230522156,12280.455231666565,5579.7440782789345,158.23797415337154,558026.4050063661,130.9268177108672,0
rl_best,12,44,3,12,0,1,85.60836434364319,12183.866053819656,5470.438616178705,164.79368094468333,572134.1224862086,131.3462768471955,0
rl_best,12,43,3,12,0,1,85.72628855705261,12091.328501701355,5351.909799856702,164.50626044912786,586236.6336389121,131.3462768471955,0
rl_best,12,42,3,12,0,1,85.80204963684082,11991.493850946426,5234.716728354299,148.820702527783,599005.7549441905,131.3462768471955,0
rl_best,12,41,3,12,0,1,85.84341764450073,11884.362548589706,5126.87145412063,163.1248341392097,613008.9482093926,134.2844581787016,0
rl_best,12,40,3,12,0,1,85.94444036483765,11788.271069526672,5011.770720662662,145.15029583520675,625483.8091537401,134.2844581787016,0
rl_best,12,39,3,12,0,1,85.97045302391052,11760.38682460785,4906.867134466806,156.77393117606366,638961.7350392856,134.2844581787016,0
rl_best,12,38,3,12,0,1,85.69778084754944,11777.351945638657,4789.730515821019,153.6739928383595,652131.2551995153,135.35708426229505,0
rl_best,12,37,3,12,0,1,85.33033013343811,11773.683428764343,4679.948975016715,158.4549751019412,665652.2705362496,135.35708426229505,0
rl_best,12,36,3,12,0,1,84.95185494422913,11734.186261892319,4568.744400904187,152.84374807592368,678636.6304519278,135.4899713904066,0
rl_best,12,35,3,12,0,1,84.65341567993164,11711.361110210419,4455.339864937018,159.39065125544414,692129.59350815,135.4899713904066,0
rl_best,12,34,3,12,0,1,84.3858814239502,11795.838177204132,4340.844883312289,150.70146520527987,704846.6694813783,135.4899713904066,0
rl_best,12,33,3,12,0,1,84.0491271018982,11885.926574468613,4230.261374922447,169.42835953154307,719086.9752063111,135.4899713904066,0
rl_best,12,32,3,12,0,1,83.72382760047913,12026.83612704277,4106.262491828972,172.25256786123148,733508.6195016647,137.78792601608814,0
rl_best,12,31,3,12,0,1,83.4490442276001,12157.290279865265,3979.799213943533,178.99805571218997,748445.8361694457,146.71138133961333,0
rl_best,12,30,3,12,0,1,83.22820663452148,12308.368980884552,3850.1143945970407,184.1581418834564,763772.9880555515,146.79097170826236,0
rl_best,12,29,3,12,0,1,83.04970979690552,12396.80901169777,3719.6711305373574,169.18677010764193,777823.900214467,149.1594284653892,0
rl_best,12,28,3,12,0,1,82.8912603855133,12478.805780410767,3595.704365048543,179.42171141191687,792696.3920139266,149.1594284653892,0
rl_best,12,27,3,12,0,1,82.57336258888245,12596.094906330109,3465.735990197072,183.4900943901638,807847.7861094739,149.58016666485625,0
rl_best,12,26,3,12,0,1,82.11108922958374,12706.647217273712,3327.8186336579365,191.02572728644378,823533.1166478372,149.58016666485625,0
rl_best,12,25,3,12,0,1,81.46138787269592,12716.869711875916,3185.567036930922,196.08126367138107,839506.1685223399,154.29524521730656,0
rl_best,12,24,3,12,0,1,80.998694896698,12721.455693244934,3038.7569729996767,182.27328349023358,854270.0665995847,154.97835501077762,0
rl_best,12,23,3,12,0,1,80.7684862613678,12531.34548664093,2903.1251059329816,205.92073778418887,870901.9728802376,155.87126491759878,0
rl_best,12,22,3,12,0,1,80.67968964576721,12245.618104934692,2751.6907328169646,196.25782519365512,886735.9933074149,158.91581566331308,0
rl_best,12,21,3,12,0,1,80.62562704086304,12075.734287500381,2605.182493476874,188.67846143634932,901948.3125698259,158.91581566331308,0
rl_best,12,20,3,12,0,1,80.49893975257874,11996.94350361824,2465.2474377784447,196.9123077991788,917799.5445718933,158.91581566331308,0
rl_best,12,19,3,12,0,1,80.30693888664246,11892.041712999344,2315.7797308932104,204.68862322324108,934237.461327873,158.91581566331308,0
rl_best,12,18,3,12,0,1,80.17226696014404,11799.222230911255,2163.994990155782,200.17087451964403,950285.6141175075,163.56364604434458,0
rl_best,12,17,3,12,0,1,80.10900259017944,11598.89817237854,2010.9744472404218,210.22220766472353,967126.3054958341,163.56364604434458,0
rl_best,12,16,3,12,0,1,80.0731909275055,11254.477798938751,1849.0026055999333,213.27073539509755,984203.5738103753,163.59817539596523,0
rl_best,12,15,3,12,0,1,80.04873394966125,10916.09701514244,1683.202983850415,214.46094672844848,1001370.9010776334,166.74534395337315,0
rl_best,12,14,3,12,0,1,80.03244042396545,10606.658607721329,1520.1245837068982,208.92611813340199,1018091.7681801552,167.7158494426866,0
rl_best,12,13,3,12,0,1,80.0219464302063,10330.459624528885,1360.3534790665144,190.58003919581276,1033342.3538673491,168.16714252718407,0
rl_best,12,12,3,12,0,1,80.01720666885376,10200.177878141403,1216.077846093065,0.0,1033342.3538673491,169.09384479432455,0
rl_best,12,11,3,12,0,1,80.0158441066742,10225.660055875778,1216.077846093065,6.314182300364337,1033847.5884939561,169.09384479432455,0
rl_best,12,10,3,12,0,1,80.01494646072388,10313.902199268341,1211.1735810828886,119.4657534818216,1043406.6343626941,170.63726322604822,0
rl_best,12,9,3,12,0,1,80.01275777816772,10269.05968785286,1117.2565154991116,0.0,1043406.6343626941,170.84305227950415,0
rl_best,12,8,3,12,0,1,80.01155495643616,10319.553911685944,1117.2565154991116,69.99999312148066,1049007.4426592835,170.84305227950415,0
rl_best,12,7,3,12,0,1,80.00933051109314,10371.567457914352,1060.8067324489475,83.17359640341238,1055662.1064237205,170.84305227950415,0
rl_best,12,6,3,12,0,1,80.0071394443512,10347.40999341011,994.3116632030069,7.402096771627839,1056254.3270123086,170.84305227950415,0
rl_best,12,5,3,12,0,1,80.00609874725342,10442.21505522728,988.281157303778,122.7336143034463,1066073.7646778775,155.39122305741984,0
rl_best,12,4,3,12,0,1,80.0044572353363,10405.806005001068,888.3374402615227,0.0,1066073.7646778775,149.0674834074808,0
rl_best,12,3,3,12,0,1,80.00380277633667,10487.781167030334,888.3374402615227,104.70839078651079,1074450.834123389,142.23678861945825,0
rl_best,12,2,3,12,0,1,80.00285863876343,10459.53020453453,801.7019786282835,2.3438694900250994,1074638.3503828673,135.31638940994628,0
rl_best,12,1,3,12,0,1,80.00248074531555,10533.408373594284,799.7570786464184,100.21504230847313,1082655.8023755418,127.3584148712835,0
rl_best,13,100,5,12,1,1,116.2159013748169,14492.48343706131,10000.0,101.84535387628864,11836.049601570086,122.62129846453644,0
rl_best,13,99,5,12,1,1,111.61924362182617,13931.846618652344,9926.004933963368,105.77804765674126,23642.915272809027,122.62129846453644,0
rl_best,13,98,5,12,1,1,110.84665060043335,13900.303840637207,9851.350769132872,112.52333952025381,36115.75057300454,122.62129846453644,0
rl_best,13,97,5,12,1,1,111.12623453140259,13954.550325870514,9770.831032827302,104.60865005181442,47740.51595267589,124.02216067174243,0
rl_best,13,96,5,12,1,1,111.32744312286377,13993.997573852539,9696.561128382598,113.83506899653356,60413.48312177475,124.02216067174243,0
rl_best,13,95,5,12,1,1,111.46278381347656,14039.42883014679,9614.632686399453,103.92492579156573,71997.24465811164,125.08183156398725,0
rl_best,13,94,5,12,1,1,111.55114650726318,14100.056290626526,9540.798069013572,93.70961778915196,82450.65996124897,125.08183156398725,0
rl_best,13,93,5,12,1,1,111.81847095489502,14144.38247680664,9472.38523829354,106.82266113513793,94395.40659271299,125.56961748732996,0
rl_best,13,92,5,12,1,1,111.72369003295898,14198.978841304779,9394.632571256487,112.10066646216232,106919.70670501972,126.56691740931149,0
rl_best,13,91,5,12,1,1,111.03379249572754,14245.870113372803,9312.353166839226,123.35495730950078,120616.27543824216,126.56691740931149,0
rl_best,13,90,5,12,1,1,109.96356964111328,14238.37661743164,9223.501824796678,124.5481357247779,134312.0330346846,128.0068958182441,0
rl_best,13,89,5,12,1,1,108.82353782653809,14173.603653907776,9135.198838510756,124.7611903585862,147888.98715295614,128.0068958182441,0
rl_best,13,88,5,12,1,1,107.59289741516113,14087.078869342804,9047.298944139835,120.8907771780001,160895.97614030782,128.27423610834077,0
rl_best,13,87,5,12,1,1,106.33645057678223,13963.345289230347,8959.092885733702,121.8938313351175,173857.73351168918,129.9887842880545,0
rl_best,13,86,5,12,1,1,105.09783983230591,13794.775009155273,8871.664225399116,116.9084729167076,186144.5614733288,129.9887842880545,0
rl_best,13,85,5,12,1,1,103.9899754524231,13557.807505130768,8787.681809396705,136.21023273181524,200309.0602314791,131.39065547928402,0
rl_best,13,84,5,12,1,1,102.9632830619812,13291.833400726318,8688.157818509251,127.35791065355413,213422.24883628348,134.22803013497784,0
rl_best,13,83,5,12,1,1,101.19439840316772,13104.132413864136,8597.566541889659,137.69614713181736,227356.32760772182,134.22803013497784,0
rl_best,13,82,5,12,1,1,99.69290494918823,12995.815575122833,8499.778920747885,130.83541330266812,240399.69003009246,134.22803013497784,0
rl_best,13,81,5,12,1,1,98.71176838874817,12863.868772983551,8405.819079896044,142.61294449687034,254477.26597650492,134.58628316204653,0
rl_best,13,80,5,12,1,1,97.52575159072876,12763.33749294281,8301.96018211877,145.0213432412526,268620.5814728051,134.58628316204653,0
rl_best,13,79,5,12,1,1,96.37102007865906,12683.393657207489,8196.166882420712,137.80492633944058,281900.9827960015,137.25137735790267,0
rl_best,13,78,5,12,1,1,96.14476680755615,12529.960572719574,8095.180833327119,156.04519846534845,296903.9120138912,137.25137735790267,0
rl_best,13,77,5,12,1,1,95.60466408729553,12361.73540353775,7981.505674432503,152.30547153389256,311465.0254585462,138.34527592112582,0
rl_best,13,76,5,12,1,1,95.44593811035156,12195.119261741638,7870.53961265,155.73155210228873,326328.96954233025,139.8599388733162,0
rl_best,13,75,5,12,1,1,95.09838938713074,11995.837688446045,7755.800272332178,155.0929621680062,341078.06044978683,139.8599388733162,0
rl_best,13,74,5,12,1,1,95.25299668312073,11819.630563259125,7641.831609531544,161.75285442612588,356485.5045559239,139.8599388733162,0
rl_best,13,73,5,12,1,1,94.71730709075928,11794.007420539856,7523.8792906305425,146.86345424563783,370396.01545211766,140.6224031964283,0
rl_best,13,72,5,12,1,1,94.30362939834595,11835.19333600998,7416.964129377526,155.12255269420103,385024.635172717,140.6224031964283,0
rl_best,13,71,5,12,1,1,93.7411618232727,11876.08540058136,7303.929909979396,146.02773649197454,398713.4448498974,140.6224031964283,0
rl_best,13,70,5,12,1,1,93.40049028396606,11922.12164402008,7195.565057441428,164.42428571626172,414070.7537503872,140.6224031964283,0
rl_best,13,69,5,12,1,1,92.97446370124817,11954.847872257233,7073.611694222565,137.29189297202763,426835.3938699906,143.74385215300907,0
rl_best,13,68,5,12,1,1,93.05539727210999,11967.87178516388,6973.596841596716,150.02660870155088,440796.1795441008,146.41315056855447,0
rl_best,13,67,5,12,1,1,93.1709361076355,11985.686272382736,6864.523365421746,156.82008483147106,455407.2536483278,146.41315056855447,0
rl_best,13,66,5,12,1,1,93.26720476150513,11972.042322158813,6746.071166312095,157.4521137777448,470092.3721841685,147.95730716934838,0
rl_best,13,65,5,12,1,1,93.46557021141052,11966.868042945862,6630.5551917769035,165.1496887529424,485528.1820136992,147.95730716934838,0
rl_best,13,64,5,12,1,1,94.30424690246582,11988.739520311356,6507.982953730847,160.85892782339056,500697.86205962213,147.95730716934838,0
rl_best,13,63,5,12,1,1,94.87427949905396,11999.712586402893,6389.555823762598,158.8576821887592,515769.3702001704,149.66408283344634,0
rl_best,13,62,5,12,1,1,95.90879559516907,12035.728693008423,6270.80106893933,142.0082967348877,529389.2149045349,149.66408283344634,0
rl_best,13,61,5,12,1,1,96.90034985542297,12004.35146689415,6167.220220694639,191.06322400293755,547903.3081549245,149.93764281533836,0
rl_best,13,60,5,12,1,1,98.10177683830261,12025.662362575531,6023.304701305364,176.03781707437795,565172.9308006571,175.84600634426346,0
rl_best,13,59,5,12,1,1,99.65439796447754,11904.246658086777,5893.500811405757,181.45411780233843,583255.6316684246,176.08019672204279,0
rl_best,13,58,5,12,1,1,100.00479221343994,11754.150688648224,5759.80413731406,179.4516846413803,601201.6601033376,182.18293728047686,0
rl_best,13,57,5,12,1,1,100.46943426132202,11722.147762775421,5622.844830588991,182.2132370774763,619508.5209474358,182.18293728047686,0
rl_best,13,56,5,12,1,1,100.98771810531616,11663.254201412201,5484.310338869445,180.43666581693697,637730.4080908197,182.18293728047686,0
rl_best,13,55,5,12,1,1,101.90770626068115,11540.201902389526,5348.1575804993845,191.26848786067833,657222.1409686503,184.4032916851394,0
rl_best,13,54,5,12,1,1,102.79673099517822,11421.954035758972,5206.615457469452,175.43475091031615,675256.2598651842,184.4032916851394,0
rl_best,13,53,5,12,1,1,104.29566860198975,11297.575235366821,5074.65560865165,177.1535159577174,693732.6042571876,184.4032916851394,0
rl_best,13,52,5,12,1,1,105.70116758346558,11204.525381326675,4938.616418608353,179.3512283192032,712690.2384980561,184.4032916851394,0
rl_best,13,51,5,12,1,1,107.17228412628174,11152.1016061306,4805.530848632273,176.44897532354116,731600.6782152219,186.63549510603517,0
rl_best,13,50,5,12,1,1,108.49336624145508,11118.758469820023,4673.369187484323,168.85108641241726,749919.9009736318,195.43755580295394,0
rl_best,13,49,5,12,1,1,109.76491451263428,11090.354174375534,4542.498904469023,164.70595978463345,767998.8365691134,196.20027183670678,0
rl_best,13,48,5,12,1,1,110.77503204345703,11066.100001335144,4417.058062101003,168.3426434915895,786646.9982961746,196.20027183670678,0
rl_best,13,47,5,12,1,1,111.62773132324219,11083.730608224869,4287.752764596629,174.84837721564028,806164.925970307,199.91319423353335,0
rl_best,13,46,5,12,1,1,112.47393131256104,11091.40083193779,4154.320145242542,169.37941567293447,825215.6947344664,199.91319423353335,0
rl_best,13,45,5,12,1,1,113.02307605743408,11060.054451227188,4023.42033564553,161.71558229590323,843493.2872919685,199.91319423353335,0
rl_best,13,44,5,12,1,1,113.3642578125,11042.032092809677,3900.819246395464,159.4154365832601,861565.2999440854,200.5032029124764,0
rl_best,13,43,5,12,1,1,113.73032093048096,11015.05771279335,3776.9716629379427,165.11899199398553,880344.335895279,200.5032029124764,0
rl_best,13,42,5,12,1,1,114.14124011993408,10984.163135290146,3651.817928494421,165.95483020025122,899286.6260182287,200.5032029124764,0
rl_best,13,41,5,12,1,1,114.55374002456665,10936.59222126007,3521.0126631730527,167.43828009189602,918467.3072260363,203.90988037788304,0
rl_best,13,40,5,12,1,1,114.9174427986145,10886.283218860626,3390.929129058154,171.12956727040634,938133.0794839849,203.90988037788304,0
rl_best,13,39,5,12,1,1,115.12788534164429,10799.978971481323,3258.965510609135,167.20716158347597,957383.2864110691,203.90988037788304,0
rl_best,13,38,5,12,1,1,115.25828838348389,10728.983134031296,3130.2537349927898,169.58290079164306,976929.12129542,211.06427502110148,0
rl_best,13,37,5,12,1,1,115.21586179733276,10677.576661109924,3002.3870590656725,193.50330691243778,999223.7715619702,211.06427502110148,0
rl_best,13,36,5,12,1,1,114.9167537689209,10637.774765491486,2850.8814608588627,174.47123918320946,1019273.4399949457,211.3777930168817,0
rl_best,13,35,5,12,1,1,114.26841020584106,10588.299036026001,2715.626483500926,168.8683372530081,1038569.7564269507,211.3777930168817,0
rl_best,13,34,5,12,1,1,113.46958637237549,10556.601285934448,2582.89495144764,175.71688785024344,1058508.279009959,211.3777930168817,0
rl_best,13,33,5,12,1,1,112.50617980957031,10529.802292585373,2445.1696369454585,168.55548742545085,1077471.8129861364,211.3777930168817,0
rl_best,13,32,5,12,1,1,111.28466844558716,10482.407361268997,2312.9379178427716,202.62998921370524,1100021.4241529165,211.3777930168817,0
rl_best,13,31,5,12,1,1,109.60613250732422,10458.31486582756,2154.7592941770536,198.9339069298327,1121825.8003160674,215.8582445896582,0
rl_best,13,30,5,12,1,1,107.30692863464355,10434.011667966843,1998.620544705006,217.14542265080073,1145127.0086877963,217.62011982881515,0
rl_best,13,29,5,12,1,1,104.28481101989746,10414.941161870956,1826.112950910374,217.0773356448956,1167764.877612227,228.32407060173463,0
rl_best,13,28,5,12,1,1,102.75270462036133,10372.922420501709,1656.0742419219732,223.4828393878931,1190728.343795571,228.32407060173463,0
rl_best,13,27,5,12,1,1,102.71544218063354,10313.009172677994,1479.552125970833,216.34786272712387,1212950.6101804224,228.74480880120169,0
rl_best,13,26,5,12,1,1,103.53066682815552,10240.20329117775,1307.6051586200228,0.0,1212950.6101804224,228.74480880120169,0
rl_best,13,25,5,12,1,1,104.26886558532715,10233.845263719559,1307.6051586200228,0.0,1212950.6101804224,232.96745592437514,0
rl_best,13,24,5,12,1,1,105.01085996627808,10277.44635939598,1307.6051586200228,62.66282816787316,1219530.8876542498,236.4388957050125,0
rl_best,13,23,5,12,1,1,105.28810501098633,10290.084332227707,1257.6389635955366,37.61694416697901,1223491.5044218951,238.0786546384911,0
rl_best,13,22,5,12,1,1,105.79564094543457,10297.723859548569,1227.7329423958126,31.734425553408073,1226848.868313353,240.89903206973992,0
rl_best,13,21,5,12,1,1,106.34334325790405,10327.587872743607,1202.8204587387881,53.282161645181986,1232515.0715187097,240.89903206973992,0
rl_best,13,20,5,12,1,1,106.42660140991211,10340.145528316498,1159.9641755099765,35.93738323042089,1236339.765079489,240.89903206973992,0
rl_best,13,19,5,12,1,1,106.14749908447266,10409.238040447235,1131.6782841506047,91.83908218031502,1246088.2539711427,240.89903206973992,0
rl_best,13,18,5,12,1,1,105.5080509185791,10513.715744018555,1058.461791400363,128.0591907049893,1259599.5295846367,246.92805639126922,0
rl_best,13,17,5,12,1,1,105.15166759490967,10515.167862176895,954.4847017327484,25.990585271587406,1262332.4829677118,246.92805639126922,0
rl_best,13,16,5,12,1,1,105.41333675384521,10563.955157995224,933.4064719901398,71.46739724771942,1269866.0997807065,249.22632805170318,0
rl_best,13,15,5,12,1,1,105.0601601600647,10732.435137033463,875.8766277572267,191.53229800929148,1289988.5136853878,251.8711947131633,0
rl_best,13,14,5,12,1,1,106.96412324905396,10611.690729856491,718.4396357762125,0.0,1289988.5136853878,253.63584708782395,0
rl_best,13,13,5,12,1,1,105.84789752960205,10730.847418308258,718.4396357762125,46.47501883069526,1294907.7967162656,254.08714017232143,0
rl_best,13,12,5,12,1,1,105.95458984375,11090.726405382156,680.0845221247437,249.90709808310115,1321386.6007927023,254.80629722425985,0
rl_best,13,11,5,12,1,1,108.7437891960144,10714.930444955826,473.92526403850934,0.0,1321386.6007927023,254.80629722425985,0
rl_best,13,10,5,12,1,1,106.26216173171997,10889.443904161453,473.92526403850934,0.0,1321386.6007927023,255.9433429025627,0
rl_best,13,9,5,12,1,1,105.5632495880127,11484.508216381073,473.92526403850934,245.63519817405316,1347316.6505251508,255.9433429025627,0
rl_best,13,8,5,12,1,1,107.6570725440979,11023.39282631874,269.9257174306822,0.0,1347316.6505251508,255.9433429025627,0
rl_best,13,7,5,12,1,1,102.62208223342896,11254.772990942001,269.9257174306822,170.8182408346056,1364846.3740830494,255.9433429025627,0
rl_best,13,6,5,12,1,1,98.3720350265503,10914.434790611267,127.59796815423579,0.0,1364846.3740830494,255.9433429025627,0
rl_best,13,5,5,12,1,1,90.35910367965698,10739.485025405884,127.59796815423579,0.0,1364846.3740830494,230.04512928449802,0
rl_best,13,4,5,12,1,1,83.91116619110107,10748.001635074615,127.59796815423579,0.0,1364846.3740830494,226.42549507794118,0
rl_best,13,3,5,12,1,1,81.83963775634766,10661.301016807556,127.59796815423579,0.0,1364846.3740830494,215.56234262596197,0
rl_best,13,2,5,12,1,1,81.28146648406982,11006.215810775757,127.59796815423579,0.0,1364846.3740830494,203.8312723170848,0
rl_best,13,1,5,12,1,1,81.25523805618286,11292.707473039627,127.59796815423579,167.5790958005382,1378463.053405562,196.37128488998587,0
rl_best,14,100,0,6,0,0,85.80898404121399,10201.658606529236,10000.0,83.8413887886353,7194.344392557224,53.51064944791461,1
rl_best,14,99,0,6,0,0,88.90523910522461,10417.86327958107,9945.711982541749,63.623328276802646,12850.79160567656,53.51064944791461,1
rl_best,14,98,0,6,0,0,88.27655553817749,10465.289205312729,9901.833407714881,62.43117174718616,18362.000405730538,53.51064944791461,1
rl_best,14,97,0,6,0,0,88.3415412902832,10515.833348035812,9860.56054116797,59.57128083101635,23624.619170978825,55.53276728716988,1
rl_best,14,96,0,6,0,0,88.13945412635803,10569.521486759186,9820.975081900835,47.167816424870345,27781.964762999163,55.852472283942966,1
rl_best,14,95,0,6,0,0,87.94090628623962,10622.627437114716,9790.148181225035,77.86789584722705,34629.73809440683,56.18471002774361,1
rl_best,14,94,0,6,0,0,87.7410089969635,10681.551843881607,9738.389046496002,62.52673614631886,40115.89701317175,56.18471002774361,1
rl_best,14,93,0,6,0,0,87.38962411880493,10781.107246875763,9696.656151785985,68.7787383998557,46126.44510930075,56.18471002774361,1
rl_best,14,92,0,6,0,0,86.80811047554016,10908.420234918594,9650.8717080838,70.48735049229502,52245.31881796402,56.85789131285237,1
rl_best,14,91,0,6,0,0,86.34055614471436,10996.30743265152,9605.46524203099,72.0738359406334,58468.21389656121,56.85789131285237,1
rl_best,14,90,0,6,0,0,86.11167430877686,11062.979996204376,9558.083581799854,73.78913148809117,64822.319554791226,57.85980122566746,1
rl_best,14,89,0,6,0,0,85.98307967185974,11154.132783412933,9508.927350919266,59.606533195263545,69947.47284748292,57.85980122566746,1
rl_best,14,88,0,6,0,0,85.89098453521729,11220.36799788475,9469.20387349721,60.997806390153244,75186.63449282174,57.85980122566746,1
rl_best,14,87,0,6,0,0,85.83881735801697,11246.698051691055,9427.72542695034,68.86263077362945,81097.72127859188,59.05581472314141,1
rl_best,14,86,0,6,0,0,85.72248578071594,11234.085410833359,9380.964088843937,60.56423043025346,86289.4376604693,59.05581472314141,1
rl_best,14,85,0,6,0,0,85.67386746406555,11215.154230594635,9339.259307709652,67.1107976717487,92039.07924560641,59.321172379079584,1
rl_best,14,84,0,6,0,0,85.67952275276184,11206.969767808914,9293.17676809011,76.34767312917377,98580.51144259788,59.321172379079584,1
rl_best,14,83,0,6,0,0,85.561044216156,11276.54492855072,9242.9235611851,72.18483768071567,104756.72153113363,59.321172379079584,1
rl_best,14,82,0,6,0,0,85.32703280448914,11391.297429800034,9194.843892377376,73.46243232396954,111025.05290393854,59.321172379079584,1
rl_best,14,81,0,6,0,0,85.15052556991577,11518.085598945618,9144.143418859972,75.82328930710592,117481.44583887838,59.67942540614826,1
rl_best,14,80,0,6,0,0,84.98389601707458,11652.34625339508,9092.055409698292,61.609863393789226,122717.29206316234,59.67942540614826,1
rl_best,14,79,0,6,0,0,84.78418469429016,11806.719899177551,9050.292973833717,74.52744494129941,129036.04071985901,60.144742931333404,1
rl_best,14,78,0,6,0,0,84.3774139881134,11978.443413972855,8998.937233888442,68.2953677882914,134798.62724120214,60.59148468407464,1
rl_best,14,77,0,6,0,0,83.84821891784668,12114.482671022415,8952.220205082933,77.07825422946797,141261.50157564,61.68635059106254,1
rl_best,14,76,0,6,0,0,83.4818434715271,12233.1041097641,8901.400753941736,65.59590124127098,146737.56833543754,61.68635059106254,1
rl_best,14,75,0,6,0,0,83.19820523262024,12375.903874635696,8856.498867231274,64.71110331832622,152121.41599014495,61.68635059106254,1
rl_best,14,74,0,6,0,0,82.9347836971283,12544.26509141922,8813.461755856695,81.63119236402167,158891.48127179375,61.68635059106254,1
rl_best,14,73,0,6,0,0,82.6671838760376,12739.24708366394,8757.575793440607,72.78651088028334,164908.53715042933,61.811377832783585,1
rl_best,14,72,0,6,0,0,82.49043822288513,12942.43037700653,8707.828168098185,73.83889230325006,170999.53973441685,61.811377832783585,1
rl_best,14,71,0,6,0,0,82.41505146026611,13070.264458656311,8657.862178075453,73.44801018266787,177052.76127327557,63.69238905560433,1
rl_best,14,70,0,6,0,0,82.3379647731781,13206.08377456665,8607.269359088623,87.76206515990498,184278.9111028332,63.69238905560433,1
rl_best,14,69,0,6,0,0,82.31741309165955,13316.88016653061,8547.630857130098,77.65154072088885,190670.98505755843,63.69238905560433,1
rl_best,14,68,0,6,0,0,82.23219633102417,13329.348862171173,8494.542951486248,68.18654684709898,196278.11456502366,64.51194257070377,1
rl_best,14,67,0,6,0,0,82.11326599121094,13323.614001274109,8447.469948365688,87.12858773239438,203432.52746493233,64.51194257070377,1
rl_best,14,66,0,6,0,0,81.9823670387268,13310.63985824585,8388.390753349917,86.96295191345406,210561.95610747227,66.02319309723785,1
rl_best,14,65,0,6,0,0,82.07453727722168,13328.860402107239,8329.036496990982,89.43555257215604,217902.33770096462,66.02319309723785,1
rl_best,14,64,0,6,0,0,82.21710920333862,13325.937390327454,8266.010887015293,77.04760797605276,224236.96929978777,66.02319309723785,1
rl_best,14,63,0,6,0,0,82.34401822090149,13271.615207195282,8214.666976173665,77.2277366473779,230596.21145343845,66.02319309723785,1
rl_best,14,62,0,6,0,0,82.43622064590454,13182.441294193268,8162.501906614561,69.4748538332381,236323.45583337723,66.02319309723785,1
rl_best,14,61,0,6,0,0,82.53705739974976,13087.092936038971,8114.506011298401,113.90955842956892,245725.2155958587,66.0678136608015,1
rl_best,14,60,0,6,0,0,82.66265273094177,12983.855605125427,8035.462295142899,101.14094420314872,254085.79434340313,85.17672399217258,1
rl_best,14,59,0,6,0,0,82.81415104866028,12901.751399040222,7967.406647762749,97.89374005977568,262192.78131943167,85.17672399217258,1
rl_best,14,58,0,6,0,0,83.02544951438904,12815.010249614716,7900.840729984611,106.68938517099573,271050.7154816674,85.17672399217258,1
rl_best,14,57,0,6,0,0,83.3238685131073,12719.989120960236,7827.002461770153,101.87046798634894,279538.9569615306,85.17672399217258,1
rl_best,14,56,0,6,0,0,83.78582000732422,12604.134380817413,7755.744900445699,103.23131752536678,288188.2775508299,85.17672399217258,1
rl_best,14,55,0,6,0,0,83.92119765281677,12653.880417346954,7682.244297861238,108.4854255688474,297292.5043924431,87.67464619283565,1
rl_best,14,54,0,6,0,0,84.03945326805115,12652.843594551086,7606.493560245774,105.69674257854945,306175.20085095835,87.67464619283565,1
rl_best,14,53,0,6,0,0,84.11669373512268,12693.742513656616,7531.464251426603,115.74998941949642,315911.7072608018,87.67464619283565,1
rl_best,14,52,0,6,0,0,84.19500589370728,12717.266082763672,7449.728096997305,117.86441296523371,325835.302205068,88.00542260216963,1
rl_best,14,51,0,6,0,0,84.24415946006775,12738.007009029388,7367.381760741193,104.36011160813784,334627.0320886544,89.3393639748758,1
rl_best,14,50,0,6,0,0,84.304940700531,12747.054398059845,7295.514581792488,113.3744886664546,344185.06163263286,89.3393639748758,1
rl_best,14,49,0,6,0,0,84.38478708267212,12733.091711997986,7216.631357270891,98.45349890105997,352493.0391749429,89.87264365606573,1
rl_best,14,48,0,6,0,0,84.48330998420715,12710.827887058258,7145.787957514121,102.34568586261491,361139.54147922044,89.87264365606573,1
rl_best,14,47,0,6,0,0,84.55846309661865,12707.708179950714,7073.94592142424,117.00962555093075,371033.695583318,89.87264365606573,1
rl_best,14,46,0,6,0,0,84.54408764839172,12700.410187244415,6990.837281651319,116.81033271274424,380909.31859042204,92.28499445299059,1
rl_best,14,45,0,6,0,0,84.50905084609985,12647.764682769775,6908.016902914456,115.93047347207474,390706.492867686,92.32417290804567,1
rl_best,14,44,0,6,0,0,84.46089148521423,12595.250308513641,6823.660804989456,110.82914393702009,400067.2211671499,92.85601305134094,1
rl_best,14,43,0,6,0,0,84.40516233444214,12562.419176101685,6741.994495444516,107.06378220570882,409103.9570843621,92.85601305134094,1
rl_best,14,42,0,6,0,0,84.34598565101624,12544.164657592773,6665.379010619367,111.85422156429138,418538.41165142943,92.85601305134094,1
rl_best,14,41,0,6,0,0,84.34440493583679,12520.716786384583,6583.600381207687,108.92028100836922,427725.22793852445,93.6308664821853,1
rl_best,14,40,0,6,0,0,84.36954975128174,12486.920952796936,6505.627397555874,113.22267657086893,437277.7741824437,93.6308664821853,1
rl_best,14,39,0,6,0,0,84.30051445960999,12420.217394828796,6422.207943522779,109.62125178922032,446518.9021039814,93.6308664821853,1
rl_best,14,38,0,6,0,0,84.11107182502747,12331.937402486801,6344.539027124348,112.12303652539471,455949.69088240905,95.04742683727991,1
rl_best,14,37,0,6,0,0,83.87276768684387,12263.009250164032,6262.362155447556,109.099315072623,465100.15239028895,95.04742683727991,1
rl_best,14,36,0,6,0,0,83.68682026863098,12181.587964296341,6182.851280729856,98.701839221783,473360.19546942564,95.04742683727991,1
rl_best,14,35,0,6,0,0,83.55314254760742,12138.479799032211,6110.875133624855,114.62810828385771,482937.73414082936,95.04742683727991,1
rl_best,14,34,0,6,0,0,83.4635579586029,12086.715400218964,6026.306649837484,116.38257642094632,492651.43805331056,95.04742683727991,1
rl_best,14,33,0,6,0,0,83.45221281051636,12015.428990125656,5940.054771740134,108.31494157317323,501690.5596080337,95.04742683727991,1
rl_best,14,32,0,6,0,0,83.46144437789917,12003.32909822464,5859.729960318985,108.67228339702424,510760.5053441937,97.00694341239463,1
rl_best,14,31,0,6,0,0,83.49647283554077,11985.405385494232,5780.5289057674645,130.68645042954952,521672.36300245783,101.69890345053383,1
rl_best,14,30,0,6,0,0,83.59374284744263,11993.585228919983,5682.877200010269,110.96329850888495,530948.2004435136,101.69890345053383,1
rl_best,14,29,0,6,0,0,83.6923086643219,11952.074766159058,5600.08015404069,122.21668498651636,541176.7969673353,105.09652333242514,1
rl_best,14,28,0,6,0,0,83.68975639343262,11906.521916389465,5510.586912570602,127.80503407022097,551872.7691345264,105.09652333242514,1
rl_best,14,27,0,6,0,0,83.63854885101318,11848.286241292953,5415.393014648291,137.38882515328865,563363.771098693,105.51726153189219,1
rl_best,14,26,0,6,0,0,83.52712988853455,11771.353781223297,5315.365673007807,126.95874483458283,573968.2706689765,105.51726153189219,1
rl_best,14,25,0,6,0,0,83.36286306381226,11746.69235944748,5220.682274055509,117.61514079756759,583773.0055455151,108.86577323146005,1
rl_best,14,24,0,6,0,0,83.19891810417175,11749.665141105652,5131.035005996102,147.67883993986953,596059.7252553914,110.31606898852215,1
rl_best,14,23,0,6,0,0,83.04451584815979,11740.643680095673,5021.092672680946,138.98553808282233,607601.7119753754,111.20897889534331,1
rl_best,14,22,0,6,0,0,82.84141898155212,11717.815697193146,4916.735704189186,138.37160283446343,619064.6119009341,112.95137016244168,1
rl_best,14,21,0,6,0,0,82.65345335006714,11674.459278583527,4813.169625492083,143.1155947786711,630893.6100376401,112.95137016244168,1
rl_best,14,20,0,6,0,0,82.44783878326416,11659.664511680603,4706.541997625774,147.64897002893508,643066.9485151008,112.95137016244168,1
rl_best,14,19,0,6,0,0,82.2348952293396,11693.667620420456,4593.611048939817,161.83053983109872,656375.0660030186,112.95137016244168,1
rl_best,14,18,0,6,0,0,82.01675295829773,11739.733517169952,4473.169399490089,141.97581408380537,668019.4612727833,117.40424760711261,1
rl_best,14,17,0,6,0,0,81.81684732437134,11738.499701023102,4366.480644361272,141.9442705192053,679632.8939824224,117.40424760711261,1
rl_best,14,16,0,6,0,0,81.57444834709167,11743.466705083847,4256.689028165133,136.48184285746513,690766.3250229146,117.43877695873326,1
rl_best,14,15,0,6,0,0,81.41210198402405,11835.900843143463,4153.581464697256,130.61399639665444,701399.8850180999,117.79311858824813,1
rl_best,14,14,0,6,0,0,81.3192093372345,11911.95398569107,4052.092523338807,154.8293513818626,713990.4854546698,118.13382576143007,1
rl_best,14,13,0,6,0,0,81.25533938407898,11908.676326274872,3929.8614052372113,145.61050151310135,725822.1161730028,118.13382576143007,1
rl_best,14,12,0,6,0,0,81.21987342834473,11909.440159797668,3817.6350824841174,142.4845943657545,737394.6968928784,118.65148982084473,1
rl_best,14,11,0,6,0,0,81.19402766227722,11916.14717245102,3708.1929600423737,134.129669763483,748285.2250099868,118.65148982084473,1
rl_best,14,10,0,6,0,0,81.13568305969238,11948.626339435577,3601.10348479394,144.85144552034984,760037.8459844642,119.72247037978816,1
rl_best,14,9,0,6,0,0,81.09756231307983,11934.330612421036,3485.9182251143857,144.94345140371516,771792.4065665498,119.9282594332441,1
rl_best,14,8,0,6,0,0,80.99111795425415,12000.689208507538,3368.753454472442,158.78488982474298,784652.5723076988,119.9282594332441,1
rl_best,14,7,0,6,0,0,80.92806696891785,12004.646509885788,3242.789730010456,144.4466738816802,796342.3624050329,119.9282594332441,1
rl_best,14,6,0,6,0,0,80.84721088409424,12100.311815738678,3127.304108944726,147.8346211552201,808294.3791975391,119.9282594332441,1
rl_best,14,5,0,6,0,0,80.80939412117004,12183.823734521866,3005.8133768136577,127.24087591663873,818576.6372878096,111.6350613497792,1
rl_best,14,4,0,6,0,0,80.78537225723267,12279.038727283478,2899.577304714181,124.08514912968322,828600.9022518453,105.31132169984018,1
rl_best,14,3,0,6,0,0,80.75122117996216,12239.178568124771,2798.46912646861,103.70350757236609,836975.0871289594,100.66337802387262,1
rl_best,14,2,0,6,0,0,80.66458702087402,12486.255019903183,2712.040779491441,114.05257693875569,846175.0911463905,97.45860423514522,1
rl_best,14,1,0,6,0,0,80.6289267539978,12341.546714305878,2615.8317694911666,106.16570897693688,854735.1183192782,90.48681714092218,1
rl_best,15,100,1,12,0,1,81.66937232017517,10350.453555583954,10000.0,84.13536088387494,6871.282113317485,78.34826956228913,0
rl_best,15,99,1,12,0,1,85.99644064903259,10522.507280111313,9945.991135850833,94.66563213102549,15012.189528376372,78.34826956228913,0
rl_best,15,98,1,12,0,1,87.03044533729553,10658.210813999176,9884.672623960365,97.15453003862822,23467.59154417384,78.34826956228913,0
rl_best,15,97,1,12,0,1,87.66919136047363,10834.958255290985,9820.145573808413,80.78484454894861,30549.93353996173,80.43164846582134,0
rl_best,15,96,1,12,0,1,87.96086192131042,10941.245406866074,9766.232682381744,87.66662796353258,38261.16569736891,80.43164846582134,0
rl_best,15,95,1,12,0,1,88.2775866985321,10933.749973773956,9706.612396705095,97.9543695897523,46908.34105132832,80.76388620962199,0
rl_best,15,94,1,12,0,1,88.34104657173157,10962.435156106949,9642.86496009568,94.23128799118102,55232.831652271496,80.76388620962199,0
rl_best,15,93,1,12,0,1,88.54378342628479,10964.336693286896,9580.616117225209,95.54722084248851,63692.9440815322,81.2516721329647,0
rl_best,15,92,1,12,0,1,88.67258787155151,11002.8275847435,9516.131584526367,97.04757620930121,72298.40381067255,81.68189079408234,0
rl_best,15,91,1,12,0,1,88.64360213279724,11043.086647987366,9450.265463516207,99.18965353105477,81090.93199396938,81.68189079408234,0
rl_best,15,90,1,12,0,1,88.63528490066528,11081.710457801819,9384.952344988204,81.92889637224505,88352.7230655204,82.82831677780638,0
rl_best,15,89,1,12,0,1,88.52315545082092,11147.707551717758,9332.33049332754,95.87390918308283,96839.78403181233,82.82831677780638,0
rl_best,15,88,1,12,0,1,87.57674098014832,11202.15192437172,9268.060094528173,108.71594550303845,106360.77223154386,82.82831677780638,0
rl_best,15,87,1,12,0,1,87.02356696128845,11217.849403619766,9196.766029169452,98.35302859762616,114919.8036015549,84.56293398444693,0
rl_best,15,86,1,12,0,1,86.46643996238708,11239.725649356842,9132.422837275313,95.22597003187683,123153.65422217625,84.56293398444693,0
rl_best,15,85,1,12,0,1,86.39005184173584,11224.06780719757,9071.818045107579,107.89390801493353,132474.61452899384,84.8282916403851,0
rl_best,15,84,1,12,0,1,86.41276240348816,11259.203851222992,9000.923307569143,101.37771502922182,141234.94293082252,87.66566629607894,0
rl_best,15,83,1,12,0,1,86.36437177658081,11318.514496088028,8932.80340554047,104.72289135435528,150279.26965326854,87.66566629607894,0
rl_best,15,82,1,12,0,1,86.12499356269836,11362.217366695404,8864.575887159566,114.82525068040212,160168.5936289534,87.66566629607894,0
rl_best,15,81,1,12,0,1,85.90076088905334,11376.073062419891,8786.797724937036,106.91784277931532,169352.91767631276,88.02391932314761,0
rl_best,15,80,1,12,0,1,85.72287559509277,11443.417817354202,8716.074911265536,91.89546463162543,177230.46115868283,88.02391932314761,0
rl_best,15,79,1,12,0,1,85.57214617729187,11473.564952611923,8656.32254936696,103.74813085369615,186108.4113777161,89.41124357506565,0
rl_best,15,78,1,12,0,1,85.55693864822388,11583.017408847809,8586.479056453274,101.26298760907346,194772.16259592146,89.85798532780689,0
rl_best,15,77,1,12,0,1,85.39137840270996,11793.111264705658,8516.295347487667,109.47999439598257,204120.81022491536,91.10061121112462,0
rl_best,15,76,1,12,0,1,85.40463328361511,11884.991824626923,8441.323388554694,114.30892621266814,213883.3221491521,91.10061121112462,0
rl_best,15,75,1,12,0,1,85.41663408279419,12039.766013622284,8365.755553673598,114.99429065711662,223705.74739582153,91.10061121112462,0
rl_best,15,74,1,12,0,1,85.14286637306213,12228.96009683609,8287.509720603164,97.78120054684993,232031.11908777955,91.10061121112462,0
rl_best,15,73,1,12,0,1,84.75353837013245,12401.76185965538,8220.571139006996,116.93398870232588,241941.68838603474,91.59938678561403,0
rl_best,15,72,1,12,0,1,84.36233282089233,12622.040808200836,8140.067172363822,119.43701176003198,252017.6733232674,91.59938678561403,0
rl_best,15,71,1,12,0,1,83.92830967903137,12835.780680179596,8061.153150516376,109.52908054755372,261210.26391432207,93.48039800843478,0
rl_best,15,70,1,12,0,1,83.51029753684998,12917.475998401642,7987.492337247485,112.41229146502432,270597.84782136534,93.48039800843478,0
rl_best,15,69,1,12,0,1,83.4418249130249,12864.788472652435,7910.895299917225,123.02242704371467,280863.06363912235,93.48039800843478,0
rl_best,15,68,1,12,0,1,83.50446343421936,12786.285877227783,7826.0155113145265,107.31071972603812,289823.98771058506,95.11469441166237,0
rl_best,15,67,1,12,0,1,83.59058260917664,12691.62893295288,7751.681471393694,128.26357960761746,300545.6150575243,95.11469441166237,0
rl_best,15,66,1,12,0,1,83.71895670890808,12612.223029136658,7663.5801926093045,103.06128423905447,309173.79825109814,96.29318018780998,0
rl_best,15,65,1,12,0,1,83.82086992263794,12554.600834846497,7593.857734653335,113.55239274063726,318691.8585924154,96.29318018780998,0
rl_best,15,64,1,12,0,1,83.92099738121033,12482.600808143616,7518.31760398979,113.76639525043119,328239.24795029656,96.29318018780998,0
rl_best,15,63,1,12,0,1,84.12063479423523,12320.177406072617,7442.000368254517,120.98301446602046,338416.41592649836,96.29318018780998,0
rl_best,15,62,1,12,0,1,84.45440292358398,12172.561883926392,7357.8465038177,113.78176638483373,348025.7870701202,96.29318018780998,0
rl_best,15,61,1,12,0,1,84.72615838050842,12098.150551319122,7281.24163201732,146.0636724101559,360401.2009123818,96.40873891602581,0
rl_best,15,60,1,12,0,1,84.95839715003967,12043.964564800262,7181.610977201284,138.1857912019965,372141.2442418135,121.48371342624034,0
rl_best,15,59,1,12,0,1,85.1855218410492,11983.99767279625,7084.35944144516,137.29881845446187,383837.1157400163,121.717787817549,0
rl_best,15,58,1,12,0,1,85.42941212654114,11937.745213508606,6991.665943713928,149.32275002429353,396593.67049171013,121.717787817549,0
rl_best,15,57,1,12,0,1,85.6410551071167,11891.425848007202,6885.137376249568,155.56492158035167,409916.41451350733,121.717787817549,0
rl_best,15,56,1,12,0,1,85.87913632392883,11863.07817697525,6775.69186311042,163.5312971040382,423960.34107073396,121.717787817549,0
rl_best,15,55,1,12,0,1,86.08482241630554,11836.325824260712,6662.629235481721,163.88755774523975,438068.57237547496,125.52438207732914,0
rl_best,15,54,1,12,0,1,86.27338290214539,11800.200641155243,6544.571887598537,143.46208572564723,450445.53182922414,125.52438207732914,0
rl_best,15,53,1,12,0,1,86.40958070755005,11754.386126995087,6443.728712303884,135.99323084895786,462196.64988594764,125.52438207732914,0
rl_best,15,52,1,12,0,1,86.53414964675903,11712.099760770798,6350.328484605661,152.7114255537943,475411.4032375896,125.77567823347204,0
rl_best,15,51,1,12,0,1,86.64508700370789,11668.140292167664,6245.517489310159,149.73393726355275,488385.11325919785,127.57061847614774,0
rl_best,15,50,1,12,0,1,86.76381945610046,11621.436774730682,6139.616479282542,148.94752181119622,501308.3691500581,127.57061847614774,0
rl_best,15,49,1,12,0,1,86.92680597305298,11547.1051633358,6033.208320205302,163.23580091348222,515497.9359439202,127.56529444817109,0
rl_best,15,48,1,12,0,1,87.18170523643494,11480.24246096611,5917.840276174015,155.36480002274996,529042.9041436212,127.56529444817109,0
rl_best,15,47,1,12,0,1,87.57422804832458,11412.369906902313,5805.527489457112,146.82314764708258,541900.8279584397,127.56529444817109,0
rl_best,15,46,1,12,0,1,87.84138679504395,11418.21101307869,5702.8494970040365,130.59327251808443,553372.3221225314,130.8145259896823,0
rl_best,15,45,1,12,0,1,87.88100719451904,11401.474326848984,5609.636509855502,158.9335528993761,567339.562828332,130.8145259896823,0
rl_best,15,44,1,12,0,1,87.96915292739868,11400.63226222992,5495.959063415985,167.19813011997104,582047.8407060308,131.2339851260106,0
rl_best,15,43,1,12,0,1,88.34564685821533,11336.00264787674,5374.106991160192,156.3510123788871,595860.7720315804,131.2339851260106,0
rl_best,15,42,1,12,0,1,88.99806499481201,11293.064653873444,5262.684361487215,145.078260567893,608772.456494936,131.2339851260106,0
rl_best,15,41,1,12,0,1,89.10435318946838,11347.964107990265,5158.83211839652,155.96864662314027,622669.9418701277,134.1721664575167,0
rl_best,15,40,1,12,0,1,88.872731924057,11374.292820692062,5047.273247719547,149.88704866253696,635990.8133648015,134.1721664575167,0
rl_best,15,39,1,12,0,1,88.71113300323486,11376.180201768875,4940.403148892681,159.41180965973172,650132.4156138123,134.1721664575167,0
rl_best,15,38,1,12,0,1,88.28655123710632,11399.00654554367,4829.123190167102,151.95036624391864,663547.589408703,135.24479254111014,0
rl_best,15,37,1,12,0,1,87.63412117958069,11405.224204063416,4719.49312757789,161.27781480891053,677681.0289752451,135.24479254111014,0
rl_best,15,36,1,12,0,1,87.41646885871887,11501.337587833405,4601.723380046418,154.23959068391767,691164.1093510473,135.3776796692217,0
rl_best,15,35,1,12,0,1,87.16050267219543,11612.53273487091,4491.138880825993,147.0982786104874,703985.2692569521,135.3776796692217,0
rl_best,15,34,1,12,0,1,86.88997387886047,11761.848032474518,4382.503913616454,161.61170285770294,718027.705896776,135.3776796692217,0
rl_best,15,33,1,12,0,1,86.31216168403625,11922.989189624786,4264.5949091897455,154.72031980084424,731381.9511552323,135.3776796692217,0
rl_best,15,32,1,12,0,1,85.56504607200623,12187.688052654266,4153.897449960702,181.60326470949133,746920.8428669267,137.67563429490323,0
rl_best,15,31,1,12,0,1,84.9956464767456,12400.278449058533,4021.221191337787,177.1297565945797,761976.1010389515,146.59908961842842,0
rl_best,15,30,1,12,0,1,84.12195205688477,12562.0037317276,3888.035147773223,165.43150855343333,775892.5224701816,146.67867998707746,0
rl_best,15,29,1,12,0,1,83.34390997886658,12868.297696113586,3768.0532810332197,182.04605031909787,791064.9520999846,149.0471367442043,0
rl_best,15,28,1,12,0,1,82.48536109924316,13117.454051971436,3632.7570532416757,172.7933131344915,805317.8709294178,149.0471367442043,0
rl_best,15,27,1,12,0,1,81.89064145088196,13307.624459266663,3505.364620471797,177.3581248280177,819841.8415381097,149.46787494367135,0
rl_best,15,26,1,12,0,1,81.76443576812744,13586.563169956207,3375.2808360415393,191.25621461666202,835479.798013389,149.46787494367135,0
rl_best,15,25,1,12,0,1,81.94041848182678,13860.294818878174,3232.9158116086646,198.11664779410017,851713.5590418542,154.18295349612166,0
rl_best,15,24,1,12,0,1,82.21482157707214,14078.232049942017,3084.1515746152318,201.23111767973174,868257.7394776482,154.86606328959272,0
rl_best,15,23,1,12,0,1,82.16413497924805,14155.554175376892,2935.85455386612,196.31694152133704,884387.9511595204,155.75897319641388,0
rl_best,15,22,1,12,0,1,82.31888175010681,14247.420728206635,2792.1815768613023,179.31784468457641,899149.1956117941,158.80352394212818,0
rl_best,15,21,1,12,0,1,82.47844696044922,14243.229627609253,2660.4844659043692,198.01497672394336,915481.1633668945,158.80352394212818,0
rl_best,15,20,1,12,0,1,82.53056287765503,14207.024276256561,2510.9463108553964,179.04393800433868,930257.7603502246,158.80352394212818,0
rl_best,15,19,1,12,0,1,82.34140872955322,14065.669178962708,2373.2690381665307,205.88507758473898,947210.6276749453,158.80352394212818,0
rl_best,15,18,1,12,0,1,81.99294209480286,13730.554580688477,2217.6530064848394,196.83379580229402,963349.609696463,163.45135432315968,0
rl_best,15,17,1,12,0,1,81.69241666793823,13153.882026672363,2068.002759488002,189.6145061020856,978839.6769352399,163.45135432315968,0
rl_best,15,16,1,12,0,1,82.06811189651489,12439.320236444473,1918.9793250707853,198.72486526110555,995148.6514141082,163.48588367478033,0
rl_best,15,15,1,12,0,1,82.00664043426514,11687.37143278122,1767.1829433963212,201.16395959812868,1011645.431917205,166.63305223218825,0
rl_best,15,14,1,12,0,1,81.53003096580505,10886.424481868744,1613.9705115363558,197.99346338512197,1027787.845118021,167.6035577215017,0
rl_best,15,13,1,12,0,1,80.95967888832092,10693.351030349731,1460.450650198365,197.7761089747255,1043799.7353923963,168.05485080599917,0
rl_best,15,12,1,12,0,1,80.73074698448181,10474.95186328888,1309.362280229252,201.65832774044387,1060079.7628265237,169.09384479432455,0
rl_best,15,11,1,12,0,1,80.55547833442688,10328.333526849747,1150.7615002237071,35.586377202211224,1062946.4404642372,169.09384479432455,0
rl_best,15,10,1,12,0,1,80.47004103660583,10344.97931599617,1123.2949772783086,51.63428616724559,1067101.4535910112,170.63726322604822,0
rl_best,15,9,1,12,0,1,80.38329839706421,10433.145463466644,1083.3103315099597,121.84426634066767,1076895.6976102444,170.84305227950415,0
rl_best,15,8,1,12,0,1,80.30463337898254,10409.13462638855,986.0177191663734,11.781251384109055,1077841.7866833908,170.84305227950415,0
rl_best,15,7,1,12,0,1,80.2535331249237,10509.17997956276,976.650267231671,130.80590928672973,1088339.423057269,170.84305227950415,0
rl_best,15,6,1,12,0,1,80.20388126373291,10506.72322511673,872.54425342574,32.25621744338423,1090926.4968911153,170.84305227950415,0
rl_best,15,5,1,12,0,1,80.16755819320679,10567.00423359871,847.1182268039338,90.93074424946644,1098216.192622286,155.39122305741984,0
rl_best,15,4,1,12,0,1,80.13872027397156,10596.246421337128,772.8528407853009,61.478609159154075,1103143.0096845243,149.0674834074808,0
rl_best,15,3,1,12,0,1,80.11491775512695,10607.560127973557,721.682928846425,42.17522104830459,1106521.8740501134,142.23678861945825,0
rl_best,15,2,1,12,0,1,80.09694337844849,10714.699923992157,686.4902614553612,136.5876082406412,1117462.1239735617,135.31638940994628,0
rl_best,15,1,1,12,0,1,80.07463932037354,10606.903433799744,571.393970884892,0.0,1117462.1239735617,127.3584148712835,0
rl_best,16,100,1,6,0,0,83.62133979797363,10323.884636163712,10000.0,72.27521633818873,6043.750424387735,53.51064944791461,1
rl_best,16,99,1,6,0,0,85.35014629364014,10328.303873538971,9951.991577117027,59.83621263484376,11150.779926429008,53.51064944791461,1
rl_best,16,98,1,6,0,0,85.06326198577881,10395.217686891556,9913.041523755513,62.55673458639002,16472.059829525933,53.51064944791461,1
rl_best,16,97,1,6,0,0,84.88221764564514,10453.502833843231,9873.732273791167,60.35398555892744,21595.039967520937,55.53276728716988,1
rl_best,16,96,1,6,0,0,84.74952459335327,10551.167577505112,9834.631800196978,59.14543465671643,26607.587436544894,55.852472283942966,1
rl_best,16,95,1,6,0,0,84.68039631843567,10696.74476981163,9796.492924993374,75.47544052079064,32998.87765215396,56.18471002774361,1
rl_best,16,94,1,6,0,0,84.6097195148468,10886.536985635757,9747.097872630831,71.13984062483603,39017.99961375224,56.18471002774361,1
rl_best,16,93,1,6,0,0,84.50149416923523,11126.538962125778,9700.665442938962,66.030233297518,44597.652987735695,56.18471002774361,1
rl_best,16,92,1,6,0,0,84.24349188804626,11418.043375015259,9659.27642500647,75.54014169833381,50961.41830212114,56.85789131285237,1
rl_best,16,91,1,6,0,0,83.99745345115662,11722.899824380875,9611.522648334949,70.69933152001202,56899.982110501245,56.85789131285237,1
rl_best,16,90,1,6,0,0,84.04015064239502,12091.832011938095,9565.57453820147,70.03918517093832,62786.0857831375,57.85980122566746,1
rl_best,16,89,1,6,0,0,84.20802354812622,12645.768523216248,9519.702294582788,66.15370806741602,68356.75878987434,57.85980122566746,1
rl_best,16,88,1,6,0,0,84.1718578338623,13156.430423259735,9475.829831110335,59.99193013962774,73406.39100476608,57.85980122566746,1
rl_best,16,87,1,6,0,0,84.049311876297,13603.484332561493,9436.066041404662,56.82400988666749,78182.40993379237,59.05581472314141,1
rl_best,16,86,1,6,0,0,83.82741689682007,13854.661583900452,9398.102242689858,66.76194922928009,83778.89168467956,59.05581472314141,1
rl_best,16,85,1,6,0,0,83.9127504825592,13986.28056049347,9354.053318485066,82.83738847149074,90730.00479411459,59.321172379079584,1
rl_best,16,84,1,6,0,0,84.08833265304565,13960.518836975098,9301.887489629775,68.13093209331076,96459.02127593897,59.321172379079584,1
rl_best,16,83,1,6,0,0,84.2107617855072,13956.767320632935,9256.659596977986,77.75503081894827,103006.83165385819,59.321172379079584,1
rl_best,16,82,1,6,0,0,84.2207944393158,13975.09217262268,9204.289994866116,75.82891829131707,109393.20339382687,59.321172379079584,1
rl_best,16,81,1,6,0,0,84.19093132019043,13950.927257537842,9153.867411923527,71.85184273725146,115442.47695094794,59.67942540614826,1
rl_best,16,80,1,6,0,0,84.19064283370972,13936.786651611328,9106.22976213214,72.12278574345879,121514.54064564765,59.67942540614826,1
rl_best,16,79,1,6,0,0,84.25776600837708,13952.819108963013,9057.750233485094,73.31229934570405,127691.67120945407,60.144742931333404,1
rl_best,16,78,1,6,0,0,84.35665607452393,13975.189328193665,9008.670316959973,86.19523001738305,134962.81258329493,60.59148468407464,1
rl_best,16,77,1,6,0,0,84.45736765861511,13986.399471759796,8950.400343990177,70.43857095600312,140911.86886787353,61.68635059106254,1
rl_best,16,76,1,6,0,0,84.56383466720581,13995.217680931091,8903.742100601132,78.99134856152253,147591.68020776976,61.68635059106254,1
rl_best,16,75,1,6,0,0,84.6558165550232,14008.073210716248,8851.852142747863,58.397321856172056,152535.35317413052,61.68635059106254,1
rl_best,16,74,1,6,0,0,84.73481893539429,14027.180075645447,8813.697944208776,77.44337409132768,159097.50345550518,61.68635059106254,1
rl_best,16,73,1,6,0,0,84.78119611740112,14068.03846359253,8762.275885283534,70.24441027323002,165052.9085790311,61.811377832783585,1
rl_best,16,72,1,6,0,0,84.83773469924927,14099.425077438354,8714.7854935682,66.8674597869113,170725.7923924458,61.811377832783585,1
rl_best,16,71,1,6,0,0,84.8501443862915,14137.41558790207,8668.40727168598,75.45585548207389,177128.2326248909,63.69238905560433,1
rl_best,16,70,1,6,0,0,84.84644889831543,14155.139327049255,8618.183348403198,91.57030040614066,184897.6474389039,63.69238905560433,1
rl_best,16,69,1,6,0,0,84.66044425964355,14113.207757472992,8557.99307437072,72.40869444772154,191027.79967910878,63.69238905560433,1
rl_best,16,68,1,6,0,0,84.51234459877014,14078.98098230362,8509.449347558859,68.81930410280425,196843.88042249254,64.51194257070377,1
rl_best,16,67,1,6,0,0,84.36216235160828,14073.774218559265,8463.446095089606,83.07369631940972,203852.1570785388,64.51194257070377,1
rl_best,16,66,1,6,0,0,84.16933178901672,14060.733914375305,8407.328990434635,78.17726161257819,210432.28494956464,66.02319309723785,1
rl_best,16,65,1,6,0,0,84.12601709365845,14020.281434059143,8353.707987382773,93.69237691805878,218314.25145171874,66.02319309723785,1
rl_best,16,64,1,6,0,0,84.11353468894958,13995.491862297058,8288.754429641976,61.86282941584072,223517.75269974463,66.02319309723785,1
rl_best,16,63,1,6,0,0,84.08703207969666,13970.894813537598,8245.930635305818,84.83648641040902,230651.40105406544,66.02319309723785,1
rl_best,16,62,1,6,0,0,83.99062156677246,13954.898715019226,8188.027148013731,70.8948741447632,236605.9055993822,66.02319309723785,1
rl_best,16,61,1,6,0,0,83.8717520236969,13859.681487083435,8140.277758456515,99.98464935820023,244991.79331652948,66.0678136608015,1
rl_best,16,60,1,6,0,0,83.79817605018616,13786.118626594543,8073.982546982251,111.61036687648146,254344.53848907075,85.17672399217258,1
rl_best,16,59,1,6,0,0,83.72921228408813,13679.87722158432,7996.824319665758,101.70063880826528,262859.85286527534,85.17672399217258,1
rl_best,16,58,1,6,0,0,83.68314385414124,13590.033054351807,7928.597766111667,112.62146224595901,272284.37089146767,85.17672399217258,1
rl_best,16,57,1,6,0,0,83.65985989570618,13500.328660011292,7850.800593957321,110.38390871903455,281519.0732296425,85.17672399217258,1
rl_best,16,56,1,6,0,0,83.61612200737,13393.911123275757,7775.782932913016,124.07843613270376,291894.0308837984,85.17672399217258,1
rl_best,16,55,1,6,0,0,83.5951554775238,13243.459463119507,7690.899487608723,120.57214952756239,301973.2784698142,87.67464619283565,1
rl_best,16,54,1,6,0,0,83.7047529220581,13147.12643623352,7611.062692768239,107.2852143351784,310953.5608279304,87.67464619283565,1
rl_best,16,53,1,6,0,0,83.83417248725891,13055.724799633026,7537.1318247313375,84.90386586009176,318071.4061632804,87.67464619283565,1
rl_best,16,52,1,6,0,0,83.9493727684021,12976.405322551727,7479.253769386234,96.74387326697845,326192.99364322907,88.00542260216963,1
rl_best,16,51,1,6,0,0,84.0500557422638,12905.383706092834,7414.095444341361,100.40841254401225,334632.3263145455,89.3393639748758,1
rl_best,16,50,1,6,0,0,84.18200969696045,12818.759977817535,7346.04445172082,109.53607221327768,343853.2930077706,89.3393639748758,1
rl_best,16,49,1,6,0,0,84.26429510116577,12759.05430316925,7269.534975750751,108.99227725401639,353037.45042205113,89.87264365606573,1
rl_best,16,48,1,6,0,0,84.38045978546143,12620.151340961456,7194.925658146501,102.85995049384486,361716.82033823157,89.87264365606573,1
rl_best,16,47,1,6,0,0,84.54769372940063,12482.467889785767,7121.448144622095,106.63949610605749,370732.9437944641,89.87264365606573,1
rl_best,16,46,1,6,0,0,84.74533796310425,12315.835952758789,7047.138538327958,104.52264991465458,379590.75108628074,92.28499445299059,1
rl_best,16,45,1,6,0,0,85.00694036483765,12119.108438491821,6973.5069729625875,116.64500775297597,389506.386304194,92.32417290804567,1
rl_best,16,44,1,6,0,0,85.0988781452179,12142.92824268341,6890.827833880272,112.86616056398789,399111.1699487474,92.85601305134094,1
rl_best,16,43,1,6,0,0,85.14522314071655,12264.007478952408,6810.777803895919,107.70272370029058,408281.54239107156,92.85601305134094,1
rl_best,16,42,1,6,0,0,85.19840955734253,12425.403892993927,6734.3456172696315,102.34681615532848,417001.3283507633,92.85601305134094,1
rl_best,16,41,1,6,0,0,85.22475600242615,12524.202764034271,6662.170155848007,117.1514462407175,426985.5317719598,93.6308664821853,1
rl_best,16,40,1,6,0,0,85.26415824890137,12602.227628231049,6580.9363191859065,116.41882360207751,436911.8847707183,93.6308664821853,1
rl_best,16,39,1,6,0,0,85.24145126342773,12635.800242424011,6498.207188752836,102.07914666527344,445613.25937619846,93.6308664821853,1
rl_best,16,38,1,6,0,0,85.16825795173645,12664.968967437744,6427.9936502613,98.74513810625572,454023.2107699119,95.04742683727991,1
rl_best,16,37,1,6,0,0,85.09848237037659,12692.254483699799,6359.106263315254,114.5943232004945,463775.0137625344,95.04742683727991,1
rl_best,16,36,1,6,0,0,85.05322098731995,12692.07626581192,6277.236047533307,121.92134560554045,474144.81691339385,95.04742683727991,1
rl_best,16,35,1,6,0,0,85.02766251564026,12696.28793001175,6187.33932577536,108.29530806465456,483352.9138195426,95.04742683727991,1
rl_best,16,34,1,6,0,0,84.99874114990234,12697.194218635559,6112.6189772307425,100.23824645616898,491873.03858339065,95.04742683727991,1
rl_best,16,33,1,6,0,0,84.84383702278137,12580.032050609589,6043.275850418098,109.12544782576222,501131.6602937576,95.04742683727991,1
rl_best,16,32,1,6,0,0,84.83051776885986,12564.862966537476,5965.583220177076,130.42277525242005,512195.49184727203,97.00694341239463,1
rl_best,16,31,1,6,0,0,84.66776490211487,12418.151497840881,5874.032069561564,118.41449255914924,522221.3822642733,101.69890345053383,1
rl_best,16,30,1,6,0,0,84.7153377532959,12410.910725593567,5788.913376338497,123.30682230270689,532667.3613629327,101.69890345053383,1
rl_best,16,29,1,6,0,0,84.53464984893799,12368.609458208084,5700.511369979908,141.4808927283974,544627.3990900429,105.09652333242514,1
rl_best,16,28,1,6,0,0,84.49698328971863,12373.957335948944,5598.183523642533,125.4193182574913,555224.953129054,105.09652333242514,1
rl_best,16,27,1,6,0,0,84.53450441360474,12479.42864894867,5506.003692315654,126.83608144577593,565946.9784158363,105.51726153189219,1
rl_best,16,26,1,6,0,0,84.35544729232788,12532.747089862823,5411.157173342082,119.63523847771756,576038.8624695485,105.51726153189219,1
rl_best,16,25,1,6,0,0,84.17020320892334,12596.112489700317,5323.943462032378,127.17140752930025,586742.9056836545,108.86577323146005,1
rl_best,16,24,1,6,0,0,84.05341506004333,12671.26441001892,5230.80554950192,139.61678490846123,598478.1732549141,110.31606898852215,1
rl_best,16,23,1,6,0,0,83.8899314403534,12801.22995376587,5129.0895006748315,119.04589175265502,608464.9249523,111.20897889534331,1
rl_best,16,22,1,6,0,0,83.8754951953888,12965.15941619873,5041.196724954462,126.3853930632961,619065.5623809479,112.95137016244168,1
rl_best,16,21,1,6,0,0,83.91942501068115,13106.160759925842,4946.869502855943,136.52398660217094,630522.576836768,112.95137016244168,1
rl_best,16,20,1,6,0,0,83.96258234977722,13194.840550422668,4842.6948251984995,138.9780974819357,642191.5367914103,112.95137016244168,1
rl_best,16,19,1,6,0,0,83.90337944030762,13301.478624343872,4740.506449440813,142.98568113130582,654188.518649901,112.95137016244168,1
rl_best,16,18,1,6,0,0,83.8533616065979,13471.22848033905,4632.13571826984,140.7910434369328,665994.3209261884,117.40424760711261,1
rl_best,16,17,1,6,0,0,83.72126460075378,13622.263371944427,4526.650438132362,138.20981877607267,677565.4217343621,117.40424760711261,1
rl_best,16,16,1,6,0,0,83.39298367500305,13806.636333465576,4423.2911012234945,133.89047209033632,688730.94768763,117.43877695873326,1
rl_best,16,15,1,6,0,0,82.73519396781921,13958.44280719757,4320.594640192906,145.78420011485048,700792.4317615755,117.79311858824813,1
rl_best,16,14,1,6,0,0,82.04787969589233,14099.799394607544,4212.391141198846,152.17283008948124,713277.8898177408,118.13382576143007,1
rl_best,16,13,1,6,0,0,81.577068567276,14335.363507270813,4096.552628442692,146.69602518066665,725244.9215224509,118.13382576143007,1
rl_best,16,12,1,6,0,0,81.21971845626831,14552.919268608093,3984.218497563168,154.9048080232215,737826.2464176192,118.65148982084473,1
rl_best,16,11,1,6,0,0,80.92648267745972,14668.347239494324,3869.12104383073,146.98435817116163,749721.1735330152,118.65148982084473,1
rl_best,16,10,1,6,0,0,80.74795365333557,14787.285327911377,3754.9868347198817,146.60753973118946,761559.4323564589,119.72247037978816,1
rl_best,16,9,1,6,0,0,80.62016248703003,14854.447841644287,3643.8834058377124,137.690662944677,772660.0759760056,119.9282594332441,1
rl_best,16,8,1,6,0,0,80.53292393684387,14897.421598434448,3536.3234239339818,159.360611122408,785493.8519500555,119.9282594332441,1
rl_best,16,7,1,6,0,0,80.51428437232971,14924.453794956207,3414.585717219372,143.32310015921507,797033.4087933984,119.9282594332441,1
rl_best,16,6,1,6,0,0,80.51924228668213,14946.14064693451,3301.165037147387,139.7406544469729,808285.2204061138,119.9282594332441,1
rl_best,16,5,1,6,0,0,80.52392959594727,14958.00644159317,3189.560498333957,139.37743003259374,819508.4387693225,111.6350613497792,1
rl_best,16,4,1,6,0,0,80.50404787063599,14966.203570365906,3077.161817063323,112.64429538072179,828576.7605170062,105.31132169984018,1
rl_best,16,3,1,6,0,0,80.48405051231384,14972.718358039856,2986.4541749646123,111.74295970033204,837570.2865299231,100.66337802387262,1
rl_best,16,2,1,6,0,0,80.46492218971252,14977.979958057404,2895.2073780575965,124.0353075759776,847550.7779028012,97.45860423514522,1
rl_best,16,1,1,6,0,0,80.542151927948,14981.17208480835,2791.6465449067355,122.19178001112013,857392.3668128032,90.48681714092218,1
rl_best,17,100,4,6,0,0,92.2632086277008,10572.19460606575,10000.0,45.4841693245376,4196.515403647482,55.48941880342484,1
rl_best,17,99,4,6,0,0,86.46846652030945,11112.194061279297,9969.928181059706,58.01516514701737,9212.997768832578,55.48941880342484,1
rl_best,17,98,4,6,0,0,86.96115136146545,11154.265254735947,9932.153310425594,63.945083761964,14773.735876678316,55.48941880342484,1
rl_best,17,97,4,6,0,0,86.50050401687622,11307.395845651627,9889.826584949244,48.19221021064498,18942.386349586355,56.829019946353895,1
rl_best,17,96,4,6,0,0,85.86685419082642,11552.17558145523,9857.335093399395,51.8656439360044,23395.926034952565,57.148724943126965,1
rl_best,17,95,4,6,0,0,85.06324410438538,11827.031075954437,9821.778350085835,73.36627592418981,29636.699472921613,58.20839583537179,1
rl_best,17,94,4,6,0,0,84.50753450393677,12117.022424936295,9773.40733666093,79.77386690314624,36378.192282751705,58.20839583537179,1
rl_best,17,93,4,6,0,0,83.71766328811646,12454.828321933746,9720.270047183218,76.59158299634817,42790.260638743806,58.20839583537179,1
rl_best,17,92,4,6,0,0,83.46327781677246,12539.09170627594,9669.108830866213,80.01794079620137,49468.82026174321,59.44865838134444,1
rl_best,17,91,4,6,0,0,83.48302483558655,12508.74638557434,9614.699015290433,65.70126046838365,54953.760221154625,59.44865838134444,1
rl_best,17,90,4,6,0,0,83.48023176193237,12489.189505577087,9571.2735218409,75.7077908961346,61273.86415134786,60.89109345881038,1
rl_best,17,89,4,6,0,0,83.69592785835266,12478.655278682709,9520.796908079235,54.844698207419526,65864.14205592917,60.89109345881038,1
rl_best,17,88,4,6,0,0,83.9301860332489,12495.549470186234,9482.769592072069,57.691532678325345,70706.20312616427,61.15843374890705,1
rl_best,17,87,4,6,0,0,84.20605063438416,12510.606944561005,9445.567991518219,64.67405804684826,76152.15013278827,62.95185624470667,1
rl_best,17,86,4,6,0,0,84.54878807067871,12534.699440002441,9401.680887571263,89.79523237562906,83744.22820467268,62.95185624470667,1
rl_best,17,85,4,6,0,0,84.93436813354492,12577.864527702332,9341.523572957687,72.00410310873377,89859.8512052356,63.6293292994672,1
rl_best,17,84,4,6,0,0,85.21908640861511,12598.731815814972,9292.865862434142,71.98044677247341,95993.95911846973,63.6293292994672,1
rl_best,17,83,4,6,0,0,85.3405225276947,12581.097781658173,9244.237589715687,65.70283025788436,101601.07298422602,63.6293292994672,1
rl_best,17,82,4,6,0,0,85.47474026679993,12560.692727565765,9199.512381460374,78.28145254769346,108292.15980844793,63.6293292994672,1
rl_best,17,81,4,6,0,0,85.64523816108704,12593.54293346405,9148.985853778946,74.12809282328833,114640.87797272563,63.98758232653586,1
rl_best,17,80,4,6,0,0,85.96959710121155,12648.71060848236,9098.630061136562,79.79429976880427,121500.76177482304,63.98758232653586,1
rl_best,17,79,4,6,0,0,86.35565638542175,12693.580090999603,9045.30496033691,64.90152361653338,127105.37544714274,64.45289985172099,1
rl_best,17,78,4,6,0,0,86.82299256324768,12842.440009117126,9001.98081337878,80.45867811762058,134091.03865899766,64.89964160446222,1
rl_best,17,77,4,6,0,0,87.15749263763428,12915.533185005188,8948.095159775368,69.69752997077666,140165.7006142869,65.68756414862953,1
rl_best,17,76,4,6,0,0,87.37114667892456,12948.204576969147,8899.685747965015,69.35300678461795,146225.1523426902,65.68756414862953,1
rl_best,17,75,4,6,0,0,87.48893141746521,12974.620461463928,8853.144664422965,74.81952308152046,152771.03246625682,65.68756414862953,1
rl_best,17,74,4,6,0,0,87.45731949806213,13020.161986351013,8801.855920778773,83.6917348762791,160090.48726267868,65.68756414862953,1
rl_best,17,73,4,6,0,0,87.46970415115356,13073.598146438599,8745.50733480573,62.835722361069955,165586.70930772548,65.5279447130899,1
rl_best,17,72,4,6,0,0,87.42924213409424,13113.460540771484,8702.550822583707,82.72663041851213,172819.4359095233,65.5279447130899,1
rl_best,17,71,4,6,0,0,87.36566066741943,13147.88430929184,8647.321577418585,73.73086328982426,179260.98149241798,67.40895593591064,1
rl_best,17,70,4,6,0,0,87.33656287193298,13201.743960380554,8596.387635828807,79.5006992404442,186204.29930999366,67.40895593591064,1
rl_best,17,69,4,6,0,0,87.26362943649292,13256.694674491882,8541.597222611255,76.60119626435538,192888.79771519842,67.40895593591064,1
rl_best,17,68,4,6,0,0,87.26828813552856,13317.81268119812,8489.554877314155,71.22739412259202,199104.69046863163,68.22850945101008,1
rl_best,17,67,4,6,0,0,86.93365097045898,13399.691879749298,8439.424401473732,71.86318882359087,205352.01984344586,68.22850945101008,1
rl_best,17,66,4,6,0,0,85.9844708442688,13504.458963871002,8388.711726076046,71.07598857245355,211463.45111058158,69.84883539218049,1
rl_best,17,65,4,6,0,0,85.45608043670654,13607.333898544312,8337.189930688606,68.13445808351652,217285.95484107797,69.84883539218049,1
rl_best,17,64,4,6,0,0,84.97649550437927,13709.055185317993,8288.674834454472,75.26474964019842,223681.6895005165,69.84883539218049,1
rl_best,17,63,4,6,0,0,84.52054977416992,13752.763271331787,8236.500718376177,82.29907367428797,230637.65245337225,69.84883539218049,1
rl_best,17,62,4,6,0,0,84.24664974212646,13785.080313682556,8179.901453242601,100.93327014317236,239140.94231045153,69.84883539218049,1
rl_best,17,61,4,6,0,0,84.06943321228027,13840.281963348389,8109.451826310987,95.57233590725575,247175.65442094818,69.89345595574414,1
rl_best,17,60,4,6,0,0,83.74680638313293,13897.985816001892,8042.012941615665,112.18511831387046,256570.79980344875,89.10668574861131,1
rl_best,17,59,4,6,0,0,83.37902665138245,13927.487134933472,7965.178089423385,111.16406827254814,265839.55161462165,89.10668574861131,1
rl_best,17,58,4,6,0,0,83.01054120063782,13948.533833026886,7887.238283102884,113.83586342604109,275289.12824565923,89.10668574861131,1
rl_best,17,57,4,6,0,0,82.90366172790527,13966.658413410187,7806.428798802868,107.31992299834218,284186.3428385786,89.10668574861131,1
rl_best,17,56,4,6,0,0,82.88962602615356,13959.877490997314,7731.55113662718,117.69625861132324,293942.1416995487,89.10668574861131,1
rl_best,17,55,4,6,0,0,82.87430167198181,13945.978879928589,7648.2683002616905,98.51590353855961,302106.57840889116,91.60460794927438,1
rl_best,17,54,4,6,0,0,83.0127739906311,13918.58994960785,7579.459149625016,106.41140690521419,310940.0844803388,91.60460794927438,1
rl_best,17,53,4,6,0,0,83.1795060634613,13904.464840888977,7504.633820258309,128.76650377684567,321650.81866201566,91.60460794927438,1
rl_best,17,52,4,6,0,0,83.38161945343018,13870.30690908432,7414.108163721305,115.68784083462262,331297.0581818772,91.93538435860836,1
rl_best,17,51,4,6,0,0,83.64698052406311,13815.407156944275,7329.910040982171,115.60137520150333,340966.76416191226,93.26932573131452,1
rl_best,17,50,4,6,0,0,83.88202667236328,13768.625259399414,7247.22390112108,123.24576083364985,351304.8683594162,93.26932573131452,1
rl_best,17,49,4,6,0,0,84.17763352394104,13761.018514633179,7159.249152761854,114.0144814481764,360902.337595183,94.57064547423397,1
rl_best,17,48,4,6,0,0,84.46657180786133,13773.22256565094,7077.059672290197,115.49533652957008,370657.83273163106,94.57064547423397,1
rl_best,17,47,4,6,0,0,84.72955465316772,13791.81981086731,6995.5376381362485,105.42755211756929,379590.66227072635,94.57064547423397,1
rl_best,17,46,4,6,0,0,84.98272061347961,13809.489905834198,6920.246823970148,126.04614630770021,390302.4067067994,96.98299627115883,1
rl_best,17,45,4,6,0,0,85.23044943809509,13830.769658088684,6830.22801220077,124.38626821070523,400903.9042503252,97.32361841658812,1
rl_best,17,44,4,6,0,0,85.5362069606781,13850.10302066803,6740.277557026772,112.36861552411432,410515.4894036807,97.85545855988339,1
rl_best,17,43,4,6,0,0,85.82122802734375,13860.650062561035,6663.211920758842,116.28217060596133,420494.9680827694,97.85545855988339,1
rl_best,17,42,4,6,0,0,86.08758091926575,13865.83685874939,6579.7371801403115,102.29239275014582,429301.07272107294,97.85545855988339,1
rl_best,17,41,4,6,0,0,86.30534052848816,13864.28952217102,6505.199915306825,114.63543428487222,439194.72291365993,98.63031199072775,1
rl_best,17,40,4,6,0,0,86.3857638835907,13856.973052024841,6421.681881592884,109.90830109180395,448689.2354606231,98.63031199072775,1
rl_best,17,39,4,6,0,0,86.42841219902039,13799.025416374207,6341.661689921108,112.92918948910824,458449.52599908906,98.63031199072775,1
rl_best,17,38,4,6,0,0,86.44634366035461,13709.17022228241,6258.16131496997,117.68805314684103,468623.22788613895,100.36903837561965,1
rl_best,17,37,4,6,0,0,86.40670537948608,13609.151840209961,6174.421793878288,118.82037657197175,478890.1051576729,100.36903837561965,1
rl_best,17,36,4,6,0,0,86.55657291412354,13505.14143705368,6087.536560971099,115.29722444358796,488869.8377720204,100.68255637139985,1
rl_best,17,35,4,6,0,0,86.63411498069763,13488.74807357788,6005.038683407111,125.30739627533455,499725.73314886953,100.68255637139985,1
rl_best,17,34,4,6,0,0,86.49750471115112,13458.867073059082,5914.19393881452,129.65722882386885,510940.75990989694,100.68255637139985,1
rl_best,17,33,4,6,0,0,86.27481460571289,13436.658084392548,5819.858071612457,119.80726558668627,521277.1095368057,100.68255637139985,1
rl_best,17,32,4,6,0,0,85.9315574169159,13405.63952922821,5731.597841011945,126.663700568517,532161.5185948482,102.64207294651457,1
rl_best,17,31,4,6,0,0,85.42098879814148,13349.839448928833,5634.43333341493,123.10121963057561,542676.9464979492,107.33403298465377,1
rl_best,17,30,4,6,0,0,85.00959396362305,13314.549922943115,5540.485738642039,136.6179673065919,554290.7844268181,108.1643677223478,1
rl_best,17,29,4,6,0,0,84.6978485584259,13292.52690076828,5440.147879042215,142.09213244463655,566325.6823419578,111.5619876042391,1
rl_best,17,28,4,6,0,0,84.46985483169556,13239.858746528625,5333.011854257678,140.4875164765555,578192.6424643979,111.5619876042391,1
rl_best,17,27,4,6,0,0,84.26378726959229,13188.59875202179,5230.390072805644,137.1514265890619,589749.5410982198,111.98272580370616,1
rl_best,17,26,4,6,0,0,84.07288074493408,13122.147917747498,5128.3686821573865,136.2366451917787,601203.3483225182,111.98272580370616,1
rl_best,17,25,4,6,0,0,83.88011693954468,13064.385652542114,5026.316405763376,139.69693595662727,612921.1436466562,115.33123750327402,1
rl_best,17,24,4,6,0,0,83.69713068008423,13013.063073158264,4918.78799990929,143.72313753131172,624950.3578703661,116.78153326033612,1
rl_best,17,23,4,6,0,0,83.57921600341797,12975.988388061523,4813.504666493231,152.9227926697184,637731.5249907543,117.67444316715728,1
rl_best,17,22,4,6,0,0,83.56008291244507,12922.163605690002,4697.5768923078585,144.02748777803166,649766.4738111579,119.41683443425565,1
rl_best,17,21,4,6,0,0,83.47085237503052,12952.308654785156,4591.357486694191,146.30116284034116,661978.3565768993,119.41683443425565,1
rl_best,17,20,4,6,0,0,83.36631178855896,13122.055232524872,4480.736440639809,150.89790279499144,674558.1581895462,119.41683443425565,1
rl_best,17,19,4,6,0,0,82.87818908691406,13210.24239063263,4364.668262656524,157.19445711569193,687586.1501297953,119.41683443425565,1
rl_best,17,18,4,6,0,0,82.20871567726135,13097.292184829712,4244.78893428461,136.94139006619946,698843.9259301964,124.90873747636871,1
rl_best,17,17,4,6,0,0,81.6925859451294,12986.223101615906,4138.034651678204,158.24526657687628,711771.3909704378,124.90873747636871,1
rl_best,17,16,4,6,0,0,81.28973841667175,12875.407338142395,4016.4180409764167,151.4737194670088,724084.6500029112,126.98521596814824,1
rl_best,17,15,4,6,0,0,81.03229999542236,12779.521942138672,3900.5156878740963,143.8307887232426,735739.5896233112,127.33955759766313,1
rl_best,17,14,4,6,0,0,80.85316300392151,12678.858637809753,3790.5049119978357,157.646733071837,748485.8266294041,128.64897873426494,1
rl_best,17,13,4,6,0,0,80.72393894195557,12594.033777713776,3664.879687104215,162.41429997186657,761596.5486636335,128.64897873426494,1
rl_best,17,12,4,6,0,0,80.64656615257263,12496.000975370407,3534.961942024155,150.83012852400662,773760.4806014459,128.95909757847755,1
rl_best,17,11,4,6,0,0,80.5821430683136,12405.414879322052,3414.2923911326407,156.59620872661435,786379.3386970094,128.95909757847755,1
rl_best,17,10,4,6,0,0,80.52555918693542,12287.05883026123,3288.172915394872,169.84050426819775,800055.8402757971,129.70269371597854,1
rl_best,17,9,4,6,0,0,80.48133969306946,12186.750322580338,3153.0034292101855,161.1581435237406,813026.0635690356,129.70269371597854,1
rl_best,17,8,4,6,0,0,80.46100974082947,12270.794808864594,3022.3255430497184,153.7476946701313,825396.7583275192,129.70269371597854,1
rl_best,17,7,4,6,0,0,80.40233969688416,12193.112075328827,2902.1811424185526,166.74056300121842,838803.0897151928,129.70269371597854,1
rl_best,17,6,4,6,0,0,80.36371946334839,12223.513573408127,2764.2422509950775,129.7571930063842,849230.8603723095,129.70269371597854,1
rl_best,17,5,4,6,0,0,80.32336473464966,12305.759340524673,2658.25900820933,127.7093260850763,859488.9031514573,117.28918192833491,1
rl_best,17,4,4,6,0,0,80.28647184371948,12401.702553033829,2553.6916349615794,123.46802150308255,869401.7149834643,110.96544227839588,1
rl_best,17,3,4,6,0,0,80.24342179298401,12509.827315807343,2450.5458804535283,122.72101699230919,879249.2693128422,106.31749860242833,1
rl_best,17,2,4,6,0,0,80.21467566490173,12600.46660900116,2347.877906622999,109.21659909242089,888010.0433862644,102.72787383917988,1
rl_best,17,1,4,6,0,0,80.19043207168579,12630.56993484497,2254.473094883585,106.8356497805294,896577.2403028243,95.2678864120809,1
rl_best,18,100,5,12,1,1,116.2159013748169,14492.48343706131,10000.0,95.88621637163287,11143.50306505004,122.62129846453644,0
rl_best,18,99,5,12,1,1,111.62387371063232,13931.891322135925,9931.111035621625,118.40999733265106,24360.88565338619,122.62129846453644,0
rl_best,18,98,5,12,1,1,110.83545207977295,13900.594115257263,9843.5886847665,100.51000920385334,35500.95796203741,122.62129846453644,0
rl_best,18,97,5,12,1,1,111.13901853561401,13954.34319972992,9770.760930420165,111.5862639467346,47902.54581913347,124.02216067174243,0
rl_best,18,96,5,12,1,1,111.31718158721924,13993.748426437378,9691.21965245991,116.83253141578463,60908.01393403886,124.02216067174243,0
rl_best,18,95,5,12,1,1,111.45823955535889,14040.84861278534,9606.97348813209,116.49314716927395,73892.13503778947,125.08183156398725,0
rl_best,18,94,5,12,1,1,111.5627908706665,14103.135466575623,9524.02077739742,108.12646295364533,85955.02501187187,125.08183156398725,0
rl_best,18,93,5,12,1,1,111.83207035064697,14149.989485740662,9445.986744436244,108.75315221020924,98117.1151806986,125.56961748732996,0
rl_best,18,92,5,12,1,1,111.64388418197632,14217.681884765625,9367.796739945743,102.73481909390635,109586.82942507498,126.56691740931149,0
rl_best,18,91,5,12,1,1,110.94329595565796,14251.625835895538,9293.74072119367,112.69825885969354,122089.9457114333,126.56691740931149,0
rl_best,18,90,5,12,1,1,109.87483263015747,14234.983921051025,9212.607520965501,112.72035222497928,134475.0755461653,128.0068958182441,0
rl_best,18,89,5,12,1,1,108.75247240066528,14172.545373439789,9130.565804556756,109.53281086110653,146387.03953630506,128.0068958182441,0
rl_best,18,88,5,12,1,1,107.57599353790283,14088.20390701294,9050.750725798294,116.94338775813665,158967.34066207483,128.27423610834077,0
rl_best,18,87,5,12,1,1,106.39767169952393,13968.778848648071,8966.13034815583,118.4821452652345,171573.56505626056,129.9887842880545,0
rl_best,18,86,5,12,1,1,105.14223098754883,13804.550766944885,8879.372180308743,129.36752162202382,185175.55489693012,129.9887842880545,0
rl_best,18,85,5,12,1,1,104.05568838119507,13568.958044052124,8785.596977840876,124.18721727019661,198097.94127812545,131.39065547928402,0
rl_best,18,84,5,12,1,1,102.96786546707153,13298.607468605042,8693.400179823017,133.75972669326845,211870.89482119016,134.22803013497784,0
rl_best,18,83,5,12,1,1,101.2555718421936,13112.66541481018,8597.699095628144,132.17058492233375,225253.90297821828,134.22803013497784,0
rl_best,18,82,5,12,1,1,99.71895813941956,12997.57033586502,8501.687499150608,140.815335306293,239295.86150501485,134.22803013497784,0
rl_best,18,81,5,12,1,1,98.73786568641663,12868.698239326477,8399.421628620143,130.71005692535888,252201.8935495748,134.58628316204653,0
rl_best,18,80,5,12,1,1,97.51198291778564,12763.570547103882,8302.50911379779,125.40884037907415,264430.7582503584,134.58628316204653,0
rl_best,18,79,5,12,1,1,96.4191484451294,12695.974111557007,8212.660036948047,138.96689443828225,277829.82787416177,137.25137735790267,0
rl_best,18,78,5,12,1,1,96.17424488067627,12559.122443199158,8111.73597495956,143.67824769961982,291647.9748524515,137.25137735790267,0
rl_best,18,77,5,12,1,1,95.60849070549011,12393.166720867157,8006.570632347104,155.2127003142863,306487.62686782394,138.34527592112582,0
rl_best,18,76,5,12,1,1,95.50991296768188,12231.632471084595,7895.094988652244,171.26457170919073,322845.0912062161,139.8599388733162,0
rl_best,18,75,5,12,1,1,95.0465202331543,12031.684666872025,7768.435840071927,141.98882317929173,336340.6347614084,139.8599388733162,0
rl_best,18,74,5,12,1,1,95.27306318283081,11850.917637348175,7664.85763797459,144.7357594352545,350130.05391489837,139.8599388733162,0
rl_best,18,73,5,12,1,1,94.7155249118805,11809.206157922745,7561.544969872507,152.74594838926072,364597.4665947502,140.6224031964283,0
rl_best,18,72,5,12,1,1,94.36430096626282,11856.158971786499,7450.6248920042635,145.79491291249923,378355.3016361753,140.6224031964283,0
rl_best,18,71,5,12,1,1,93.7981367111206,11899.693459272385,7344.586470162753,146.30400785692842,392078.34496652434,140.6224031964283,0
rl_best,18,70,5,12,1,1,93.44147205352783,11949.096322059631,7236.468749974916,144.77017620446534,405605.88334051816,140.6224031964283,0
rl_best,18,69,5,12,1,1,92.98203825950623,11991.778910160065,7127.4239321442565,148.53959641487722,419417.3977774179,143.74385215300907,0
rl_best,18,68,5,12,1,1,92.91083812713623,12012.519538402557,7018.084105134521,158.66354243205927,434158.960485001,146.41315056855447,0
rl_best,18,67,5,12,1,1,93.14875602722168,12022.985070943832,6899.498197895595,161.80615747584233,449231.0027714204,146.41315056855447,0
rl_best,18,66,5,12,1,1,93.18802118301392,12014.967054128647,6779.263436414832,163.93568788181918,464507.8451264033,147.95730716934838,0
rl_best,18,65,5,12,1,1,93.37238430976868,11996.345520019531,6656.785908508937,151.87992822183205,478689.23615327233,147.95730716934838,0
rl_best,18,64,5,12,1,1,94.2174220085144,12021.493762731552,6542.879946208639,154.72180461072836,493266.7257122002,147.95730716934838,0
rl_best,18,63,5,12,1,1,94.74743604660034,12044.949680566788,6429.183706343351,158.1679248541918,508252.7310569463,149.66408283344634,0
rl_best,18,62,5,12,1,1,95.74745774269104,12048.956155776978,6311.81378626609,159.31292099092695,523506.53822738974,149.66408283344634,0
rl_best,18,61,5,12,1,1,96.81308269500732,12053.029239177704,6192.263572096769,177.49413008978885,540690.2921216509,149.93764281533836,0
rl_best,18,60,5,12,1,1,98.09319257736206,12084.047794342041,6058.849831626028,179.35092019478097,558283.3964752447,175.84600634426346,0
rl_best,18,59,5,12,1,1,99.69352960586548,11983.30283164978,5927.145862578997,194.92603800950576,577716.2612164994,176.08019672204279,0
rl_best,18,58,5,12,1,1,100.10076761245728,11786.844432353973,5780.777938445927,180.42665921385858,595777.1083015578,182.18293728047686,0
rl_best,18,57,5,12,1,1,100.50322532653809,11763.177812099457,5643.732747165172,169.5324685541477,612815.6681888195,182.18293728047686,0
rl_best,18,56,5,12,1,1,101.07028484344482,11733.348667621613,5517.1299981004095,189.15017267760456,631933.1300195318,182.18293728047686,0
rl_best,18,55,5,12,1,1,101.77527189254761,11630.010306835175,5377.925122304212,173.25174252487008,649565.8732208582,184.4032916851394,0
rl_best,18,54,5,12,1,1,102.64386177062988,11521.961092948914,5244.604178122137,182.95224504270976,668344.7981716485,184.4032916851394,0
rl_best,18,53,5,12,1,1,103.75977516174316,11405.745446681976,5107.859830882724,176.12279304213126,686619.2595785583,184.4032916851394,0
rl_best,18,52,5,12,1,1,105.1648759841919,11305.763125419617,4973.269431872794,168.3659377035536,704325.4425371146,184.4032916851394,0
rl_best,18,51,5,12,1,1,106.59078121185303,11247.513741254807,4845.470382607117,182.417449642072,723769.4610011369,186.63549510603517,0
rl_best,18,50,5,12,1,1,108.03308486938477,11215.998530387878,4706.746131667009,189.18570656810658,744207.7764948837,195.43755580295394,0
rl_best,18,49,5,12,1,1,109.42522287368774,11162.471026182175,4562.521262958104,172.46308904780614,763079.5884514245,196.20027183670678,0
rl_best,18,48,5,12,1,1,110.55168151855469,11105.953007936478,4430.662836050015,171.26322076550883,782013.025489335,196.20027183670678,0
rl_best,18,47,5,12,1,1,111.43680095672607,11125.193387269974,4301.096787494446,170.3134564105456,800992.2122316089,199.91319423353335,0
rl_best,18,46,5,12,1,1,112.3052978515625,11141.053289175034,4171.770000101435,184.91058900961434,821758.6510062416,199.91319423353335,0
rl_best,18,45,5,12,1,1,112.89980888366699,11094.535440206528,4026.8116302068274,166.23853802158467,840526.9501779787,199.91319423353335,0
rl_best,18,44,5,12,1,1,113.2742714881897,11067.702919244766,3903.609216059712,165.47436545722454,859270.9383751163,200.5032029124764,0
rl_best,18,43,5,12,1,1,113.66795539855957,11034.051179885864,3775.4048690566633,162.44581841493132,877735.8224173873,200.5032029124764,0
rl_best,18,42,5,12,1,1,114.09851551055908,10996.215492486954,3649.310535900112,174.36532512715874,897630.6471709121,200.5032029124764,0
rl_best,18,41,5,12,1,1,114.5288348197937,10948.046147823334,3515.6844154725113,166.30617208178265,916677.4992827788,203.90988037788304,0
rl_best,18,40,5,12,1,1,114.90113973617554,10891.791582107544,3388.5460016425586,163.96182790812293,935516.9001826488,203.90988037788304,0
rl_best,18,39,5,12,1,1,115.10738849639893,10814.021825790405,3263.151662043507,168.4727645317818,954909.3601406709,203.90988037788304,0
rl_best,18,38,5,12,1,1,115.23510456085205,10743.771642446518,3130.411923780728,169.91331335185015,974489.3385710522,211.06427502110148,0
rl_best,18,37,5,12,1,1,115.20737171173096,10681.954324245453,2996.8066042981063,175.3603186062521,994692.1399802102,211.06427502110148,0
rl_best,18,36,5,12,1,1,114.91865873336792,10653.263181447983,2862.5446534246776,172.73698590161092,1014542.842713668,211.3777930168817,0
rl_best,18,35,5,12,1,1,114.35237169265747,10612.38244175911,2728.422135409798,165.11040429269661,1033423.6090356715,211.3777930168817,0
rl_best,18,34,5,12,1,1,113.6085033416748,10581.201910972595,2599.9865258926793,186.58559571170983,1054621.3193095936,211.3777930168817,0
rl_best,18,33,5,12,1,1,112.67531871795654,10548.956394195557,2452.0312293383977,175.86697911105904,1074437.1872328965,211.3777930168817,0
rl_best,18,32,5,12,1,1,111.46584510803223,10493.490248918533,2315.0577284368464,185.7747014776021,1095144.7213327899,211.3777930168817,0
rl_best,18,31,5,12,1,1,109.84048128128052,10468.105375766754,2168.4465677897924,202.36487231945256,1117372.5763027833,215.8582445896582,0
rl_best,18,30,5,12,1,1,107.68042087554932,10447.801649570465,2009.9501307688106,199.71270793839798,1138877.7247477856,217.62011982881515,0
rl_best,18,29,5,12,1,1,104.72217559814453,10427.225232124329,1852.3325721128167,199.46106624177702,1159765.72155175,228.32407060173463,0
rl_best,18,28,5,12,1,1,103.0388069152832,10397.043526172638,1694.7125867511586,223.7157822923773,1182817.1288472759,228.32407060173463,0
rl_best,18,27,5,12,1,1,102.6849627494812,10349.640548229218,1520.9383286585326,228.40397264574875,1206270.782270238,228.74480880120169,0
rl_best,18,26,5,12,1,1,103.39416980743408,10267.625451087952,1340.5788608429157,58.265618165543856,1212295.1074887814,228.74480880120169,0
rl_best,18,25,5,12,1,1,104.21172857284546,10241.505354642868,1294.3020313546003,1.3346788566304895,1212434.1966795207,232.96745592437514,0
rl_best,18,24,5,12,1,1,104.97088670730591,10270.498842000961,1293.2369833898538,54.131862509264465,1218116.4662862362,236.4388957050125,0
rl_best,18,23,5,12,1,1,105.31764507293701,10287.193059921265,1250.8211392944704,41.764514231923386,1222515.0065727576,238.0786546384911,0
rl_best,18,22,5,12,1,1,105.83211660385132,10294.027775526047,1217.3676495085565,31.161072102493563,1225812.8487890097,240.89903206973992,0
rl_best,18,21,5,12,1,1,106.3676643371582,10322.411209344864,1192.26130771948,51.945919316929576,1231338.214898598,240.89903206973992,0
rl_best,18,20,5,12,1,1,106.4524245262146,10335.1791203022,1150.4082646595052,36.244262961512504,1235196.5045660166,240.89903206973992,0
rl_best,18,19,5,12,1,1,106.1137318611145,10401.212275028229,1120.482254549439,88.88412243511448,1244628.330500807,240.89903206973992,0
rl_best,18,18,5,12,1,1,105.4928207397461,10504.55778837204,1047.9418583505085,126.9521785871184,1258020.873919018,246.92805639126922,0
rl_best,18,17,5,12,1,1,105.11341094970703,10508.718341588974,943.6340600994263,28.729112639097366,1261040.688942072,246.92805639126922,0
rl_best,18,16,5,12,1,1,105.3937816619873,10550.543516874313,920.3471371454452,64.60911789158126,1267850.088206511,249.22632805170318,0
rl_best,18,15,5,12,1,1,105.00847816467285,10727.638602256775,867.3051266451475,200.06295476391824,1288858.3946233978,251.8711947131633,0
rl_best,18,14,5,12,1,1,106.98499917984009,10601.241886615753,703.2105907470177,0.0,1288858.3946233978,253.63584708782395,0
rl_best,18,13,5,12,1,1,105.83872318267822,10704.752504825592,703.2105907470177,25.446058450674172,1291551.572959849,254.08714017232143,0
rl_best,18,12,5,12,1,1,105.70898532867432,11122.261434793472,682.3124073829003,249.97795371752804,1317976.488801867,254.80629722425985,0
rl_best,18,11,5,12,1,1,108.8239574432373,10754.696130752563,477.72290219908245,0.0,1317976.488801867,254.80629722425985,0
rl_best,18,10,5,12,1,1,106.47095680236816,10941.863656044006,477.72290219908245,58.39811260364331,1324194.1917262294,255.9433429025627,0
rl_best,18,9,5,12,1,1,105.94154357910156,11313.7686252594,428.3533655995034,230.5128979796607,1348615.0839530865,255.9433429025627,0
rl_best,18,8,5,12,1,1,106.68842315673828,10867.279469966888,235.79064796687635,0.0,1348615.0839530865,255.9433429025627,0
rl_best,18,7,5,12,1,1,101.00672006607056,11143.48515868187,235.79064796687635,43.22979774212399,1352981.584032138,255.9433429025627,0
rl_best,18,6,5,12,1,1,97.75169849395752,11167.652159929276,199.19170502557245,46.82081760579604,1357558.3984779804,255.9433429025627,0
rl_best,18,5,5,12,1,1,92.5715696811676,10994.83534693718,159.86270945850083,0.0,1357558.3984779804,230.04512928449802,0
rl_best,18,4,5,12,1,1,86.37839913368225,11131.874173879623,159.86270945850083,7.706790747441119,1358224.0987252027,226.42549507794118,0
rl_best,18,3,5,12,1,1,83.11746954917908,10932.109504938126,153.23369033471135,0.0,1358224.0987252027,215.56234262596197,0
rl_best,18,2,5,12,1,1,81.80492639541626,11310.057938098907,153.23369033471135,218.80546539747047,1376123.4637169575,203.8312723170848,0
rl_best,18,1,5,12,1,1,81.12260937690735,10492.414087057114,-37.28282195529755,0.0,1376123.4637169575,196.37128488998587,0
rl_best,19,100,4,6,0,0,92.2632086277008,10572.19460606575,10000.0,63.96799932842221,5901.892867534843,55.48941880342484,1
rl_best,19,99,4,6,0,0,86.47971987724304,11112.48403787613,9959.255795799989,69.86933504883753,11944.173390567552,55.48941880342484,1
rl_best,19,98,4,6,0,0,86.90399527549744,11159.265041351318,9915.404825274612,70.50769439698435,18071.573731329296,55.48941880342484,1
rl_best,19,97,4,6,0,0,86.39342308044434,11321.623623371124,9870.33723995396,71.53153198024974,24251.427637291345,56.829019946353895,1
rl_best,19,96,4,6,0,0,85.69106340408325,11568.44437122345,9823.721760385963,62.065208332378106,29569.861339688792,57.148724943126965,1
rl_best,19,95,4,6,0,0,84.85462665557861,11849.620640277863,9783.16202665744,71.52287186396401,35638.907929040244,58.20839583537179,1
rl_best,19,94,4,6,0,0,84.3048083782196,12161.000669002533,9737.346303699047,85.18070339666838,42820.05080641833,58.20839583537179,1
rl_best,19,93,4,6,0,0,83.5647439956665,12476.106733083725,9681.277568649622,61.716783354487845,47977.39800767212,58.20839583537179,1
rl_best,19,92,4,6,0,0,83.44250917434692,12519.793808460236,9641.89811494088,73.79515925372056,54135.05126072309,59.44865838134444,1
rl_best,19,91,4,6,0,0,83.4468126296997,12495.930343866348,9593.613677710366,67.17154522255306,59740.30260895688,59.44865838134444,1
rl_best,19,90,4,6,0,0,83.4943163394928,12475.621402263641,9548.92103066042,73.72781990405296,65896.15652704703,60.89109345881038,1
rl_best,19,89,4,6,0,0,83.71962904930115,12477.369606494904,9501.582131996252,70.10983592622934,71765.72598349831,60.89109345881038,1
rl_best,19,88,4,6,0,0,83.96722793579102,12492.492645978928,9455.933210745949,62.63688464344316,77025.17155354215,61.15843374890705,1
rl_best,19,87,4,6,0,0,84.3323814868927,12506.775259971619,9415.586365456986,60.30822826048545,82111.10806600402,62.95185624470667,1
rl_best,19,86,4,6,0,0,84.67365264892578,12529.079616069794,9376.297811768765,80.23290801579111,88904.72145034633,62.95185624470667,1
rl_best,19,85,4,6,0,0,85.03711700439453,12577.641308307648,9324.925497778167,77.63095789203432,95506.23429977449,63.6293292994672,1
rl_best,19,84,4,6,0,0,85.29199600219727,12593.703269958496,9275.0525948634,73.55064884161976,101779.51594673294,63.6293292994672,1
rl_best,19,83,4,6,0,0,85.42551517486572,12578.846216201782,9227.139497743525,65.06024005789426,107337.32047107899,63.6293292994672,1
rl_best,19,82,4,6,0,0,85.56066751480103,12558.076083660126,9184.725208216958,65.27108403468125,112921.95799050099,63.6293292994672,1
rl_best,19,81,4,6,0,0,85.76916456222534,12607.010900974274,9141.466193014683,75.28414757903512,119379.01643313411,63.98758232653586,1
rl_best,19,80,4,6,0,0,86.07389211654663,12652.57477760315,9090.72976888595,63.517809976192495,124846.2415565042,63.98758232653586,1
rl_best,19,79,4,6,0,0,86.47970080375671,12712.054550647736,9047.940500372439,74.79913374552414,131314.84826319732,64.45289985172099,1
rl_best,19,78,4,6,0,0,86.89958810806274,12844.94936466217,8998.064607160806,74.50623959403812,137789.40979539987,64.89964160446222,1
rl_best,19,77,4,6,0,0,87.2500467300415,12922.21188545227,8947.361822562303,86.82586698235612,145364.9707469868,65.68756414862953,1
rl_best,19,76,4,6,0,0,87.46203064918518,12942.576706409454,8888.651464740426,77.64628225702455,152156.07226554595,65.68756414862953,1
rl_best,19,75,4,6,0,0,87.57013201713562,12976.282238960266,8839.276919293115,79.9360422722742,159156.08204025633,65.68756414862953,1
rl_best,19,74,4,6,0,0,87.56056547164917,13023.417592048645,8786.081036495922,74.23775493663264,165656.38184185358,65.68756414862953,1
rl_best,19,73,4,6,0,0,87.56836175918579,13077.044188976288,8736.201943962182,84.85105779033834,173086.6499660875,65.5279447130899,1
rl_best,19,72,4,6,0,0,87.57794618606567,13124.12291765213,8679.272942533238,73.72584112596405,179543.40771273963,65.5279447130899,1
rl_best,19,71,4,6,0,0,87.54103779792786,13160.88318824768,8630.651935156577,80.44767063576133,186585.88028862007,67.40895593591064,1
rl_best,19,70,4,6,0,0,87.51392126083374,13206.387758255005,8575.758434692767,81.89285605857386,193752.6452455549,67.40895593591064,1
rl_best,19,69,4,6,0,0,87.51736998558044,13257.807493209839,8520.389349621923,74.84060696129197,200302.49833493168,67.40895593591064,1
rl_best,19,68,4,6,0,0,87.49943614006042,13319.08255815506,8471.230964059241,86.03162263110687,207830.216805368,68.22850945101008,1
rl_best,19,67,4,6,0,0,87.0863425731659,13403.07503938675,8412.741727128814,66.05194682554495,213582.43927424194,68.22850945101008,1
rl_best,19,66,4,6,0,0,86.25025868415833,13509.668707847595,8368.797295702323,89.3846363995855,221291.88728609562,69.84883539218049,1
rl_best,19,65,4,6,0,0,85.69954991340637,13606.15611076355,8307.378154358561,76.70825534598778,227865.75024388943,69.84883539218049,1
rl_best,19,64,4,6,0,0,85.23974180221558,13687.109351158142,8253.609068153706,93.43450723858697,235830.08351632382,69.84883539218049,1
rl_best,19,63,4,6,0,0,84.86761212348938,13722.595274448395,8189.325623414732,81.51116310858467,242747.74129075767,69.84883539218049,1
rl_best,19,62,4,6,0,0,84.65325713157654,13767.64714717865,8135.429492994695,89.24916595046246,250302.9738847409,69.84883539218049,1
rl_best,19,61,4,6,0,0,84.33861374855042,13816.729187965393,8073.029853985827,113.16479721090212,259847.1360066442,69.89345595574414,1
rl_best,19,60,4,6,0,0,83.94452810287476,13875.800371170044,7997.510627550846,115.38418324367906,269533.00681957044,89.10668574861131,1
rl_best,19,59,4,6,0,0,83.59125137329102,13889.044523239136,7919.795419725731,89.06777296807354,276978.2934190039,89.10668574861131,1
rl_best,19,58,4,6,0,0,83.22607040405273,13906.047344207764,7858.665311503937,85.36049790933124,284082.5122277309,89.10668574861131,1
rl_best,19,57,4,6,0,0,83.12775492668152,13916.987776756287,7800.186530382354,115.24386708686893,293662.47616773116,89.10668574861131,1
rl_best,19,56,4,6,0,0,83.09226751327515,13919.262290000916,7719.890225131238,131.95764157673898,304627.13582204643,89.10668574861131,1
rl_best,19,55,4,6,0,0,83.11078071594238,13888.10247182846,7628.337737433408,102.30357901707248,313129.6661441904,91.60460794927438,1
rl_best,19,54,4,6,0,0,83.31767678260803,13847.667574882507,7557.30047741317,115.37624488824427,322742.5468241802,91.60460794927438,1
rl_best,19,53,4,6,0,0,83.53617787361145,13820.602297782898,7478.663115496076,96.09912489607696,330770.30041499727,91.60460794927438,1
rl_best,19,52,4,6,0,0,83.74181389808655,13793.874680995941,7412.805483378716,105.91100455268229,339639.4800480074,91.93538435860836,1
rl_best,19,51,4,6,0,0,83.91522407531738,13767.592906951904,7340.120987833002,109.76884933455541,348850.75763640634,93.26932573131452,1
rl_best,19,50,4,6,0,0,84.0722382068634,13735.463321208954,7263.190571918369,117.41114508272466,358721.7753939418,93.26932573131452,1
rl_best,19,49,4,6,0,0,84.31504726409912,13748.721480369568,7179.891096407087,108.16942484252147,367842.0855620694,94.57064547423397,1
rl_best,19,48,4,6,0,0,84.55272436141968,13767.574429512024,7103.6240165871395,98.14666737554498,376140.6536756658,94.57064547423397,1
rl_best,19,47,4,6,0,0,84.76255893707275,13785.110116004944,7035.274480118171,102.03672526993984,384789.54761510494,94.57064547423397,1
rl_best,19,46,4,6,0,0,84.95539665222168,13803.86769771576,6965.188299646194,123.24359346081853,395259.75598241395,96.98299627115883,1
rl_best,19,45,4,6,0,0,85.16805648803711,13824.186623096466,6880.46916790836,126.79075914888857,406058.27851976757,97.32361841658812,1
rl_best,19,44,4,6,0,0,85.45507788658142,13842.14997291565,6789.294818388051,119.23131935171165,416247.2002014879,97.85545855988339,1
rl_best,19,43,4,6,0,0,85.75115323066711,13855.401873588562,6706.065568370508,106.72820719571038,425399.2670507617,97.85545855988339,1
rl_best,19,42,4,6,0,0,86.01328253746033,13859.07769203186,6632.100290185501,114.62043337641907,435258.14677133376,97.85545855988339,1
rl_best,19,41,4,6,0,0,86.21197462081909,13861.62519454956,6552.715986146823,114.21975233931829,445105.2571612073,98.63031199072775,1
rl_best,19,40,4,6,0,0,86.32599353790283,13853.85811328888,6473.144089016108,119.73130119066946,455441.18069407775,98.63031199072775,1
rl_best,19,39,4,6,0,0,86.3612413406372,13796.683847904205,6391.130098712454,120.65763005033537,465861.3234024441,98.63031199072775,1
rl_best,19,38,4,6,0,0,86.41751170158386,13710.135817527771,6304.311269440359,108.70015475483913,475254.9202979344,100.36903837561965,1
rl_best,19,37,4,6,0,0,86.43179178237915,13614.031970500946,6225.335678073923,129.33360759689305,486433.455740213,100.36903837561965,1
rl_best,19,36,4,6,0,0,86.54465913772583,13509.456217288971,6132.250775479741,105.00133887621229,495520.76082225965,100.68255637139985,1
rl_best,19,35,4,6,0,0,86.68568849563599,13494.142591953278,6057.000706967194,103.88835677618964,504526.3945560839,100.68255637139985,1
rl_best,19,34,4,6,0,0,86.48123502731323,13467.546105384827,5983.246081822046,106.93784755286306,513774.511683618,100.68255637139985,1
rl_best,19,33,4,6,0,0,86.05862379074097,13422.280251979828,5906.393585146768,113.84435797845669,523571.80045758444,100.68255637139985,1
rl_best,19,32,4,6,0,0,85.35173654556274,13354.385495185852,5824.154593215798,133.56711356240493,534971.985545514,102.64207294651457,1
rl_best,19,31,4,6,0,0,84.85398054122925,13341.823518276215,5729.03607732411,132.14727529924664,546185.2078723328,107.33403298465377,1
rl_best,19,30,4,6,0,0,84.54997181892395,13318.89659166336,5634.234558486202,130.4704943637548,557216.4844939893,108.1643677223478,1
rl_best,19,29,4,6,0,0,84.3029248714447,13298.797309398651,5540.237610890182,126.57228101261018,567886.8979910028,111.5619876042391,1
rl_best,19,28,4,6,0,0,84.07029628753662,13270.463943481445,5449.201190160332,140.66440361200415,579712.5960797736,111.5619876042391,1
rl_best,19,27,4,6,0,0,83.84721994400024,13223.24812412262,5345.2622090822215,133.38857617161884,590896.8573640523,111.98272580370616,1
rl_best,19,26,4,6,0,0,83.6848521232605,13181.354105472565,5246.735600296676,145.8195662576443,603099.7462030012,111.98272580370616,1
rl_best,19,25,4,6,0,0,83.5378098487854,13122.484982013702,5139.021445539347,122.98708900410391,613373.8182580817,115.33123750327402,1
rl_best,19,24,4,6,0,0,83.37049841880798,13066.77222251892,5048.901848870738,151.247469446505,625983.3951704202,116.78153326033612,1
rl_best,19,23,4,6,0,0,83.18590641021729,13035.290539264679,4937.109226917205,142.69529506311784,637853.632630719,117.67444316715728,1
rl_best,19,22,4,6,0,0,83.12497138977051,12994.167804718018,4832.366925134968,145.81658996384937,649974.6324996179,119.41683443425565,1
rl_best,19,21,4,6,0,0,83.08990955352783,13010.031878948212,4725.02627588586,150.39380027350393,662470.8397617546,119.41683443425565,1
rl_best,19,20,4,6,0,0,82.98731565475464,13156.389594078064,4613.509092112617,143.72518357375543,674398.2069385274,119.41683443425565,1
rl_best,19,19,4,6,0,0,82.56884694099426,13241.774141788483,4505.715635784841,160.7892767778557,687674.3921225513,119.41683443425565,1
rl_best,19,18,4,6,0,0,82.01857686042786,13122.00516462326,4385.80776066287,155.43110858532074,700422.630448558,124.90873747636871,1
rl_best,19,17,4,6,0,0,81.55933141708374,13004.993200302124,4269.702691208297,145.4463404859982,712285.1367356576,124.90873747636871,1
rl_best,19,16,4,6,0,0,81.2010908126831,12891.952693462372,4160.238573230316,160.38622959275816,725308.673529923,126.98521596814824,1
rl_best,19,15,4,6,0,0,80.96536993980408,12781.273126602173,4038.49066320801,157.3043474578645,738044.8782149884,127.33955759766313,1
rl_best,19,14,4,6,0,0,80.79599857330322,12680.63336610794,3919.6259931202767,148.4660995810032,750040.3449849191,128.64897873426494,1
rl_best,19,13,4,6,0,0,80.66840052604675,12588.253319263458,3806.7852362214153,171.516596762082,763876.3145093871,128.64897873426494,1
rl_best,19,12,4,6,0,0,80.57503819465637,12495.609670877457,3676.04794099247,158.6979927341861,776663.4113353594,128.95909757847755,1
rl_best,19,11,4,6,0,0,80.52415728569031,12394.839376211166,3552.1105064245057,160.93438732412724,789622.5172529237,128.95909757847755,1
rl_best,19,10,4,6,0,0,80.46954035758972,12263.58562707901,3427.544999177274,150.884707563118,801764.1403175171,129.70269371597854,1
rl_best,19,9,4,6,0,0,80.42985677719116,12149.401158094406,3309.4050668680384,171.16718609717574,815531.0925802678,129.70269371597854,1
rl_best,19,8,4,6,0,0,80.4086434841156,12079.851031303406,3176.071790830255,168.56798572254172,829085.4156470671,129.70269371597854,1
rl_best,19,7,4,6,0,0,80.3926157951355,12218.064069747925,3042.474492251593,138.36354946985512,840208.8233196484,129.70269371597854,1
rl_best,19,6,4,6,0,0,80.3495192527771,12157.49442577362,2931.7652386792033,133.72628476970493,850953.6660123542,129.70269371597854,1
rl_best,19,5,4,6,0,0,80.30285239219666,12242.734730243683,2825.0537309799056,140.80337416603166,862260.5785843323,117.28918192833491,1
rl_best,19,4,4,6,0,0,80.292067527771,12342.45389699936,2712.6132251464023,128.57306345697583,872583.9756776722,110.96544227839588,1
rl_best,19,3,4,6,0,0,80.2540636062622,12459.961473941803,2609.1396862021247,123.28874849313891,882478.398741177,106.31749860242833,1
rl_best,19,2,4,6,0,0,80.21617412567139,12614.1557097435,2508.841048837897,112.07893153330436,891468.9418288718,102.72787383917988,1
rl_best,19,1,4,6,0,0,80.1890480518341,12692.519426345825,2415.945348588325,111.7098942460671,900426.851906435,95.2678864120809,1
rl_best,20,100,5,6,1,0,110.69660186767578,14195.73187828064,10000.0,86.95157836869372,9625.244252445298,96.84458680514814,0
rl_best,20,99,5,6,1,0,105.57490587234497,13692.251741886139,9938.687568513433,86.44939490888824,18752.130982672352,96.84458680514814,0
rl_best,20,98,5,6,1,0,106.42899990081787,13725.745379924774,9878.750321577189,83.40658930086843,27629.010867102035,96.84458680514814,0
rl_best,20,97,5,6,1,0,106.27449035644531,13749.595880508423,9820.924910224963,98.52079082134453,38099.257701154376,98.1841879480772,0
rl_best,20,96,5,6,1,0,106.20190620422363,13708.037734031677,9751.650549268474,93.17998998557155,47995.15025771254,98.50389294485028,0
rl_best,20,95,5,6,1,0,106.41076326370239,13616.35535955429,9686.573833884459,83.20168491917818,56848.70505478837,99.5635638370951,0
rl_best,20,94,5,6,1,0,106.39803886413574,13562.75737285614,9628.854960388755,85.18687175069792,65912.42114603327,99.5635638370951,0
rl_best,20,93,5,6,1,0,106.17136478424072,13497.470617294312,9568.234049478142,93.48618082768742,75837.97655297516,99.5635638370951,0
rl_best,20,92,5,6,1,0,106.29289388656616,13407.088816165924,9502.549388659858,91.27742577468271,85540.11828508243,100.80382638306776,0
rl_best,20,91,5,6,1,0,107.03179359436035,13297.336101531982,9439.205908009688,103.32945472968407,96599.65515592777,100.80382638306776,0
rl_best,20,90,5,6,1,0,107.46543884277344,13139.836192131042,9367.195284572934,93.29175101635391,106625.294119311,102.09928872109144,0
rl_best,20,89,5,6,1,0,107.7670955657959,13036.634027957916,9299.250065702367,72.4160102359548,114429.35721490279,102.09928872109144,0
rl_best,20,88,5,6,1,0,107.74436473846436,12982.973158359528,9248.797139261354,88.13046814972378,123924.91851979824,102.36662901118811,0
rl_best,20,87,5,6,1,0,107.74245023727417,12898.51188659668,9186.03092507491,80.20348410012286,132566.23841431175,103.54257348173525,0
rl_best,20,86,5,6,1,0,107.88408994674683,12801.316976547241,9129.104710750014,94.78832596273607,142792.39069837713,103.54257348173525,0
rl_best,20,85,5,6,1,0,107.92426586151123,12717.640399932861,9061.387109802887,75.85816615518742,150979.32759027628,104.94444467296476,0
rl_best,20,84,5,6,1,0,108.06001424789429,12631.99359178543,9006.799738416372,107.56914582038596,162603.251020261,104.94444467296476,0
rl_best,20,83,5,6,1,0,108.02358150482178,12560.72849035263,8929.503337276194,89.05515024488145,172223.3073011631,104.94444467296476,0
rl_best,20,82,5,6,1,0,107.99340724945068,12512.421607971191,8866.302012189331,74.0315037061633,180218.221630192,104.94444467296476,0
rl_best,20,81,5,6,1,0,107.9771614074707,12478.857040405273,8812.948408903401,107.24703814780293,191798.4523787505,105.30269770003343,0
rl_best,20,80,5,6,1,0,108.16100597381592,12398.81381392479,8735.393987886573,72.7444536332723,199666.56566274082,105.30269770003343,0
rl_best,20,79,5,6,1,0,108.48047733306885,12264.707088470459,8683.442748850159,95.32934149903464,210007.93813240321,107.04578516915666,0
rl_best,20,78,5,6,1,0,108.89582633972168,12099.926471710205,8615.32715964534,104.87343748097649,221428.2177679813,107.04578516915666,0
rl_best,20,77,5,6,1,0,109.99193668365479,11897.837668657303,8541.584932569865,90.77607271615214,231412.85381056715,108.15295924674302,0
rl_best,20,76,5,6,1,0,110.84710121154785,11663.840264081955,8475.657561960177,103.32013873265484,242865.5916858569,109.66762219893337,0
rl_best,20,75,5,6,1,0,111.35332107543945,11741.355657577515,8400.921051922542,103.16875287755053,254353.77494998346,109.66762219893337,0
rl_best,20,74,5,6,1,0,111.78036689758301,11838.183104991913,8325.871805952096,85.88396167500125,263953.91569663305,109.66762219893337,0
rl_best,20,73,5,6,1,0,112.49989986419678,12004.69821691513,8262.736834290665,89.36390279359384,274007.3458123862,109.89307416174906,0
rl_best,20,72,5,6,1,0,113.12485218048096,12242.95899271965,8199.37248425697,96.08939798294078,284877.44475531776,109.89307416174906,0
rl_best,20,71,5,6,1,0,113.83829593658447,12483.660280704498,8128.135973886229,99.31766127869517,296183.5980716913,109.89307416174906,0
rl_best,20,70,5,6,1,0,114.5711898803711,12606.423497200012,8055.097371203416,94.77855914243091,307042.4903677867,109.89307416174906,0
rl_best,20,69,5,6,1,0,115.27212142944336,12893.925607204437,7988.416928013952,99.92320227174497,318560.84987367416,113.01452311832983,0
rl_best,20,68,5,6,1,0,115.824716091156,13051.64247751236,7915.478799422248,72.58684699115614,326968.200818377,115.68382153387522,0
rl_best,20,67,5,6,1,0,116.3091254234314,13273.29009771347,7862.962992016134,87.68890585238503,337167.2207674055,115.68382153387522,0
rl_best,20,66,5,6,1,0,116.33169174194336,13318.785727024078,7798.087531966134,95.68150165890629,348298.0117237957,117.77633053076984,0
rl_best,20,65,5,6,1,0,116.36237621307373,13432.438373565674,7727.83889080111,96.59284794859914,359537.7850362828,117.77633053076984,0
rl_best,20,64,5,6,1,0,116.2799072265625,13425.604104995728,7658.28231077458,80.43043963019564,368890.2290946736,117.77633053076984,0
rl_best,20,63,5,6,1,0,116.26667737960815,13543.290495872498,7599.2398329979505,93.8129480433697,379797.548858862,119.48310619486782,0
rl_best,20,62,5,6,1,0,116.12244606018066,13560.368418693542,7530.336340034479,95.3058657314795,390864.6991114846,119.48310619486782,0
rl_best,20,61,5,6,1,0,116.08626365661621,13639.792799949646,7460.657085682095,120.6929431094171,404875.49192677735,119.81792724103677,0
rl_best,20,60,5,6,1,0,116.04854822158813,13629.680573940277,7371.535120527715,111.3335761018558,417795.59180171543,144.0601159519614,0
rl_best,20,59,5,6,1,0,116.11523628234863,13670.600354671478,7291.391460092869,99.54608972944872,429354.40953163424,144.0601159519614,0
rl_best,20,58,5,6,1,0,116.25046253204346,13738.20275068283,7219.173858950642,118.79839882611043,443164.7783432357,149.09961677913984,0
rl_best,20,57,5,6,1,0,116.42160415649414,13787.095546722412,7130.332284961924,116.35842890027038,456711.4132929346,149.09961677913984,0
rl_best,20,56,5,6,1,0,116.56860113143921,13823.876082897186,7043.41990536386,130.2862577366736,471898.70010394877,149.09961677913984,0
rl_best,20,55,5,6,1,0,116.699538230896,13861.330151557922,6944.17191861683,123.05909324254232,486259.6394604662,151.02766539478267,0
rl_best,20,54,5,6,1,0,116.8187665939331,13887.70341873169,6851.152411170452,122.42145463597812,500560.7627956763,151.02766539478267,0
rl_best,20,53,5,6,1,0,116.98741912841797,13889.492750167847,6761.404200877374,102.07567649378169,512502.33274447115,151.02766539478267,0
rl_best,20,52,5,6,1,0,117.13552951812744,13935.801386833191,6685.035217484259,128.51278995058394,527555.7464451847,151.02766539478267,0
rl_best,20,51,5,6,1,0,117.31733798980713,13940.820693969727,6586.495891090439,118.32468460661052,541437.2834617158,152.83113474757658,0
rl_best,20,50,5,6,1,0,117.44776487350464,13976.634740829468,6497.500845562572,123.52848172385414,555945.4275384,156.11217061502776,0
rl_best,20,49,5,6,1,0,117.61137962341309,13987.399935722351,6407.7058084865475,127.14471496369111,570899.0928771053,157.41349035794718,0
rl_best,20,48,5,6,1,0,117.75809288024902,14018.419981002808,6312.666562394745,114.59257284444965,584393.2957135087,157.41349035794718,0
rl_best,20,47,5,6,1,0,117.89233207702637,14038.311839103699,6224.962944275639,119.61181054931738,598494.6110031232,158.60134809389282,0
rl_best,20,46,5,6,1,0,118.01130771636963,14082.492589950562,6134.44829170202,122.46552385880692,612946.9276238712,158.60134809389282,0
rl_best,20,45,5,6,1,0,118.14023017883301,14096.773266792297,6042.879169432879,123.96000979516779,627591.5917140428,158.94197023932213,0
rl_best,20,44,5,6,1,0,118.23854923248291,14137.19892501831,5948.436362672794,119.59446444125068,641732.2676858121,160.16913603518637,0
rl_best,20,43,5,6,1,0,118.33287954330444,14154.194593429565,5859.733011122229,139.30377548729277,658216.4845704774,160.16913603518637,0
rl_best,20,42,5,6,1,0,118.39361906051636,14184.20284986496,5753.6494971693455,119.46128612407773,672359.9385723307,160.16913603518637,0
rl_best,20,41,5,6,1,0,118.42499494552612,14212.74721622467,5663.051111302017,114.55397734209322,685925.992760058,163.14309017483365,0
rl_best,20,40,5,6,1,0,118.44461441040039,14248.726963996887,5575.995412932097,133.9187968390825,701787.953013968,163.14309017483365,0
rl_best,20,39,5,6,1,0,118.46920490264893,14278.322458267212,5476.282536426581,136.06279999000847,717907.2047456125,163.14309017483365,0
rl_best,20,38,5,6,1,0,118.4886121749878,14297.053217887878,5371.543649938494,126.91292039926284,732944.9405507958,165.89358265658913,0
rl_best,20,37,5,6,1,0,118.51828575134277,14318.13895702362,5274.395144486982,126.60517457594979,747949.9688087868,165.89358265658913,0
rl_best,20,36,5,6,1,0,118.5819149017334,14362.078607082367,5177.883670243478,114.25143441534146,761498.1226820279,166.20710065236935,0
rl_best,20,35,5,6,1,0,118.64704608917236,14335.934817790985,5088.752457132565,123.64400944606972,776168.1191694258,166.20710065236935,0
rl_best,20,34,5,6,1,0,118.67388725280762,14368.614554405212,4993.541674498133,127.13951796370156,791256.2599896265,166.20710065236935,0
rl_best,20,33,5,6,1,0,118.67832899093628,14337.530136108398,4895.126711703684,133.49027570626458,807098.6628469853,166.20710065236935,0
rl_best,20,32,5,6,1,0,118.62525939941406,14345.791935920715,4793.22215844275,135.43668150778666,823164.8743230423,166.20710065236935,0
rl_best,20,31,5,6,1,0,118.50307941436768,14279.098808765411,4688.760624511125,126.36629984279624,838139.669988613,170.68755222514585,0
rl_best,20,30,5,6,1,0,118.49635601043701,14269.8335647583,4589.574463040756,152.204935279277,856175.4001860117,171.5178869628399,0
rl_best,20,29,5,6,1,0,118.48060607910156,14288.017749786377,4472.492395036325,140.39320373085866,872809.2720534306,183.5069626646924,0
rl_best,20,28,5,6,1,0,118.45231533050537,14254.07201051712,4364.3868271309675,134.10197400928868,888693.961365222,183.5069626646924,0
rl_best,20,27,5,6,1,0,118.41255187988281,14256.193041801453,4260.862998416695,147.726105668043,906186.5865166521,183.92770086415945,0
rl_best,20,26,5,6,1,0,118.39535236358643,14265.502989292145,4147.106432204788,133.86855852740365,922036.0016739095,183.92770086415945,0
rl_best,20,25,5,6,1,0,118.37347984313965,14257.13837146759,4041.9462856022637,143.16590876126028,938983.0484888853,186.80626150679473,0
rl_best,20,24,5,6,1,0,118.33375453948975,14266.41821861267,3928.2656864485834,142.8725985659377,955889.699498006,191.0448872510231,0
rl_best,20,23,5,6,1,0,118.26258182525635,14245.727360248566,3816.3660399337186,145.42291626884028,973087.7890325171,193.02588321644785,0
rl_best,20,22,5,6,1,0,118.1056547164917,14237.494468688965,3704.4152288721343,154.77630646004434,991367.746041581,194.18334326878238,0
rl_best,20,21,5,6,1,0,117.89538383483887,14206.414818763733,3581.2596559044277,160.12449936315488,1010245.6853553616,194.18334326878238,0
rl_best,20,20,5,6,1,0,117.65212059020996,14169.08860206604,3454.556456709517,158.39302926419606,1028880.9611350014,194.18334326878238,0
rl_best,20,19,5,6,1,0,117.3655891418457,14132.954478263855,3328.8630835422036,157.60226458093007,1047378.0437676313,194.18334326878238,0
rl_best,20,18,5,6,1,0,117.09007740020752,14169.861376285553,3204.2255534378273,157.75425976368902,1065849.502253574,200.04238084998562,0
rl_best,20,17,5,6,1,0,116.84288501739502,14150.518774986267,3079.2883324413233,166.24201271036168,1085273.698629751,200.04238084998562,0
rl_best,20,16,5,6,1,0,116.52796745300293,14230.253100395203,2946.915252313959,154.12779217900857,1103233.8969803897,202.34065251041957,0
rl_best,20,15,5,6,1,0,116.26900672912598,14227.622151374817,2823.20921340312,163.7062857398782,1122267.8642186797,202.69499413993447,0
rl_best,20,14,5,6,1,0,116.01648092269897,14287.024140357971,2693.307288009406,156.23005418517985,1140393.1253196069,204.00441527653624,0
rl_best,20,13,5,6,1,0,116.03080749511719,14303.70807647705,2567.6631847857034,168.05909434337994,1159893.1577431674,204.00441527653624,0
rl_best,20,12,5,6,1,0,116.04179382324219,14344.097971916199,2430.862873181084,171.24499323405746,1179764.7339412963,204.31453412074885,0
rl_best,20,11,5,6,1,0,115.84908962249756,14383.008778095245,2291.860213706689,159.30123725658535,1198219.6372532093,204.31453412074885,0
rl_best,20,10,5,6,1,0,115.6692910194397,14444.92220878601,2163.341928971221,167.22579126461514,1217562.525968952,204.97914192627147,0
rl_best,20,9,5,6,1,0,115.39084911346436,14505.105018615723,2026.7764846892942,170.44310806818012,1237230.1009344773,204.97914192627147,0
rl_best,20,8,5,6,1,0,115.20138740539551,14551.858603954315,1885.6921018323574,183.4368117901648,1258362.2761539267,204.97914192627147,0
rl_best,20,7,5,6,1,0,115.2367377281189,14581.562280654907,1735.1660965748015,171.9286788669856,1278174.7762284635,204.97914192627147,0
rl_best,20,6,5,6,1,0,115.50607442855835,14599.977731704712,1594.2318721556876,160.26607241295255,1296686.4811169668,204.97914192627147,0
rl_best,20,5,5,6,1,0,115.81966876983643,14641.240239143372,1461.7303991593471,147.2486815205827,1313740.7746374758,186.73816117636846,0
rl_best,20,4,5,6,1,0,116.11106872558594,14696.376025676727,1339.1859196315763,153.12673512453827,1331520.4835032457,183.11852696981163,0
rl_best,20,3,5,6,1,0,116.56222105026245,14742.217659950256,1209.79404222407,140.5066534608012,1347898.2511029763,174.43812562988745,0
rl_best,20,2,5,6,1,0,117.04550981521606,14764.522314071655,1090.612168891077,129.49631894085337,1363055.2137726024,166.42268074179484,0
rl_best,20,1,5,6,1,0,117.34339714050293,14785.971641540527,980.1308648260092,116.9670256711983,1376780.5219182812,158.9626933146959,0
rl_best,21,100,0,6,0,0,85.80898404121399,10201.658606529236,10000.0,62.24455751402983,5341.142242373812,53.51064944791461,1
rl_best,21,99,0,6,0,0,88.87558817863464,10416.137278079987,9960.803682120237,54.23028971623954,10160.891138002364,53.51064944791461,1
rl_best,21,98,0,6,0,0,88.20884227752686,10457.15406537056,9926.796426704335,61.60115183409129,15594.657424249706,53.51064944791461,1
rl_best,21,97,0,6,0,0,88.26866507530212,10505.947470664978,9886.747198701825,68.3876708419108,21631.145837074335,55.53276728716988,1
rl_best,21,96,0,6,0,0,88.09843420982361,10559.107959270477,9842.381323323074,50.6504751671576,26093.373391284473,55.852472283942966,1
rl_best,21,95,0,6,0,0,87.90637254714966,10613.895803689957,9810.802552035344,76.7688588415243,32841.845296627056,56.18471002774361,1
rl_best,21,94,0,6,0,0,87.7195417881012,10671.541690826416,9760.592614837811,81.93010984324502,40028.71699072531,56.18471002774361,1
rl_best,21,93,0,6,0,0,87.40108013153076,10768.028497695923,9706.72255366263,57.25893683090504,45033.2099169295,56.18471002774361,1
rl_best,21,92,0,6,0,0,86.8135917186737,10903.90607714653,9668.97982783767,70.88206185341359,51186.73629484953,56.85789131285237,1
rl_best,21,91,0,6,0,0,86.31655216217041,10995.507687330246,9623.049545735274,60.80147350883571,56434.90985451177,56.85789131285237,1
rl_best,21,90,0,6,0,0,86.07687473297119,11058.860421180725,9583.749697294965,66.3508827361083,62146.18647620982,57.85980122566746,1
rl_best,21,89,0,6,0,0,85.9229302406311,11148.627698421478,9540.136237049604,68.62973427506044,68043.05434675889,57.85980122566746,1
rl_best,21,88,0,6,0,0,85.81598281860352,11219.960898160934,9494.445657383321,62.91171298572909,73441.88482743113,57.85980122566746,1
rl_best,21,87,0,6,0,0,85.78005194664001,11248.806416988373,9453.284668754804,73.12380115410411,79714.44828896596,59.05581472314141,1
rl_best,21,86,0,6,0,0,85.66611886024475,11236.675530672073,9406.523877320062,60.07467561474337,84860.81259066921,59.05581472314141,1
rl_best,21,85,0,6,0,0,85.61648488044739,11217.830926179886,9366.749745373138,73.69965990802002,91170.71840887833,59.321172379079584,1
rl_best,21,84,0,6,0,0,85.59956192970276,11200.716495513916,9318.878530726268,72.72712199714435,97396.12819224193,59.321172379079584,1
rl_best,21,83,0,6,0,0,85.52199363708496,11269.900649785995,9272.017285084152,71.53418572938688,103513.8743690246,59.321172379079584,1
rl_best,21,82,0,6,0,0,85.26580691337585,11377.9017329216,9225.80153097882,71.74167126617367,109630.98585884905,59.321172379079584,1
rl_best,21,81,0,6,0,0,85.08488655090332,11502.801179885864,9178.071551877183,67.64388825216612,115386.45841664658,59.67942540614826,1
rl_best,21,80,0,6,0,0,84.90856766700745,11635.110080242157,9133.109624026863,62.76319202269361,120715.59115350284,59.67942540614826,1
rl_best,21,79,0,6,0,0,84.71775531768799,11776.104271411896,9092.155392993202,60.785230648152854,125865.17945048229,60.144742931333404,1
rl_best,21,78,0,6,0,0,84.30161237716675,11946.271657943726,9052.3020121763,73.93609816906226,132098.11173901072,60.59148468407464,1
rl_best,21,77,0,6,0,0,83.8135039806366,12078.612893819809,9003.841861933577,71.52677527689863,138093.02140340317,61.68635059106254,1
rl_best,21,76,0,6,0,0,83.4557580947876,12200.755178928375,8955.647986838318,85.32334016294116,145213.74543988085,61.68635059106254,1
rl_best,21,75,0,6,0,0,83.1596314907074,12331.332564353943,8900.611184810941,83.54511704847265,152161.32658647984,61.68635059106254,1
rl_best,21,74,0,6,0,0,82.90717840194702,12513.708174228668,8847.171924434271,68.61391407439461,157849.91260150154,61.68635059106254,1
rl_best,21,73,0,6,0,0,82.64491677284241,12725.923955440521,8801.92133914911,75.5727619342329,164095.61722185006,61.811377832783585,1
rl_best,21,72,0,6,0,0,82.46286511421204,12925.764620304108,8752.80102518294,71.31642303714489,169976.57379519023,61.811377832783585,1
rl_best,21,71,0,6,0,0,82.38092422485352,13071.699142456055,8705.420940879132,71.61141961739224,175875.9887283248,63.69238905560433,1
rl_best,21,70,0,6,0,0,82.29464173316956,13209.35606956482,8658.381618346204,82.554855478594,182669.81098326927,63.69238905560433,1
rl_best,21,69,0,6,0,0,82.28174209594727,13322.296738624573,8602.568913165645,77.74797315837313,189067.04965916916,63.69238905560433,1
rl_best,21,68,0,6,0,0,82.19412684440613,13361.616134643555,8550.735912044838,78.13945523060471,195489.65395394628,64.51194257070377,1
rl_best,21,67,0,6,0,0,82.0862865447998,13348.628878593445,8498.997506485814,76.12469413500075,201738.4474098472,64.51194257070377,1
rl_best,21,66,0,6,0,0,81.96141362190247,13341.710567474365,8449.051987591081,85.50188373289983,208746.30266793122,66.02319309723785,1
rl_best,21,65,0,6,0,0,82.04296469688416,13358.147144317627,8391.887604985908,79.15064762372266,215240.0564566598,66.02319309723785,1
rl_best,21,64,0,6,0,0,82.16663479804993,13369.385600090027,8338.624447588712,84.3975804092363,222174.72162398457,66.02319309723785,1
rl_best,21,63,0,6,0,0,82.28811025619507,13337.09716796875,8280.590432208694,77.86757274059008,228582.29703504452,66.02319309723785,1
rl_best,21,62,0,6,0,0,82.39088296890259,13261.83557510376,8228.572797025006,81.63315204152256,235308.12451128024,66.02319309723785,1
rl_best,21,61,0,6,0,0,82.49696135520935,13161.699771881104,8174.387140281249,113.24638283347673,244650.6069795108,66.0678136608015,1
rl_best,21,60,0,6,0,0,82.61780977249146,13041.180074214935,8096.761471278545,108.49481832771912,253614.21124141134,85.17672399217258,1
rl_best,21,59,0,6,0,0,82.77251482009888,12950.612604618073,8023.565088238405,108.70195039202669,262611.74504120904,85.17672399217258,1
rl_best,21,58,0,6,0,0,82.96400189399719,12853.451371192932,7948.663503347618,106.58881809092777,271454.7799471837,85.17672399217258,1
rl_best,21,57,0,6,0,0,83.2356309890747,12756.067514419556,7876.712284653053,88.8313484124244,278848.71328390215,85.17672399217258,1
rl_best,21,56,0,6,0,0,83.64908218383789,12656.394243240356,7815.401024259202,102.05136968114884,287385.2166933338,85.17672399217258,1
rl_best,21,55,0,6,0,0,83.87659192085266,12658.933699131012,7746.964147732104,111.76280243442741,296759.49966505717,87.67464619283565,1
rl_best,21,54,0,6,0,0,83.97568941116333,12679.676413536072,7670.3269200683535,93.1830637182601,304584.6116822424,87.67464619283565,1
rl_best,21,53,0,6,0,0,84.05511021614075,12705.568373203278,7606.78836895267,102.69039151004105,313216.26385875756,87.67464619283565,1
rl_best,21,52,0,6,0,0,84.11237716674805,12743.81697177887,7535.374034098111,91.21107076795626,320888.24384497484,88.00542260216963,1
rl_best,21,51,0,6,0,0,84.16106820106506,12771.269083023071,7473.26409255507,105.2138521467408,329743.15403119347,89.3393639748758,1
rl_best,21,50,0,6,0,0,84.17325139045715,12804.360389709473,7399.3515344114185,98.27422563934181,338015.2151311363,89.3393639748758,1
rl_best,21,49,0,6,0,0,84.24432754516602,12807.847261428833,7335.377325794594,95.7924642365221,346085.1868646365,89.87264365606573,1
rl_best,21,48,0,6,0,0,84.31290626525879,12797.17206954956,7269.06203108017,113.26746747068398,355635.0962323955,89.87264365606573,1
rl_best,21,47,0,6,0,0,84.3867039680481,12789.064645767212,7188.6869426482135,112.78295068973053,365152.47770489275,89.87264365606573,1
rl_best,21,46,0,6,0,0,84.48041558265686,12767.349481582642,7111.723720370492,116.59328317143596,375002.3267213621,92.28499445299059,1
rl_best,21,45,0,6,0,0,84.50273275375366,12760.065197944641,7030.913311917535,108.51652289063021,384172.2694545556,92.32417290804567,1
rl_best,21,44,0,6,0,0,84.46691989898682,12722.898423671722,6955.517388151442,120.36070012166826,394338.7670707185,92.85601305134094,1
rl_best,21,43,0,6,0,0,84.41872715950012,12684.896290302277,6873.032768229326,102.02637331704324,402951.7036428433,92.85601305134094,1
rl_best,21,42,0,6,0,0,84.37099933624268,12652.831971645355,6801.960471369645,110.6585893625231,412288.0794124983,92.85601305134094,1
rl_best,21,41,0,6,0,0,84.31053280830383,12637.920081615448,6725.692408343539,104.22343530470647,421075.21277414984,93.6308664821853,1
rl_best,21,40,0,6,0,0,84.23012137413025,12606.524527072906,6652.263876800064,122.05211635755057,431355.6773489158,93.6308664821853,1
rl_best,21,39,0,6,0,0,84.15788292884827,12560.836374759674,6565.642641916816,118.59742528422608,441336.5855816485,93.6308664821853,1
rl_best,21,38,0,6,0,0,84.0768027305603,12485.356330871582,6480.6187239968785,97.2811521534618,449515.6738206567,95.04742683727991,1
rl_best,21,37,0,6,0,0,83.88985991477966,12400.892078876495,6413.815683360028,107.77896961890727,458557.23648374615,95.04742683727991,1
rl_best,21,36,0,6,0,0,83.65220904350281,12347.281277179718,6339.211825258362,105.7780306208028,467405.8024134476,95.04742683727991,1
rl_best,21,35,0,6,0,0,83.46161246299744,12267.18783378601,6264.24661780128,103.6354837276547,476055.3869937404,95.04742683727991,1
rl_best,21,34,0,6,0,0,83.33043694496155,12230.676859617233,6191.2424230247425,97.71497828028302,484198.0188299038,95.04742683727991,1
rl_best,21,33,0,6,0,0,83.31837058067322,12171.706557273865,6122.860223139381,127.19013307309329,494795.29347149294,95.04742683727991,1
rl_best,21,32,0,6,0,0,83.29674005508423,12138.684540987015,6032.9830961669295,124.67645303317207,505180.435570787,97.00694341239463,1
rl_best,21,31,0,6,0,0,83.37353110313416,12120.803892612457,5942.920690057741,118.06240846942805,515023.7154554238,101.69890345053383,1
rl_best,21,30,0,6,0,0,83.49183440208435,12117.757499217987,5857.59451994148,127.63221534709818,525679.9632435549,101.69890345053383,1
rl_best,21,29,0,6,0,0,83.60910654067993,12092.090249061584,5764.963308871879,120.68361221029198,535770.2122345594,105.09652333242514,1
rl_best,21,28,0,6,0,0,83.69463920593262,12050.481289625168,5680.108479109615,117.9862666204408,545645.0302506121,105.09652333242514,1
rl_best,21,27,0,6,0,0,83.70261073112488,12007.388770580292,5595.677437700494,130.43976171837093,556563.1788495856,105.51726153189219,1
rl_best,21,26,0,6,0,0,83.6035406589508,11931.325793266296,5501.559535205472,127.09548141234276,567188.8110974113,105.51726153189219,1
rl_best,21,25,0,6,0,0,83.47926378250122,11855.479776859283,5409.566163300411,140.9841560366628,578958.0646483492,108.86577323146005,1
rl_best,21,24,0,6,0,0,83.27531099319458,11831.309050321579,5307.860893868166,145.61885928813203,591084.5204420426,110.31606898852215,1
rl_best,21,23,0,6,0,0,83.12026739120483,11831.589043140411,5203.611587116116,131.09255583039803,601980.9687356617,111.20897889534331,1
rl_best,21,22,0,6,0,0,82.95985221862793,11831.023544073105,5106.458290281359,140.1904816306906,613611.150374202,112.95137016244168,1
rl_best,21,21,0,6,0,0,82.73923993110657,11860.533654689789,5004.85252780066,135.47461625344732,624820.2171529706,112.95137016244168,1
rl_best,21,20,0,6,0,0,82.5620710849762,11822.090893983841,4906.119884662299,143.3951959429469,636659.2215136563,112.95137016244168,1
rl_best,21,19,0,6,0,0,82.33371257781982,11845.453530550003,4799.341006360855,136.588539428032,647905.0630603482,112.95137016244168,1
rl_best,21,18,0,6,0,0,82.12711811065674,11833.840906620026,4697.499316833474,139.6473063199847,659373.8938803246,117.40424760711261,1
rl_best,21,17,0,6,0,0,81.90082788467407,11828.268468379974,4593.706317811498,143.46223136521596,671123.5693993184,117.40424760711261,1
rl_best,21,16,0,6,0,0,81.67804479598999,11825.7075548172,4487.454066272028,147.09157975640863,683137.7220397753,117.43877695873326,1
rl_best,21,15,0,6,0,0,81.42421245574951,11831.916123628616,4376.531794494448,147.8744251975976,695178.2806538363,117.79311858824813,1
rl_best,21,14,0,6,0,0,81.26092076301575,11887.776255607605,4263.685258929861,142.52452607937914,706759.9548743591,118.13382576143007,1
rl_best,21,13,0,6,0,0,81.19285345077515,11879.449635744095,4158.319585788227,141.5168652661009,718250.1129767227,118.13382576143007,1
rl_best,21,12,0,6,0,0,81.13472580909729,11881.122440099716,4050.693761350356,145.68809019460744,730070.4762283132,118.65148982084473,1
rl_best,21,11,0,6,0,0,81.11672759056091,11851.890236139297,3938.8844618352923,153.3028370199575,742505.9006977212,118.65148982084473,1
rl_best,21,10,0,6,0,0,81.09821677207947,11829.053908586502,3821.7161655296995,146.24759386945684,754366.3197677414,119.72247037978816,1
rl_best,21,9,0,6,0,0,81.02843880653381,11899.095624685287,3710.664918812854,155.4957393491394,766965.8967682698,119.9282594332441,1
rl_best,21,8,0,6,0,0,80.99290251731873,11937.076598405838,3590.8045135610264,138.6156553568042,778192.7810299577,119.9282594332441,1
rl_best,21,7,0,6,0,0,80.94597697257996,11987.691670656204,3484.491405871592,144.03152302276894,789851.5533758844,119.9282594332441,1
rl_best,21,6,0,6,0,0,80.87011814117432,12012.11929321289,3369.9290277319524,143.44221792982302,801451.7424863013,119.9282594332441,1
rl_best,21,5,0,6,0,0,80.79295635223389,12092.414498329163,3259.1839334189553,128.59503600250696,811841.3156171659,111.6350613497792,1
rl_best,21,4,0,6,0,0,80.75514793395996,12181.38188123703,3156.7810843619845,128.92285844432493,822252.5001229063,105.31132169984018,1
rl_best,21,3,0,6,0,0,80.71401119232178,12208.55638384819,3053.126242918188,114.88769874545189,831525.5471253068,100.66337802387262,1
rl_best,21,2,0,6,0,0,80.6697404384613,12221.333384513855,2959.700767086517,107.0432166066837,840160.6956246659,97.45860423514522,1
rl_best,21,1,0,6,0,0,80.61664342880249,12415.058016777039,2873.314880994749,97.60238681005532,848029.0724399323,90.48681714092218,1
rl_best,22,100,6,12,1,1,102.65682935714722,11351.436078548431,10000.0,126.99549769588775,13036.95513609273,119.21816460837967,0
rl_best,22,99,6,12,1,1,101.59665584564209,10857.201665639877,9909.918220449897,124.48571576937069,25684.287558811906,119.21816460837967,0
rl_best,22,98,6,12,1,1,102.82825469970703,11099.315732717514,9818.027802529698,113.55546427821896,37360.99776215609,119.21816460837967,0
rl_best,22,97,6,12,1,1,102.99222946166992,11165.419965982437,9736.245993006265,119.93898154471131,49713.78087080799,120.48841230422327,0
rl_best,22,96,6,12,1,1,103.28845500946045,11247.848868370056,9647.568404815102,133.99586858674556,63554.007114783635,120.48841230422327,0
rl_best,22,95,6,12,1,1,103.64347219467163,11312.91463971138,9548.785254663091,128.98453978512651,76922.41267754592,121.5480831964681,0
rl_best,22,94,6,12,1,1,103.53376150131226,11294.23201084137,9455.246164678434,109.8671853771454,88297.37564520375,121.5480831964681,0
rl_best,22,93,6,12,1,1,103.27975511550903,11294.707953929901,9376.89771293286,108.9613243613191,99550.87454230234,122.03586911981081,0
rl_best,22,92,6,12,1,1,103.09367895126343,11289.075464010239,9297.600978240067,120.00962531400364,111923.10832548565,123.03316904179233,0
rl_best,22,91,6,12,1,1,102.64795064926147,11188.696920871735,9211.306358803382,127.04664934287824,124964.18651738744,123.03316904179233,0
rl_best,22,90,6,12,1,1,102.3880386352539,11158.322989940643,9118.306632524276,115.76857862771573,136817.50421867042,124.47314745072495,0
rl_best,22,89,6,12,1,1,102.7272629737854,11169.3474650383,9034.216821539236,136.823592561316,150873.0173927348,124.47314745072495,0
rl_best,22,88,6,12,1,1,102.79893159866333,11149.731427431107,8933.46392298266,115.02435565625495,162697.39826202247,124.74048774082162,0
rl_best,22,87,6,12,1,1,103.69481563568115,11260.7342004776,8849.929753011684,135.55089483711149,176753.32331140834,126.45503592053535,0
rl_best,22,86,6,12,1,1,106.27111196517944,11549.047529697418,8750.8593407027,127.74488008645727,190328.91376605467,126.45503592053535,0
rl_best,22,85,6,12,1,1,107.81607627868652,11683.148294687271,8654.975336935133,99.84087321090098,201093.36496789183,127.85690711176491,0
rl_best,22,84,6,12,1,1,108.90102863311768,11841.347813606262,8580.01222701502,115.06706217807414,213624.28640087502,130.6942817674587,0
rl_best,22,83,6,12,1,1,109.43727970123291,11937.131881713867,8496.182945067727,111.5427602748229,225831.2226557184,130.6942817674587,0
rl_best,22,82,6,12,1,1,110.33328056335449,12080.629765987396,8413.038048381006,117.79391591057679,238827.81182853624,130.6942817674587,0
rl_best,22,81,6,12,1,1,111.01498126983643,12096.731662750244,8325.274854427269,107.93087206872676,250809.75556968307,131.0525347945274,0
rl_best,22,80,6,12,1,1,111.51544332504272,12135.617882013321,8243.918872850025,128.10318001564397,265095.2384804754,131.0525347945274,0
rl_best,22,79,6,12,1,1,111.88689708709717,12150.431275367737,8146.614897677541,123.48942103718656,278912.0866234083,134.69965047598188,0
rl_best,22,78,6,12,1,1,112.23446846008301,12170.282304286957,8052.638265139473,132.82448238796752,293819.5718027075,134.69965047598188,0
rl_best,22,77,6,12,1,1,112.55297899246216,12200.40112733841,7952.840372075928,123.88887709650417,307763.6339839501,136.04655404778723,0
rl_best,22,76,6,12,1,1,112.77345895767212,12272.022068500519,7859.778290192879,120.8870215026516,321396.4815418946,137.5612169999776,0
rl_best,22,75,6,12,1,1,113.35538625717163,12261.71150803566,7768.54555094695,101.84316354326121,332940.95268299326,137.5612169999776,0
rl_best,22,74,6,12,1,1,113.90160083770752,12262.683063745499,7692.717854543511,119.15148808585738,346512.49791816744,137.5612169999776,0
rl_best,22,73,6,12,1,1,114.39705610275269,12333.188354969025,7606.033348378307,102.89151132406288,358282.9839116033,138.32368132308972,0
rl_best,22,72,6,12,1,1,114.86643552780151,12345.106303691864,7527.427675021567,105.17381922672148,370363.9256370221,138.32368132308972,0
rl_best,22,71,6,12,1,1,115.38782596588135,12397.474199533463,7448.950983259314,115.78262569766382,383723.83110089693,138.32368132308972,0
rl_best,22,70,6,12,1,1,116.037437915802,12444.092333316803,7362.454890818113,107.33772973634049,396179.0262512007,138.32368132308972,0
rl_best,22,69,6,12,1,1,116.57695531845093,12503.65436077118,7282.200228408101,112.02110719002368,409238.1058588155,141.44513027967048,0
rl_best,22,68,6,12,1,1,116.68648719787598,12589.596509933472,7198.398218176659,116.71617886861594,422857.3067701532,144.11442869521588,0
rl_best,22,67,6,12,1,1,116.78200244903564,12646.438777446747,7108.632099153081,119.17571061678736,436774.88489926845,144.11442869521588,0
rl_best,22,66,6,12,1,1,116.88503742218018,12759.97519493103,7016.839135090045,122.062494715715,451042.1641619595,145.6585852960098,0
rl_best,22,65,6,12,1,1,116.97431087493896,12834.123075008392,6923.538299693788,120.68243921357374,465158.909323674,145.6585852960098,0
rl_best,22,64,6,12,1,1,117.06342220306396,12922.093868255615,6832.426026826286,120.56379284849054,479272.5195082996,145.6585852960098,0
rl_best,22,63,6,12,1,1,117.09757804870605,13011.70289516449,6740.598651951894,108.23164234039618,491946.1826945938,147.36536096010775,0
rl_best,22,62,6,12,1,1,117.12657928466797,13098.975419998169,6657.61371580428,121.71085017262523,506201.7582371421,147.36536096010775,0
rl_best,22,61,6,12,1,1,117.14898586273193,13169.235289096832,6564.578807958749,132.89207911774633,521769.930534976,147.3781006109956,0
rl_best,22,60,6,12,1,1,117.1237850189209,13179.289102554321,6466.797405105237,149.33785526015515,539260.9453896531,172.95101534140753,0
rl_best,22,59,6,12,1,1,117.16538429260254,13252.097368240356,6352.918347031224,124.93806541412127,553899.3618366729,173.18520571918685,0
rl_best,22,58,6,12,1,1,117.26742267608643,13329.704701900482,6256.690824143614,136.54267687360948,569911.3696389347,179.28794627762093,0
rl_best,22,57,6,12,1,1,117.36122131347656,13407.11772441864,6151.328479018442,141.12117492067142,586473.5230808175,179.28794627762093,0
rl_best,22,56,6,12,1,1,117.4711275100708,13508.5728764534,6041.7261877274805,145.321905679715,603544.6511929259,179.28794627762093,0
rl_best,22,55,6,12,1,1,117.62638092041016,13598.530888557434,5929.787350367427,144.3158288355162,620519.999848377,181.50830068228348,0
rl_best,22,54,6,12,1,1,117.74008274078369,13685.274124145508,5817.259731462717,132.5012573933173,636120.708857124,181.50830068228348,0
rl_best,22,53,6,12,1,1,117.80944347381592,13759.487867355347,5713.852826519756,148.22801230418725,653583.3684939102,181.50830068228348,0
rl_best,22,52,6,12,1,1,117.86921977996826,13809.396028518677,5600.287087740879,144.32222298901814,670594.5163145363,181.50830068228348,0
rl_best,22,51,6,12,1,1,117.97325372695923,13870.128393173218,5489.392865980075,151.48997182688674,688466.2811979596,183.74050410317923,0
rl_best,22,50,6,12,1,1,118.04468631744385,13919.244110584259,5370.93736737679,146.01326320261586,705702.3710508987,192.542564800098,0
rl_best,22,49,6,12,1,1,118.057541847229,13950.347006320953,5256.834250840799,158.94340193591063,724466.8383762884,193.30528083385084,0
rl_best,22,48,6,12,1,1,118.07870864868164,13999.138474464417,5132.5768674842275,166.77925114752364,744159.9169811822,193.30528083385084,0
rl_best,22,47,6,12,1,1,118.09824466705322,14048.019051551819,5003.0253673527,159.77285417987707,763028.8106052707,197.01820323067741,0
rl_best,22,46,6,12,1,1,118.12272787094116,14100.856482982635,4875.3494351079735,154.40037197869407,781267.003727682,197.01820323067741,0
rl_best,22,45,6,12,1,1,118.09260845184326,14243.105053901672,4755.109296484922,154.74012587152677,799540.6688240172,197.01820323067741,0
rl_best,22,44,6,12,1,1,118.08708906173706,14383.915662765503,4633.422183442235,149.77266629001764,817226.8870072203,197.60821190962048,0
rl_best,22,43,6,12,1,1,118.1114912033081,14530.024528503418,4516.531646630685,140.6218486635857,833835.9432486424,197.60821190962048,0
rl_best,22,42,6,12,1,1,118.14249992370605,14642.350673675537,4407.628959357195,149.08297266521083,851448.9783353679,197.60821190962048,0
rl_best,22,41,6,12,1,1,118.21825504302979,14730.087518692017,4292.120300848409,153.51596146908435,869597.367421496,201.0148893750271,0
rl_best,22,40,6,12,1,1,118.29827070236206,14796.000123023987,4170.441322277013,153.81070958713667,887792.9083811574,201.0148893750271,0
rl_best,22,39,6,12,1,1,118.38289260864258,14844.45571899414,4051.065205589067,164.18654900221804,907229.7869794706,201.0148893750271,0
rl_best,22,38,6,12,1,1,118.5045576095581,14880.571961402893,3921.1948283239963,150.73046878454335,925092.0345010642,208.16928401824555,0
rl_best,22,37,6,12,1,1,118.65527868270874,14901.362657546997,3801.778686672369,153.31973539890427,943284.2304323803,208.16928401824555,0
rl_best,22,36,6,12,1,1,118.75363826751709,14911.648035049438,3681.127712843395,155.75813176675342,961781.0752694337,208.605935944052,0
rl_best,22,35,6,12,1,1,118.85180711746216,14905.762672424316,3556.4109222211555,154.80616150557782,980180.0673172893,208.605935944052,0
rl_best,22,34,6,12,1,1,118.9511775970459,14898.502826690674,3433.6961288387492,162.61341981259136,999523.1250970798,208.605935944052,0
rl_best,22,33,6,12,1,1,119.05438899993896,14895.537495613098,3302.7370991086873,170.35031531758287,1019804.0778031616,208.605935944052,0
rl_best,22,32,6,12,1,1,119.1653323173523,14895.605742931366,3168.210716558111,173.54766678042355,1040484.9431879519,208.605935944052,0
rl_best,22,31,6,12,1,1,119.24302577972412,14893.709421157837,3028.9238355607276,174.78960236749896,1061327.3842490874,213.0863875168285,0
rl_best,22,30,6,12,1,1,119.29713249206543,14890.702962875366,2887.324000573414,169.05779804021708,1081495.494780708,214.84826275598544,0
rl_best,22,29,6,12,1,1,119.36026334762573,14887.632429599762,2751.4475507888947,170.7931020474502,1101881.4044190496,225.55221352890493,0
rl_best,22,28,6,12,1,1,119.37472820281982,14880.867600440979,2613.4308302944028,186.66101499729822,1124164.0123504146,225.55221352890493,0
rl_best,22,27,6,12,1,1,119.41484689712524,14867.012202739716,2462.7471991343136,168.01437158422775,1144227.4228096618,225.97295172837198,0
rl_best,22,26,6,12,1,1,119.46474552154541,14853.072166442871,2323.8007322259327,168.47401568111698,1164354.1282199994,225.97295172837198,0
rl_best,22,25,6,12,1,1,119.50798034667969,14849.514961242676,2187.2740719653802,178.8485656672718,1185727.9590907956,230.19559885154544,0
rl_best,22,24,6,12,1,1,119.54266548156738,14860.017001628876,2043.893630157425,186.45979006299842,1208017.8594000598,233.6670386321828,0
rl_best,22,23,6,12,1,1,119.56639289855957,14876.445531845093,1890.6201511929903,181.56162925082776,1229726.528498367,235.30679756566138,0
rl_best,22,22,6,12,1,1,119.55090999603271,14900.86168050766,1742.3863178882402,180.95690926641396,1251360.0916712363,238.1271749969102,0
rl_best,22,21,6,12,1,1,119.47689533233643,14901.353418827057,1596.9871436389221,184.4195173451699,1273393.963042325,238.1271749969102,0
rl_best,22,20,6,12,1,1,119.3003511428833,14893.23616027832,1447.588961867541,175.32186583328652,1294309.9231992618,238.1271749969102,0
rl_best,22,19,6,12,1,1,119.00389909744263,14870.724380016327,1302.952009378003,195.87650664332438,1317619.9912314035,238.1271749969102,0
rl_best,22,18,6,12,1,1,118.65707397460938,14807.1950674057,1142.8074186074155,198.6145920112488,1341187.017568119,244.15619931843952,0
rl_best,22,17,6,12,1,1,117.80736923217773,14592.286944389343,976.3067853412649,195.16343937719043,1364178.7089314496,244.15619931843952,0
rl_best,22,16,6,12,1,1,115.48417806625366,13952.999413013458,814.6825851817466,204.44354070037548,1387788.703190187,246.45447097887347,0
rl_best,22,15,6,12,1,1,106.47939205169678,12229.609936475754,645.366355833421,224.6832194547753,1411712.8358019495,249.0993376403336,0
rl_best,22,14,6,12,1,1,82.85404562950134,10379.077792167664,457.1188178565226,0.0,1411712.8358019495,251.01425215790965,0
rl_best,22,13,6,12,1,1,80.42297840118408,10332.569479942322,457.1188178565226,0.0,1411712.8358019495,251.46554524240713,0
rl_best,22,12,6,12,1,1,80.39091348648071,10416.540652513504,457.1188178565226,0.0,1411712.8358019495,252.18470229434556,0
rl_best,22,11,6,12,1,1,80.31106472015381,10506.666749715805,457.1188178565226,0.0,1411712.8358019495,252.18470229434556,0
rl_best,22,10,6,12,1,1,80.2557098865509,10603.179037570953,457.1188178565226,0.0,1411712.8358019495,253.3217479726484,0
rl_best,22,9,6,12,1,1,80.19926905632019,10698.106437921524,457.1188178565226,23.97512187268876,1413635.6230516753,253.3217479726484,0
rl_best,22,8,6,12,1,1,80.15992760658264,10776.544213294983,436.79391968683194,100.48162696070176,1421690.2229946367,253.3217479726484,0
rl_best,22,7,6,12,1,1,80.11993169784546,10578.676611185074,351.79559106233864,0.0,1421690.2229946367,253.3217479726484,0
rl_best,22,6,6,12,1,1,80.09451389312744,10584.199130535126,351.79559106233864,0.0,1421690.2229946367,253.3217479726484,0
rl_best,22,5,6,12,1,1,80.08107900619507,10721.286833286285,351.79559106233864,10.467902556318222,1422528.5039262783,227.42353435458372,0
rl_best,22,4,6,12,1,1,80.07165789604187,10869.700163602829,342.7078341415181,168.91096041819037,1436053.4845637756,223.80390014802688,0
rl_best,22,3,6,12,1,1,80.05638003349304,10581.18224143982,194.97457133677563,0.0,1436053.4845637756,212.94074769604768,0
rl_best,22,2,6,12,1,1,80.04733443260193,10567.674487829208,194.97457133677563,0.0,1436053.4845637756,199.91705650403023,0
rl_best,22,1,6,12,1,1,80.04509210586548,10794.43171620369,194.97457133677563,0.0,1436053.4845637756,192.4570690769313,0
rl_best,23,100,5,6,1,0,110.69660186767578,14195.73187828064,10000.0,65.86220219024477,7290.721973981889,96.84458680514814,0
rl_best,23,99,5,6,1,0,105.56626319885254,13693.60864162445,9952.77642293377,73.36559901504216,15035.654109345307,96.84458680514814,0
rl_best,23,98,5,6,1,0,106.4164686203003,13730.040192604065,9899.790025245513,95.47196340038646,25195.443306660993,96.84458680514814,0
rl_best,23,97,5,6,1,0,106.24706506729126,13754.427433013916,9830.83092927466,97.74115695127772,35580.15436901573,98.1841879480772,0
rl_best,23,96,5,6,1,0,106.16720914840698,13716.733157634735,9760.635208471482,87.91520066629407,44913.865865478336,98.50389294485028,0
rl_best,23,95,5,6,1,0,106.36173009872437,13623.972833156586,9697.930996647825,104.02738376008763,55978.398379845195,99.5635638370951,0
rl_best,23,94,5,6,1,0,106.37936115264893,13566.596806049347,9623.927012470493,90.11675022994508,65564.96069845959,99.5635638370951,0
rl_best,23,93,5,6,1,0,106.1592698097229,13494.764864444733,9559.869502951891,89.21529610859217,75035.99138920594,99.5635638370951,0
rl_best,23,92,5,6,1,0,106.31090641021729,13402.894139289856,9496.015039255102,95.22227738086394,85159.15800801072,100.80382638306776,0
rl_best,23,91,5,6,1,0,107.05374479293823,13292.837142944336,9427.769299776952,90.61943308703215,94860.3076709906,100.80382638306776,0
rl_best,23,90,5,6,1,0,107.47486591339111,13134.122490882874,9363.029145125302,93.657822539827,104926.16959019868,102.09928872109144,0
rl_best,23,89,5,6,1,0,107.76931285858154,13044.113218784332,9296.714810491956,93.24028780085509,114974.61133723322,102.09928872109144,0
rl_best,23,88,5,6,1,0,107.75615215301514,12975.288033485413,9228.270618425624,87.77016700019534,124432.38680700182,102.36662901118811,0
rl_best,23,87,5,6,1,0,107.75481700897217,12875.341475009918,9164.857026008507,116.44480109374227,136979.87504050418,103.54257348173525,0
rl_best,23,86,5,6,1,0,107.9314398765564,12764.198780059814,9081.69396869465,81.98698583964318,145828.8484733157,103.54257348173525,0
rl_best,23,85,5,6,1,0,107.9622220993042,12666.027843952179,9022.614151209571,109.37285679709868,157636.98513047947,104.94444467296476,0
rl_best,23,84,5,6,1,0,108.14548969268799,12577.546238899231,8941.265064677498,84.95865985925862,166824.8810045935,104.94444467296476,0
rl_best,23,83,5,6,1,0,108.07289600372314,12487.260699272156,8879.097956625075,94.81414906754998,177071.72067645233,104.94444467296476,0
rl_best,23,82,5,6,1,0,108.04424047470093,12440.813779830933,8810.669009518353,79.57215248598969,185669.03345473818,104.94444467296476,0
rl_best,23,81,5,6,1,0,108.06589603424072,12382.792979478836,8751.97524105036,88.2260639049102,195203.26210419647,105.30269770003343,0
rl_best,23,80,5,6,1,0,108.35890769958496,12284.985929727554,8687.399873542105,96.96350682021827,205710.12178995658,105.30269770003343,0
rl_best,23,79,5,6,1,0,108.6771559715271,12153.143733739853,8614.990682331443,105.30750779637711,217154.64223971625,107.04578516915666,0
rl_best,23,78,5,6,1,0,109.43729400634766,11974.505186080933,8539.187131174867,93.80574271090556,227420.48888425343,107.04578516915666,0
rl_best,23,77,5,6,1,0,110.40422916412354,11733.16404223442,8469.644181000715,85.31141760577597,236839.23018391777,108.15295924674302,0
rl_best,23,76,5,6,1,0,111.1384916305542,11587.68892288208,8407.439903031067,96.82984590048268,247600.7532021164,109.66762219893337,0
rl_best,23,75,5,6,1,0,111.57894134521484,11656.283736228943,8337.910754590966,84.5459374485115,257034.29939766007,109.66762219893337,0
rl_best,23,74,5,6,1,0,111.99723243713379,11775.63101053238,8277.196131399181,96.36792814464188,267827.24064556055,109.66762219893337,0
rl_best,23,73,5,6,1,0,112.67443180084229,11957.134902477264,8206.809392175739,100.60827317673711,279163.2206602133,109.89307416174906,0
rl_best,23,72,5,6,1,0,113.24472904205322,12163.110375404358,8132.588518357417,97.00316429831346,290148.3177173976,109.89307416174906,0
rl_best,23,71,5,6,1,0,113.96041631698608,12376.36849284172,8061.110413945997,97.49862773589705,301259.3019245153,109.89307416174906,0
rl_best,23,70,5,6,1,0,114.698166847229,12538.526952266693,7989.189110429055,85.22363490833146,311034.2966205584,109.89307416174906,0
rl_best,23,69,5,6,1,0,115.33947467803955,12806.932032108307,7925.253669681515,102.2295381021821,322825.3978418427,113.01452311832983,0
rl_best,23,68,5,6,1,0,115.8784818649292,12986.553311347961,7847.530527866695,92.50361253444282,333544.5760293556,115.68382153387522,0
rl_best,23,67,5,6,1,0,116.39059543609619,13163.590729236603,7779.43020852908,83.03490028080286,343209.05751501507,115.68382153387522,0
rl_best,23,66,5,6,1,0,116.44413471221924,13215.077221393585,7721.048597147023,84.06838566816522,352998.3279407977,117.77633053076984,0
rl_best,23,65,5,6,1,0,116.46703481674194,13350.57646036148,7658.158687455727,87.41895817455222,363179.7547861566,117.77633053076984,0
rl_best,23,64,5,6,1,0,116.31129503250122,13324.138820171356,7595.2956438626925,100.9620934991283,374922.78663023264,117.77633053076984,0
rl_best,23,63,5,6,1,0,116.3187313079834,13453.136384487152,7520.559206729977,93.19732097659745,385763.3807675334,119.48310619486782,0
rl_best,23,62,5,6,1,0,116.19223833084106,13418.700098991394,7451.330824941667,95.45889486587645,396854.963430588,119.48310619486782,0
rl_best,23,61,5,6,1,0,116.23010635375977,13551.006019115448,7379.532610105189,102.12665070443009,408725.1549035172,119.81792724103677,0
rl_best,23,60,5,6,1,0,116.01911067962646,13528.20873260498,7303.257606346409,112.29882376277108,421753.964566842,144.0601159519614,0
rl_best,23,59,5,6,1,0,116.02510452270508,13619.043827056885,7217.908783944122,112.14519463451103,434765.62249603024,144.0601159519614,0
rl_best,23,58,5,6,1,0,116.11587047576904,13635.244965553284,7132.088021438652,125.12944101532533,449295.13646167115,149.09961677913984,0
rl_best,23,57,5,6,1,0,116.2483024597168,13710.076808929443,7036.2099465926385,114.3923457376621,462593.0524680594,149.09961677913984,0
rl_best,23,56,5,6,1,0,116.38169288635254,13732.692003250122,6949.220122793968,124.24343141407351,477052.7133460387,149.09961677913984,0
rl_best,23,55,5,6,1,0,116.51557922363281,13803.30890417099,6857.229836715596,119.00860974350294,490919.0704429022,151.02766539478267,0
rl_best,23,54,5,6,1,0,116.63282632827759,13829.309046268463,6767.792851945673,113.15423211308217,504116.56834525696,151.02766539478267,0
rl_best,23,53,5,6,1,0,116.78407669067383,13868.451714515686,6682.954876104259,109.09073189442711,516856.6287450575,151.02766539478267,0
rl_best,23,52,5,6,1,0,116.98345184326172,13865.505754947662,6600.729911574399,124.3570225657745,531404.3425057522,151.02766539478267,0
rl_best,23,51,5,6,1,0,117.17107772827148,13902.920484542847,6507.208103582065,111.43958413242608,544461.8386801389,152.83113474757658,0
rl_best,23,50,5,6,1,0,117.33900547027588,13898.58216047287,6421.476463639626,121.69425301486068,558741.3213003508,156.11217061502776,0
rl_best,23,49,5,6,1,0,117.51362323760986,13953.58681678772,6328.771438993193,122.45937629886657,573131.9663086486,157.41349035794718,0
rl_best,23,48,5,6,1,0,117.69806861877441,13941.155970096588,6235.9564189607645,129.732167513054,588401.1918626623,157.41349035794718,0
rl_best,23,47,5,6,1,0,117.82715320587158,13997.204601764679,6137.454495194517,124.90224007476785,603118.0672397085,158.60134809389282,0
rl_best,23,46,5,6,1,0,117.96677350997925,13991.99366569519,6043.526940365596,111.56375133575794,616278.8830254575,158.60134809389282,0
rl_best,23,45,5,6,1,0,118.04512023925781,14059.987366199493,5958.394060911043,140.77125224329546,632896.2424227482,158.94197023932213,0
rl_best,23,44,5,6,1,0,118.1832218170166,14055.504202842712,5850.087256482767,140.68948537100465,649523.3790796716,160.16913603518637,0
rl_best,23,43,5,6,1,0,118.27989101409912,14088.593125343323,5741.337623174518,128.66231829154,664741.5440648162,160.16913603518637,0
rl_best,23,42,5,6,1,0,118.3031415939331,14102.280735969543,5642.8713255571865,127.13137668818692,679781.5853221904,160.16913603518637,0
rl_best,23,41,5,6,1,0,118.32775592803955,14152.794182300568,5542.9109309762225,136.74404596184561,695962.2014173763,163.14309017483365,0
rl_best,23,40,5,6,1,0,118.380446434021,14174.126088619232,5437.937650269752,123.40084053452468,710570.4480101868,163.14309017483365,0
rl_best,23,39,5,6,1,0,118.3987808227539,14206.173717975616,5341.0191768493305,125.14842454248814,725387.8688979058,163.14309017483365,0
rl_best,23,38,5,6,1,0,118.4196424484253,14233.700633049011,5242.970005817035,121.94867903280992,739828.9878660289,165.89358265658913,0
rl_best,23,37,5,6,1,0,118.46686363220215,14282.38332271576,5147.543956583957,141.58483098029177,756602.0987301596,165.89358265658913,0
rl_best,23,36,5,6,1,0,118.5620379447937,14262.42858171463,5036.318599918787,131.13294249504872,772149.48763407,166.20710065236935,0
rl_best,23,35,5,6,1,0,118.59278202056885,14251.093864440918,4933.852102796819,128.44762229587562,787382.4485060652,166.20710065236935,0
rl_best,23,34,5,6,1,0,118.59420776367188,14253.61692905426,4833.4674385088365,138.55180780096617,803813.8903864453,166.20710065236935,0
rl_best,23,33,5,6,1,0,118.58619451522827,14235.28641462326,4723.683057017113,132.39970797869296,819514.6679105661,166.20710065236935,0
rl_best,23,32,5,6,1,0,118.50442171096802,14202.048778533936,4621.213210056993,128.6205897266403,834756.7765162452,166.20710065236935,0
rl_best,23,31,5,6,1,0,118.4852409362793,14171.78750038147,4519.766542025123,133.8832575308577,850619.9665421228,170.68755222514585,0
rl_best,23,30,5,6,1,0,118.44059467315674,14175.696074962616,4415.820550690207,148.21130710314944,868174.2018927056,171.5178869628399,0
rl_best,23,29,5,6,1,0,118.41114521026611,14181.432723999023,4295.984425833414,133.15175526614138,883940.8537205266,183.5069626646924,0
rl_best,23,28,5,6,1,0,118.39493036270142,14137.54940032959,4190.5670046445575,156.28596240382691,902444.3193559954,183.5069626646924,0
rl_best,23,27,5,6,1,0,118.36045742034912,14168.286323547363,4067.175241002874,140.14180622993655,919031.5676450846,183.92770086415945,0
rl_best,23,26,5,6,1,0,118.35110425949097,14127.60853767395,3955.630939929604,150.2049002428882,936808.4834540171,183.92770086415945,0
rl_best,23,25,5,6,1,0,118.28448057174683,14141.58970117569,3836.501346038812,156.96552373400706,955375.0688965663,186.80626150679473,0
rl_best,23,24,5,6,1,0,118.17065715789795,14088.296294212341,3713.7091604067327,156.18037231608858,973831.0061283236,191.0448872510231,0
rl_best,23,23,5,6,1,0,117.95810222625732,14075.299501419067,3588.327126620832,151.06609941511303,991650.4765260535,193.02588321644785,0
rl_best,23,22,5,6,1,0,117.72382020950317,14033.684134483337,3466.749209792765,153.26631764893898,1009693.5729491299,194.18334326878238,0
rl_best,23,21,5,6,1,0,117.46712923049927,14021.98314666748,3342.097969842518,149.7877433879775,1027288.7091588302,194.18334326878238,0
rl_best,23,20,5,6,1,0,117.18059301376343,13983.94763469696,3221.4406353945233,143.04788432864876,1044051.1450738255,194.18334326878238,0
rl_best,23,19,5,6,1,0,116.8987488746643,14016.403257846832,3107.113333785629,157.54892593569392,1062468.4174022553,194.18334326878238,0
rl_best,23,18,5,6,1,0,116.63338422775269,13971.467018127441,2981.399639500778,153.33549472432347,1080352.45507419,200.04238084998562,0
rl_best,23,17,5,6,1,0,116.24004125595093,13993.089199066162,2858.4070567995304,158.95959039055828,1098829.9244192175,200.04238084998562,0
rl_best,23,16,5,6,1,0,115.93209981918335,14008.923470973969,2728.822521558406,171.49100750039008,1118711.237018845,202.34065251041957,0
rl_best,23,15,5,6,1,0,115.79809188842773,14012.104272842407,2591.2798050183956,163.72713753464745,1137670.5271357114,202.69499413993447,0
rl_best,23,14,5,6,1,0,115.73074340820312,14011.256694793701,2456.2439347874415,176.53576421965099,1158101.142366987,204.00441527653624,0
rl_best,23,13,5,6,1,0,115.59716939926147,14030.899405479431,2309.650287799601,154.59918065182652,1175972.3700417832,204.00441527653624,0
rl_best,23,12,5,6,1,0,115.291748046875,14048.219323158264,2182.760603799903,171.33611749875416,1195726.0105317794,204.31453412074885,0
rl_best,23,11,5,6,1,0,114.92758274078369,14099.169373512268,2040.0976876515579,170.51717533771833,1215323.1373091298,204.31453412074885,0
rl_best,23,10,5,6,1,0,114.7774076461792,14167.63812303543,1898.3278079843622,170.55920642722018,1234899.4808730357,204.97914192627147,0
rl_best,23,9,5,6,1,0,114.64087009429932,14237.284064292908,1757.1080009718225,170.25658946415146,1254417.8444284939,204.97914192627147,0
rl_best,23,8,5,6,1,0,114.85049724578857,14284.213483333588,1613.9993041741163,165.73807266468134,1273452.9444865913,204.97914192627147,0
rl_best,23,7,5,6,1,0,115.26565313339233,14329.333305358887,1473.8490996110486,144.6923797180677,1290131.0061382193,204.97914192627147,0
rl_best,23,6,5,6,1,0,115.69844722747803,14380.176663398743,1352.1151946519567,165.1619330374156,1309239.985331737,204.97914192627147,0
rl_best,23,5,5,6,1,0,116.2334394454956,14430.47285079956,1211.5019473224656,159.0001875658497,1327721.1240049945,186.73816117636846,0
rl_best,23,4,5,6,1,0,116.89102172851562,14469.340741634369,1075.9836760947728,129.62707441684844,1342873.3651772582,183.11852696981163,0
rl_best,23,3,5,6,1,0,117.33570575714111,14493.293464183807,965.2208555321977,143.9796027390176,1359767.3134792736,174.43812562988745,0
rl_best,23,2,5,6,1,0,117.65119075775146,14535.309672355652,842.1164435721312,117.66306964183154,1373610.5137308473,166.42268074179484,0
rl_best,23,1,5,6,1,0,117.92911529541016,14533.046782016754,740.3249459949329,115.49270467129018,1387230.4662158065,158.9626933146959,0
rl_best,24,100,3,6,0,0,86.45157814025879,13257.066011428833,10000.0,61.231391451459665,5293.5504227026395,53.96532052694327,1
rl_best,24,99,3,6,0,0,85.62569379806519,13489.982783794403,9958.955041769294,68.58330426127685,11166.04343303827,53.96532052694327,1
rl_best,24,98,3,6,0,0,85.72471618652344,13385.449945926666,9914.21210764104,79.19664838391901,17955.15363867362,53.96532052694327,1
rl_best,24,97,3,6,0,0,85.8074688911438,13369.842171669006,9861.475867494008,57.72919141882062,22908.749435454956,55.53276728716988,1
rl_best,24,96,3,6,0,0,85.88310360908508,13337.813317775726,9823.20804701833,59.05413572121615,27980.501892145134,55.852472283942966,1
rl_best,24,95,3,6,0,0,85.83885073661804,13321.567177772522,9783.739891392088,54.99784857606084,32701.45400690074,56.18471002774361,1
rl_best,24,94,3,6,0,0,85.82447052001953,13311.65224313736,9746.907462427498,51.57786267641401,37128.09676165825,56.18471002774361,1
rl_best,24,93,3,6,0,0,85.85855603218079,13301.350474357605,9711.95485660722,68.6840255361932,43025.20801667323,56.18471002774361,1
rl_best,24,92,3,6,0,0,85.88510870933533,13288.331925868988,9665.149650841957,60.80469928188344,48247.42622453623,56.85789131285237,1
rl_best,24,91,3,6,0,0,85.94370007514954,13245.007991790771,9626.215141595305,56.66261665489602,53117.221155797786,56.85789131285237,1
rl_best,24,90,3,6,0,0,85.98217844963074,13204.607963562012,9588.563571165127,83.30333871899529,60279.82369098447,57.85980122566746,1
rl_best,24,89,3,6,0,0,86.00273251533508,13154.392540454865,9532.33116736123,78.07333958054839,66994.3442315093,57.85980122566746,1
rl_best,24,88,3,6,0,0,85.95170259475708,13082.664906978607,9480.926750088413,64.75848031104678,72560.44587169282,57.85980122566746,1
rl_best,24,87,3,6,0,0,85.85115075111389,13030.132353305817,9437.798159686312,78.43776692852667,79294.41842485449,59.05581472314141,1
rl_best,24,86,3,6,0,0,85.76619982719421,12964.878678321838,9385.712681944118,67.12624633248419,85051.5814814558,59.05581472314141,1
rl_best,24,85,3,6,0,0,85.6738030910492,12901.524603366852,9339.36028324116,62.53739794691414,90409.39819898631,59.321172379079584,1
rl_best,24,84,3,6,0,0,85.60289144515991,12844.423651695251,9297.317099902164,58.81415504008569,95444.05992832157,59.321172379079584,1
rl_best,24,83,3,6,0,0,85.52631616592407,12786.342799663544,9257.86792593967,76.25976040853375,101966.27630775944,59.321172379079584,1
rl_best,24,82,3,6,0,0,85.45782208442688,12725.062668323517,9205.368295844848,58.96009087388478,107004.87726374152,59.321172379079584,1
rl_best,24,81,3,6,0,0,85.42134165763855,12704.708576202393,9167.440182214561,74.42886378608614,113362.69066640263,59.67942540614826,1
rl_best,24,80,3,6,0,0,85.41259169578552,12706.246972084045,9115.666318131798,65.06729677972298,118920.25711899762,59.67942540614826,1
rl_best,24,79,3,6,0,0,85.3931713104248,12699.083387851715,9071.391390505112,71.42622715704643,125019.5691706766,60.144742931333404,1
rl_best,24,78,3,6,0,0,85.34319043159485,12702.027261257172,9024.895189494237,51.17245584857106,129386.78981501357,60.59148468407464,1
rl_best,24,77,3,6,0,0,85.3114116191864,12708.446383476257,8990.180740226351,76.44805921470952,135908.6816621676,61.68635059106254,1
rl_best,24,76,3,6,0,0,85.23792505264282,12720.758616924286,8939.630218129789,69.99676622781872,141875.06077582177,61.68635059106254,1
rl_best,24,75,3,6,0,0,85.17976760864258,12715.701758861542,8892.63435873795,64.94603612357395,147407.14903993031,61.68635059106254,1
rl_best,24,74,3,6,0,0,85.13205289840698,12717.655301094055,8849.374516880678,82.19993737360856,154404.9984566661,61.68635059106254,1
rl_best,24,73,3,6,0,0,85.09623050689697,12748.963832855225,8793.213541502368,70.99709572142922,160446.58367949707,61.811377832783585,1
rl_best,24,72,3,6,0,0,85.08248448371887,12770.754992961884,8745.067816981507,78.12700083279421,167093.82301561278,61.811377832783585,1
rl_best,24,71,3,6,0,0,85.10854721069336,12797.467112541199,8692.032195586668,76.27006562081613,173585.0574962647,63.69238905560433,1
rl_best,24,70,3,6,0,0,85.11057376861572,12840.099036693573,8640.434282547327,77.72389485797693,180200.18278315867,63.69238905560433,1
rl_best,24,69,3,6,0,0,85.07980227470398,12898.166477680206,8587.334065461388,80.37940890818513,187038.84700002463,63.69238905560433,1
rl_best,24,68,3,6,0,0,85.07037997245789,12984.468936920166,8533.625598055904,69.40708306153816,192943.33392884964,64.51194257070377,1
rl_best,24,67,3,6,0,0,85.13569712638855,13181.434273719788,8486.889950600811,89.98285362532702,200604.08690166363,64.51194257070377,1
rl_best,24,66,3,6,0,0,85.06685256958008,13445.175588130951,8425.50621674596,76.86740007177737,207142.95469097645,66.02319309723785,1
rl_best,24,65,3,6,0,0,85.06502747535706,13840.633630752563,8374.090803848176,69.67797676920834,213070.11369927644,66.02319309723785,1
rl_best,24,64,3,6,0,0,85.26185393333435,14149.51115846634,8327.407126760487,76.14172800892156,219562.0985910048,66.02319309723785,1
rl_best,24,63,3,6,0,0,85.51983714103699,14361.027181148529,8275.593498825172,89.0104582964038,227174.2584883623,66.02319309723785,1
rl_best,24,62,3,6,0,0,85.70492744445801,14425.793886184692,8214.834583891638,84.64212731132822,234428.50586832428,66.02319309723785,1
rl_best,24,61,3,6,0,0,85.82201719284058,14425.697028636932,8156.188121508249,102.96583208453016,243265.24127975796,66.0678136608015,1
rl_best,24,60,3,6,0,0,86.04803204536438,14442.762434482574,8085.727563219873,98.20263625633142,251715.38487128203,85.17672399217258,1
rl_best,24,59,3,6,0,0,86.28243803977966,14452.967643737793,8017.486019526654,92.04235179124369,259657.02338674563,85.17672399217258,1
rl_best,24,58,3,6,0,0,86.52012228965759,14449.785649776459,7952.6334611719885,86.15515350356928,267111.17780375865,85.17672399217258,1
rl_best,24,57,3,6,0,0,86.61081433296204,14421.135783195496,7892.577618797452,96.3945512889998,275459.98838815937,85.17672399217258,1
rl_best,24,56,3,6,0,0,86.63750529289246,14378.976225852966,7824.963894440203,91.67060155425469,283402.10061551875,85.17672399217258,1
rl_best,24,55,3,6,0,0,86.60490036010742,14339.363873004913,7759.928464103036,93.72900148050589,291519.4914495903,87.67464619283565,1
rl_best,24,54,3,6,0,0,86.6121518611908,14296.454787254333,7694.746438615952,93.24006812681773,299595.21438973804,87.67464619283565,1
rl_best,24,53,3,6,0,0,86.45056128501892,14163.550734519958,7629.540001052213,104.51007244359351,308630.1688124247,87.67464619283565,1
rl_best,24,52,3,6,0,0,86.16539359092712,14060.67043542862,7552.4574780617695,82.17214500576239,315710.5640290569,88.00542260216963,1
rl_best,24,51,3,6,0,0,86.12675070762634,14049.713611602783,7493.510670616143,110.52869813707967,325230.04165954766,89.3393639748758,1
rl_best,24,50,3,6,0,0,85.99410772323608,14051.695466041565,7413.379901217859,106.33304877945656,334374.05731082836,89.3393639748758,1
rl_best,24,49,3,6,0,0,85.8589231967926,14060.122072696686,7337.360144299562,118.83018541941813,344576.6890742148,89.87264365606573,1
rl_best,24,48,3,6,0,0,85.65854072570801,14072.11035490036,7252.739139527069,106.25940707454164,353678.71482259897,89.87264365606573,1
rl_best,24,47,3,6,0,0,85.47425031661987,14084.022343158722,7177.0521346839,111.46031203452866,363205.70143380685,89.87264365606573,1
rl_best,24,46,3,6,0,0,85.42214512825012,14109.768569469452,7095.251627871918,100.91014427746016,371825.66242318874,92.28499445299059,1
rl_best,24,45,3,6,0,0,85.40107369422913,14143.782258033752,7021.715521546643,90.15576448242476,379525.06150971184,92.32417290804567,1
rl_best,24,44,3,6,0,0,85.36233425140381,14184.409379959106,6956.613768833593,105.36023178360396,388518.85683202924,92.85601305134094,1
rl_best,24,43,3,6,0,0,85.26976943016052,14222.955703735352,6879.4170469875535,115.30559887838965,398350.9386623961,92.85601305134094,1
rl_best,24,42,3,6,0,0,85.16443371772766,14273.971319198608,6795.403300839913,114.43245271821026,408096.5136970731,92.85601305134094,1
rl_best,24,41,3,6,0,0,85.0411331653595,14318.284392356873,6712.457653235155,93.72655258770632,416067.1259368143,93.6308664821853,1
rl_best,24,40,3,6,0,0,84.88231301307678,14346.546530723572,6644.426129238547,99.24569357528419,424491.32996407145,93.6308664821853,1
rl_best,24,39,3,6,0,0,84.68575596809387,14377.258718013763,6571.388721383645,106.6197200189484,433520.5015549826,93.6308664821853,1
rl_best,24,38,3,6,0,0,84.5206344127655,14392.456114292145,6494.048231271233,108.11575507470883,442658.5137639122,95.04742683727991,1
rl_best,24,37,3,6,0,0,84.4613265991211,14383.649230003357,6415.371815144026,113.63071226195504,452255.9144639599,95.04742683727991,1
rl_best,24,36,3,6,0,0,84.40247654914856,14369.190633296967,6331.930663583334,102.16834851447938,460879.1761035185,95.04742683727991,1
rl_best,24,35,3,6,0,0,84.40415859222412,14338.621497154236,6255.575144559669,103.45492218774284,469611.20176299894,95.04742683727991,1
rl_best,24,34,3,6,0,0,84.39610362052917,14306.858777999878,6180.112879171121,90.39650808411363,477240.3148261998,95.04742683727991,1
rl_best,24,33,3,6,0,0,84.37700033187866,14284.919202327728,6113.533474853255,122.09679236139276,487542.47591579834,95.04742683727991,1
rl_best,24,32,3,6,0,0,84.2739737033844,14261.128902435303,6022.15597612904,124.14996366216093,498005.0866887394,97.00694341239463,1
rl_best,24,31,3,6,0,0,84.21087265014648,14272.961616516113,5930.018160288725,114.7490604395086,507668.20520413487,101.69890345053383,1
rl_best,24,30,3,6,0,0,84.02463793754578,14325.191974639893,5845.839516367442,122.71069133296655,517978.9266144533,101.69890345053383,1
rl_best,24,29,3,6,0,0,83.8331949710846,14366.82403087616,5754.7948144190095,115.93675620737129,527698.2753019009,105.09652333242514,1
rl_best,24,28,3,6,0,0,83.6555802822113,14353.259205818176,5669.254602490072,129.5134986818067,538532.8021885068,105.09652333242514,1
rl_best,24,27,3,6,0,0,83.46853971481323,14309.175610542297,5572.6413861320825,124.47951610612515,548922.9256222916,105.51726153189219,1
rl_best,24,26,3,6,0,0,83.33433032035828,14290.897846221924,5480.969997193978,132.05615162328039,559927.7365825014,105.51726153189219,1
rl_best,24,25,3,6,0,0,83.22128772735596,14259.852766990662,5381.889693891315,143.51354683675436,571871.1187565763,108.86577323146005,1
rl_best,24,24,3,6,0,0,82.95791387557983,14199.026823043823,5274.185027889281,140.89515494609606,583559.486886081,110.31606898852215,1
rl_best,24,23,3,6,0,0,82.69602656364441,14143.887460231781,5170.38667184417,149.72684166599302,595941.3017617826,111.20897889534331,1
rl_best,24,22,3,6,0,0,82.51884818077087,14094.740748405457,5059.836410145035,135.00487799512558,607081.7487927258,112.95137016244168,1
rl_best,24,21,3,6,0,0,82.27972745895386,14010.132253170013,4958.2238603866135,131.17913010522136,617875.1318660862,112.95137016244168,1
rl_best,24,20,3,6,0,0,82.05322980880737,13914.647698402405,4859.127348317543,131.77012302019992,628687.2960521975,112.95137016244168,1
rl_best,24,19,3,6,0,0,81.78505420684814,13784.153759479523,4758.645115976504,143.98216020263934,640462.8848291894,112.95137016244168,1
rl_best,24,18,3,6,0,0,81.51377081871033,13645.237982273102,4646.911217386992,152.09791792094697,652860.9596526005,117.40424760711261,1
rl_best,24,17,3,6,0,0,81.27616882324219,13466.473519802094,4527.571200480438,146.41588434949088,664761.081787394,117.40424760711261,1
rl_best,24,16,3,6,0,0,81.0884940624237,13371.711373329163,4416.249209531272,161.92078785453012,677890.9946319191,117.43877695873326,1
rl_best,24,15,3,6,0,0,80.92408299446106,13372.811079025269,4290.243684228063,123.763726387686,687906.46069782,117.79311858824813,1
rl_best,24,14,3,6,0,0,80.79215288162231,13479.259312152863,4193.303941606779,143.1056610719467,699468.2751453703,118.13382576143007,1
rl_best,24,13,3,6,0,0,80.73063611984253,13751.026093959808,4083.0090038321614,140.12501962964205,710780.6571163767,118.13382576143007,1
rl_best,24,12,3,6,0,0,80.69201588630676,13911.66865825653,3973.377995162574,138.500439891542,721956.5368123654,118.65148982084473,1
rl_best,24,11,3,6,0,0,80.67481875419617,14004.923701286316,3864.2826401392003,144.99998832753872,733654.3845900502,118.65148982084473,1
rl_best,24,10,3,6,0,0,80.62498807907104,14035.25710105896,3750.147102941135,150.31916733945613,745773.8656648498,119.72247037978816,1
rl_best,24,9,3,6,0,0,80.55154323577881,14047.625660896301,3630.4558354433293,159.67022076281054,758635.5483560916,119.9282594332441,1
rl_best,24,8,3,6,0,0,80.48803210258484,13922.527730464935,3502.4247820671653,139.3613035476912,769852.4654298963,119.9282594332441,1
rl_best,24,7,3,6,0,0,80.45494198799133,13967.499136924744,3390.633589568156,160.68700691337946,782780.5292493361,119.9282594332441,1
rl_best,24,6,3,6,0,0,80.4265296459198,13891.651630401611,3258.6112399243293,130.573638808807,793282.1138819682,119.9282594332441,1
rl_best,24,5,3,6,0,0,80.45573830604553,13897.318243980408,3151.726056354758,125.41524776402017,803372.490235658,111.6350613497792,1
rl_best,24,4,3,6,0,0,80.50475358963013,13940.064311027527,3049.2846455304216,111.04566052687689,812312.193773572,105.31132169984018,1
rl_best,24,3,3,6,0,0,80.54112553596497,13945.879340171814,2959.104373963347,116.94644830734816,821731.1923476794,100.66337802387262,1
rl_best,24,2,3,6,0,0,80.61705350875854,13927.992582321167,2861.1326108723324,114.60261784905816,830970.1177230608,97.45860423514522,1
rl_best,24,1,3,6,0,0,80.63468813896179,13890.153467655182,2764.5026707102834,100.44334932781092,839069.3358717416,90.48681714092218,1
rl_best,25,100,2,12,0,1,91.88748478889465,10393.463224172592,10000.0,103.81039850643015,9538.876413688693,78.34826956228913,0
rl_best,25,99,2,12,0,1,89.27844166755676,10852.26684808731,9928.857921245646,86.60264687537648,17270.62577100801,78.34826956228913,0
rl_best,25,98,2,12,0,1,90.99749803543091,10822.42950797081,9871.53456451166,96.79240137210321,26078.49212471061,78.34826956228913,0
rl_best,25,97,2,12,0,1,91.68471813201904,10933.104902505875,9807.504376383755,90.25551878597273,34353.54392446167,80.43164846582134,0
rl_best,25,96,2,12,0,1,92.77817010879517,10980.348140001297,9746.160822157508,97.28080686975943,43379.07917254506,80.43164846582134,0
rl_best,25,95,2,12,0,1,93.7621021270752,11042.330712080002,9681.9742576145,83.16448034349825,51176.75567185728,80.76388620962199,0
rl_best,25,94,2,12,0,1,94.68334555625916,11086.046397686005,9627.0524848048,86.32225118758471,59350.035210245565,80.76388620962199,0
rl_best,25,93,2,12,0,1,95.70976972579956,11124.83561038971,9569.319548567926,82.7776029037849,67272.6605226205,81.2516721329647,0
rl_best,25,92,2,12,0,1,96.6856050491333,11048.44480752945,9513.20399185936,85.32749668599064,75522.60116703343,81.68189079408234,0
rl_best,25,91,2,12,0,1,96.90060138702393,11035.405695438385,9456.054508342966,70.15888377281554,82321.03919726156,81.68189079408234,0
rl_best,25,90,2,12,0,1,96.73316240310669,11055.730134248734,9410.220108098263,80.51355328880445,90109.36982319866,82.82831677780638,0
rl_best,25,89,2,12,0,1,96.7445695400238,11124.250143766403,9355.82253220914,79.13470466973087,97765.22276214868,82.82831677780638,0
rl_best,25,88,2,12,0,1,96.79477095603943,11215.727776288986,9301.193671852398,88.99650206710238,106379.61879562255,82.82831677780638,0
rl_best,25,87,2,12,0,1,96.51074171066284,11326.665133237839,9241.017803781018,89.06337844083595,114975.19150820508,84.56293398444693,0
rl_best,25,86,2,12,0,1,95.47805786132812,11499.70531463623,9180.469190497588,96.8231820451824,124219.68088583292,84.56293398444693,0
rl_best,25,85,2,12,0,1,93.93521308898926,11709.542572498322,9115.777762497435,106.59401866321838,134232.61274297404,84.8282916403851,0
rl_best,25,84,2,12,0,1,92.57752537727356,11853.604316711426,9044.764435606325,99.61329023101516,143454.56464724956,87.66566629607894,0
rl_best,25,83,2,12,0,1,91.09921455383301,11907.080262899399,8977.607810740938,95.69790082270843,152172.5682466489,87.66566629607894,0
rl_best,25,82,2,12,0,1,89.85976815223694,11953.760385513306,8912.002060557861,100.34942459157361,161189.9442746581,87.66566629607894,0
rl_best,25,81,2,12,0,1,89.05891299247742,11957.7756524086,8842.038578375934,95.51812329111416,169696.68450604618,88.02391932314761,0
rl_best,25,80,2,12,0,1,88.53351950645447,11943.381428718567,8776.550756905839,106.38501568397184,179115.32436729755,88.02391932314761,0
rl_best,25,79,2,12,0,1,88.04062366485596,11963.013410568237,8701.586634975363,115.62827040008949,189295.30940661003,89.41124357506565,0
rl_best,25,78,2,12,0,1,87.70017385482788,12044.52097415924,8621.836807995689,117.92702517298228,199637.53001646325,89.85798532780689,0
rl_best,25,77,2,12,0,1,87.17698693275452,12310.784310102463,8540.189055610106,98.86421902144974,208256.21474621317,91.10061121112462,0
rl_best,25,76,2,12,0,1,86.30117177963257,12669.48938369751,8472.245913930026,115.89615836936561,218258.1890182473,91.10061121112462,0
rl_best,25,75,2,12,0,1,85.17289400100708,13262.60507106781,8393.684995232281,119.52272028280683,228438.2850036068,91.10061121112462,0
rl_best,25,74,2,12,0,1,84.22699928283691,13879.150748252869,8311.27525545562,103.90587609370333,237189.9651548337,91.10061121112462,0
rl_best,25,73,2,12,0,1,83.70480298995972,14246.081113815308,8239.397495050363,96.95239132664659,245305.34597023614,91.59938678561403,0
rl_best,25,72,2,12,0,1,83.14088463783264,14381.611943244934,8173.589847853963,104.0301940138443,253954.50832959253,91.59938678561403,0
rl_best,25,71,2,12,0,1,82.85622239112854,14398.26786518097,8101.37161272425,104.52576111271075,262615.11803794926,93.48039800843478,0
rl_best,25,70,2,12,0,1,82.76513338088989,14384.791851043701,8031.379390602242,115.24578348658176,272153.45067980135,93.48039800843478,0
rl_best,25,69,2,12,0,1,82.65071034431458,14380.161166191101,7952.500880106144,109.11698017313772,281172.0466017377,93.48039800843478,0
rl_best,25,68,2,12,0,1,82.47457146644592,14404.96802330017,7877.860715529883,123.49076515197956,291356.8945377107,95.11469441166237,0
rl_best,25,67,2,12,0,1,82.39480376243591,14358.059167861938,7792.099545181087,110.62960464474442,300472.19910273026,95.11469441166237,0
rl_best,25,66,2,12,0,1,82.52805352210999,14280.931055545807,7711.892256538123,120.39474722826688,310408.1432457656,96.29318018780998,0
rl_best,25,65,2,12,0,1,82.73929953575134,14178.05552482605,7625.61835721195,124.65267847719187,320721.8185482237,96.29318018780998,0
rl_best,25,64,2,12,0,1,83.05086612701416,14057.045578956604,7536.917030885021,108.87052969893853,329763.61033542734,96.29318018780998,0
rl_best,25,63,2,12,0,1,83.47389101982117,13914.068937301636,7461.823253173426,120.54284726717306,339825.7908314263,96.29318018780998,0
rl_best,25,62,2,12,0,1,83.67180109024048,13773.959279060364,7377.822864708352,115.92436856382986,349525.39153941075,96.29318018780998,0
rl_best,25,61,2,12,0,1,83.67877960205078,13662.911057472229,7295.3112549539765,126.85666462065095,360140.6024192535,96.40873891602581,0
rl_best,25,60,2,12,0,1,83.66271138191223,13554.298281669617,7207.00858674271,157.8710668076248,373348.5239171344,121.48371342624034,0
rl_best,25,59,2,12,0,1,83.65755081176758,13463.666141033173,7097.1966210427145,145.92372739573048,385556.1455563852,121.717787817549,0
rl_best,25,58,2,12,0,1,83.7054431438446,13386.150896549225,6994.02402682576,148.07452620843867,397950.7893909774,121.717787817549,0
rl_best,25,57,2,12,0,1,83.80353331565857,13367.076516151428,6889.272293047681,137.91427578984414,409508.49299683655,121.717787817549,0
rl_best,25,56,2,12,0,1,83.90335083007812,13344.058394432068,6791.51423652469,144.9527458171671,421670.5140829175,121.717787817549,0
rl_best,25,55,2,12,0,1,84.0637469291687,13307.432532310486,6686.529077494957,144.51884795237865,433819.30994368123,125.52438207732914,0
rl_best,25,54,2,12,0,1,84.20836806297302,13255.906701087952,6583.872480338853,147.71623221840753,446258.25279520446,125.52438207732914,0
rl_best,25,53,2,12,0,1,84.29545998573303,13200.779855251312,6477.262982291086,150.44693853745895,458940.24668266485,125.52438207732914,0
rl_best,25,52,2,12,0,1,84.29366946220398,13184.023201465607,6369.219431499335,147.09648662058936,471339.54930491233,125.77567823347204,0
rl_best,25,51,2,12,0,1,84.35680627822876,13103.093802928925,6265.305623873789,143.95151070368587,483482.83900680154,127.57061847614774,0
rl_best,25,50,2,12,0,1,84.32636737823486,12997.80249595642,6163.058197602739,149.29584663175117,496072.4154179152,127.57061847614774,0
rl_best,25,49,2,12,0,1,84.25397515296936,12884.39691066742,6058.608946672127,141.61771431802637,508004.2708012865,127.56529444817109,0
rl_best,25,48,2,12,0,1,84.08646702766418,12775.111496448517,5957.082654628648,150.55602011401726,520663.99462242017,127.56529444817109,0
rl_best,25,47,2,12,0,1,83.78621339797974,12695.320546627045,5850.53439382442,148.9017232962077,533139.9061858432,127.56529444817109,0
rl_best,25,46,2,12,0,1,83.46938133239746,12609.370946884155,5745.705748635691,157.54148802258607,546289.7967252737,130.8145259896823,0
rl_best,25,45,2,12,0,1,83.19586992263794,12528.913021087646,5633.4391285529,152.60241747220252,558985.6875991712,130.8145259896823,0
rl_best,25,44,2,12,0,1,82.96018481254578,12523.755133152008,5524.530782818202,154.27917766004632,571784.7166905762,131.2339851260106,0
rl_best,25,43,2,12,0,1,82.7147376537323,12499.500960111618,5413.723903985181,159.1309601983723,584947.192315971,131.2339851260106,0
rl_best,25,42,2,12,0,1,82.49095559120178,12520.414292812347,5302.125557098743,160.27707089591286,598168.6010535336,131.2339851260106,0
rl_best,25,41,2,12,0,1,82.29268789291382,12544.378340244293,5188.322071495554,159.69067512273247,611309.9759408174,134.1721664575167,0
rl_best,25,40,2,12,0,1,82.12125182151794,12577.51315832138,5070.049744274991,147.63409878883658,623433.8729448983,134.1721664575167,0
rl_best,25,39,2,12,0,1,81.98176145553589,12617.961764335632,4964.939435001154,160.3258762522768,636577.6706869622,134.1721664575167,0
rl_best,25,38,2,12,0,1,81.78227424621582,12633.188962936401,4852.675954723962,183.8920386407518,651616.7798227759,135.24479254111014,0
rl_best,25,37,2,12,0,1,81.58867478370667,12631.80673122406,4719.645714747099,178.2015071875947,666156.004638671,135.24479254111014,0
rl_best,25,36,2,12,0,1,81.36891722679138,12649.47384595871,4589.2614450481105,175.12088769551767,680405.4016542498,135.3776796692217,0
rl_best,25,35,2,12,0,1,81.22274398803711,12684.730589389801,4459.038280201897,163.40783456906973,693677.8343670928,135.3776796692217,0
rl_best,25,34,2,12,0,1,81.10151410102844,12667.3424243927,4337.824966388352,160.77904862342592,706717.2586461755,135.3776796692217,0
rl_best,25,33,2,12,0,1,80.98480582237244,12706.315517425537,4220.13530032539,180.97912209037966,721373.8177065683,135.3776796692217,0
rl_best,25,32,2,12,0,1,80.99570393562317,12766.77817106247,4088.1950570710433,172.7193746334126,735363.3450383221,137.67563429490323,0
rl_best,25,31,2,12,0,1,81.05999231338501,12866.32925271988,3955.4386246510458,176.91912612812337,749704.4080423586,146.59908961842842,0
rl_best,25,30,2,12,0,1,81.15869045257568,12935.128509998322,3823.3582912649163,195.85574955634718,765599.8041939593,146.67867998707746,0
rl_best,25,29,2,12,0,1,81.31086587905884,12962.065637111664,3678.579328903982,177.9666010319812,780070.4226214227,149.0471367442043,0
rl_best,25,28,2,12,0,1,81.30581140518188,13034.119606018066,3542.1323041985324,182.8260202253852,794935.2405418279,149.0471367442043,0
rl_best,25,27,2,12,0,1,81.30740761756897,13116.304576396942,3404.6718780808887,180.34415999106957,809598.5566696698,149.46787494367135,0
rl_best,25,26,2,12,0,1,81.14241242408752,12992.863953113556,3268.1848614953415,176.36806344682861,823909.4868123101,149.46787494367135,0
rl_best,25,25,2,12,0,1,80.92503428459167,12908.08379650116,3135.059094978493,198.32846765940366,839959.2248572578,154.18295349612166,0
rl_best,25,24,2,12,0,1,80.77395439147949,12814.874053001404,2983.2304265432285,187.5937194637894,855111.9113973539,154.86606328959272,0
rl_best,25,23,2,12,0,1,80.60169577598572,12750.021815299988,2839.8645944021473,212.86649891801775,872269.3121840431,155.75897319641388,0
rl_best,25,22,2,12,0,1,80.47651648521423,12680.34964799881,2677.910861735071,201.413726460592,888478.3872618973,158.80352394212818,0
rl_best,25,21,2,12,0,1,80.41722416877747,12530.067563056946,2525.2978513550306,182.27056445932578,903136.0801033925,158.80352394212818,0
rl_best,25,20,2,12,0,1,80.37528991699219,12248.146831989288,2384.551582361584,188.55539391464313,918291.2745546945,158.80352394212818,0
rl_best,25,19,2,12,0,1,80.36568641662598,12060.528695583344,2241.5076433182567,202.43023951880124,934559.7197051051,158.80352394212818,0
rl_best,25,18,2,12,0,1,80.34646034240723,11547.21885919571,2085.8511870438388,201.00403819866864,950709.682688898,163.45135432315968,0
rl_best,25,17,2,12,0,1,80.28329133987427,11280.99262714386,1928.3811177651842,203.256326279363,967027.7695482566,163.45135432315968,0
rl_best,25,16,2,12,0,1,80.20730257034302,11086.028069257736,1770.8610218228987,197.57083505407405,982874.3932945142,163.48588367478033,0
rl_best,25,15,2,12,0,1,80.14957189559937,11048.09433221817,1615.4097681678777,197.29759358021954,998687.7109560007,166.63305223218825,0
rl_best,25,14,2,12,0,1,80.10894894599915,10807.329714298248,1466.6898810134098,201.65061939641262,1014841.7301301571,167.6035577215017,0
rl_best,25,13,2,12,0,1,80.07476210594177,10774.470567703247,1307.24202413714,212.3101858916282,1031842.4177580975,168.05485080599917,0
rl_best,25,12,2,12,0,1,80.0536048412323,10579.190254211426,1137.5338543003254,212.77689740220768,1048875.9754220773,169.09384479432455,0
rl_best,25,11,2,12,0,1,80.03606677055359,10466.82596206665,968.5735674054085,128.97137452285824,1059198.336964879,169.09384479432455,0
rl_best,25,10,2,12,0,1,80.0274384021759,10316.137075424194,867.0289845950483,0.0,1059198.336964879,170.63726322604822,0
rl_best,25,9,2,12,0,1,80.02589583396912,10383.357852697372,867.0289845950483,0.0,1059198.336964879,170.84305227950415,0
rl_best,25,8,2,12,0,1,80.02687692642212,10427.60968208313,867.0289845950483,64.60908850018677,1064368.8005386116,170.84305227950415,0
rl_best,25,7,2,12,0,1,80.0256073474884,10428.072959184647,814.7345402669034,32.57869669232059,1066975.9305280042,170.84305227950415,0
rl_best,25,6,2,12,0,1,80.0240707397461,10447.385907173157,788.3712938904446,49.54580390834781,1070940.7874448234,170.84305227950415,0
rl_best,25,5,2,12,0,1,80.02287268638611,10458.530187606812,748.4536564359696,41.27602560226114,1074243.8135865931,155.39122305741984,0
rl_best,25,4,2,12,0,1,80.02149105072021,10476.940721273422,714.7453637803246,47.66306523680032,1078057.8831348896,149.0674834074808,0
rl_best,25,3,2,12,0,1,80.01967668533325,10496.727377176285,674.8362161341938,48.754516330105616,1081959.2037685744,142.23678861945825,0
rl_best,25,2,2,12,0,1,80.01818895339966,10508.93947482109,633.6409257942432,40.81361071203355,1085225.0349824005,135.31638940994628,0
rl_best,25,1,2,12,0,1,80.01681685447693,10556.272715330124,599.5188586537606,75.19004671456423,1091241.5031796393,127.3584148712835,0
rl_best,26,100,2,6,0,0,98.71341705322266,11034.304201602936,10000.0,63.57250528916089,6275.459227727142,53.51064944791461,1
rl_best,26,99,2,6,0,0,93.50399971008301,11312.755942344666,9955.985279680099,68.31805075028905,12663.470225275605,53.51064944791461,1
rl_best,26,98,2,6,0,0,95.52383780479431,11580.088436603546,9910.24712218523,57.93254479813056,18197.40923819121,53.51064944791461,1
rl_best,26,97,2,6,0,0,95.15019178390503,11645.259857177734,9871.315223278774,70.04889907390597,24862.57541932477,55.53276728716988,1
rl_best,26,96,2,6,0,0,94.8432719707489,11819.69404220581,9823.201061392649,60.12848301438487,30565.35748704663,55.852472283942966,1
rl_best,26,95,2,6,0,0,93.4666657447815,11856.757700443268,9781.966287834046,71.47204018728908,37245.610777329566,56.18471002774361,1
rl_best,26,94,2,6,0,0,91.99901580810547,11956.182569265366,9733.175889085509,52.894971391702434,42111.896086564084,56.18471002774361,1
rl_best,26,93,2,6,0,0,90.09914755821228,12098.351269960403,9697.310267670433,60.199938015743726,47535.859184839814,56.18471002774361,1
rl_best,26,92,2,6,0,0,88.13840627670288,11889.113932847977,9657.596422326718,48.584142112820075,51817.98804098462,56.85789131285237,1
rl_best,26,91,2,6,0,0,87.2106146812439,11898.361593484879,9624.437496772098,58.376639755856566,56909.050677118415,56.85789131285237,1
rl_best,26,90,2,6,0,0,86.22983574867249,11847.833395004272,9584.356903575623,61.01895018270277,62170.704728929304,57.85980122566746,1
rl_best,26,89,2,6,0,0,85.39762258529663,11822.053492069244,9542.125984220645,75.07908941272468,68582.28047064491,57.85980122566746,1
rl_best,26,88,2,6,0,0,84.56029891967773,11753.06499004364,9490.473753341152,60.40335149531071,73690.00592883874,57.85980122566746,1
rl_best,26,87,2,6,0,0,83.9735758304596,11621.403396129608,9450.723502228613,87.5481488242847,81041.73704295118,59.05581472314141,1
rl_best,26,86,2,6,0,0,83.49448680877686,11545.139253139496,9390.799179564603,87.46481974433088,88344.56728132626,59.05581472314141,1
rl_best,26,85,2,6,0,0,82.98149228096008,11415.192633867264,9331.051042085892,62.002951631246795,93489.66473351131,59.321172379079584,1
rl_best,26,84,2,6,0,0,82.70715236663818,11400.735974311829,9288.454983010957,61.7644589870153,98598.02725379336,59.321172379079584,1
rl_best,26,83,2,6,0,0,82.54933595657349,11366.585791110992,9245.933054214023,84.91065354712352,105607.34531974708,59.321172379079584,1
rl_best,26,82,2,6,0,0,82.40479707717896,11352.22852230072,9186.526590368578,97.0880410197123,113607.8656385973,59.321172379079584,1
rl_best,26,81,2,6,0,0,82.36609816551208,11312.969475984573,9119.122143503697,75.09438400594468,119793.0970433096,59.67942540614826,1
rl_best,26,80,2,6,0,0,82.40024209022522,11292.002201080322,9068.103926598833,65.40983516300341,125182.8832958228,59.67942540614826,1
rl_best,26,79,2,6,0,0,82.41953730583191,11304.595470428467,9022.642191437903,66.27175884244585,130644.97099606086,60.144742931333404,1
rl_best,26,78,2,6,0,0,82.41396307945251,11323.917508125305,8976.997622732375,72.27054720089363,136601.07320480715,60.59148468407464,1
rl_best,26,77,2,6,0,0,82.39717125892639,11341.276913881302,8927.924561104783,93.43905768501975,144300.18724315244,61.68635059106254,1
rl_best,26,76,2,6,0,0,82.38183856010437,11355.268955230713,8865.354429594312,75.97747324413277,150559.35117815522,61.68635059106254,1
rl_best,26,75,2,6,0,0,82.42024064064026,11403.799951076508,8811.595165179191,83.79995982673164,157466.16403275044,61.68635059106254,1
rl_best,26,74,2,6,0,0,82.45197057723999,11490.33010005951,8753.653356969036,66.57240580638872,162955.1900775549,61.68635059106254,1
rl_best,26,73,2,6,0,0,82.48135209083557,11598.145514726639,8705.305723717884,92.58756140616728,170591.93732912885,61.811377832783585,1
rl_best,26,72,2,6,0,0,82.51039505004883,11727.254092693329,8640.419127425432,77.47273913411763,176984.24364069427,61.811377832783585,1
rl_best,26,71,2,6,0,0,82.59082913398743,11835.525631904602,8586.090380749403,68.0995091944923,182608.63856868498,63.69238905560433,1
rl_best,26,70,2,6,0,0,82.66613245010376,11947.67341017723,8538.38732482569,86.05150217454664,189722.18344497646,63.69238905560433,1
rl_best,26,69,2,6,0,0,82.73708939552307,12073.471546173096,8477.189869435553,70.39422485548788,195546.3967197735,63.69238905560433,1
rl_best,26,68,2,6,0,0,82.78031945228577,12195.555716753006,8427.02476134942,71.27029899172625,201446.1748377685,64.51194257070377,1
rl_best,26,67,2,6,0,0,82.78895139694214,12315.650433301926,8378.357569903705,82.80540006894222,208301.54707948052,64.51194257070377,1
rl_best,26,66,2,6,0,0,82.8780460357666,12402.40752696991,8319.296146067152,91.81974296719007,215911.38796410756,66.02319309723785,1
rl_best,26,65,2,6,0,0,83.01106095314026,12500.266134738922,8255.434132787661,88.33366624306214,223244.05931682474,66.02319309723785,1
rl_best,26,64,2,6,0,0,83.13786029815674,12604.239583015442,8192.341476148496,81.68364757282392,230035.06299737806,66.02319309723785,1
rl_best,26,63,2,6,0,0,83.27742576599121,12721.191346645355,8134.899767511106,77.44162302446347,236484.2020099957,66.02319309723785,1
rl_best,26,62,2,6,0,0,83.46457600593567,12877.461910247803,8079.460143116497,82.08014463336198,243334.98648032514,66.02319309723785,1
rl_best,26,61,2,6,0,0,83.49068403244019,13124.758005142212,8022.394001054196,97.33889936413318,251461.87777120149,66.0678136608015,1
rl_best,26,60,2,6,0,0,83.45761179924011,13419.49611902237,7953.211881459634,110.16291017833748,260655.81116353974,85.17672399217258,1
rl_best,26,59,2,6,0,0,83.45957636833191,13713.197410106659,7874.025669717728,101.87013106348898,269157.849146685,85.17672399217258,1
rl_best,26,58,2,6,0,0,83.59342336654663,13928.992748260498,7801.598975091243,115.00284605879214,278771.3307456354,85.17672399217258,1
rl_best,26,57,2,6,0,0,83.74001026153564,13980.491161346436,7720.005194823876,95.45838508832456,286765.0168924813,85.17672399217258,1
rl_best,26,56,2,6,0,0,83.78342270851135,13995.729684829712,7652.1528920368155,107.68099668364667,295786.8993553011,85.17672399217258,1
rl_best,26,55,2,6,0,0,83.79331469535828,13980.277478694916,7574.857536505508,100.25918999580023,304187.9492137209,87.67464619283565,1
rl_best,26,54,2,6,0,0,83.76084804534912,13951.551914215088,7503.36818201779,109.16151328585254,313331.41014045756,87.67464619283565,1
rl_best,26,53,2,6,0,0,83.56976389884949,13941.729664802551,7424.090387334887,108.02948736851306,322359.40889395797,87.67464619283565,1
rl_best,26,52,2,6,0,0,83.30050706863403,13945.409059524536,7347.440163187952,107.364190722883,331302.90042218764,88.00542260216963,1
rl_best,26,51,2,6,0,0,83.04682970046997,13927.32858657837,7268.246094325099,101.62718429466723,339742.71588924516,89.3393639748758,1
rl_best,26,50,2,6,0,0,82.79990911483765,13890.413045883179,7192.589907032932,110.40727944053967,348884.42859253834,89.3393639748758,1
rl_best,26,49,2,6,0,0,82.5445544719696,13843.496441841125,7111.193786811692,100.51343295597201,357181.26513433724,89.87264365606573,1
rl_best,26,48,2,6,0,0,82.31142401695251,13799.748420715332,7036.4519184367255,109.73841916493676,366213.99068517244,89.87264365606573,1
rl_best,26,47,2,6,0,0,82.09377765655518,13752.480745315552,6955.934701546255,118.25022564489987,375921.5984171023,89.87264365606573,1
rl_best,26,46,2,6,0,0,81.95414662361145,13708.62603187561,6867.358038804221,111.44411525581445,385054.905779116,92.28499445299059,1
rl_best,26,45,2,6,0,0,81.8362295627594,13652.555644512177,6784.953384112911,115.3259493924256,394492.7466481377,92.32417290804567,1
rl_best,26,44,2,6,0,0,81.744384765625,13606.217503547668,6702.622537104559,104.37802308513074,403025.0639282839,92.85601305134094,1
rl_best,26,43,2,6,0,0,81.69920444488525,13600.3577709198,6627.800484103165,112.77632869600554,412238.80026296247,92.85601305134094,1
rl_best,26,42,2,6,0,0,81.67565822601318,13608.002066612244,6544.424250604614,119.06577998909574,421963.57621576556,92.85601305134094,1
rl_best,26,41,2,6,0,0,81.66319727897644,13585.659265518188,6455.152907203665,117.12877357644828,431528.68635938363,93.6308664821853,1
rl_best,26,40,2,6,0,0,81.64596319198608,13553.67511510849,6370.406548377183,129.28360321332326,442084.17066866596,93.6308664821853,1
rl_best,26,39,2,6,0,0,81.62945985794067,13511.828780174255,6274.33901568525,111.75710104875054,451206.84246256476,93.6308664821853,1
rl_best,26,38,2,6,0,0,81.59848093986511,13468.682169914246,6193.657685968454,121.31809544085564,461106.2147610562,95.04742683727991,1
rl_best,26,37,2,6,0,0,81.56755924224854,13418.003916740417,6105.75381394254,126.3474104256491,471412.064646055,95.04742683727991,1
rl_best,26,36,2,6,0,0,81.54567956924438,13308.269083499908,6011.191373302199,102.12391741592552,479739.82889201003,95.04742683727991,1
rl_best,26,35,2,6,0,0,81.50230526924133,13139.143586158752,5935.450328319381,131.39536295486243,490448.85387452,95.04742683727991,1
rl_best,26,34,2,6,0,0,81.45588397979736,12969.954013824463,5840.309801958623,112.06212668794495,499576.9734645426,95.04742683727991,1
rl_best,26,33,2,6,0,0,81.40364408493042,12833.536267280579,5759.349824809084,119.70196390470373,509321.14953050826,95.04742683727991,1
rl_best,26,32,2,6,0,0,81.30740642547607,12712.725102901459,5666.868456403807,124.05281506681195,519407.56218336994,97.00694341239463,1
rl_best,26,31,2,6,0,0,81.17546439170837,12630.882859230042,5573.619550397878,121.84105499563893,529298.0664046166,101.69890345053383,1
rl_best,26,30,2,6,0,0,81.0533058643341,12547.136843204498,5482.034524124149,125.86155336147729,539499.5613857846,101.69890345053383,1
rl_best,26,29,2,6,0,0,80.93599081039429,12457.276582717896,5385.759079014875,137.50960111373152,550629.0371978666,105.09652333242514,1
rl_best,26,28,2,6,0,0,80.85469603538513,12361.509799957275,5285.658326186996,107.86222932357416,559350.2049635232,105.09652333242514,1
rl_best,26,27,2,6,0,0,80.80651521682739,12226.546853780746,5202.325519097125,137.83921877101758,570488.5118926191,105.51726153189219,1
rl_best,26,26,2,6,0,0,80.78538298606873,12017.668336629868,5099.725484799942,131.1441249038471,581083.0402493492,105.51726153189219,1
rl_best,26,25,2,6,0,0,80.7338547706604,11779.066771268845,4998.904378806984,141.20832093326985,592483.3323239846,108.86577323146005,1
rl_best,26,24,2,6,0,0,80.68256378173828,11644.86438035965,4890.4010650095415,139.02803998011092,603700.4710271299,110.31606898852215,1
rl_best,26,23,2,6,0,0,80.68411231040955,11624.974012374878,4783.849229970838,145.02088128270938,615401.3520998986,111.20897889534331,1
rl_best,26,22,2,6,0,0,80.71084022521973,11587.035953998566,4672.0315530750995,136.5552702427308,626422.8426983714,112.95137016244168,1
rl_best,26,21,2,6,0,0,80.71910977363586,11573.97910952568,4566.9379735357115,132.86175930316023,637147.3256322816,112.95137016244168,1
rl_best,26,20,2,6,0,0,80.72464227676392,11597.217917442322,4462.794017337343,141.0981745975385,648537.4253025723,112.95137016244168,1
rl_best,26,19,2,6,0,0,80.71879863739014,11624.144464731216,4352.510918461022,141.60530912919108,659967.6357361568,112.95137016244168,1
rl_best,26,18,2,6,0,0,80.72397708892822,11653.851866722107,4240.728406109391,146.41676215993954,671786.9790901908,117.40424760711261,1
rl_best,26,17,2,6,0,0,80.73277831077576,11726.51618719101,4127.94509829257,123.80942579372628,681782.4580155802,117.40424760711261,1
rl_best,26,16,2,6,0,0,80.74365615844727,11733.54983329773,4031.259502899513,143.725747557059,693387.4003574431,117.43877695873326,1
rl_best,26,15,2,6,0,0,80.71737051010132,11795.662939548492,3914.7150678173,156.4229341139216,706013.4482865937,117.79311858824813,1
rl_best,26,14,2,6,0,0,80.72362303733826,11875.705271959305,3789.3602095030155,164.8454580413605,719320.3709009418,118.13382576143007,1
rl_best,26,13,2,6,0,0,80.78370451927185,11987.560987472534,3659.1285096483853,147.2542493069116,731216.1146661586,118.13382576143007,1
rl_best,26,12,2,6,0,0,80.84980726242065,12119.31973695755,3540.140315303358,145.5619982597838,742984.7741701949,118.65148982084473,1
rl_best,26,11,2,6,0,0,80.89855074882507,12353.55168581009,3423.5211310664326,150.36928652722787,755149.4315273825,118.65148982084473,1
rl_best,26,10,2,6,0,0,80.9469211101532,12501.798868179321,3302.439817236581,156.59484889911334,767825.3024074753,119.72247037978816,1
rl_best,26,9,2,6,0,0,80.97113251686096,12671.241164207458,3178.9228473848443,150.87973644669836,780042.20554141,119.9282594332441,1
rl_best,26,8,2,6,0,0,81.03275537490845,12787.27650642395,3053.5386598416117,142.1560111230997,791561.4988158209,119.9282594332441,1
rl_best,26,7,2,6,0,0,81.04859352111816,12893.731892108917,2938.168366593889,149.66788982638198,803691.8707815228,119.9282594332441,1
rl_best,26,6,2,6,0,0,81.0934591293335,13067.462742328644,2814.704789446764,140.76745310022184,815107.190486246,119.9282594332441,1
rl_best,26,5,2,6,0,0,81.16461396217346,13170.649707317352,2698.417096773088,131.07081254778706,825745.5023883956,111.6350613497792,1
rl_best,26,4,2,6,0,0,81.19622230529785,13202.991783618927,2587.8869915826217,104.60099854007204,834238.7083192114,105.31132169984018,1
rl_best,26,3,2,6,0,0,81.25306129455566,13266.578614711761,2499.5397122511386,123.29070987881107,844256.4559260437,100.66337802387262,1
rl_best,26,2,2,6,0,0,81.37973427772522,13263.835608959198,2395.4242260937635,100.05386919455998,852398.8132145553,97.45860423514522,1
rl_best,26,1,2,6,0,0,81.36756300926208,13125.89168548584,2308.095518439284,96.72051252960665,860268.7256120961,90.48681714092218,1
rl_best,27,100,5,12,1,1,116.2159013748169,14492.48343706131,10000.0,105.69645874121863,12283.609224736869,122.62129846453644,0
rl_best,27,99,5,12,1,1,111.61662578582764,13931.870460510254,9923.106844380125,104.0106617799111,23892.92833836149,122.62129846453644,0
rl_best,27,98,5,12,1,1,110.84816694259644,13900.367617607117,9846.076961719315,104.38297091927522,35463.5893247855,122.62129846453644,0
rl_best,27,97,5,12,1,1,111.13139629364014,13954.035639762878,9771.136264530616,103.69968464206792,46987.88007426866,124.02216067174243,0
rl_best,27,96,5,12,1,1,111.32461071014404,13993.338346481323,9696.510589814861,93.36493783232098,57381.69543242859,124.02216067174243,0
rl_best,27,95,5,12,1,1,111.48095607757568,14036.677479743958,9628.257612167445,111.03535517818817,69760.0229861062,125.08183156398725,0
rl_best,27,94,5,12,1,1,111.51943683624268,14094.57951784134,9549.29289543073,108.32754061181593,81840.64930899112,125.08183156398725,0
rl_best,27,93,5,12,1,1,111.80351495742798,14141.835868358612,9469.497682844476,110.02523170208204,94141.85694728933,125.56961748732996,0
rl_best,27,92,5,12,1,1,111.72167778015137,14198.668003082275,9390.027905028479,106.27630730298921,106015.22430745824,126.56691740931149,0
rl_best,27,91,5,12,1,1,111.0307502746582,14245.31638622284,9312.01626270574,114.52655927326111,118731.19410994354,126.56691740931149,0
rl_best,27,90,5,12,1,1,109.9884033203125,14239.422976970673,9229.116292530873,115.73118392939539,131460.28224470714,128.0068958182441,0
rl_best,27,89,5,12,1,1,108.87714862823486,14175.80783367157,9142.668385297682,96.30855949937708,141946.08359149203,128.0068958182441,0
rl_best,27,88,5,12,1,1,107.67958641052246,14094.408452510834,9071.339491417322,105.79675578236206,153338.23449771182,128.27423610834077,0
rl_best,27,87,5,12,1,1,106.58031940460205,13981.789350509644,8993.293044493992,114.2831847153044,165518.5728272441,129.9887842880545,0
rl_best,27,86,5,12,1,1,105.27299404144287,13836.391270160675,8907.333318061073,123.53365923053606,178523.33099933795,129.9887842880545,0
rl_best,27,85,5,12,1,1,104.23941612243652,13613.773882389069,8814.847933026074,119.0252170302602,190930.45012641855,131.39065547928402,0
rl_best,27,84,5,12,1,1,103.05614709854126,13359.09903049469,8726.003608585965,140.68436476185198,205428.83871578082,134.22803013497784,0
rl_best,27,83,5,12,1,1,101.55842304229736,13155.313730239868,8622.457557839149,137.04481161692547,219346.8936697245,134.22803013497784,0
rl_best,27,82,5,12,1,1,99.91346716880798,13014.40417766571,8519.887368456646,134.20864494961378,232756.14471066793,134.22803013497784,0
rl_best,27,81,5,12,1,1,98.75381469726562,12896.575927734375,8421.5971772191,138.86373234764184,246469.46800309763,134.58628316204653,0
rl_best,27,80,5,12,1,1,97.77448177337646,12781.624495983124,8318.406910532218,145.73300030617796,260718.4365853135,134.58628316204653,0
rl_best,27,79,5,12,1,1,96.44433617591858,12709.127962589264,8208.527991594323,155.38393519176134,275704.33706728485,137.25137735790267,0
rl_best,27,78,5,12,1,1,96.15400791168213,12560.807168483734,8093.636130309798,151.65050883602112,290286.14129371423,137.25137735790267,0
rl_best,27,77,5,12,1,1,95.57410836219788,12380.938977003098,7979.120339898408,147.8913838374819,304420.72843843314,138.34527592112582,0
rl_best,27,76,5,12,1,1,95.47956705093384,12214.789241552353,7867.424413726382,148.5002127475584,318599.4644585416,139.8599388733162,0
rl_best,27,75,5,12,1,1,95.0604784488678,12019.7694003582,7755.045030461749,151.28603649058496,332980.7874699695,139.8599388733162,0
rl_best,27,74,5,12,1,1,95.29191017150879,11849.068850278854,7642.18587924175,149.42167080827375,347219.46390230826,139.8599388733162,0
rl_best,27,73,5,12,1,1,94.68333959579468,11804.566979408264,7528.829475231174,142.7817940453358,360738.5209959996,140.6224031964283,0
rl_best,27,72,5,12,1,1,94.35623168945312,11851.859390735626,7421.802422201029,160.66359429603818,375898.1323234569,140.6224031964283,0
rl_best,27,71,5,12,1,1,93.77060890197754,11891.976296901703,7300.10569307098,146.1854031211839,389606.0265867114,140.6224031964283,0
rl_best,27,70,5,12,1,1,93.41421842575073,11937.09135055542,7190.464607596698,166.47195409270782,405156.8740680892,140.6224031964283,0
rl_best,27,69,5,12,1,1,92.97714471817017,11972.307562828064,7063.807022715117,143.64653562510955,418512.71879916877,143.74385215300907,0
rl_best,27,68,5,12,1,1,92.98178791999817,11982.834935188293,6954.298156951505,151.73343027500664,432621.16443337325,146.41315056855447,0
rl_best,27,67,5,12,1,1,93.17637205123901,11999.097764492035,6839.359456032822,147.39411339120872,446354.81318087503,146.41315056855447,0
rl_best,27,66,5,12,1,1,93.2300865650177,11988.555490970612,6727.79099725834,153.93125744358545,460705.8376374025,147.95730716934838,0
rl_best,27,65,5,12,1,1,93.43618631362915,11985.34220457077,6612.504901468423,166.987497852687,476308.51259881293,147.95730716934838,0
rl_best,27,64,5,12,1,1,94.29299354553223,12004.954516887665,6481.697372865401,164.438853693613,491813.9443687795,147.95730716934838,0
rl_best,27,63,5,12,1,1,94.89278674125671,12012.94794678688,6355.975769110283,149.01830838263012,505954.7069266752,149.66408283344634,0
rl_best,27,62,5,12,1,1,95.9357476234436,12032.168805599213,6242.513707933669,151.90041554655156,520527.3868564454,149.66408283344634,0
rl_best,27,61,5,12,1,1,96.93965435028076,12012.927383184433,6129.120269965593,186.70801190415725,538626.7969948625,149.93764281533836,0
rl_best,27,60,5,12,1,1,98.19671392440796,12036.940306425095,5986.210052622884,174.0805882556609,555720.9387195962,175.84600634426346,0
rl_best,27,59,5,12,1,1,99.65851545333862,11907.795369625092,5855.203084368244,186.4852996069407,574305.786832295,176.08019672204279,0
rl_best,27,58,5,12,1,1,100.02336502075195,11760.547012090683,5709.703661086522,182.89268682324388,592599.3288060424,182.18293728047686,0
rl_best,27,57,5,12,1,1,100.48725128173828,11727.848052978516,5569.8727768016415,186.02158044336974,611292.1261038814,182.18293728047686,0
rl_best,27,56,5,12,1,1,101.02680444717407,11662.909388542175,5428.273406633346,164.6868024424391,627929.907489264,182.18293728047686,0
rl_best,27,55,5,12,1,1,101.91526651382446,11547.030806541443,5298.731477165366,193.6643995170866,647667.2663802877,184.4032916851394,0
rl_best,27,54,5,12,1,1,102.78315305709839,11435.716152191162,5149.607633488415,178.7914596156496,666044.016339265,184.4032916851394,0
rl_best,27,53,5,12,1,1,104.34381246566772,11294.820606708527,5008.632118517104,165.98076843910303,683363.0825141822,184.4032916851394,0
rl_best,27,52,5,12,1,1,105.72409868240356,11207.456439733505,4879.7855095985415,180.7448865750843,702472.1727387862,184.4032916851394,0
rl_best,27,51,5,12,1,1,107.23934650421143,11160.40512919426,4736.746960248545,172.03045126455862,720920.605911222,186.63549510603517,0
rl_best,27,50,5,12,1,1,108.5689377784729,11123.291999101639,4604.278431392914,177.536462289054,740195.5510388926,195.43755580295394,0
rl_best,27,49,5,12,1,1,109.86055850982666,11090.02336859703,4466.95172793383,185.35515672859563,760558.7720797725,196.20027183670678,0
rl_best,27,48,5,12,1,1,110.91372013092041,11055.847704410553,4323.640131993911,175.2313388195804,779994.331751774,196.20027183670678,0
rl_best,27,47,5,12,1,1,111.87124252319336,11043.591648340225,4186.447237222049,169.25861953846442,798929.5038273024,199.91319423353335,0
rl_best,27,46,5,12,1,1,112.69614696502686,11052.028685808182,4056.66955532885,180.0382389853758,819219.119667323,199.91319423353335,0
rl_best,27,45,5,12,1,1,113.19103717803955,11011.828631162643,3915.213118097575,174.24105750481232,838941.6456852912,199.91319423353335,0
rl_best,27,44,5,12,1,1,113.6234450340271,10955.763310194016,3777.487410906184,163.2218936570241,857487.4795475799,200.5032029124764,0
rl_best,27,43,5,12,1,1,114.04100894927979,10914.358496665955,3649.735507021449,163.20473667747305,876099.5123835804,200.5032029124764,0
rl_best,27,42,5,12,1,1,114.46150302886963,10878.408551216125,3519.5374401754607,164.33122570572237,894909.1114724339,200.5032029124764,0
rl_best,27,41,5,12,1,1,114.82655048370361,10840.519964694977,3393.329056060019,165.08384226284647,913865.1196200724,203.90988037788304,0
rl_best,27,40,5,12,1,1,115.14455080032349,10792.168378829956,3264.166425864607,174.2839069376702,933932.9617961359,203.90988037788304,0
rl_best,27,39,5,12,1,1,115.32254934310913,10705.42261004448,3127.135347777389,175.41720661086495,954162.5212611477,203.90988037788304,0
rl_best,27,38,5,12,1,1,115.44912099838257,10633.069574832916,2988.0298773934383,173.27448947511184,974166.9087624928,211.06427502110148,0
rl_best,27,37,5,12,1,1,115.28464794158936,10603.779405355453,2851.670389636267,168.82667496519085,993630.032549004,211.06427502110148,0
rl_best,27,36,5,12,1,1,114.73540782928467,10567.714124917984,2717.3233765138384,177.52207415881003,1013998.1001263155,211.3777930168817,0
rl_best,27,35,5,12,1,1,114.02123928070068,10533.175319433212,2575.09313132668,166.32039322724685,1032962.1574797396,211.3777930168817,0
rl_best,27,34,5,12,1,1,113.15125465393066,10504.102855920792,2442.599044661082,185.6124055490802,1053964.4340469523,211.3777930168817,0
rl_best,27,33,5,12,1,1,112.08770513534546,10464.40213918686,2292.87872935645,176.1726585955416,1073711.2230565192,211.3777930168817,0
rl_best,27,32,5,12,1,1,110.5362606048584,10424.158573150635,2152.261509023686,200.86442618654772,1095914.0256157208,211.3777930168817,0
rl_best,27,31,5,12,1,1,108.57725143432617,10405.145585536957,1989.5806614311668,181.47711370668583,1115618.3118202274,215.8582445896582,0
rl_best,27,30,5,12,1,1,105.93311786651611,10388.063937425613,1840.4450304261854,217.53667667894715,1138662.6502311486,217.62011982881515,0
rl_best,27,29,5,12,1,1,103.36751461029053,10379.723459482193,1664.3191019991318,215.10206111209774,1160897.215675857,228.32407060173463,0
rl_best,27,28,5,12,1,1,102.62324571609497,10328.040719032288,1492.2758874187475,216.31323325318525,1183095.9817636416,228.32407060173463,0
rl_best,27,27,5,12,1,1,103.29911231994629,10261.537581682205,1318.312578292347,210.29369290916406,1204819.1335676417,228.74480880120169,0
rl_best,27,26,5,12,1,1,104.09551858901978,10197.415500879288,1151.167430187541,0.0,1204819.1335676417,228.74480880120169,0
rl_best,27,25,5,12,1,1,104.813973903656,10191.946178674698,1151.167430187541,17.94073303672849,1206699.5730919659,232.96745592437514,0
rl_best,27,24,5,12,1,1,105.57339668273926,10222.147107124329,1136.5056552290625,55.15043098110982,1212521.9914191586,236.4388957050125,0
rl_best,27,23,5,12,1,1,105.82501173019409,10221.128016710281,1091.590788469448,23.80516957011423,1215041.1737681553,238.0786546384911,0
rl_best,27,22,5,12,1,1,106.34594202041626,10233.864039182663,1072.2389156735062,36.44144584962305,1218916.5736556195,240.89903206973992,0
rl_best,27,21,5,12,1,1,106.48701667785645,10238.15393447876,1042.2961075339153,27.607914080186674,1221856.4580627172,240.89903206973992,0
rl_best,27,20,5,12,1,1,106.36361598968506,10259.647816419601,1019.5071307847738,44.17590598982497,1226555.1671634153,240.89903206973992,0
rl_best,27,19,5,12,1,1,105.81200122833252,10325.13216137886,982.7030380865908,88.0584341764461,1235872.8063086586,240.89903206973992,0
rl_best,27,18,5,12,1,1,105.25157928466797,10395.78914642334,910.4278432916926,93.93570750556682,1245759.6878748422,246.92805639126922,0
rl_best,27,17,5,12,1,1,104.53372001647949,10427.339375019073,831.567069515846,55.09658726858652,1251519.13910224,246.92805639126922,0
rl_best,27,16,5,12,1,1,105.21611452102661,10466.666966676712,785.328179119686,62.12735421962316,1258055.9379187003,249.22632805170318,0
rl_best,27,15,5,12,1,1,105.03995895385742,10587.896853685379,733.7631163350634,143.90235655054857,1273171.4355441332,251.8711947131633,0
rl_best,27,14,5,12,1,1,106.36029243469238,10575.787127017975,613.0883664005323,12.21320646822278,1274470.4357556587,253.63584708782395,0
rl_best,27,13,5,12,1,1,105.9233808517456,10703.747570514679,602.9119045701773,149.9669873098046,1290355.446067664,254.08714017232143,0
rl_best,27,12,5,12,1,1,106.71940803527832,10745.770037174225,475.6078267521698,66.32034973771988,1297433.1145323662,254.80629722425985,0
rl_best,27,11,5,12,1,1,106.78776502609253,10732.692629098892,419.13870837289505,10.061357583876088,1298507.5444218765,254.80629722425985,0
rl_best,27,10,5,12,1,1,105.84991693496704,11151.746660470963,410.56784941093247,239.83256061322527,1323893.801041087,255.9433429025627,0
rl_best,27,9,5,12,1,1,107.36993789672852,10767.400115728378,203.2442122330449,0.0,1323893.801041087,255.9433429025627,0
rl_best,27,8,5,12,1,1,102.30710983276367,10976.622849702835,203.2442122330449,74.03615153363717,1331468.2257276338,255.9433429025627,0
rl_best,27,7,5,12,1,1,99.3159556388855,11148.598492145538,139.82450660821996,194.86398141330938,1350821.3282612946,255.9433429025627,0
rl_best,27,6,5,12,1,1,93.5717248916626,10418.54813694954,-28.11215693412487,0.0,1350821.3282612946,255.9433429025627,0
rl_best,27,5,5,12,1,1,84.1917085647583,10387.602746486664,-28.11215693412487,0.0,1350821.3282612946,230.04512928449802,0
rl_best,27,4,5,12,1,1,81.3968813419342,10245.677679777145,-28.11215693412487,0.0,1350821.3282612946,226.42549507794118,0
rl_best,27,3,5,12,1,1,80.88025569915771,10386.287271976471,-28.11215693412487,0.0,1350821.3282612946,215.56234262596197,0
rl_best,27,2,5,12,1,1,80.80307841300964,10615.170747041702,-28.11215693412487,0.0,1350821.3282612946,203.8312723170848,0
rl_best,27,1,5,12,1,1,80.8246111869812,10946.818441152573,-28.11215693412487,0.0,1350821.3282612946,196.37128488998587,0
rl_best,28,100,2,12,0,1,91.88748478889465,10393.463224172592,10000.0,82.29133439087727,7561.543737099579,78.34826956228913,0
rl_best,28,99,2,12,0,1,89.25091862678528,10845.784395933151,9945.068430785805,85.7663081509406,15216.265526798968,78.34826956228913,0
rl_best,28,98,2,12,0,1,90.84851384162903,10792.945623397827,9888.033543132271,79.96487946796195,22480.95598598831,78.34826956228913,0
rl_best,28,97,2,12,0,1,91.46132230758667,10905.046164989471,9833.885846681314,82.23457267279828,30002.238742041773,80.43164846582134,0
rl_best,28,96,2,12,0,1,92.44702100753784,10928.594768047333,9780.311404290494,90.9096271293329,38406.56295105464,80.43164846582134,0
rl_best,28,95,2,12,0,1,93.35938692092896,10996.24678492546,9717.982007520146,86.67597166657731,46498.57852662211,80.76388620962199,0
rl_best,28,94,2,12,0,1,94.35956716537476,11029.811799526215,9660.55242023319,68.81992284311296,52992.39665845273,80.76388620962199,0
rl_best,28,93,2,12,0,1,95.29047727584839,11103.76700758934,9614.33760746026,83.82316506821866,60979.94606457551,81.2516721329647,0
rl_best,28,92,2,12,0,1,96.3104248046875,11031.999588012695,9558.198147897785,99.21637752753378,70535.51753183454,81.68189079408234,0
rl_best,28,91,2,12,0,1,96.86379909515381,10997.685492038727,9494.498220480715,83.24831501561891,78599.26559251753,81.68189079408234,0
rl_best,28,90,2,12,0,1,96.72711968421936,11014.914959669113,9438.09978540164,97.2916768578153,88010.00926422184,82.82831677780638,0
rl_best,28,89,2,12,0,1,96.75079345703125,11084.23963189125,9373.04405286779,78.142894627905,95570.39632250083,82.82831677780638,0
rl_best,28,88,2,12,0,1,96.76903486251831,11182.674020528793,9321.840321045274,81.84780300447194,103490.7292248611,82.82831677780638,0
rl_best,28,87,2,12,0,1,96.45822644233704,11285.970509052277,9267.119953748072,92.10316066579352,112374.83675241716,84.56293398444693,0
rl_best,28,86,2,12,0,1,95.37737369537354,11450.93247294426,9205.50746823996,90.75159744860893,121030.48577572525,84.56293398444693,0
rl_best,28,85,2,12,0,1,93.72272729873657,11657.744944095612,9144.525046793526,87.95367567838761,129273.7441362523,84.8282916403851,0
rl_best,28,84,2,12,0,1,92.23832368850708,11838.324815034866,9085.68525559745,79.75972848689601,136630.64778973404,87.66566629607894,0
rl_best,28,83,2,12,0,1,90.72036981582642,11899.641454219818,9033.102667063393,103.50200238680692,146020.3877229437,87.66566629607894,0
rl_best,28,82,2,12,0,1,89.28618550300598,11932.107657194138,8963.115682383894,109.59404342305892,155805.62181403945,87.66566629607894,0
rl_best,28,81,2,12,0,1,88.44932198524475,11950.792223215103,8891.709973890633,106.39561345753462,165216.24168656257,88.02391932314761,0
rl_best,28,80,2,12,0,1,87.94990420341492,11934.62073802948,8821.55211224525,107.77649732860382,174695.17430199287,88.02391932314761,0
rl_best,28,79,2,12,0,1,87.60281324386597,11968.804597854614,8751.731633844833,97.10599279204234,183201.93245341434,89.41124357506565,0
rl_best,28,78,2,12,0,1,87.29041934013367,12048.68733882904,8686.701008193468,91.52050560802142,191190.79576615957,89.85798532780689,0
rl_best,28,77,2,12,0,1,86.69952869415283,12283.059507608414,8626.092954023687,121.1648672947534,201695.73265490428,91.10061121112462,0
rl_best,28,76,2,12,0,1,85.92707991600037,12632.124423980713,8542.734250451043,109.36091786476572,211092.79698395715,91.10061121112462,0
rl_best,28,75,2,12,0,1,84.95126962661743,13155.194818973541,8469.248875243533,103.60260035655094,219893.9694208652,91.10061121112462,0
rl_best,28,74,2,12,0,1,84.05876398086548,13769.237399101257,8399.616078005893,129.31239636212246,230763.80962646898,91.10061121112462,0
rl_best,28,73,2,12,0,1,83.4748113155365,14193.394184112549,8311.081702855065,115.74052073313615,240425.22775622946,91.59938678561403,0
rl_best,28,72,2,12,0,1,82.9461658000946,14371.321201324463,8232.951478835626,113.44085033754669,249834.71133683133,91.59938678561403,0
rl_best,28,71,2,12,0,1,82.69753217697144,14398.455023765564,8154.92384632959,110.37037671267353,258962.0691164121,93.48039800843478,0
rl_best,28,70,2,12,0,1,82.6328980922699,14386.79188489914,8079.40566568967,112.37035405404522,268247.5571315523,93.48039800843478,0
rl_best,28,69,2,12,0,1,82.58577466011047,14380.700886249542,8002.81149352801,110.34740333611923,277360.68291779736,93.48039800843478,0
rl_best,28,68,2,12,0,1,82.40875840187073,14404.146075248718,7926.5254336719045,115.56050433897997,286883.8806006667,95.11469441166237,0
rl_best,28,67,2,12,0,1,82.3006820678711,14370.547533035278,7846.027473813714,119.80263227033834,296743.71895004186,95.11469441166237,0
rl_best,28,66,2,12,0,1,82.39065766334534,14303.259253501892,7765.084229381849,119.88214179356481,306620.8874545041,96.29318018780998,0
rl_best,28,65,2,12,0,1,82.58277297019958,14203.966856002808,7682.158461210785,125.71828509156707,317003.0520504238,96.29318018780998,0
rl_best,28,64,2,12,0,1,82.85495162010193,14086.309373378754,7595.204313789419,120.07541577390707,326951.8948151345,96.29318018780998,0
rl_best,28,63,2,12,0,1,83.22990417480469,13945.460319519043,7510.487657908676,124.4262746380885,337307.88173009054,96.29318018780998,0
rl_best,28,62,2,12,0,1,83.50204467773438,13803.673386573792,7424.7659313496715,128.70093134948692,348054.6726497014,96.29318018780998,0
rl_best,28,61,2,12,0,1,83.55908870697021,13688.721656799316,7336.083765429821,144.74212251729062,360149.19250475883,96.40873891602581,0
rl_best,28,60,2,12,0,1,83.5797917842865,13571.968078613281,7234.04179883143,146.0315218011009,372354.47669083736,121.48371342624034,0
rl_best,28,59,2,12,0,1,83.62747550010681,13469.396233558655,7135.56655547479,145.80223461377832,384547.5494938619,121.717787817549,0
rl_best,28,58,2,12,0,1,83.65785717964172,13390.774130821228,7033.880087003205,158.05942087237273,397770.46195109974,121.717787817549,0
rl_best,28,57,2,12,0,1,83.73546004295349,13368.737697601318,6924.661496377119,136.57045160838177,409206.2515448015,121.717787817549,0
rl_best,28,56,2,12,0,1,83.86786460876465,13349.971771240234,6827.386441148924,152.53997271081016,421999.4533235364,121.717787817549,0
rl_best,28,55,2,12,0,1,84.01274085044861,13314.475417137146,6718.939308681494,150.202320476609,434618.36194887373,125.52438207732914,0
rl_best,28,54,2,12,0,1,84.16787028312683,13257.142305374146,6613.58426257228,150.68475838783945,447301.1771465057,125.52438207732914,0
rl_best,28,53,2,12,0,1,84.26390767097473,13199.816942214966,6507.881913416704,144.77698372186256,459500.6515357269,125.52438207732914,0
rl_best,28,52,2,12,0,1,84.25180554389954,13188.065886497498,6405.073091880426,145.10493907640014,471726.00464625115,125.77567823347204,0
rl_best,28,51,2,12,0,1,84.3013846874237,13110.883831977844,6304.905258742335,150.3772572216189,484403.0156555305,127.57061847614774,0
rl_best,28,50,2,12,0,1,84.29453372955322,13003.324270248413,6195.5241207679255,130.05039419417952,495365.55299547344,127.57061847614774,0
rl_best,28,49,2,12,0,1,84.21585202217102,12899.761199951172,6105.4652823059005,134.16333277829813,506664.23237553186,127.56529444817109,0
rl_best,28,48,2,12,0,1,84.04848217964172,12798.05302619934,6010.195622238036,147.22148983998594,519037.9751408082,127.56529444817109,0
rl_best,28,47,2,12,0,1,83.75355839729309,12723.29866886139,5909.104269126392,162.38906589450315,532638.6372542854,127.56529444817109,0
rl_best,28,46,2,12,0,1,83.44751954078674,12637.070417404175,5796.266864741139,174.48184008307004,547198.7140141298,130.8145259896823,0
rl_best,28,45,2,12,0,1,83.18915963172913,12529.047429561615,5671.085509552241,162.7621493896297,560738.7604417071,130.8145259896823,0
rl_best,28,44,2,12,0,1,82.95292615890503,12521.630823612213,5555.638498880223,164.78073969018055,574407.8049736364,131.2339851260106,0
rl_best,28,43,2,12,0,1,82.71459341049194,12495.898306369781,5437.408608221618,147.50952883872893,586608.9956757051,131.2339851260106,0
rl_best,28,42,2,12,0,1,82.49833464622498,12516.216337680817,5332.579222126375,154.77206523992987,599377.4333077562,131.2339851260106,0
rl_best,28,41,2,12,0,1,82.30020046234131,12545.824348926544,5222.2135481328605,158.0148330884211,612382.0857469566,134.1721664575167,0
rl_best,28,40,2,12,0,1,82.13216185569763,12584.114968776703,5109.379313431302,162.01610593676355,625688.8187829847,134.1721664575167,0
rl_best,28,39,2,12,0,1,81.99118375778198,12623.346447944641,4994.674455977287,171.3714644889394,639739.7680187376,134.1721664575167,0
rl_best,28,38,2,12,0,1,81.78602933883667,12624.922692775726,4875.318008532657,156.95007666429194,652576.091593536,135.24479254111014,0
rl_best,28,37,2,12,0,1,81.5996515750885,12625.663876533508,4765.2587401152605,169.54048720263012,666410.5362771413,135.24479254111014,0
rl_best,28,36,2,12,0,1,81.38701677322388,12667.249143123627,4643.518723799126,166.5641341792384,679966.6942594044,135.3776796692217,0
rl_best,28,35,2,12,0,1,81.23362064361572,12718.454003334045,4524.403609893285,168.3619521993509,693643.3452151851,135.3776796692217,0
rl_best,28,34,2,12,0,1,81.11744046211243,12713.637053966522,4401.233001714271,167.7973325486988,707254.6353479055,135.3776796692217,0
rl_best,28,33,2,12,0,1,80.99987626075745,12728.049159049988,4276.686646691232,176.91027717891347,721584.3459086537,135.3776796692217,0
rl_best,28,32,2,12,0,1,81.00335001945496,12778.267860412598,4148.469847799372,164.9893811611787,734949.0385003459,137.67563429490323,0
rl_best,28,31,2,12,0,1,81.05226993560791,12887.265384197235,4030.2409229827836,185.48088473928817,749982.68523813,146.59908961842842,0
rl_best,28,30,2,12,0,1,81.1530077457428,12967.610657215118,3895.046852081963,186.79928343145758,765142.0089333423,146.67867998707746,0
rl_best,28,29,2,12,0,1,81.30394220352173,13012.86369562149,3761.2096313106767,184.5338975235907,780145.342272191,149.0471367442043,0
rl_best,28,28,2,12,0,1,81.31972789764404,13068.648278713226,3625.8350708492717,179.71100548467024,794759.3923384163,149.0471367442043,0
rl_best,28,27,2,12,0,1,81.31726741790771,13176.665306091309,3494.0949530310327,178.50263922021313,809274.7391866887,149.46787494367135,0
rl_best,28,26,2,12,0,1,81.22259378433228,13134.852051734924,3360.4361209132303,198.79897745366466,825421.7077771483,149.46787494367135,0
rl_best,28,25,2,12,0,1,80.9958565235138,13008.12542438507,3211.4886775244895,198.09887453665704,841466.895796589,154.18295349612166,0
rl_best,28,24,2,12,0,1,80.81272840499878,12859.3111038208,3061.988016904854,185.7535395605928,856478.1461393663,154.86606328959272,0
rl_best,28,23,2,12,0,1,80.6457531452179,12788.62714767456,2925.0168964419126,201.17399946122455,872701.9748391524,155.75897319641388,0
rl_best,28,22,2,12,0,1,80.50100564956665,12679.23504114151,2771.8166647289954,213.83561572306255,889915.9569485532,158.80352394212818,0
rl_best,28,21,2,12,0,1,80.42964935302734,12635.530233383179,2609.409802545899,192.62349003455577,905408.5967091889,158.80352394212818,0
rl_best,28,20,2,12,0,1,80.37966132164001,12336.644381284714,2463.768535017851,205.56734210108846,921932.030046064,158.80352394212818,0
rl_best,28,19,2,12,0,1,80.35912990570068,12121.135890483856,2308.18245287243,203.14919079404237,938256.9222593205,158.80352394212818,0
rl_best,28,18,2,12,0,1,80.35017132759094,11684.500277042389,2161.434995608054,190.0998154140678,953531.4749971842,163.45135432315968,0
rl_best,28,17,2,12,0,1,80.29770612716675,11322.066485881805,2011.702819694373,198.891458459067,969502.002879734,163.45135432315968,0
rl_best,28,16,2,12,0,1,80.22323489189148,11179.382055997849,1860.0317455087034,201.50442063566703,985667.3393481437,163.48588367478033,0
rl_best,28,15,2,12,0,1,80.16350150108337,11051.903665065765,1704.6983174737343,202.2524964473996,1001880.6076507026,166.63305223218825,0
rl_best,28,14,2,12,0,1,80.11719107627869,10916.652530431747,1550.616858399304,203.0528975269278,1018148.6354404595,167.6035577215017,0
rl_best,28,13,2,12,0,1,80.08157014846802,10763.654261827469,1394.0364998821588,219.1240548301813,1035696.4338085594,168.05485080599917,0
rl_best,28,12,2,12,0,1,80.05698323249817,10659.68707203865,1222.7980628793066,210.46852993138666,1052545.909380245,169.09384479432455,0
rl_best,28,11,2,12,0,1,80.03936529159546,10523.40418100357,1057.5684023671201,130.13643632694402,1062961.9471451638,169.09384479432455,0
rl_best,28,10,2,12,0,1,80.02967119216919,10357.905477285385,954.1694204391224,0.0,1062961.9471451638,170.63726322604822,0
rl_best,28,9,2,12,0,1,80.02798199653625,10443.281829357147,954.1694204391224,0.0,1062961.9471451638,170.84305227950415,0
rl_best,28,8,2,12,0,1,80.02874493598938,10475.280731916428,954.1694204391224,56.4734122542377,1067481.443450123,170.84305227950415,0
rl_best,28,7,2,12,0,1,80.02752184867859,10498.117506504059,908.1340330132789,54.78516926694465,1071865.764780617,170.84305227950415,0
rl_best,28,6,2,12,0,1,80.02560615539551,10476.024597883224,863.7775249472543,9.260923866051598,1072606.875826557,170.84305227950415,0
rl_best,28,5,2,12,0,1,80.02463817596436,10564.18001651764,856.2962848966708,116.83507251370065,1081956.5602307285,155.39122305741984,0
rl_best,28,4,2,12,0,1,80.0225579738617,10444.499403238297,761.0193190552272,0.0,1081956.5602307285,149.0674834074808,0
rl_best,28,3,2,12,0,1,80.02041578292847,10583.564639091492,761.0193190552272,79.6509694707056,1088330.2639252876,142.23678861945825,0
rl_best,28,2,2,12,0,1,80.01893997192383,10496.651381254196,694.8381058838986,0.0,1088330.2639252876,135.31638940994628,0
rl_best,28,1,2,12,0,1,80.01761436462402,10688.397288322449,694.8381058838986,139.527381262133,1099494.912112427,127.3584148712835,0
rl_best,29,100,3,12,0,1,90.83253979682922,12452.225089073181,10000.0,86.27513806231417,7836.589911522087,78.9152323625027,0
rl_best,29,99,3,12,0,1,88.61082673072815,13503.987789154053,9943.349627073903,90.2015104421335,15829.420324159944,78.9152323625027,0
rl_best,29,98,3,12,0,1,86.53582692146301,13499.825298786163,9884.111324219575,95.93281298100086,24131.045624372913,78.9152323625027,0
rl_best,29,97,3,12,0,1,86.79243445396423,13714.025020599365,9820.82845249058,97.8539700985518,32624.029910211648,80.54394018700624,0
rl_best,29,96,3,12,0,1,85.77914237976074,13778.746724128723,9756.918458309055,91.79244135240332,40497.90680636529,80.54394018700624,0
rl_best,29,95,3,12,0,1,84.99564170837402,13951.784372329712,9697.117386831625,82.07842921889298,47474.215568240455,80.87617793080689,0
rl_best,29,94,3,12,0,1,84.35128927230835,14007.635116577148,9645.015971495775,97.12381478813965,55666.73456466492,80.87617793080689,0
rl_best,29,93,3,12,0,1,83.9691150188446,14018.571972846985,9581.550800775472,91.48788390656581,63348.891211246046,81.3639638541496,0
rl_best,29,92,3,12,0,1,83.55138897895813,14039.320647716522,9521.410802778339,101.28077974875039,71811.04103612607,81.79418251526724,0
rl_best,29,91,3,12,0,1,83.19788575172424,14056.909084320068,9453.358183790897,105.15167566456617,80559.438134669,81.79418251526724,0
rl_best,29,90,3,12,0,1,82.9176127910614,13982.661366462708,9382.180773710816,123.80266061380381,90824.85920994758,82.94060849899128,0
rl_best,29,89,3,12,0,1,82.64044404029846,13893.4725522995,9299.179106049703,101.45329163045133,99209.00427963797,82.94060849899128,0
rl_best,29,88,3,12,0,1,82.38319873809814,13793.955445289612,9234.20653881072,89.10322009725748,106549.61256911483,82.94060849899128,0
rl_best,29,87,3,12,0,1,82.1934700012207,13685.227036476135,9172.400720448122,124.73477981441592,116801.9969518999,84.67522570563183,0
rl_best,29,86,3,12,0,1,82.01327085494995,13543.212413787842,9088.22409904101,102.63196737374385,125219.18029049913,84.67522570563183,0
rl_best,29,85,3,12,0,1,81.914142370224,13357.723951339722,9018.739114224365,90.54619573285431,132636.19425884233,84.94058336157,0
rl_best,29,84,3,12,0,1,81.85530543327332,13164.803981781006,8958.534204814032,103.64705910441756,141120.25593909496,87.77795801726384,0
rl_best,29,83,3,12,0,1,81.84300065040588,12967.945635318756,8886.787611620286,98.97344715716574,149220.53983915178,87.77795801726384,0
rl_best,29,82,3,12,0,1,81.86576247215271,12763.440907001495,8819.736150321525,113.10842553782227,158480.2473378303,87.77795801726384,0
rl_best,29,81,3,12,0,1,81.90136432647705,12627.35515832901,8742.064236691156,103.8457160037946,166985.35315800097,88.13621104433251,0
rl_best,29,80,3,12,0,1,81.91837191581726,12520.781755447388,8672.837584597144,91.53427805076245,174483.69219040917,88.13621104433251,0
rl_best,29,79,3,12,0,1,81.91714406013489,12410.820424556732,8609.739883154152,118.9509118222076,184227.81117023336,89.52353529625056,0
rl_best,29,78,3,12,0,1,81.89598083496094,12275.649011135101,8529.931586470339,112.87780555832097,193472.04977093005,89.97027704899179,0
rl_best,29,77,3,12,0,1,81.88720107078552,12127.543687820435,8455.37347991044,109.36421546351772,202427.57927253985,91.21290293230952,0
rl_best,29,76,3,12,0,1,81.91217064857483,12090.716511011124,8380.199136252751,107.14381754554294,211203.96193927014,91.21290293230952,0
rl_best,29,75,3,12,0,1,81.8915319442749,12036.076933145523,8307.285515897842,119.8334206677614,221017.30433587584,91.21290293230952,0
rl_best,29,74,3,12,0,1,81.8773865699768,12010.158151388168,8224.858200927893,106.75369250668645,229758.01768501825,91.21290293230952,0
rl_best,29,73,3,12,0,1,81.93520784378052,11873.053908348083,8150.0909118343225,125.78954666986908,240064.6103359889,91.71167850679893,0
rl_best,29,72,3,12,0,1,82.08556294441223,11778.662502765656,8062.731424441394,118.51796658854899,249793.22434243697,91.71167850679893,0
rl_best,29,71,3,12,0,1,82.27887868881226,11719.641238451004,7980.694943981469,120.55029622305946,259711.96754127447,93.59268972961968,0
rl_best,29,70,3,12,0,1,82.44988799095154,11669.760197401047,7900.032945540295,121.93974915812821,269765.8862010069,93.59268972961968,0
rl_best,29,69,3,12,0,1,82.65257120132446,11699.305474758148,7817.665066516391,116.65087167093371,279407.3806774853,93.59268972961968,0
rl_best,29,68,3,12,0,1,82.857004404068,11658.190339803696,7737.684980294167,118.61446174670452,289235.41965681815,95.22698613284727,0
rl_best,29,67,3,12,0,1,83.16587567329407,11702.300012111664,7653.696857021332,120.14325949755114,299227.2390391758,95.22698613284727,0
rl_best,29,66,3,12,0,1,83.46993684768677,11741.045117378235,7571.097157443945,120.88499616355091,309317.5020347802,96.40547190899488,0
rl_best,29,65,3,12,0,1,83.81769299507141,11806.49220943451,7487.517462051023,101.89614732268043,317858.20202845323,96.40547190899488,0
rl_best,29,64,3,12,0,1,84.20240521430969,12015.2747631073,7419.418402539492,110.41429484725793,327155.35122463433,96.40547190899488,0
rl_best,29,63,3,12,0,1,84.7200858592987,12392.694652080536,7340.48491835668,111.8343117806111,336629.96372070326,96.40547190899488,0
rl_best,29,62,3,12,0,1,85.33491492271423,12882.640063762665,7262.085332469353,123.72577759160029,347188.09242522914,96.40547190899488,0
rl_best,29,61,3,12,0,1,85.84193825721741,13559.336364269257,7178.212718065376,153.03736894317493,360325.1168010962,96.52103063721071,0
rl_best,29,60,3,12,0,1,85.33775329589844,13941.839337348938,7070.239267982761,147.54286779998344,372916.0936539805,121.59600514742525,0
rl_best,29,59,3,12,0,1,84.91318821907043,13933.558464050293,6965.792164879977,127.31687549018943,383726.97546594293,121.8300795387339,0
rl_best,29,58,3,12,0,1,84.96251821517944,13842.27305650711,6876.699157471472,131.30825251042504,394883.2552616633,121.8300795387339,0
rl_best,29,57,3,12,0,1,85.1138162612915,13741.886615753174,6784.39582518012,142.06887905088223,406975.27972964774,121.8300795387339,0
rl_best,29,56,3,12,0,1,85.33992886543274,13633.763492107391,6685.686710055295,152.27944404552179,419970.79665216024,121.8300795387339,0
rl_best,29,55,3,12,0,1,85.47344923019409,13482.40315914154,6582.298216188368,148.0708311746335,432626.92132303794,125.63667379851404,0
rl_best,29,54,3,12,0,1,85.49419522285461,13283.838629722595,6474.6298657680345,155.72801015563314,445940.7622249503,125.63667379851404,0
rl_best,29,53,3,12,0,1,85.46137690544128,13109.91644859314,6366.866140208502,151.16976789408497,458859.93873565475,125.63667379851404,0
rl_best,29,52,3,12,0,1,85.37678837776184,12933.569550514221,6260.597998263753,154.03621008236462,472011.05564636923,125.88796995465694,0
rl_best,29,51,3,12,0,1,85.55983066558838,12745.25374174118,6154.053863192004,153.57695355858385,485151.0737869786,127.68291019733265,0
rl_best,29,50,3,12,0,1,85.7887613773346,12554.75103855133,6045.367620413541,140.08738204371656,497168.9967771025,127.68291019733265,0
rl_best,29,49,3,12,0,1,86.06908917427063,12385.223954916,5944.902131982501,159.99042292203964,510939.22675460886,127.67758616935599,0
rl_best,29,48,3,12,0,1,86.33257150650024,12326.129376888275,5829.130539259517,127.49309560345837,521946.0335473795,127.67758616935599,0
rl_best,29,47,3,12,0,1,86.29135489463806,12288.4202003479,5737.875840757944,155.38697614629803,535354.5862520244,127.67758616935599,0
rl_best,29,46,3,12,0,1,86.11231088638306,12257.241308689117,5627.442905129688,151.34507032910975,548387.2599993262,130.9268177108672,0
rl_best,29,45,3,12,0,1,86.01872205734253,12188.608944416046,5518.56347507065,158.77635380718345,562044.9990467445,130.9268177108672,0
rl_best,29,44,3,12,0,1,86.06881856918335,12100.290358066559,5406.309536280907,155.05408730403047,575390.3211553255,131.3462768471955,0
rl_best,29,43,3,12,0,1,86.19188070297241,12012.013047933578,5295.538384035049,147.10296842020657,588069.4026604531,131.3462768471955,0
rl_best,29,42,3,12,0,1,86.21351599693298,11922.213733196259,5189.177283285472,151.8961472238671,601164.9035790105,131.3462768471955,0
rl_best,29,41,3,12,0,1,86.15583300590515,11827.568113803864,5083.136520860817,152.2857219235864,614285.2068062427,134.2844581787016,0
rl_best,29,40,3,12,0,1,86.17128729820251,11755.419373512268,4976.616263785994,163.8999897931537,628408.679914881,134.2844581787016,0
rl_best,29,39,3,12,0,1,86.11469864845276,11729.446947574615,4858.644215155674,165.90569187264117,642695.5985745565,134.2844581787016,0
rl_best,29,38,3,12,0,1,85.89921593666077,11735.276579856873,4742.645344547694,171.18915308321485,657400.6126012657,135.35708426229505,0
rl_best,29,37,3,12,0,1,85.56793928146362,11709.258258342743,4617.360144584988,149.77931477306254,670216.9199133863,135.35708426229505,0
rl_best,29,36,3,12,0,1,85.26615262031555,11648.721098899841,4504.957168699259,153.68449321755884,683321.0053674505,135.4899713904066,0
rl_best,29,35,3,12,0,1,85.01973867416382,11695.094406604767,4394.989423665913,158.54279813766013,696800.2726337851,135.4899713904066,0
rl_best,29,34,3,12,0,1,84.6852433681488,11758.81028175354,4278.323198945654,167.35168811007634,710972.4910694575,135.4899713904066,0
rl_best,29,33,3,12,0,1,84.39113855361938,11842.198520898819,4151.440646837542,156.6875782379644,724195.5341941686,135.4899713904066,0
rl_best,29,32,3,12,0,1,84.0904951095581,11950.623095035553,4039.840477378263,177.2001857437571,739096.3855468668,137.78792601608814,0
rl_best,29,31,3,12,0,1,83.79190921783447,12089.021503925323,3912.099713982887,164.5565093271423,752884.8896376104,146.71138133961333,0
rl_best,29,30,3,12,0,1,83.62147450447083,12213.361710309982,3790.731891219185,189.11059251999527,768698.5962285466,146.79097170826236,0
rl_best,29,29,3,12,0,1,83.48551630973816,12285.397201776505,3652.7055592409633,172.71432108117577,783117.7404980945,149.1594284653892,0
rl_best,29,28,3,12,0,1,83.32951545715332,12344.601899385452,3525.0248328861735,176.6523644795034,797838.096434532,149.1594284653892,0
rl_best,29,27,3,12,0,1,82.95356750488281,12393.407374620438,3391.445495054275,180.26832352044346,812791.9969786771,149.58016666485625,0
rl_best,29,26,3,12,0,1,82.44263768196106,12448.894083499908,3259.70945585934,205.98381605052572,829773.8460936783,149.58016666485625,0
rl_best,29,25,3,12,0,1,81.73575758934021,12458.713352680206,3107.168651702138,175.58192370588532,844125.1676467726,154.29524521730656,0
rl_best,29,24,3,12,0,1,81.17108225822449,12475.932091474533,2974.3208834828256,191.42829566401545,859663.609580668,154.97835501077762,0
rl_best,29,23,3,12,0,1,80.87791681289673,12285.302728414536,2829.002854272855,194.6721080524613,875408.2841415262,155.87126491759878,0
rl_best,29,22,3,12,0,1,80.76592445373535,12023.913860321045,2682.0827537839896,196.9394956560478,891314.2845696394,158.91581566331308,0
rl_best,29,21,3,12,0,1,80.64422011375427,11935.995519161224,2531.132876350075,178.03475390611004,905671.7584515418,158.91581566331308,0
rl_best,29,20,3,12,0,1,80.46720623970032,11876.191645860672,2395.72671939039,196.21119984538797,921460.3255360397,158.91581566331308,0
rl_best,29,19,3,12,0,1,80.27518391609192,11747.796535491943,2241.920859436749,196.34094049864473,937221.6306448268,158.91581566331308,0
rl_best,29,18,3,12,0,1,80.15499353408813,11626.32703781128,2089.3397057593893,210.1053628946422,954062.6246491241,163.56364604434458,0
rl_best,29,17,3,12,0,1,80.1030158996582,11313.861310482025,1929.8513938025771,207.51911775826954,970685.5318383978,163.56364604434458,0
rl_best,29,16,3,12,0,1,80.06807923316956,11012.262850999832,1768.2379531163915,217.02708082472577,988062.4733416155,163.59817539596523,0
rl_best,29,15,3,12,0,1,80.04396796226501,10777.674913406372,1598.5559548983056,207.47018529260274,1004669.2102063018,166.74534395337315,0
rl_best,29,14,3,12,0,1,80.0286078453064,10438.808798789978,1436.4970572127022,203.55974279444797,1020959.8130354901,167.7158494426866,0
rl_best,29,13,3,12,0,1,80.0199556350708,10262.882560491562,1280.0313700370243,153.52665737215648,1033245.0093472108,168.16714252718407,0
rl_best,29,12,3,12,0,1,80.01650810241699,10172.278434038162,1161.1673980933247,0.0,1033245.0093472108,169.09384479432455,0
rl_best,29,11,3,12,0,1,80.0152575969696,10196.552127599716,1161.1673980933247,6.968225475995496,1033802.5737036663,169.09384479432455,0
rl_best,29,10,3,12,0,1,80.01433372497559,10271.766483783722,1155.6439625643052,105.97755132882776,1042282.2968630469,170.63726322604822,0
rl_best,29,9,3,12,0,1,80.01240491867065,10247.096866369247,1072.9035805758158,9.116623680185512,1043011.7398484371,170.84305227950415,0
rl_best,29,8,3,12,0,1,80.01121759414673,10284.50757265091,1065.7286583945697,66.84224629871824,1048359.8693615254,170.84305227950415,0
rl_best,29,7,3,12,0,1,80.00903129577637,10333.131402730942,1013.3203236479494,79.32857004589096,1054706.8714049764,170.84305227950415,0
rl_best,29,6,3,12,0,1,80.00694990158081,10317.946076393127,949.963989238151,15.860777416333804,1055975.8438291252,170.84305227950415,0
rl_best,29,5,3,12,0,1,80.00585436820984,10393.652319908142,936.8803062747611,103.67514749275142,1064270.462581033,155.39122305741984,0
rl_best,29,4,3,12,0,1,80.00438332557678,10382.658392190933,851.3118595178312,19.99887679774656,1065870.4603864409,149.0674834074808,0
rl_best,29,3,3,12,0,1,80.0036346912384,10438.941270112991,834.6808286575178,83.81333866961722,1072575.832115618,142.23678861945825,0
rl_best,29,2,3,12,0,1,80.00279307365417,10440.813452005386,764.5583012840143,31.391173907670236,1075087.2137060924,135.31638940994628,0
rl_best,29,1,3,12,0,1,80.00233173370361,10468.755662441254,738.3548095814276,55.19738980531838,1079503.133596132,127.3584148712835,0
myopic,0,100,2,12,0,1,91.99999988079071,12352.941175922751,10000.0,75.74633178397858,6968.662515096363,78.34826956228913,0
myopic,0,99,2,12,0,1,91.99999988079071,12352.941175922751,9950.262405805606,86.20031138712494,14899.09115243598,78.34826956228913,0
myopic,0,98,2,12,0,1,91.99999988079071,12352.941175922751,9895.463080572097,86.40275352213823,22848.144466172685,78.34826956228913,0
myopic,0,97,2,12,0,1,91.99999988079071,12352.941175922751,9839.260542471835,82.29494799597099,30419.279671991695,80.43164846582134,0
myopic,0,96,2,12,0,1,91.99999988079071,12352.941175922751,9784.942593543026,85.98681815032614,38330.06693157127,80.43164846582134,0
myopic,0,95,2,12,0,1,91.99999988079071,12352.941175922751,9727.125930011875,96.85732635682079,47240.9409448525,80.76388620962199,0
myopic,0,94,2,12,0,1,91.99999988079071,12352.941175922751,9662.544590571759,99.98354053835826,56439.42666246249,80.76388620962199,0
myopic,0,93,2,12,0,1,91.99999988079071,12352.941175922751,9596.451768767967,92.33543298790529,64934.286486342535,81.2516721329647,0
myopic,0,92,2,12,0,1,91.99999988079071,12352.941175922751,9533.601792707334,90.27545080924813,73239.62795003169,81.68189079408234,0
myopic,0,91,2,12,0,1,91.99999988079071,12352.941175922751,9473.86146521852,83.40603229689529,80912.98291140328,81.68189079408234,0
myopic,0,90,2,12,0,1,91.99999988079071,12352.941175922751,9418.300788563012,92.54139629472304,89426.791359486,82.82831677780638,0
myopic,0,89,2,12,0,1,91.99999988079071,12352.941175922751,9357.210516269266,89.10643070798895,97624.58297399867,82.82831677780638,0
myopic,0,88,2,12,0,1,91.99999988079071,12352.941175922751,9297.37264381105,97.00774044540856,106549.29508341203,82.82831677780638,0
myopic,0,87,2,12,0,1,91.99999988079071,12352.941175922751,9231.706316865912,95.52395744024146,115337.4991565269,84.56293398444693,0
myopic,0,86,2,12,0,1,91.99999988079071,12352.941175922751,9167.970734015524,91.93489868966776,123795.50982501684,84.56293398444693,0
myopic,0,85,2,12,0,1,91.99999988079071,12352.941175922751,9104.956365304215,108.02901954767536,133734.1796105249,84.8282916403851,0
myopic,0,84,2,12,0,1,91.99999988079071,12352.941175922751,9033.508001838016,108.19296058382177,143687.9319713389,87.66566629607894,0
myopic,0,83,2,12,0,1,91.99999988079071,12352.941175922751,8958.454081327845,102.3320615915127,153102.48162555913,87.66566629607894,0
myopic,0,82,2,12,0,1,91.99999988079071,12352.941175922751,8888.660018005094,93.9628331877976,161747.06226763525,87.66566629607894,0
myopic,0,81,2,12,0,1,91.99999988079071,12352.941175922751,8823.18454768357,112.15628223568874,172065.44021994853,88.02391932314761,0
myopic,0,80,2,12,0,1,91.99999988079071,12352.941175922751,8744.49512519603,108.51555320405075,182048.87110178513,88.02391932314761,0
myopic,0,79,2,12,0,1,91.99999988079071,12352.941175922751,8670.058831109316,88.81780298956186,190220.1089662369,89.41124357506565,0
myopic,0,78,2,12,0,1,91.99999988079071,12352.941175922751,8609.435193018637,105.09806949832374,199889.13134755404,89.85798532780689,0
myopic,0,77,2,12,0,1,91.99999988079071,12352.941175922751,8539.281762101724,103.00724649916911,209365.7980131982,91.10061121112462,0
myopic,0,76,2,12,0,1,91.99999988079071,12352.941175922751,8468.238124188902,105.414611809416,219063.94228709806,91.10061121112462,0
myopic,0,75,2,12,0,1,91.99999988079071,12352.941175922751,8397.52825700459,94.55264944140077,227762.78602443537,91.10061121112462,0
myopic,0,74,2,12,0,1,91.99999988079071,12352.941175922751,8333.121622548386,91.03451278588405,236137.96118988455,91.10061121112462,0
myopic,0,73,2,12,0,1,91.99999988079071,12352.941175922751,8268.69696468285,96.42564222052975,245009.12026267845,91.59938678561403,0
myopic,0,72,2,12,0,1,91.99999988079071,12352.941175922751,8201.925235316725,100.3859359871779,254244.62636153187,91.59938678561403,0
myopic,0,71,2,12,0,1,91.99999988079071,12352.941175922751,8130.854513829467,113.01740424762401,264642.22753884055,93.48039800843478,0
myopic,0,70,2,12,0,1,91.99999988079071,12352.941175922751,8051.9556811042585,84.82643730579609,272446.2597608617,93.48039800843478,0
myopic,0,69,2,12,0,1,91.99999988079071,12352.941175922751,7993.236483983781,109.7151947374569,282540.05766362866,93.48039800843478,0
myopic,0,68,2,12,0,1,91.99999988079071,12352.941175922751,7915.941758467527,99.30244885358383,291675.8829463206,95.11469441166237,0
myopic,0,67,2,12,0,1,91.99999988079071,12352.941175922751,7844.962713356931,94.9738778634819,300413.4796984391,95.11469441166237,0
myopic,0,66,2,12,0,1,91.99999988079071,12352.941175922751,7779.7509751573325,113.01772552850042,310811.1104335884,96.29318018780998,0
myopic,0,65,2,12,0,1,91.99999988079071,12352.941175922751,7701.039718127113,121.55646629275029,321994.30531803076,96.29318018780998,0
myopic,0,64,2,12,0,1,91.99999988079071,12352.941175922751,7616.04472241438,100.47177290205043,331237.70841304224,96.29318018780998,0
myopic,0,63,2,12,0,1,91.99999988079071,12352.941175922751,7546.373577464578,96.80815668263469,340144.0588163042,96.29318018780998,0
myopic,0,62,2,12,0,1,91.99999988079071,12352.941175922751,7480.23559079028,110.70726991602396,350329.12763538107,96.29318018780998,0
myopic,0,61,2,12,0,1,91.99999988079071,12352.941175922751,7401.939974473313,143.50262064447222,363531.36871756567,96.40873891602581,0
myopic,0,60,2,12,0,1,91.99999988079071,12352.941175922751,7302.616897709504,146.91555524170178,377047.59978228854,121.48371342624034,0
myopic,0,59,2,12,0,1,91.99999988079071,12352.941175922751,7199.907947286456,145.9979618529091,390479.41225535184,121.717787817549,0
myopic,0,58,2,12,0,1,91.99999988079071,12352.941175922751,7097.931093403056,127.5188292834142,402211.1445342245,121.717787817549,0
myopic,0,57,2,12,0,1,91.99999988079071,12352.941175922751,7007.652979391021,141.65432030110819,415243.34198504,121.717787817549,0
myopic,0,56,2,12,0,1,91.99999988079071,12352.941175922751,6907.348061034851,132.89049234333012,427469.2672647846,121.717787817549,0
myopic,0,55,2,12,0,1,91.99999988079071,12352.941175922751,6815.5774444324215,126.3625612169774,439094.62288168294,125.52438207732914,0
myopic,0,54,2,12,0,1,91.99999988079071,12352.941175922751,6725.280323488528,145.49242720260327,452479.9261669784,125.52438207732914,0
myopic,0,53,2,12,0,1,91.99999988079071,12352.941175922751,6622.292270845928,129.25522465798144,464371.4068201042,125.52438207732914,0
myopic,0,52,2,12,0,1,91.99999988079071,12352.941175922751,6529.049833333336,129.5742464746326,476292.237480324,125.77567823347204,0
myopic,0,51,2,12,0,1,91.99999988079071,12352.941175922751,6437.878121963162,144.78554086066995,489612.50722224585,127.57061847614774,0
myopic,0,50,2,12,0,1,91.99999988079071,12352.941175922751,6338.7263105808315,142.9025196782096,502759.5390156058,127.57061847614774,0
myopic,0,49,2,12,0,1,91.99999988079071,12352.941175922751,6237.56744053761,140.68580047750166,515702.6326427649,127.56529444817109,0
myopic,0,48,2,12,0,1,91.99999988079071,12352.941175922751,6136.917537922432,141.42847805803083,528714.0526072441,127.56529444817109,0
myopic,0,47,2,12,0,1,91.99999988079071,12352.941175922751,6034.260680832806,137.3057626646362,541346.1827560226,127.56529444817109,0
myopic,0,46,2,12,0,1,91.99999988079071,12352.941175922751,5933.284704820948,149.1814709834056,555070.8780687121,130.8145259896823,0
myopic,0,45,2,12,0,1,91.99999988079071,12352.941175922751,5824.335136710757,153.15135973472758,569160.80314605,130.8145259896823,0
myopic,0,44,2,12,0,1,91.99999988079071,12352.941175922751,5712.369640078435,150.58507733046807,583014.6302425019,131.2339851260106,0
myopic,0,43,2,12,0,1,91.99999988079071,12352.941175922751,5603.314840643484,132.41825707792148,595197.1098778851,131.2339851260106,0
myopic,0,42,2,12,0,1,91.99999988079071,12352.941175922751,5507.557081343407,140.8965775079595,608159.5949918212,131.2339851260106,0
myopic,0,41,2,12,0,1,91.99999988079071,12352.941175922751,5407.727790760302,149.12031695667704,621878.664134059,134.1721664575167,0
myopic,0,40,2,12,0,1,91.99999988079071,12352.941175922751,5300.231642050592,138.81425912528144,634649.5759570369,134.1721664575167,0
myopic,0,39,2,12,0,1,91.99999988079071,12352.941175922751,5200.773462752436,150.3756294561973,648484.1338490809,134.1721664575167,0
myopic,0,38,2,12,0,1,91.99999988079071,12352.941175922751,5090.237539660557,158.80795257666063,663094.4654672022,135.24479254111014,0
myopic,0,37,2,12,0,1,91.99999988079071,12352.941175922751,4973.9453770339205,156.7086551848289,677511.6617255254,135.24479254111014,0
myopic,0,36,2,12,0,1,91.99999988079071,12352.941175922751,4856.426758167352,157.57526220032383,692008.5858291708,135.3776796692217,0
myopic,0,35,2,12,0,1,91.99999988079071,12352.941175922751,4745.243515404787,158.20340686475367,706563.2992418688,135.3776796692217,0
myopic,0,34,2,12,0,1,91.99999988079071,12352.941175922751,4627.958441672285,151.76410793395308,720525.5971537008,135.3776796692217,0
myopic,0,33,2,12,0,1,91.99999988079071,12352.941175922751,4515.132972109416,153.9545526663266,734689.41598065,135.3776796692217,0
myopic,0,32,2,12,0,1,91.99999988079071,12352.941175922751,4400.502263019666,157.80129596320026,749207.135190453,137.67563429490323,0
myopic,0,31,2,12,0,1,91.99999988079071,12352.941175922751,4287.049095322869,159.88851565240307,763916.8786114139,146.59908961842842,0
myopic,0,30,2,12,0,1,91.99999988079071,12352.941175922751,4169.552984357442,171.99696938516465,779740.5997743454,146.67867998707746,0
myopic,0,29,2,12,0,1,91.99999988079071,12352.941175922751,4041.7637628999037,164.02346493371763,794830.7585286943,149.0471367442043,0
myopic,0,28,2,12,0,1,91.99999988079071,12352.941175922751,3920.6913745569955,159.73181140889432,809526.085159271,149.0471367442043,0
myopic,0,27,2,12,0,1,91.99999988079071,12352.941175922751,3800.875375347082,151.93378967797096,823503.9937915325,149.46787494367135,0
myopic,0,26,2,12,0,1,91.99999988079071,12352.941175922751,3686.0630899623757,168.13593922472785,838972.5001801641,149.46787494367135,0
myopic,0,25,2,12,0,1,91.99999988079071,12352.941175922751,3561.619500585859,150.54734266374913,852822.8556872824,154.18295349612166,0
myopic,0,24,2,12,0,1,91.99999988079071,12352.941175922751,3446.8754335859758,168.33116253453798,868309.3226203932,154.86606328959272,0
myopic,0,23,2,12,0,1,91.99999988079071,12352.941175922751,3320.209971854494,172.15942542891923,884147.9897393308,155.75897319641388,0
myopic,0,22,2,12,0,1,91.99999988079071,12352.941175922751,3185.9205850794588,173.65025471526562,900123.8131524345,158.80352394212818,0
myopic,0,21,2,12,0,1,91.99999988079071,12352.941175922751,3053.22690209524,162.15207951033958,915041.8044480558,158.80352394212818,0
myopic,0,20,2,12,0,1,91.99999988079071,12352.941175922751,2926.2888685999724,181.3885663352971,931729.55252928,158.80352394212818,0
myopic,0,19,2,12,0,1,91.99999988079071,12352.941175922751,2784.9161963059323,179.5240664216955,948245.766618675,158.80352394212818,0
myopic,0,18,2,12,0,1,91.99999988079071,12352.941175922751,2644.827714888479,182.11025925275734,964999.9104482194,163.45135432315968,0
myopic,0,17,2,12,0,1,91.99999988079071,12352.941175922751,2502.820892549692,177.96298507416137,981372.5050538274,163.45135432315968,0
myopic,0,16,2,12,0,1,91.99999988079071,12352.941175922751,2367.7512936168687,190.86066026727428,998931.6857756643,163.48588367478033,0
myopic,0,15,2,12,0,1,91.99999988079071,12352.941175922751,2223.4106238070444,181.77400613246039,1015654.8943181814,166.63305223218825,0
myopic,0,14,2,12,0,1,91.99999988079071,12352.941175922751,2081.687930895413,175.84523559590346,1031832.6559720421,167.6035577215017,0
myopic,0,13,2,12,0,1,91.99999988079071,12352.941175922751,1942.540724007943,183.72421652519387,1048735.2838704584,168.05485080599917,0
myopic,0,12,2,12,0,1,91.99999988079071,12352.941175922751,1798.5610187621878,189.48558798429156,1066167.9579424248,169.09384479432455,0
myopic,0,11,2,12,0,1,91.99999988079071,12352.941175922751,1649.4738813019976,198.13028053855388,1084395.943728353,169.09384479432455,0
myopic,0,10,2,12,0,1,91.99999988079071,12352.941175922751,1491.165394004276,183.449321648054,1101273.281298105,170.63726322604822,0
myopic,0,9,2,12,0,1,91.99999988079071,12352.941175922751,1348.4006408016176,176.78195996752035,1117537.2215940426,170.84305227950415,0
myopic,0,8,2,12,0,1,91.99999988079071,12352.941175922751,1204.5425268450672,186.83915303783877,1134726.4236512508,170.84305227950415,0
myopic,0,7,2,12,0,1,91.99999988079071,12352.941175922751,1054.0280510861503,200.3899984566711,1153162.303485376,170.84305227950415,0
myopic,0,6,2,12,0,1,91.99999988079071,12352.941175922751,893.5819457324797,165.6235182944902,1168399.6671487254,170.84305227950415,0
myopic,0,5,2,12,0,1,91.99999988079071,12352.941175922751,758.6557953155643,168.06866028009213,1183861.9838744586,155.39122305741984,0
myopic,0,4,2,12,0,1,91.99999988079071,12352.941175922751,620.9248438478753,150.9841777414854,1197752.5282086765,149.0674834074808,0
myopic,0,3,2,12,0,1,91.99999988079071,10000.0,497.3204004119907,0.0,1197752.5282086765,142.23678861945825,0
myopic,0,2,2,12,0,1,91.99999988079071,10000.0,497.3204004119907,0.0,1197752.5282086765,135.31638940994628,0
myopic,0,1,2,12,0,1,91.99999988079071,10000.0,497.3204004119907,0.0,1197752.5282086765,127.3584148712835,0
myopic,1,100,2,6,0,0,91.99999988079071,12352.941175922751,10000.0,61.291168480929116,5638.787492939002,53.51064944791461,1
myopic,1,99,2,6,0,0,91.99999988079071,12352.941175922751,9961.392912578076,65.89051880484696,11700.71521513016,53.51064944791461,1
myopic,1,98,2,6,0,0,91.99999988079071,12352.941175922751,9918.468068029377,56.568287143296175,16904.997625569944,53.51064944791461,1
myopic,1,97,2,6,0,0,91.99999988079071,12352.941175922751,9881.48425349887,64.1308888725877,22805.039394203013,55.53276728716988,1
myopic,1,96,2,6,0,0,91.99999988079071,12352.941175922751,9839.715643044236,61.80582020130625,28491.17484535536,55.852472283942966,1
myopic,1,95,2,6,0,0,91.99999988079071,12352.941175922751,9799.232415847844,55.68680957476654,33614.3613195955,56.18471002774361,1
myopic,1,94,2,6,0,0,91.99999988079071,12352.941175922751,9763.170061953868,57.72148776934005,38924.738187493844,56.18471002774361,1
myopic,1,93,2,6,0,0,91.99999988079071,12352.941175922751,9725.233558004706,62.634025820075344,44687.068555474216,56.18471002774361,1
myopic,1,92,2,6,0,0,91.99999988079071,12352.941175922751,9684.665553380553,56.06098126136733,49844.67882483702,56.85789131285237,1
myopic,1,91,2,6,0,0,91.99999988079071,12352.941175922751,9648.285078016088,63.4794796702474,55684.79094693244,56.85789131285237,1
myopic,1,90,2,6,0,0,91.99999988079071,12352.941175922751,9607.051280515494,73.76685274128631,62471.34139033708,57.85980122566746,1
myopic,1,89,2,6,0,0,91.99999988079071,12352.941175922751,9557.982683935032,41.725042394372906,66310.04528564538,57.85980122566746,1
myopic,1,88,2,6,0,0,91.99999988079071,12352.941175922751,9531.636804576003,63.32699628460171,72136.12893627957,57.85980122566746,1
myopic,1,87,2,6,0,0,91.99999988079071,12352.941175922751,9490.451502571472,66.4343170010319,78248.0860924549,59.05581472314141,1
myopic,1,86,2,6,0,0,91.99999988079071,12352.941175922751,9446.687437951232,81.95871505273924,85788.28786753668,59.05581472314141,1
myopic,1,85,2,6,0,0,91.99999988079071,12352.941175922751,9393.929725295571,61.99516495531486,91491.84303603525,59.321172379079584,1
myopic,1,84,2,6,0,0,91.99999988079071,12352.941175922751,9351.720424180548,70.18962898194563,97949.288894007,59.321172379079584,1
myopic,1,83,2,6,0,0,91.99999988079071,12352.941175922751,9304.937484813781,60.903954038831145,103552.45265831915,59.321172379079584,1
myopic,1,82,2,6,0,0,91.99999988079071,12352.941175922751,9265.980515230198,66.74836828429254,109693.30253251703,59.321172379079584,1
myopic,1,81,2,6,0,0,91.99999988079071,12352.941175922751,9221.798071559648,55.58983389655402,114807.56724437317,59.67942540614826,1
myopic,1,80,2,6,0,0,91.99999988079071,12352.941175922751,9185.475752641067,65.34228890096134,120819.05781547222,59.67942540614826,1
myopic,1,79,2,6,0,0,91.99999988079071,12352.941175922751,9142.930086409544,65.62210755760488,126856.2917029491,60.144742931333404,1
myopic,1,78,2,6,0,0,91.99999988079071,12352.941175922751,9099.322965489373,67.89293023249147,133102.44127624485,60.59148468407464,1
myopic,1,77,2,6,0,0,91.99999988079071,12352.941175922751,9054.628637447067,72.35822491033417,139759.39795936982,61.68635059106254,1
myopic,1,76,2,6,0,0,91.99999988079071,12352.941175922751,9005.748069007614,70.1750267725801,146215.50041408167,61.68635059106254,1
myopic,1,75,2,6,0,0,91.99999988079071,12352.941175922751,8959.684571302023,73.4614586063311,152973.95459710684,61.68635059106254,1
myopic,1,74,2,6,0,0,91.99999988079071,12352.941175922751,8911.1108702175,74.77855513945659,159853.58166102256,61.68635059106254,1
myopic,1,73,2,6,0,0,91.99999988079071,12352.941175922751,8862.115182220228,75.06100781818296,166759.19437134743,61.811377832783585,1
myopic,1,72,2,6,0,0,91.99999988079071,12352.941175922751,8811.907089398299,59.81686737337972,172262.34616256764,61.811377832783585,1
myopic,1,71,2,6,0,0,91.99999988079071,12352.941175922751,8772.04522524389,70.23967672622739,178724.39641300734,63.69238905560433,1
myopic,1,70,2,6,0,0,91.99999988079071,12352.941175922751,8724.681957663477,61.94935349652722,184423.7369273029,63.69238905560433,1
myopic,1,69,2,6,0,0,91.99999988079071,12352.941175922751,8683.874062891828,72.30176541255305,191075.49933663875,63.69238905560433,1
myopic,1,68,2,6,0,0,91.99999988079071,12352.941175922751,8635.606272459008,72.58913404361822,197753.69965999832,64.51194257070377,1
myopic,1,67,2,6,0,0,91.99999988079071,12352.941175922751,8586.03179427756,59.171120798212044,203197.4427663801,64.51194257070377,1
myopic,1,66,2,6,0,0,91.99999988079071,12352.941175922751,8545.902467157925,82.15859546930548,210756.03353976214,66.02319309723785,1
myopic,1,65,2,6,0,0,91.99999988079071,12352.941175922751,8490.631181811621,65.87490306311906,216816.5246137162,66.02319309723785,1
myopic,1,64,2,6,0,0,91.99999988079071,12352.941175922751,8445.440190937941,74.38899185868476,223660.31185584734,66.02319309723785,1
myopic,1,63,2,6,0,0,91.99999988079071,12352.941175922751,8394.20827176119,69.5996940486094,230063.48370002248,66.02319309723785,1
myopic,1,62,2,6,0,0,91.99999988079071,12352.941175922751,8348.176755434468,71.53023774905921,236644.26556440885,66.02319309723785,1
myopic,1,61,2,6,0,0,91.99999988079071,12352.941175922751,8299.87353164469,99.55628019364802,245803.44333035644,66.0678136608015,1
myopic,1,60,2,6,0,0,91.99999988079071,12352.941175922751,8231.780442353644,80.30689575778662,253191.67773049948,85.17672399217258,1
myopic,1,59,2,6,0,0,91.99999988079071,12352.941175922751,8178.109473077395,100.42400190996548,262430.6858942448,85.17672399217258,1
myopic,1,58,2,6,0,0,91.99999988079071,12352.941175922751,8108.635537152223,88.23174268999952,270548.0062112067,85.17672399217258,1
myopic,1,57,2,6,0,0,91.99999988079071,12352.941175922751,8048.187814748742,96.91827804747692,279464.48778002104,85.17672399217258,1
myopic,1,56,2,6,0,0,91.99999988079071,12352.941175922751,7981.148480206979,103.10134992168227,288949.81196052517,85.17672399217258,1
myopic,1,55,2,6,0,0,91.99999988079071,12352.941175922751,7909.962253717674,95.3327856410195,297720.4282281344,87.67464619283565,1
myopic,1,54,2,6,0,0,91.99999988079071,12352.941175922751,7844.602388755611,104.53735475703348,307337.86485331965,87.67464619283565,1
myopic,1,53,2,6,0,0,91.99999988079071,12352.941175922751,7775.421084138463,95.34470069714,316109.57730609056,87.67464619283565,1
myopic,1,52,2,6,0,0,91.99999988079071,12352.941175922751,7709.492256928521,86.51315135730336,324068.7872206493,88.00542260216963,1
myopic,1,51,2,6,0,0,91.99999988079071,12352.941175922751,7649.262157105653,92.7056949447177,332597.71114451194,89.3393639748758,1
myopic,1,50,2,6,0,0,91.99999988079071,12352.941175922751,7584.049125045076,97.49568090333729,341567.31377599656,89.3393639748758,1
myopic,1,49,2,6,0,0,91.99999988079071,12352.941175922751,7515.5537719999265,108.25116641698169,351526.4210734543,89.87264365606573,1
myopic,1,48,2,6,0,0,91.99999988079071,12352.941175922751,7439.7137820892185,91.49464842822914,359943.92871794436,89.87264365606573,1
myopic,1,47,2,6,0,0,91.99999988079071,12352.941175922751,7377.587484699374,115.17142699262341,370539.69998753624,89.87264365606573,1
myopic,1,46,2,6,0,0,91.99999988079071,12352.941175922751,7297.253637608184,95.67877405821429,379342.14718948613,92.28499445299059,1
myopic,1,45,2,6,0,0,91.99999988079071,12352.941175922751,7230.102024087655,100.23889979324007,388564.1259585148,92.32417290804567,1
myopic,1,44,2,6,0,0,91.99999988079071,12352.941175922751,7158.811032496391,102.04161589659806,397951.9546088375,92.85601305134094,1
myopic,1,43,2,6,0,0,91.99999988079071,12352.941175922751,7087.065317365478,96.05355266883755,406788.8814429201,92.85601305134094,1
myopic,1,42,2,6,0,0,91.99999988079071,12352.941175922751,7018.8928377103175,94.34849601957526,415468.94306547375,92.85601305134094,1
myopic,1,41,2,6,0,0,91.99999988079071,12352.941175922751,6951.587889396602,114.81092990233618,426031.54860280216,93.6308664821853,1
myopic,1,40,2,6,0,0,91.99999988079071,12352.941175922751,6872.508784818463,82.88959594760459,433657.3914201006,93.6308664821853,1
myopic,1,39,2,6,0,0,91.99999988079071,12352.941175922751,6813.180203804117,124.55516247349024,445116.4663528135,93.6308664821853,1
myopic,1,38,2,6,0,0,91.99999988079071,12352.941175922751,6726.195125249245,94.16641387920932,453779.77641847526,95.04742683727991,1
myopic,1,37,2,6,0,0,91.99999988079071,12352.941175922751,6658.53821352187,97.44620722915876,462744.82747194136,95.04742683727991,1
myopic,1,36,2,6,0,0,91.99999988079071,12352.941175922751,6589.595951150124,101.387040216155,472072.4351597413,95.04742683727991,1
myopic,1,35,2,6,0,0,91.99999988079071,12352.941175922751,6516.4955995393175,100.92956105848027,481357.9547650898,95.04742683727991,1
myopic,1,34,2,6,0,0,91.99999988079071,12352.941175922751,6443.847201943088,102.75971387847662,490811.84842965973,95.04742683727991,1
myopic,1,33,2,6,0,0,91.99999988079071,12352.941175922751,6371.052919970865,103.7610000568083,500357.8604225168,95.04742683727991,1
myopic,1,32,2,6,0,0,91.99999988079071,12352.941175922751,6297.502942187843,111.51411821422454,510617.15928493196,97.00694341239463,1
myopic,1,31,2,6,0,0,91.99999988079071,12352.941175922751,6218.495883537029,102.7188433729046,520067.29286299413,101.69890345053383,1
myopic,1,30,2,6,0,0,91.99999988079071,12352.941175922751,6142.5625509074125,114.76031596023701,530625.2419176555,101.69890345053383,1
myopic,1,29,2,6,0,0,91.99999988079071,12352.941175922751,6059.390996646822,119.27808108202069,541598.8253629823,105.09652333242514,1
myopic,1,28,2,6,0,0,91.99999988079071,12352.941175922751,5973.223927458233,113.81863585007223,552070.1398476207,105.09652333242514,1
myopic,1,27,2,6,0,0,91.99999988079071,12352.941175922751,5889.70175768815,117.9062455278527,562917.5144221276,105.51726153189219,1
myopic,1,26,2,6,0,0,91.99999988079071,12352.941175922751,5805.096005305813,125.98362839077126,574508.0082190601,105.51726153189219,1
myopic,1,25,2,6,0,0,91.99999988079071,12352.941175922751,5713.5859348400045,112.4577801667152,584854.1239809919,108.86577323146005,1
myopic,1,24,2,6,0,0,91.99999988079071,12352.941175922751,5632.073979534177,118.76067827353941,595780.1063680002,110.31606898852215,1
myopic,1,23,2,6,0,0,91.99999988079071,12352.941175922751,5542.508934282253,114.39041462024808,606304.0244994266,111.20897889534331,1
myopic,1,22,2,6,0,0,91.99999988079071,12352.941175922751,5457.724206392935,106.6921069948897,616119.6983302378,112.95137016244168,1
myopic,1,21,2,6,0,0,91.99999988079071,12352.941175922751,5378.593775418279,130.99123319942237,628170.8917689692,112.95137016244168,1
myopic,1,20,2,6,0,0,91.99999988079071,12352.941175922751,5281.47500351519,118.75986246854758,639096.7991019184,112.95137016244168,1
myopic,1,19,2,6,0,0,91.99999988079071,12352.941175922751,5192.537768919649,134.27626955454875,651450.2158849299,112.95137016244168,1
myopic,1,18,2,6,0,0,91.99999988079071,12352.941175922751,5091.049180923324,144.4548463767819,664740.0617343734,117.40424760711261,1
myopic,1,17,2,6,0,0,91.99999988079071,12352.941175922751,4982.177290664563,123.97361891674572,676145.6346599353,117.40424760711261,1
myopic,1,16,2,6,0,0,91.99999988079071,12352.941175922751,4888.848853809431,128.52126977626588,687969.5914640308,117.43877695873326,1
myopic,1,15,2,6,0,0,91.99999988079071,12352.941175922751,4791.420814580802,129.23445069768368,699859.1609128118,117.79311858824813,1
myopic,1,14,2,6,0,0,91.99999988079071,12352.941175922751,4692.990407214009,116.10787271859826,710541.0851890816,118.13382576143007,1
myopic,1,13,2,6,0,0,91.99999988079071,12352.941175922751,4603.458324043978,125.4441188620099,722081.9441094324,118.13382576143007,1
myopic,1,12,2,6,0,0,91.99999988079071,12352.941175922751,4508.923411564001,135.14404229050965,734515.1959840489,118.65148982084473,1
myopic,1,11,2,6,0,0,91.99999988079071,12352.941175922751,4403.252279023505,135.16005290350773,746949.9208350593,118.65148982084473,1
myopic,1,10,2,6,0,0,91.99999988079071,12352.941175922751,4298.545149538998,123.98361006741868,758356.4129464817,119.72247037978816,1
myopic,1,9,2,6,0,0,91.99999988079071,12352.941175922751,4199.2095690233655,138.48344147568636,771096.8895457364,119.9282594332441,1
myopic,1,8,2,6,0,0,91.99999988079071,12352.941175922751,4092.6235131887634,125.20426918047635,782615.6822954147,119.9282594332441,1
myopic,1,7,2,6,0,0,91.99999988079071,12352.941175922751,3994.167497748721,119.00352345442641,793564.0064390356,119.9282594332441,1
myopic,1,6,2,6,0,0,91.99999988079071,12352.941175922751,3899.92001300464,118.67945495335118,804482.5162805963,119.9282594332441,1
myopic,1,5,2,6,0,0,91.99999988079071,12352.941175922751,3804.2768868970634,123.11844604269987,815809.4133018478,111.6350613497792,1
myopic,1,4,2,6,0,0,91.99999988079071,12352.941175922751,3708.7588521145008,110.66068314638302,825990.1961381232,105.31132169984018,1
myopic,1,3,2,6,0,0,91.99999988079071,12352.941175922751,3620.7288709674913,115.691734375123,836633.8356868429,100.66337802387262,1
myopic,1,2,2,6,0,0,91.99999988079071,12352.941175922751,3525.900546138274,103.56079533338914,846161.4288451693,97.45860423514522,1
myopic,1,1,2,6,0,0,91.99999988079071,12352.941175922751,3440.5537602491995,106.45569555976242,855955.3528239769,90.48681714092218,1
myopic,2,100,2,6,0,0,91.99999988079071,12352.941175922751,10000.0,73.04533093322924,6720.170437149408,53.51064944791461,1
myopic,2,99,2,6,0,0,91.99999988079071,12352.941175922751,9950.096620943272,56.04428917651942,11876.245034708194,53.51064944791461,1
myopic,2,98,2,6,0,0,91.99999988079071,12352.941175922751,9912.003170299342,63.11359838455965,17682.696078563953,53.51064944791461,1
myopic,2,97,2,6,0,0,91.99999988079071,12352.941175922751,9870.06259423221,69.03484931210738,24033.90220704824,55.53276728716988,1
myopic,2,96,2,6,0,0,91.99999988079071,12352.941175922751,9823.92304312799,58.94785103831617,29457.104495546195,55.852472283942966,1
myopic,2,95,2,6,0,0,91.99999988079071,12352.941175922751,9784.828403912677,65.21810684070672,35457.17031711661,56.18471002774361,1
myopic,2,94,2,6,0,0,91.99999988079071,12352.941175922751,9740.96212897717,65.94075198249733,41523.719491645614,56.18471002774361,1
myopic,2,93,2,6,0,0,91.99999988079071,12352.941175922751,9696.966666773922,63.33087173711703,47350.15968391075,56.18471002774361,1
myopic,2,92,2,6,0,0,91.99999988079071,12352.941175922751,9654.88507768444,69.04796873918322,53702.57279968445,56.85789131285237,1
myopic,2,91,2,6,0,0,91.99999988079071,12352.941175922751,9608.025669580584,66.05891029118325,59779.992538598475,56.85789131285237,1
myopic,2,90,2,6,0,0,91.99999988079071,12352.941175922751,9562.96122971726,55.32828222487397,64870.194496691234,57.85980122566746,1
myopic,2,89,2,6,0,0,91.99999988079071,12352.941175922751,9524.92456299479,79.8679647728396,72218.04724627147,57.85980122566746,1
myopic,2,88,2,6,0,0,91.99999988079071,12352.941175922751,9472.344246782364,50.889881283807156,76899.91631831518,57.85980122566746,1
myopic,2,87,2,6,0,0,91.99999988079071,12352.941175922751,9438.708166842624,71.456844168675,83473.94597331497,59.05581472314141,1
myopic,2,86,2,6,0,0,91.99999988079071,12352.941175922751,9389.94999761723,73.64274453824524,90249.07846205463,59.05581472314141,1
myopic,2,85,2,6,0,0,91.99999988079071,12352.941175922751,9339.11168978618,66.70057951133309,96385.53176914595,59.321172379079584,1
myopic,2,84,2,6,0,0,91.99999988079071,12352.941175922751,9293.352891926548,63.657921030545765,102242.06049636754,59.321172379079584,1
myopic,2,83,2,6,0,0,91.99999988079071,12352.941175922751,9249.181613013357,55.978277318084814,107392.06200295822,59.321172379079584,1
myopic,2,82,2,6,0,0,91.99999988079071,12352.941175922751,9211.158326247765,67.3521611553005,113588.46082121687,59.321172379079584,1
myopic,2,81,2,6,0,0,91.99999988079071,12352.941175922751,9163.578782804583,59.29293740474742,119043.41105538537,59.67942540614826,1
myopic,2,80,2,6,0,0,91.99999988079071,12352.941175922751,9123.684770360847,61.41234075074686,124693.34639713315,59.67942540614826,1
myopic,2,79,2,6,0,0,91.99999988079071,12352.941175922751,9080.768361906086,64.52822324528802,130629.94292800728,60.144742931333404,1
myopic,2,78,2,6,0,0,91.99999988079071,12352.941175922751,9035.347911923358,52.628004195199395,135471.71930769188,60.59148468407464,1
myopic,2,77,2,6,0,0,91.99999988079071,12352.941175922751,8998.371384070888,75.8871702554839,142453.33896214995,61.68635059106254,1
myopic,2,76,2,6,0,0,91.99999988079071,12352.941175922751,8947.354634529913,68.83689542833525,148786.3333333508,61.68635059106254,1
myopic,2,75,2,6,0,0,91.99999988079071,12352.941175922751,8898.785238011884,68.31159267452377,155070.99985126362,61.68635059106254,1
myopic,2,74,2,6,0,0,91.99999988079071,12352.941175922751,8850.689130731891,86.74436549968985,163051.48146689436,61.68635059106254,1
myopic,2,73,2,6,0,0,91.99999988079071,12352.941175922751,8790.272906583672,65.5022116816092,169077.68493379393,61.811377832783585,1
myopic,2,72,2,6,0,0,91.99999988079071,12352.941175922751,8745.431013908837,74.99137530841092,175976.89145322808,61.811377832783585,1
myopic,2,71,2,6,0,0,91.99999988079071,12352.941175922751,8693.477705108095,68.3768875297025,182267.56509780954,63.69238905560433,1
myopic,2,70,2,6,0,0,91.99999988079071,12352.941175922751,8645.95910717872,75.005815716739,189168.10013480813,63.69238905560433,1
myopic,2,69,2,6,0,0,91.99999988079071,12352.941175922751,8594.661518985247,58.46607722441196,194546.97923248433,63.69238905560433,1
myopic,2,68,2,6,0,0,91.99999988079071,12352.941175922751,8555.678081746793,80.29445634489704,201934.069206643,64.51194257070377,1
myopic,2,67,2,6,0,0,91.99999988079071,12352.941175922751,8499.447077327299,84.4423750339984,209702.76769970453,64.51194257070377,1
myopic,2,66,2,6,0,0,91.99999988079071,12352.941175922751,8440.305319941119,66.42417608742622,215813.79189182937,66.02319309723785,1
myopic,2,65,2,6,0,0,91.99999988079071,12352.941175922751,8393.320542267398,71.74871242552206,222414.6734264243,66.02319309723785,1
myopic,2,64,2,6,0,0,91.99999988079071,12352.941175922751,8344.038443887484,65.28088707741345,228420.51502976424,66.02319309723785,1
myopic,2,63,2,6,0,0,91.99999988079071,12352.941175922751,8296.749386600073,75.19622449160784,235338.56767402808,66.02319309723785,1
myopic,2,62,2,6,0,0,91.99999988079071,12352.941175922751,8243.363772206152,70.19791012018113,241796.7753967165,66.02319309723785,1
myopic,2,61,2,6,0,0,91.99999988079071,12352.941175922751,8194.401118583197,100.4869361418349,251041.57350978634,66.0678136608015,1
myopic,2,60,2,6,0,0,91.99999988079071,12352.941175922751,8123.463693791542,87.280824723284,259071.4093739238,85.17672399217258,1
myopic,2,59,2,6,0,0,91.99999988079071,12352.941175922751,8061.77871448571,86.10884148348862,266993.4227801398,85.17672399217258,1
myopic,2,58,2,6,0,0,91.99999988079071,12352.941175922751,8000.480551394741,102.38751065781976,276413.07374845364,85.17672399217258,1
myopic,2,57,2,6,0,0,91.99999988079071,12352.941175922751,7928.774795473128,104.7820416586337,286053.02156855696,85.17672399217258,1
myopic,2,56,2,6,0,0,91.99999988079071,12352.941175922751,7855.041150767111,97.318709654559,295006.34284517507,85.17672399217258,1
myopic,2,55,2,6,0,0,91.99999988079071,12352.941175922751,7786.648244481072,94.3135310219328,303683.18768794986,87.67464619283565,1
myopic,2,54,2,6,0,0,91.99999988079071,12352.941175922751,7719.213355221975,92.61393278338006,312203.6694929804,87.67464619283565,1
myopic,2,53,2,6,0,0,91.99999988079071,12352.941175922751,7653.7380845094485,91.0308537725614,320578.5080292043,87.67464619283565,1
myopic,2,52,2,6,0,0,91.99999988079071,12352.941175922751,7589.402326652624,85.35530310086943,328431.19590430916,88.00542260216963,1
myopic,2,51,2,6,0,0,91.99999988079071,12352.941175922751,7528.370604205358,101.12520872114597,337734.7150945995,89.3393639748758,1
myopic,2,50,2,6,0,0,91.99999988079071,12352.941175922751,7454.518714736063,103.67723940398074,347273.0211074065,89.3393639748758,1
myopic,2,49,2,6,0,0,91.99999988079071,12352.941175922751,7376.900741709587,101.04987065623463,356569.60919573397,89.87264365606573,1
myopic,2,48,2,6,0,0,91.99999988079071,12352.941175922751,7304.486094530177,113.47349467174044,367009.170692007,89.87264365606573,1
myopic,2,47,2,6,0,0,91.99999988079071,12352.941175922751,7223.861050519385,108.89217492867017,377027.2507724637,89.87264365606573,1
myopic,2,46,2,6,0,0,91.99999988079071,12352.941175922751,7146.210859333442,104.02018690010087,386597.1079548728,92.28499445299059,1
myopic,2,45,2,6,0,0,91.99999988079071,12352.941175922751,7073.274693137526,108.96438009830612,396621.8309109274,92.32417290804567,1
myopic,2,44,2,6,0,0,91.99999988079071,12352.941175922751,6994.178970950178,94.02873866330759,405272.4748567426,92.85601305134094,1
myopic,2,43,2,6,0,0,91.99999988079071,12352.941175922751,6923.799638776656,107.89302790723023,415198.63341134595,92.85601305134094,1
myopic,2,42,2,6,0,0,91.99999988079071,12352.941175922751,6844.899971226018,96.65588268809411,424090.9746071283,92.85601305134094,1
myopic,2,41,2,6,0,0,91.99999988079071,12352.941175922751,6774.176831519654,101.30799969477356,433411.3105669706,93.6308664821853,1
myopic,2,40,2,6,0,0,91.99999988079071,12352.941175922751,6698.980746978992,109.00403124769346,443439.68142876413,93.6308664821853,1
myopic,2,39,2,6,0,0,91.99999988079071,12352.941175922751,6619.721854889367,99.77701546356882,452619.1668395181,93.6308664821853,1
myopic,2,38,2,6,0,0,91.99999988079071,12352.941175922751,6546.845515225576,93.37744197956201,461209.89149050636,95.04742683727991,1
myopic,2,37,2,6,0,0,91.99999988079071,12352.941175922751,6478.56142829097,103.43271542797407,470725.7012975498,95.04742683727991,1
myopic,2,36,2,6,0,0,91.99999988079071,12352.941175922751,6401.177118946817,114.73501586455946,481281.3227434118,95.04742683727991,1
myopic,2,35,2,6,0,0,91.99999988079071,12352.941175922751,6317.203124296085,108.57979220467564,491270.66361329827,95.04742683727991,1
myopic,2,34,2,6,0,0,91.99999988079071,12352.941175922751,6237.059148321674,120.77348216014835,502381.8239576346,95.04742683727991,1
myopic,2,33,2,6,0,0,91.99999988079071,12352.941175922751,6147.128925928083,110.33662588202299,512532.7935256276,95.04742683727991,1
myopic,2,32,2,6,0,0,91.99999988079071,12352.941175922751,6065.970682295985,104.97648261287098,522190.62991349754,97.00694341239463,1
myopic,2,31,2,6,0,0,91.99999988079071,12352.941175922751,5987.119668848938,108.38956272329753,532162.4696711198,101.69890345053383,1
myopic,2,30,2,6,0,0,91.99999988079071,12352.941175922751,5905.31630176946,102.69119676839381,541610.0597615703,101.69890345053383,1
myopic,2,29,2,6,0,0,91.99999988079071,12352.941175922751,5827.262563768503,107.98994686044188,551545.1348598575,105.09652333242514,1
myopic,2,28,2,6,0,0,91.99999988079071,12352.941175922751,5743.746063570666,113.33918085335371,561972.339484855,105.09652333242514,1
myopic,2,27,2,6,0,0,91.99999988079071,12352.941175922751,5656.622783136931,104.48705220699334,571585.1482754425,105.51726153189219,1
myopic,2,26,2,6,0,0,91.99999988079071,12352.941175922751,5576.863980626788,112.21265041105727,581908.712099883,105.51726153189219,1
myopic,2,25,2,6,0,0,91.99999988079071,12352.941175922751,5492.1663314444395,121.10318282675868,593050.2049055082,108.86577323146005,1
myopic,2,24,2,6,0,0,91.99999988079071,12352.941175922751,5400.252936434635,123.99908602955385,604458.1208054454,110.31606898852215,1
myopic,2,23,2,6,0,0,91.99999988079071,12352.941175922751,5304.379348226602,129.01695897233319,616327.68101552,111.20897889534331,1
myopic,2,22,2,6,0,0,91.99999988079071,12352.941175922751,5205.537211003593,112.88725777973953,626713.3087177988,112.95137016244168,1
myopic,2,21,2,6,0,0,91.99999988079071,12352.941175922751,5119.737650387958,122.22865219179221,637958.3447048729,112.95137016244168,1
myopic,2,20,2,6,0,0,91.99999988079071,12352.941175922751,5028.567273946759,129.81134657338055,649900.9885741492,112.95137016244168,1
myopic,2,19,2,6,0,0,91.99999988079071,12352.941175922751,4928.400148682172,126.66450115648847,661554.1226654466,112.95137016244168,1
myopic,2,18,2,6,0,0,91.99999988079071,12352.941175922751,4828.705380880113,134.01833959533894,673883.8098922416,117.40424760711261,1
myopic,2,17,2,6,0,0,91.99999988079071,12352.941175922751,4723.90135229634,120.70223101690148,684988.4151314077,117.40424760711261,1
myopic,2,16,2,6,0,0,91.99999988079071,12352.941175922751,4629.062029527982,131.8706784496782,697120.5175330578,117.43877695873326,1
myopic,2,15,2,6,0,0,91.99999988079071,12352.941175922751,4526.822643908479,137.82116796508254,709800.0649694159,117.79311858824813,1
myopic,2,14,2,6,0,0,91.99999988079071,12352.941175922751,4417.442720902956,113.71767827138932,720262.0913568275,118.13382576143007,1
myopic,2,13,2,6,0,0,91.99999988079071,12352.941175922751,4327.292522354572,119.92444906158983,731295.1406561977,118.13382576143007,1
myopic,2,12,2,6,0,0,91.99999988079071,12352.941175922751,4230.61542180425,136.49825667371883,743852.980253908,118.65148982084473,1
myopic,2,11,2,6,0,0,91.99999988079071,12352.941175922751,4123.288496427524,124.13684611033176,755273.5700812602,118.65148982084473,1
myopic,2,10,2,6,0,0,91.99999988079071,12352.941175922751,4023.5956221435627,129.53088596512634,767190.4115746105,119.72247037978816,1
myopic,2,9,2,6,0,0,91.99999988079071,12352.941175922751,3917.345479785843,137.36916304782773,779828.3745586349,119.9282594332441,1
myopic,2,8,2,6,0,0,91.99999988079071,12352.941175922751,3806.4189208492626,136.06053997980547,792345.9442205573,119.9282594332441,1
myopic,2,7,2,6,0,0,91.99999988079071,12352.941175922751,3698.4785771778797,133.92029000972914,804666.6108854879,119.9282594332441,1
myopic,2,6,2,6,0,0,91.99999988079071,12352.941175922751,3587.621802301781,120.92040731044582,815791.288343634,119.9282594332441,1
myopic,2,5,2,6,0,0,91.99999988079071,12352.941175922751,3488.5791186339193,119.94787636066242,826826.4929545161,111.6350613497792,1
myopic,2,4,2,6,0,0,91.99999988079071,12352.941175922751,3386.9506247043855,111.96601393165815,837127.3662228812,105.31132169984018,1
myopic,2,3,2,6,0,0,91.99999988079071,12352.941175922751,3294.017510283459,118.38106868449043,848018.4245277422,100.66337802387262,1
myopic,2,2,2,6,0,0,91.99999988079071,12352.941175922751,3195.3605167445603,103.19919055854737,857512.7500468262,97.45860423514522,1
myopic,2,1,2,6,0,0,91.99999988079071,12352.941175922751,3106.776362580392,99.27304110451131,866645.869816607,90.48681714092218,1
myopic,3,100,2,6,0,0,91.99999988079071,12352.941175922751,10000.0,56.7922128503085,5224.883575458223,53.51064944791461,1
myopic,3,99,2,6,0,0,91.99999988079071,12352.941175922751,9962.74750152726,85.23166800462107,13066.197021722955,53.51064944791461,1
myopic,3,98,2,6,0,0,91.99999988079071,12352.941175922751,9905.636178843508,58.042866671445694,18406.140748576712,53.51064944791461,1
myopic,3,97,2,6,0,0,91.99999988079071,12352.941175922751,9867.05091478988,55.8699389342275,23546.175123865425,55.53276728716988,1
myopic,3,96,2,6,0,0,91.99999988079071,12352.941175922751,9830.400579812636,58.45203445290264,28923.762286564444,55.852472283942966,1
myopic,3,95,2,6,0,0,91.99999988079071,12352.941175922751,9790.910820665698,59.67001341819294,34413.403513924975,56.18471002774361,1
myopic,3,94,2,6,0,0,91.99999988079071,12352.941175922751,9750.215964899047,59.98002523824724,39931.56582869354,56.18471002774361,1
myopic,3,93,2,6,0,0,91.99999988079071,12352.941175922751,9709.920759873687,74.68281576992456,46802.38487062372,56.18471002774361,1
myopic,3,92,2,6,0,0,91.99999988079071,12352.941175922751,9659.220412728091,58.27441907530992,52163.63141860538,56.85789131285237,1
myopic,3,91,2,6,0,0,91.99999988079071,12352.941175922751,9620.118004071046,67.73854328013907,58395.57739230311,56.85789131285237,1
myopic,3,90,2,6,0,0,91.99999988079071,12352.941175922751,9572.93787482951,61.257379607365344,64031.25630887827,57.85980122566746,1
myopic,3,89,2,6,0,0,91.99999988079071,12352.941175922751,9531.773259429216,71.43285103630618,70603.07859570297,57.85980122566746,1
myopic,3,88,2,6,0,0,91.99999988079071,12352.941175922751,9484.278132890246,62.39141116152409,76343.08841512556,57.85980122566746,1
myopic,3,87,2,6,0,0,91.99999988079071,12352.941175922751,9441.403127994157,69.3679731505702,82724.94193670871,59.05581472314141,1
myopic,3,86,2,6,0,0,91.99999988079071,12352.941175922751,9394.321971869382,70.37683985095869,89199.61119460734,59.05581472314141,1
myopic,3,85,2,6,0,0,91.99999988079071,12352.941175922751,9349.139514045095,73.18645955233148,95932.76546469732,59.321172379079584,1
myopic,3,84,2,6,0,0,91.99999988079071,12352.941175922751,9300.285531444802,51.667046271083095,100686.13371547777,59.321172379079584,1
myopic,3,83,2,6,0,0,91.99999988079071,12352.941175922751,9264.962825528943,70.62036409512598,107183.20720381076,59.321172379079584,1
myopic,3,82,2,6,0,0,91.99999988079071,12352.941175922751,9217.237453763535,56.79740360970415,112408.56832913276,59.321172379079584,1
myopic,3,81,2,6,0,0,91.99999988079071,12352.941175922751,9178.473304080799,64.98667186456758,118387.34213292596,59.67942540614826,1
myopic,3,80,2,6,0,0,91.99999988079071,12352.941175922751,9133.007003336514,71.89790223861397,125001.94913030755,59.67942540614826,1
myopic,3,79,2,6,0,0,91.99999988079071,12352.941175922751,9083.655641625164,75.30133294221456,131929.67175201466,60.144742931333404,1
myopic,3,78,2,6,0,0,91.99999988079071,12352.941175922751,9032.261367205381,60.20104374686064,137468.16776954933,60.59148468407464,1
myopic,3,77,2,6,0,0,91.99999988079071,12352.941175922751,8990.543174361299,72.2685476852931,144116.8741479812,61.68635059106254,1
myopic,3,76,2,6,0,0,91.99999988079071,12352.941175922751,8941.087177143578,61.34577171233586,149760.68513820312,61.68635059106254,1
myopic,3,75,2,6,0,0,91.99999988079071,12352.941175922751,8898.71505328993,47.657086108383666,154145.13705449324,61.68635059106254,1
myopic,3,74,2,6,0,0,91.99999988079071,12352.941175922751,8865.489545128572,71.67621627911264,160739.34894362715,61.68635059106254,1
myopic,3,73,2,6,0,0,91.99999988079071,12352.941175922751,8817.522734549431,68.23609827185808,167017.06997650373,61.811377832783585,1
myopic,3,72,2,6,0,0,91.99999988079071,12352.941175922751,8771.193911298033,75.86462685412025,173996.61563803902,61.811377832783585,1
myopic,3,71,2,6,0,0,91.99999988079071,12352.941175922751,8720.669284826961,62.49090219209833,179745.77863226258,63.69238905560433,1
myopic,3,70,2,6,0,0,91.99999988079071,12352.941175922751,8676.83382755878,79.0580668835123,187019.12077612124,63.69238905560433,1
myopic,3,69,2,6,0,0,91.99999988079071,12352.941175922751,8624.151848884592,66.72077039176598,193157.43164420998,63.69238905560433,1
myopic,3,68,2,6,0,0,91.99999988079071,12352.941175922751,8577.511184083634,65.83136004617745,199213.9167606106,64.51194257070377,1
myopic,3,67,2,6,0,0,91.99999988079071,12352.941175922751,8530.46016993852,62.83160627607738,204994.4245305196,64.51194257070377,1
myopic,3,66,2,6,0,0,91.99999988079071,12352.941175922751,8486.384091016334,63.97417558066354,210880.04867631433,66.02319309723785,1
myopic,3,65,2,6,0,0,91.99999988079071,12352.941175922751,8440.655906254171,72.18820989657516,217521.36397819372,66.02319309723785,1
myopic,3,64,2,6,0,0,91.99999988079071,12352.941175922751,8390.496592700656,58.615940131158695,222914.03046327276,66.02319309723785,1
myopic,3,63,2,6,0,0,91.99999988079071,12352.941175922751,8348.288696158252,78.38364847059873,230125.3261132238,66.02319309723785,1
myopic,3,62,2,6,0,0,91.99999988079071,12352.941175922751,8292.588163796594,81.51337393809148,237624.55650581105,66.02319309723785,1
myopic,3,61,2,6,0,0,91.99999988079071,12352.941175922751,8234.960178930345,88.23971673265606,245742.61043469643,66.0678136608015,1
myopic,3,60,2,6,0,0,91.99999988079071,12352.941175922751,8173.722060647631,86.95208978237939,253742.20268430983,85.17672399217258,1
myopic,3,59,2,6,0,0,91.99999988079071,12352.941175922751,8111.01968689495,81.67064000770414,261255.9015552827,85.17672399217258,1
myopic,3,58,2,6,0,0,91.99999988079071,12352.941175922751,8053.939775749592,90.78373826297786,269608.0054646544,85.17672399217258,1
myopic,3,57,2,6,0,0,91.99999988079071,12352.941175922751,7989.469373837538,97.9564847253299,278620.00204770744,85.17672399217258,1
myopic,3,56,2,6,0,0,91.99999988079071,12352.941175922751,7921.587181043435,82.25130474258731,286187.12207422033,85.17672399217258,1
myopic,3,55,2,6,0,0,91.99999988079071,12352.941175922751,7863.204025384588,105.79992295505613,295920.71497347316,87.67464619283565,1
myopic,3,54,2,6,0,0,91.99999988079071,12352.941175922751,7787.0193948038905,97.81661862236716,304919.8438750703,87.67464619283565,1
myopic,3,53,2,6,0,0,91.99999988079071,12352.941175922751,7717.71840946516,98.7998128642725,314009.4266468055,87.67464619283565,1
myopic,3,52,2,6,0,0,91.99999988079071,12352.941175922751,7647.505870910181,104.45359568820562,323619.1574376686,88.00542260216963,1
myopic,3,51,2,6,0,0,91.99999988079071,12352.941175922751,7573.857777868285,98.98986262095558,332726.22478699597,89.3393639748758,1
myopic,3,50,2,6,0,0,91.99999988079071,12352.941175922751,7503.0938064298625,102.84729269185313,342188.1757023861,89.3393639748758,1
myopic,3,49,2,6,0,0,91.99999988079071,12352.941175922751,7429.021413165354,118.90069466607515,353127.039597491,89.87264365606573,1
myopic,3,48,2,6,0,0,91.99999988079071,12352.941175922751,7341.490369534753,110.47431489975999,363290.6765550993,89.87264365606573,1
myopic,3,47,2,6,0,0,91.99999988079071,12352.941175922751,7264.805409836976,98.42182105487342,372345.48408041487,89.87264365606573,1
myopic,3,46,2,6,0,0,91.99999988079071,12352.941175922751,7194.518849870366,105.44906643840116,382046.7981801773,92.28499445299059,1
myopic,3,45,2,6,0,0,91.99999988079071,12352.941175922751,7121.37080588436,111.16617986917477,392274.08671488933,92.32417290804567,1
myopic,3,44,2,6,0,0,91.99999988079071,12352.941175922751,7039.460364340484,91.3536235711349,400678.62007254356,92.85601305134094,1
myopic,3,43,2,6,0,0,91.99999988079071,12352.941175922751,6974.255527187997,95.36081435085181,409451.81498145405,92.85601305134094,1
myopic,3,42,2,6,0,0,91.99999988079071,12352.941175922751,6904.848223743001,107.74719831593089,419364.55721367523,92.85601305134094,1
myopic,3,41,2,6,0,0,91.99999988079071,12352.941175922751,6823.841496561445,101.03986635931376,428660.2249066872,93.6308664821853,1
myopic,3,40,2,6,0,0,91.99999988079071,12352.941175922751,6749.14469809205,103.8627722788906,438215.59994396375,93.6308664821853,1
myopic,3,39,2,6,0,0,91.99999988079071,12352.941175922751,6671.067138975376,110.10924283931777,448345.65027205495,93.6308664821853,1
myopic,3,38,2,6,0,0,91.99999988079071,12352.941175922751,6588.590422463194,95.55057843135752,457136.30347634933,95.04742683727991,1
myopic,3,37,2,6,0,0,91.99999988079071,12352.941175922751,6518.577724429845,97.6618005748889,466121.1891175969,95.04742683727991,1
myopic,3,36,2,6,0,0,91.99999988079071,12352.941175922751,6444.972940231859,109.4330991801674,476189.0342291269,95.04742683727991,1
myopic,3,35,2,6,0,0,91.99999988079071,12352.941175922751,6364.576624899276,100.55223685306201,485439.8400076218,95.04742683727991,1
myopic,3,34,2,6,0,0,91.99999988079071,12352.941175922751,6289.601052137828,98.5600157081888,494507.3614410259,95.04742683727991,1
myopic,3,33,2,6,0,0,91.99999988079071,12352.941175922751,6217.611854296107,110.16980605692633,504642.9835851299,95.04742683727991,1
myopic,3,32,2,6,0,0,91.99999988079071,12352.941175922751,6132.763538757143,109.49292989474803,514716.33312239416,97.00694341239463,1
myopic,3,31,2,6,0,0,91.99999988079071,12352.941175922751,6051.888106272596,102.0927436550622,524108.8655264895,101.69890345053383,1
myopic,3,30,2,6,0,0,91.99999988079071,12352.941175922751,5977.281492716311,119.38565559919356,535092.3458273835,101.69890345053383,1
myopic,3,29,2,6,0,0,91.99999988079071,12352.941175922751,5886.7121040221455,115.25918748973966,545696.1910626995,105.09652333242514,1
myopic,3,28,2,6,0,0,91.99999988079071,12352.941175922751,5799.72163443493,116.57425140995433,556421.0221785186,105.09652333242514,1
myopic,3,27,2,6,0,0,91.99999988079071,12352.941175922751,5711.7682449188915,103.43764636923471,565937.2856321575,105.51726153189219,1
myopic,3,26,2,6,0,0,91.99999988079071,12352.941175922751,5634.238712070759,120.20872207813355,576996.4880490158,105.51726153189219,1
myopic,3,25,2,6,0,0,91.99999988079071,12352.941175922751,5544.35710339682,117.09497381835014,587769.2256263451,108.86577323146005,1
myopic,3,24,2,6,0,0,91.99999988079071,12352.941175922751,5456.601448516062,119.21706763479446,598737.1958345345,110.31606898852215,1
myopic,3,23,2,6,0,0,91.99999988079071,12352.941175922751,5364.719859914282,120.54205905436953,609827.0652531667,111.20897889534331,1
myopic,3,22,2,6,0,0,91.99999988079071,12352.941175922751,5272.8924358819595,130.30444873511925,621815.0745212642,112.95137016244168,1
myopic,3,21,2,6,0,0,91.99999988079071,12352.941175922751,5172.17241855374,137.3563623312914,634451.8598393688,112.95137016244168,1
myopic,3,20,2,6,0,0,91.99999988079071,12352.941175922751,5070.139086371037,130.64957341579918,646471.6205780477,112.95137016244168,1
myopic,3,19,2,6,0,0,91.99999988079071,12352.941175922751,4970.158438550369,129.7525900958866,658408.8588514016,112.95137016244168,1
myopic,3,18,2,6,0,0,91.99999988079071,12352.941175922751,4868.6569567206425,137.34108079087432,671044.2382677897,117.40424760711261,1
myopic,3,17,2,6,0,0,91.99999988079071,12352.941175922751,4760.581707755953,129.9537532433952,682999.9835506903,117.40424760711261,1
myopic,3,16,2,6,0,0,91.99999988079071,12352.941175922751,4657.249180050122,126.83746432349528,694669.0302533318,117.43877695873326,1
myopic,3,15,2,6,0,0,91.99999988079071,12352.941175922751,4558.306182831285,135.86948271467185,707169.0226468847,117.79311858824813,1
myopic,3,14,2,6,0,0,91.99999988079071,12352.941175922751,4452.520922012984,146.76192327312913,720671.1195705172,118.13382576143007,1
myopic,3,13,2,6,0,0,91.99999988079071,12352.941175922751,4335.390837105747,147.4466355943413,734236.2100276196,118.13382576143007,1
myopic,3,12,2,6,0,0,91.99999988079071,12352.941175922751,4218.7876665098875,126.9773246112877,745918.1238767212,118.65148982084473,1
myopic,3,11,2,6,0,0,91.99999988079071,12352.941175922751,4117.674501297962,137.09243972836174,758530.6283153879,118.65148982084473,1
myopic,3,10,2,6,0,0,91.99999988079071,12352.941175922751,4009.072459323417,134.47898648617388,770902.6950560848,119.72247037978816,1
myopic,3,9,2,6,0,0,91.99999988079071,12352.941175922751,3901.2048569044637,144.36682659500585,784184.4430856154,119.9282594332441,1
myopic,3,8,2,6,0,0,91.99999988079071,12352.941175922751,3785.7335568039753,139.81066668422406,797047.0244038973,119.9282594332441,1
myopic,3,7,2,6,0,0,91.99999988079071,12352.941175922751,3673.212356090021,123.75629896553492,808432.6038939736,119.9282594332441,1
myopic,3,6,2,6,0,0,91.99999988079071,12352.941175922751,3573.045452706706,112.83054050431528,818813.0136069201,119.9282594332441,1
myopic,3,5,2,6,0,0,91.99999988079071,12352.941175922751,3480.1659651551954,123.6712951023032,830190.7727415892,111.6350613497792,1
myopic,3,4,2,6,0,0,91.99999988079071,12352.941175922751,3377.5579049295193,115.32166335564352,840800.365756561,105.31132169984018,1
myopic,3,3,2,6,0,0,91.99999988079071,12352.941175922751,3279.792323403377,108.97484195856563,850826.0512037582,100.66337802387262,1
myopic,3,2,2,6,0,0,91.99999988079071,12352.941175922751,3187.5368751361266,96.97305997221096,859747.5727096415,97.45860423514522,1
myopic,3,1,2,6,0,0,91.99999988079071,12352.941175922751,3105.4126069827234,97.90616511074309,868754.9398881586,90.48681714092218,1
myopic,4,100,6,12,1,1,91.99999988079071,12352.941175922751,10000.0,143.97290051245665,13245.506829983104,119.21816460837967,0
myopic,4,99,6,12,1,1,91.99999988079071,12352.941175922751,9895.167725632436,117.5319302246499,24058.444396639996,119.21816460837967,0
myopic,4,98,6,12,1,1,91.99999988079071,12352.941175922751,9810.234953516454,127.06759012988162,35748.66267344147,119.21816460837967,0
myopic,4,97,6,12,1,1,91.99999988079071,12352.941175922751,9718.119462678475,119.18979778429765,46714.12405538832,120.48841230422327,0
myopic,4,96,6,12,1,1,91.99999988079071,12352.941175922751,9631.510747997365,135.09974670710463,59143.3007363368,120.48841230422327,0
myopic,4,95,6,12,1,1,91.99999988079071,12352.941175922751,9531.56765180177,135.7498594889802,71632.28779314033,121.5480831964681,0
myopic,4,94,6,12,1,1,91.99999988079071,12352.941175922751,9432.355353292194,121.80637925017251,82838.47466963576,121.5480831964681,0
myopic,4,93,6,12,1,1,91.99999988079071,12352.941175922751,9341.323049626719,119.51918898213836,93834.24004174469,122.03586911981081,0
myopic,4,92,6,12,1,1,91.99999988079071,12352.941175922751,9253.11929526304,132.20512085481397,105997.1111446275,123.03316904179233,0
myopic,4,91,6,12,1,1,91.99999988079071,12352.941175922751,9157.946382937129,131.17228969662256,118064.96178107982,123.03316904179233,0
myopic,4,90,6,12,1,1,91.99999988079071,12352.941175922751,9063.13114845726,139.46408252204674,130895.65735648271,124.47314745072495,0
myopic,4,89,6,12,1,1,91.99999988079071,12352.941175922751,8961.435383011536,148.57614404665406,144564.66259106324,124.47314745072495,0
myopic,4,88,6,12,1,1,91.99999988079071,12352.941175922751,8855.533236076693,138.57007183247532,157313.10918313212,124.74048774082162,0
myopic,4,87,6,12,1,1,91.99999988079071,12352.941175922751,8755.310948448521,144.8016943294666,170634.86504418135,126.45503592053535,0
myopic,4,86,6,12,1,1,91.99999988079071,12352.941175922751,8652.281696621229,137.3816155765993,183273.97366085133,126.45503592053535,0
myopic,4,85,6,12,1,1,91.99999988079071,12352.941175922751,8551.20243908516,131.36678433212361,195359.71780374658,127.85690711176491,0
myopic,4,84,6,12,1,1,91.99999988079071,12352.941175922751,8453.488624560572,144.67064043704158,208669.41670670832,130.6942817674587,0
myopic,4,83,6,12,1,1,91.99999988079071,12352.941175922751,8345.722075711232,150.9144118734905,222553.54258107903,130.6942817674587,0
myopic,4,82,6,12,1,1,91.99999988079071,12352.941175922751,8236.024504254108,137.25121225915788,235180.65409255994,130.6942817674587,0
myopic,4,81,6,12,1,1,91.99999988079071,12352.941175922751,8135.086716539681,149.61725612997927,248945.44163868227,131.0525347945274,0
myopic,4,80,6,12,1,1,91.99999988079071,12352.941175922751,8023.442047286195,141.95333814869608,262005.14873144016,131.0525347945274,0
myopic,4,79,6,12,1,1,91.99999988079071,12352.941175922751,7919.33945593206,141.24823379303334,274999.9862235611,134.69965047598188,0
myopic,4,78,6,12,1,1,91.99999988079071,12352.941175922751,7815.5894999593875,147.20363641047317,288542.7207557766,134.69965047598188,0
myopic,4,77,6,12,1,1,91.99999988079071,12352.941175922751,7706.683016648509,167.23200977674006,303928.0656353011,136.04655404778723,0
myopic,4,76,6,12,1,1,91.99999988079071,12352.941175922751,7583.402712117548,148.4572990925246,317586.1371341159,137.5612169999776,0
myopic,4,75,6,12,1,1,91.99999988079071,12352.941175922751,7472.464685143377,143.14250150419898,330755.2472554383,137.5612169999776,0
myopic,4,74,6,12,1,1,91.99999988079071,12352.941175922751,7366.475923826965,151.70930277726805,344712.5030928618,137.5612169999776,0
myopic,4,73,6,12,1,1,91.99999988079071,12352.941175922751,7252.37983517099,141.0746360580059,357691.36959338095,138.32368132308972,0
myopic,4,72,6,12,1,1,91.99999988079071,12352.941175922751,7145.397198712037,148.78309600076713,371379.4144077152,138.32368132308972,0
myopic,4,71,6,12,1,1,91.99999988079071,12352.941175922751,7034.036649335955,158.37946135945603,385950.32483390486,138.32368132308972,0
myopic,4,70,6,12,1,1,91.99999988079071,12352.941175922751,6914.622510913804,163.4977180782617,400992.1148776145,138.32368132308972,0
myopic,4,69,6,12,1,1,91.99999988079071,12352.941175922751,6791.916688700312,157.79250722911792,415509.025523883,141.44513027967048,0
myopic,4,68,6,12,1,1,91.99999988079071,12352.941175922751,6673.1247575273665,149.98369093462128,429307.5250719887,144.11442869521588,0
myopic,4,67,6,12,1,1,91.99999988079071,12352.941175922751,6558.854685387759,153.43871970366482,443423.88726643455,144.11442869521588,0
myopic,4,66,6,12,1,1,91.99999988079071,12352.941175922751,6445.342412159152,176.09307994030127,459624.45059995033,145.6585852960098,0
myopic,4,65,6,12,1,1,91.99999988079071,12352.941175922751,6312.9698418846165,150.20881071415346,473443.6611677462,145.6585852960098,0
myopic,4,64,6,12,1,1,91.99999988079071,12352.941175922751,6197.254253467846,158.87473482768516,488060.13675295387,145.6585852960098,0
myopic,4,63,6,12,1,1,91.99999988079071,12352.941175922751,6075.770429072185,154.87652603630613,502308.7771298313,147.36536096010775,0
myopic,4,62,6,12,1,1,91.99999988079071,12352.941175922751,5959.016412138579,148.0181636526664,515926.44816823147,147.36536096010775,0
myopic,4,61,6,12,1,1,91.99999988079071,12352.941175922751,5849.685451119963,181.7428363570892,532646.7890914183,147.3781006109956,0
myopic,4,60,6,12,1,1,91.99999988079071,12352.941175922751,5711.993908999605,196.1948713974606,550696.7172365964,172.95101534140753,0
myopic,4,59,6,12,1,1,91.99999988079071,12352.941175922751,5558.919597991108,188.24468541598915,568015.2282724269,173.18520571918685,0
myopic,4,58,6,12,1,1,91.99999988079071,12352.941175922751,5414.059193222674,191.66486170885884,585648.3955267937,179.28794627762093,0
myopic,4,57,6,12,1,1,91.99999988079071,12352.941175922751,5268.342315699741,184.65005643036812,602636.2006963756,179.28794627762093,0
myopic,4,56,6,12,1,1,91.99999988079071,12352.941175922751,5130.095319622775,192.70541298502835,620365.0986680259,179.28794627762093,0
myopic,4,55,6,12,1,1,91.99999988079071,12352.941175922751,4985.04761013564,198.90466268202047,638664.3276110606,181.50830068228348,0
myopic,4,54,6,12,1,1,91.99999988079071,12352.941175922751,4834.1602316909975,208.93867439741553,657886.6856307153,181.50830068228348,0
myopic,4,53,6,12,1,1,91.99999988079071,12352.941175922751,4673.766722351484,200.25500332149014,676310.1459124201,181.50830068228348,0
myopic,4,52,6,12,1,1,91.99999988079071,12352.941175922751,4518.091485174781,205.5244909122209,695218.399051844,181.50830068228348,0
myopic,4,51,6,12,1,1,91.99999988079071,12352.941175922751,4360.182496755195,210.30086440300255,714566.0785518504,183.74050410317923,0
myopic,4,50,6,12,1,1,91.99999988079071,12352.941175922751,4198.507681507329,220.47636371886796,734849.9039877034,192.542564800098,0
myopic,4,49,6,12,1,1,91.99999988079071,12352.941175922751,4026.9913998437687,214.7899317336754,754610.5776815965,193.30528083385084,0
myopic,4,48,6,12,1,1,91.99999988079071,12352.941175922751,3859.6088813192346,211.57568463181644,774075.5406425018,193.30528083385084,0
myopic,4,47,6,12,1,1,91.99999988079071,12352.941175922751,3694.990503320587,204.63328171889654,792901.8025362461,197.01820323067741,0
myopic,4,46,6,12,1,1,91.99999988079071,12352.941175922751,3534.088003271656,216.65233709357847,812833.8175230284,197.01820323067741,0
myopic,4,45,6,12,1,1,91.99999988079071,12352.941175922751,3365.5862939852314,221.37367130198854,833200.1952564215,197.01820323067741,0
myopic,4,44,6,12,1,1,91.99999988079071,12352.941175922751,3193.4998287211847,214.54573745629716,852938.403076825,197.60821190962048,0
myopic,4,43,6,12,1,1,91.99999988079071,12352.941175922751,3024.2668257935284,217.50460590130402,872948.8267938164,197.60821190962048,0
myopic,4,42,6,12,1,1,91.99999988079071,12352.941175922751,2856.3852432919575,223.82879036881747,893541.0754810651,197.60821190962048,0
myopic,4,41,6,12,1,1,91.99999988079071,12352.941175922751,2684.9876830925296,233.55665854046916,915028.2880389461,201.0148893750271,0
myopic,4,40,6,12,1,1,91.99999988079071,12352.941175922751,2502.5012248558287,220.67938987015583,935330.7918806934,201.0148893750271,0
myopic,4,39,6,12,1,1,91.99999988079071,12352.941175922751,2325.4581797372184,245.36746421471082,957904.5985591967,201.0148893750271,0
myopic,4,38,6,12,1,1,91.99999988079071,12352.941175922751,2132.445692869237,233.15246638641685,979354.625438953,208.16928401824555,0
myopic,4,37,6,12,1,1,91.99999988079071,12352.941175922751,1946.8465047623777,242.08827414486646,1001626.7466314216,208.16928401824555,0
myopic,4,36,6,12,1,1,91.99999988079071,12352.941175922751,1756.2236991300524,229.7141878044989,1022760.4518820514,208.605935944052,0
myopic,4,35,6,12,1,1,91.99999988079071,12352.941175922751,1572.4680934699645,230.78850851371035,1043992.9946378006,208.605935944052,0
myopic,4,34,6,12,1,1,91.99999988079071,12352.941175922751,1388.3694416467952,233.51098230071133,1065476.0049816293,208.605935944052,0
myopic,4,33,6,12,1,1,91.99999988079071,12352.941175922751,1205.4924796485684,221.76057799854178,1085877.9781310593,208.605935944052,0
myopic,4,32,6,12,1,1,91.99999988079071,12352.941175922751,1034.639381525123,231.46171538953251,1107172.455919304,208.605935944052,0
myopic,4,31,6,12,1,1,91.99999988079071,12352.941175922751,847.9140686877545,226.6000423384704,1128019.6597874304,213.0863875168285,0
myopic,4,30,6,12,1,1,91.99999988079071,12352.941175922751,664.939397698261,255.20159573412423,1151498.2065645475,214.84826275598544,0
myopic,4,29,6,12,1,1,91.99999988079071,10000.0,461.0339693391343,0.0,1151498.2065645475,225.55221352890493,0
myopic,4,28,6,12,1,1,91.99999988079071,10000.0,461.0339693391343,0.0,1151498.2065645475,225.55221352890493,0
myopic,4,27,6,12,1,1,91.99999988079071,10000.0,461.0339693391343,0.0,1151498.2065645475,225.97295172837198,0
myopic,4,26,6,12,1,1,91.99999988079071,10000.0,461.0339693391343,0.0,1151498.2065645475,225.97295172837198,0
myopic,4,25,6,12,1,1,91.99999988079071,10000.0,461.0339693391343,0.0,1151498.2065645475,230.19559885154544,0
myopic,4,24,6,12,1,1,91.99999988079071,10000.0,461.0339693391343,0.0,1151498.2065645475,233.6670386321828,0
myopic,4,23,6,12,1,1,91.99999988079071,10000.0,461.0339693391343,0.0,1151498.2065645475,235.30679756566138,0
myopic,4,22,6,12,1,1,91.99999988079071,10000.0,461.0339693391343,0.0,1151498.2065645475,238.1271749969102,0
myopic,4,21,6,12,1,1,91.99999988079071,10000.0,461.0339693391343,0.0,1151498.2065645475,238.1271749969102,0
myopic,4,20,6,12,1,1,91.99999988079071,10000.0,461.0339693391343,0.0,1151498.2065645475,238.1271749969102,0
myopic,4,19,6,12,1,1,91.99999988079071,10000.0,461.0339693391343,0.0,1151498.2065645475,238.1271749969102,0
myopic,4,18,6,12,1,1,91.99999988079071,10000.0,461.0339693391343,0.0,1151498.2065645475,244.15619931843952,0
myopic,4,17,6,12,1,1,91.99999988079071,10000.0,461.0339693391343,0.0,1151498.2065645475,244.15619931843952,0
myopic,4,16,6,12,1,1,91.99999988079071,10000.0,461.0339693391343,0.0,1151498.2065645475,246.45447097887347,0
myopic,4,15,6,12,1,1,91.99999988079071,10000.0,461.0339693391343,0.0,1151498.2065645475,249.0993376403336,0
myopic,4,14,6,12,1,1,91.99999988079071,10000.0,461.0339693391343,0.0,1151498.2065645475,251.01425215790965,0
myopic,4,13,6,12,1,1,91.99999988079071,10000.0,461.0339693391343,0.0,1151498.2065645475,251.46554524240713,0
myopic,4,12,6,12,1,1,91.99999988079071,10000.0,461.0339693391343,0.0,1151498.2065645475,252.18470229434556,0
myopic,4,11,6,12,1,1,91.99999988079071,10000.0,461.0339693391343,0.0,1151498.2065645475,252.18470229434556,0
myopic,4,10,6,12,1,1,91.99999988079071,10000.0,461.0339693391343,0.0,1151498.2065645475,253.3217479726484,0
myopic,4,9,6,12,1,1,91.99999988079071,10000.0,461.0339693391343,0.0,1151498.2065645475,253.3217479726484,0
myopic,4,8,6,12,1,1,91.99999988079071,10000.0,461.0339693391343,0.0,1151498.2065645475,253.3217479726484,0
myopic,4,7,6,12,1,1,91.99999988079071,10000.0,461.0339693391343,0.0,1151498.2065645475,253.3217479726484,0
myopic,4,6,6,12,1,1,91.99999988079071,10000.0,461.0339693391343,0.0,1151498.2065645475,253.3217479726484,0
myopic,4,5,6,12,1,1,91.99999988079071,10000.0,461.0339693391343,0.0,1151498.2065645475,227.42353435458372,0
myopic,4,4,6,12,1,1,91.99999988079071,10000.0,461.0339693391343,0.0,1151498.2065645475,223.80390014802688,0
myopic,4,3,6,12,1,1,91.99999988079071,10000.0,461.0339693391343,0.0,1151498.2065645475,212.94074769604768,0
myopic,4,2,6,12,1,1,91.99999988079071,10000.0,461.0339693391343,0.0,1151498.2065645475,199.91705650403023,0
myopic,4,1,6,12,1,1,91.99999988079071,10000.0,461.0339693391343,0.0,1151498.2065645475,192.4570690769313,0
myopic,5,100,1,6,0,0,91.99999988079071,12352.941175922751,10000.0,67.73604413137916,6231.716052012117,53.51064944791461,1
myopic,5,99,1,6,0,0,91.99999988079071,12352.941175922751,9955.987539579224,54.226493307172156,11220.553429807653,53.51064944791461,1
myopic,5,98,1,6,0,0,91.99999988079071,12352.941175922751,9921.28687659547,66.85387919205519,17371.110307507126,53.51064944791461,1
myopic,5,97,1,6,0,0,91.99999988079071,12352.941175922751,9876.58971040187,63.39645990985687,23203.58461165651,55.53276728716988,1
myopic,5,96,1,6,0,0,91.99999988079071,12352.941175922751,9836.268528659923,53.912320627291166,28163.51810294045,55.852472283942966,1
myopic,5,95,1,6,0,0,91.99999988079071,12352.941175922751,9800.156889095424,63.20150179484874,33978.05626053233,56.18471002774361,1
myopic,5,94,1,6,0,0,91.99999988079071,12352.941175922751,9760.252577045505,60.908872728243665,39581.672544269844,56.18471002774361,1
myopic,5,93,1,6,0,0,91.99999988079071,12352.941175922751,9721.313656286147,57.28194420772963,44851.61140455243,56.18471002774361,1
myopic,5,92,1,6,0,0,91.99999988079071,12352.941175922751,9684.175382464304,56.60974198716412,50059.70766062312,56.85789131285237,1
myopic,5,91,1,6,0,0,91.99999988079071,12352.941175922751,9646.733585794227,62.90965445069834,55847.39586258795,56.85789131285237,1
myopic,5,90,1,6,0,0,91.99999988079071,12352.941175922751,9605.9186112036,66.69144483855759,61983.008779785014,57.85980122566746,1
myopic,5,89,1,6,0,0,91.99999988079071,12352.941175922751,9561.485566512369,50.27015525485523,66607.86305723902,57.85980122566746,1
myopic,5,88,1,6,0,0,91.99999988079071,12352.941175922751,9528.585160822264,56.8791941726909,71840.74891434606,57.85980122566746,1
myopic,5,87,1,6,0,0,91.99999988079071,12352.941175922751,9491.253928663167,54.40982304701214,76846.45262818501,59.05581472314141,1
myopic,5,86,1,6,0,0,91.99999988079071,12352.941175922751,9455.371541995395,64.7129190839783,82800.04117619664,59.05581472314141,1
myopic,5,85,1,6,0,0,91.99999988079071,12352.941175922751,9412.887375910717,56.63259297136888,88010.23972281144,59.321172379079584,1
myopic,5,84,1,6,0,0,91.99999988079071,12352.941175922751,9375.720415650121,56.28537379876518,93188.49410558809,59.321172379079584,1
myopic,5,83,1,6,0,0,91.99999988079071,12352.941175922751,9339.39390187299,66.81429087200999,99335.40885784813,59.321172379079584,1
myopic,5,82,1,6,0,0,91.99999988079071,12352.941175922751,9296.007653819253,74.77101913993695,106214.34260980893,59.321172379079584,1
myopic,5,81,1,6,0,0,91.99999988079071,12352.941175922751,9245.761054801998,49.42611679091284,110761.54534868085,59.67942540614826,1
myopic,5,80,1,6,0,0,91.99999988079071,12352.941175922751,9212.754617390307,57.104905318130804,116015.19663114146,59.67942540614826,1
myopic,5,79,1,6,0,0,91.99999988079071,12352.941175922751,9174.727771538091,66.757323240978,122156.87036135334,60.144742931333404,1
myopic,5,78,1,6,0,0,91.99999988079071,12352.941175922751,9131.879795272336,65.74086014592143,128205.02948694119,60.59148468407464,1
myopic,5,77,1,6,0,0,91.99999988079071,12352.941175922751,9088.20493515835,75.30424459079234,135133.01998031713,61.68635059106254,1
myopic,5,76,1,6,0,0,91.99999988079071,12352.941175922751,9038.957652609144,73.51257551881307,141896.17691928454,61.68635059106254,1
myopic,5,75,1,6,0,0,91.99999988079071,12352.941175922751,8990.736577979982,64.95791319444825,147872.3049254302,61.68635059106254,1
myopic,5,74,1,6,0,0,91.99999988079071,12352.941175922751,8947.85671919089,79.33512050452609,155171.1360023891,61.68635059106254,1
myopic,5,73,1,6,0,0,91.99999988079071,12352.941175922751,8894.079035750157,87.19913021591441,163193.4559718583,61.811377832783585,1
myopic,5,72,1,6,0,0,91.99999988079071,12352.941175922751,8834.81119412519,76.56680036580845,170237.60159638518,61.811377832783585,1
myopic,5,71,1,6,0,0,91.99999988079071,12352.941175922751,8782.52050718235,64.95396620877862,176213.3664798497,63.69238905560433,1
myopic,5,70,1,6,0,0,91.99999988079071,12352.941175922751,8738.78189029821,80.60996943801206,183629.48365853736,63.69238905560433,1
myopic,5,69,1,6,0,0,91.99999988079071,12352.941175922751,8684.73409417363,72.21548540010521,190273.30830673827,63.69238905560433,1
myopic,5,68,1,6,0,0,91.99999988079071,12352.941175922751,8635.916904713335,75.57882109243833,197226.5598382329,64.51194257070377,1
myopic,5,67,1,6,0,0,91.99999988079071,12352.941175922751,8585.058143202776,71.14252461896484,203771.6720946968,64.51194257070377,1
myopic,5,66,1,6,0,0,91.99999988079071,12352.941175922751,8536.597863872863,73.1856048369141,210504.74773096852,66.02319309723785,1
myopic,5,65,1,6,0,0,91.99999988079071,12352.941175922751,8487.642228058166,79.52768407453519,217821.29465634533,66.02319309723785,1
myopic,5,64,1,6,0,0,91.99999988079071,12352.941175922751,8434.789960001246,62.752495338591416,223594.52422001507,66.02319309723785,1
myopic,5,63,1,6,0,0,91.99999988079071,12352.941175922751,8393.005778063072,80.09719796048535,230963.46642283138,66.02319309723785,1
myopic,5,62,1,6,0,0,91.99999988079071,12352.941175922751,8338.674609513346,64.6420328385807,236910.53343627488,66.02319309723785,1
myopic,5,61,1,6,0,0,91.99999988079071,12352.941175922751,8295.3713300525,96.72273871696669,245809.02538670556,66.0678136608015,1
myopic,5,60,1,6,0,0,91.99999988079071,12352.941175922751,8230.371133273944,83.17706393648629,253461.31525894682,85.17672399217258,1
myopic,5,59,1,6,0,0,91.99999988079071,12352.941175922751,8172.7211048090485,83.78002779972687,261169.07780653433,85.17672399217258,1
myopic,5,58,1,6,0,0,91.99999988079071,12352.941175922751,8115.476678219447,93.29959729449526,269752.6407465057,85.17672399217258,1
myopic,5,57,1,6,0,0,91.99999988079071,12352.941175922751,8051.757906531849,92.92093792450385,278301.36702448304,85.17672399217258,1
myopic,5,56,1,6,0,0,91.99999988079071,12352.941175922751,7986.279947779114,91.95625913205328,286761.3428536699,85.17672399217258,1
myopic,5,55,1,6,0,0,91.99999988079071,12352.941175922751,7924.185886967567,81.39744671121804,294249.9079413986,87.67464619283565,1
myopic,5,54,1,6,0,0,91.99999988079071,12352.941175922751,7868.070700107339,93.27335626947763,302831.0567070715,87.67464619283565,1
myopic,5,53,1,6,0,0,91.99999988079071,12352.941175922751,7803.139422810016,92.73998656477085,311363.13545997493,87.67464619283565,1
myopic,5,52,1,6,0,0,91.99999988079071,12352.941175922751,7739.282123119591,92.14541706147602,319840.51381864614,88.00542260216963,1
myopic,5,51,1,6,0,0,91.99999988079071,12352.941175922751,7675.764694765892,99.19775669480426,328966.70742274285,89.3393639748758,1
myopic,5,50,1,6,0,0,91.99999988079071,12352.941175922751,7607.093277779091,99.30395239827196,338102.6710315459,89.3393639748758,1
myopic,5,49,1,6,0,0,91.99999988079071,12352.941175922751,7535.67275080788,102.33336278198745,347517.34039528965,89.87264365606573,1
myopic,5,48,1,6,0,0,91.99999988079071,12352.941175922751,7466.084206812382,112.36865426051676,357855.2565738618,89.87264365606573,1
myopic,5,47,1,6,0,0,91.99999988079071,12352.941175922751,7386.894661571914,93.61304776088456,366467.65695670363,89.87264365606573,1
myopic,5,46,1,6,0,0,91.99999988079071,12352.941175922751,7320.206809391531,101.32853852656757,375789.88248906855,92.28499445299059,1
myopic,5,45,1,6,0,0,91.99999988079071,12352.941175922751,7249.675820890375,96.70211903363233,384686.47742863494,92.32417290804567,1
myopic,5,44,1,6,0,0,91.99999988079071,12352.941175922751,7182.679195735916,102.15514230901996,394084.75050888694,92.85601305134094,1
myopic,5,43,1,6,0,0,91.99999988079071,12352.941175922751,7109.305377828552,99.16977364665023,403208.3696725568,92.85601305134094,1
myopic,5,42,1,6,0,0,91.99999988079071,12352.941175922751,7038.652166588308,117.62459822861736,414029.8326955677,92.85601305134094,1
myopic,5,41,1,6,0,0,91.99999988079071,12352.941175922751,6956.976524507658,104.67960838980306,423660.35665495077,93.6308664821853,1
myopic,5,40,1,6,0,0,91.99999988079071,12352.941175922751,6882.975478726103,94.14538099979237,432321.73169570864,93.6308664821853,1
myopic,5,39,1,6,0,0,91.99999988079071,12352.941175922751,6817.099147562308,104.04969880430232,441894.3039733008,93.6308664821853,1
myopic,5,38,1,6,0,0,91.99999988079071,12352.941175922751,6742.338518835151,99.91926138368098,451086.8760086881,95.04742683727991,1
myopic,5,37,1,6,0,0,91.99999988079071,12352.941175922751,6670.823262427835,109.9496491851029,461202.24372061057,95.04742683727991,1
myopic,5,36,1,6,0,0,91.99999988079071,12352.941175922751,6591.6512081885085,111.12134146755237,471425.4071223787,95.04742683727991,1
myopic,5,35,1,6,0,0,91.99999988079071,12352.941175922751,6511.251230383275,108.0760253550709,481368.4014421616,95.04742683727991,1
myopic,5,34,1,6,0,0,91.99999988079071,12352.941175922751,6431.305355223324,109.15735493916576,491410.8780835523,95.04742683727991,1
myopic,5,33,1,6,0,0,91.99999988079071,12352.941175922751,6352.374230992286,111.99916054629006,501714.80084045965,95.04742683727991,1
myopic,5,32,1,6,0,0,91.99999988079071,12352.941175922751,6272.576741354768,108.76036004117958,511720.75395128294,97.00694341239463,1
myopic,5,31,1,6,0,0,91.99999988079071,12352.941175922751,6192.758800342173,116.50829192801761,522439.5167947717,101.69890345053383,1
myopic,5,30,1,6,0,0,91.99999988079071,12352.941175922751,6106.126293865664,115.26957395402921,533044.3175848012,101.69890345053383,1
myopic,5,29,1,6,0,0,91.99999988079071,12352.941175922751,6024.14201351359,130.7637651696894,545074.5839648244,105.09652333242514,1
myopic,5,28,1,6,0,0,91.99999988079071,12352.941175922751,5927.055702788093,107.17701932106897,554934.8697295863,105.09652333242514,1
myopic,5,27,1,6,0,0,91.99999988079071,12352.941175922751,5846.968261111911,115.90614118013016,565598.2347043412,105.51726153189219,1
myopic,5,26,1,6,0,0,91.99999988079071,12352.941175922751,5764.361233114778,115.95405624603039,576266.0078651531,105.51726153189219,1
myopic,5,25,1,6,0,0,91.99999988079071,12352.941175922751,5679.638698848994,133.63319705180663,588560.261977989,108.86577323146005,1
myopic,5,24,1,6,0,0,91.99999988079071,12352.941175922751,5582.161002050332,119.85610230534705,599587.023375793,110.31606898852215,1
myopic,5,23,1,6,0,0,91.99999988079071,12352.941175922751,5493.760906390298,120.76291975579622,610697.2119789302,111.20897889534331,1
myopic,5,22,1,6,0,0,91.99999988079071,12352.941175922751,5405.313473010314,125.54739713181974,622247.5725000912,112.95137016244168,1
myopic,5,21,1,6,0,0,91.99999988079071,12352.941175922751,5310.344214786728,128.78652306898834,634095.9326070856,112.95137016244168,1
myopic,5,20,1,6,0,0,91.99999988079071,12352.941175922751,5215.436020672,114.5961758023208,644638.7807672381,112.95137016244168,1
myopic,5,19,1,6,0,0,91.99999988079071,12352.941175922751,5129.359898966658,123.0224142363534,655956.8428623172,112.95137016244168,1
myopic,5,18,1,6,0,0,91.99999988079071,12352.941175922751,5037.661844575335,115.23749891462224,666558.6927487251,117.40424760711261,1
myopic,5,17,1,6,0,0,91.99999988079071,12352.941175922751,4948.445553141602,136.0458529350963,679074.911202536,117.40424760711261,1
myopic,5,16,1,6,0,0,91.99999988079071,12352.941175922751,4846.837865257155,136.36694027558076,691620.6696916332,117.43877695873326,1
myopic,5,15,1,6,0,0,91.99999988079071,12352.941175922751,4741.3226139342605,110.35824640610605,701773.6283478392,117.79311858824813,1
myopic,5,14,1,6,0,0,91.99999988079071,12352.941175922751,4657.726323620603,126.37088745851406,713399.7499789579,118.13382576143007,1
myopic,5,13,1,6,0,0,91.99999988079071,12352.941175922751,4560.053102078857,129.0703096349716,725274.218449989,118.13382576143007,1
myopic,5,12,1,6,0,0,91.99999988079071,12352.941175922751,4461.020128581422,129.57506190080093,737195.1241294161,118.65148982084473,1
myopic,5,11,1,6,0,0,91.99999988079071,12352.941175922751,4358.6347236512975,148.4956714657443,750856.7258865625,118.65148982084473,1
myopic,5,10,1,6,0,0,91.99999988079071,12352.941175922751,4244.091575584717,124.03142056439083,762267.6165637007,119.72247037978816,1
myopic,5,9,1,6,0,0,91.99999988079071,12352.941175922751,4144.424919581578,123.6034154448524,773639.1307698925,119.9282594332441,1
myopic,5,8,1,6,0,0,91.99999988079071,12352.941175922751,4048.1297230135824,131.73402458518422,785758.6610160255,119.9282594332441,1
myopic,5,7,1,6,0,0,91.99999988079071,12352.941175922751,3943.5908326062654,139.6736569058968,798608.6374347176,119.9282594332441,1
myopic,5,6,1,6,0,0,91.99999988079071,12352.941175922751,3832.1917051955843,115.37296282549173,809222.9500009093,119.9282594332441,1
myopic,5,5,1,6,0,0,91.99999988079071,12352.941175922751,3739.4444123290687,117.42054937248368,820025.6405291802,111.6350613497792,1
myopic,5,4,1,6,0,0,91.99999988079071,12352.941175922751,3643.1695546508954,110.20706407291877,830164.690410751,105.31132169984018,1
myopic,5,3,1,6,0,0,91.99999988079071,12352.941175922751,3554.807616018292,98.45447106606312,839222.5017370922,100.66337802387262,1
myopic,5,2,1,6,0,0,91.99999988079071,12352.941175922751,3472.9213679673194,94.852502059266,847948.9319152373,97.45860423514522,1
myopic,5,1,1,6,0,0,91.99999988079071,12352.941175922751,3395.143651831845,87.18265601188277,855969.7362579376,90.48681714092218,1
myopic,6,100,6,6,1,0,91.99999988079071,12352.941175922751,10000.0,82.84621430026206,7621.851705748071,94.22677816891029,0
myopic,6,99,6,6,1,0,91.99999988079071,12352.941175922751,9942.25996052771,111.38230428034439,17869.02368626195,94.22677816891029,0
myopic,6,98,6,6,1,0,91.99999988079071,12352.941175922751,9863.038275366212,109.82790543317437,27973.190973021483,94.22677816891029,0
myopic,6,97,6,6,1,0,91.99999988079071,12352.941175922751,9784.69744837809,107.26765576569613,37841.81529067823,95.43576480047696,0
myopic,6,96,6,6,1,0,91.99999988079071,12352.941175922751,9708.999177656953,107.53929583474559,47735.43049465514,95.75546979725004,0
myopic,6,95,6,6,1,0,91.99999988079071,12352.941175922751,9634.672094011303,99.3363626042754,56874.37584240666,96.81514068949487,0
myopic,6,94,6,6,1,0,91.99999988079071,12352.941175922751,9564.567036854103,101.46783272133595,66209.41644067367,96.81514068949487,0
myopic,6,93,6,6,1,0,91.99999988079071,12352.941175922751,9492.066532786506,117.80781483356829,77047.73539131816,96.81514068949487,0
myopic,6,92,6,6,1,0,91.99999988079071,12352.941175922751,9407.260063574167,107.26013138598523,86915.66746604239,98.05540323546752,0
myopic,6,91,6,6,1,0,91.99999988079071,12352.941175922751,9330.342355493778,101.64180368408965,96266.71339286199,98.05540323546752,0
myopic,6,90,6,6,1,0,91.99999988079071,12352.941175922751,9259.418280677111,109.5389732610212,106344.29891981787,99.3508655734912,0
myopic,6,89,6,6,1,0,91.99999988079071,12352.941175922751,9181.76163945022,96.3896471620254,115212.14644723367,99.3508655734912,0
myopic,6,88,6,6,1,0,91.99999988079071,12352.941175922751,9115.209233846199,113.31101613566264,125636.75991820691,99.61820586358787,0
myopic,6,87,6,6,1,0,91.99999988079071,12352.941175922751,9035.905253570423,120.1372453476073,136689.3864758653,100.79415033413501,0
myopic,6,86,6,6,1,0,91.99999988079071,12352.941175922751,8950.307469522888,114.46431661221449,147220.10359054382,100.79415033413501,0
myopic,6,85,6,6,1,0,91.99999988079071,12352.941175922751,8868.84779879992,119.17064047609132,158183.80250013797,102.19602152536453,0
myopic,6,84,6,6,1,0,91.99999988079071,12352.941175922751,8784.333323429037,120.69188765473882,169287.45614998636,102.19602152536453,0
myopic,6,83,6,6,1,0,91.99999988079071,12352.941175922751,8699.057121862696,110.20685799940287,179426.48707279374,102.19602152536453,0
myopic,6,82,6,6,1,0,91.99999988079071,12352.941175922751,8621.254006322897,117.18078011362647,190207.11882927833,102.19602152536453,0
myopic,6,81,6,6,1,0,91.99999988079071,12352.941175922751,8537.637743125464,105.50134860074492,199913.24288797012,102.5542745524332,0
myopic,6,80,6,6,1,0,91.99999988079071,12352.941175922751,8460.452301684418,112.47649224452988,210261.08016105863,102.5542745524332,0
myopic,6,79,6,6,1,0,91.99999988079071,12352.941175922751,8380.14966919669,118.53952265413031,221166.71623110762,105.27938350715478,0
myopic,6,78,6,6,1,0,91.99999988079071,12352.941175922751,8293.468509544124,115.68989168749476,231810.18625256582,105.27938350715478,0
myopic,6,77,6,6,1,0,91.99999988079071,12352.941175922751,8209.806249494643,119.3273940536377,242788.30649127555,106.63956259332332,0
myopic,6,76,6,6,1,0,91.99999988079071,12352.941175922751,8125.819957115631,124.87284943152093,254276.60862408948,108.15422554551367,0
myopic,6,75,6,6,1,0,91.99999988079071,12352.941175922751,8034.943204043013,116.61714114975466,265005.3855959651,108.15422554551367,0
myopic,6,74,6,6,1,0,91.99999988079071,12352.941175922751,7951.041136781633,106.77359763265119,274828.5565654406,108.15422554551367,0
myopic,6,73,6,6,1,0,91.99999988079071,12352.941175922751,7875.649538353912,115.65196716992652,285468.53753128706,108.37967750832935,0
myopic,6,72,6,6,1,0,91.99999988079071,12352.941175922751,7791.559652457323,115.02752985604133,296051.0702643305,108.37967750832935,0
myopic,6,71,6,6,1,0,91.99999988079071,12352.941175922751,7708.155454226203,126.52626550193507,307691.48667542543,108.37967750832935,0
myopic,6,70,6,6,1,0,91.99999988079071,12352.941175922751,7616.51543140011,126.80098161302816,319357.17696870817,108.37967750832935,0
myopic,6,69,6,6,1,0,91.99999988079071,12352.941175922751,7523.064670493544,115.16256087320176,329952.1325553143,111.50112646491013,0
myopic,6,68,6,6,1,0,91.99999988079071,12352.941175922751,7438.77102130719,110.05330901263495,340077.0369713573,114.17042488045551,0
myopic,6,67,6,6,1,0,91.99999988079071,12352.941175922751,7358.410190564688,129.0481328272009,351949.46517607605,114.17042488045551,0
myopic,6,66,6,6,1,0,91.99999988079071,12352.941175922751,7265.189485230447,118.80567131822704,362879.5869231902,116.26293387735014,0
myopic,6,65,6,6,1,0,91.99999988079071,12352.941175922751,7178.723614929773,124.14226641844509,374300.6754188883,116.26293387735014,0
myopic,6,64,6,6,1,0,91.99999988079071,12352.941175922751,7088.0701084280445,122.03238788352579,385527.6550896253,116.26293387735014,0
myopic,6,63,6,6,1,0,91.99999988079071,12352.941175922751,6998.351446948198,121.00799985467688,396660.3910618303,117.96970954144811,0
myopic,6,62,6,6,1,0,91.99999988079071,12352.941175922751,6910.175778564204,126.24000216794124,408274.4712462319,117.96970954144811,0
myopic,6,61,6,6,1,0,91.99999988079071,12352.941175922751,6816.331420427362,143.6121431385315,421486.7883978569,118.04371025661288,0
myopic,6,60,6,6,1,0,91.99999988079071,12352.941175922751,6711.525324725726,165.03737889956332,436670.22723694274,141.95045016902438,0
myopic,6,59,6,6,1,0,91.99999988079071,12352.941175922751,6591.276356593166,151.18521746774906,450579.267225953,141.95045016902438,0
myopic,6,58,6,6,1,0,91.99999988079071,12352.941175922751,6479.679574881624,158.78074323871905,465187.095584987,146.98995099620282,0
myopic,6,57,6,6,1,0,91.99999988079071,12352.941175922751,6361.554479072622,153.73786529647452,479330.9791739357,146.98995099620282,0
myopic,6,56,6,6,1,0,91.99999988079071,12352.941175922751,6247.862857695912,168.54314633295974,494836.9486164761,146.98995099620282,0
myopic,6,55,6,6,1,0,91.99999988079071,12352.941175922751,6121.8277803333285,154.36496586782,509038.5254579138,148.91799961184566,0
myopic,6,54,6,6,1,0,91.99999988079071,12352.941175922751,6005.737646109205,156.0085545606139,523391.31245889264,148.91799961184566,0
myopic,6,53,6,6,1,0,91.99999988079071,12352.941175922751,5892.268768104881,155.5775741594635,537704.449263017,148.91799961184566,0
myopic,6,52,6,6,1,0,91.99999988079071,12352.941175922751,5776.5670703012665,162.61645741011017,552665.1633253618,148.91799961184566,0
myopic,6,51,6,6,1,0,91.99999988079071,12352.941175922751,5655.045753252742,172.7515717305141,568558.3079039755,150.72146896463957,0
myopic,6,50,6,6,1,0,91.99999988079071,12352.941175922751,5525.929601025496,168.1767687203172,584030.5706061964,154.00250483209075,0
myopic,6,49,6,6,1,0,91.99999988079071,12352.941175922751,5397.997135710472,152.48472363006522,598059.1651619849,155.30382457501017,0
myopic,6,48,6,6,1,0,91.99999988079071,12352.941175922751,5286.494042332788,167.45979641839435,613465.4664125143,155.30382457501017,0
myopic,6,47,6,6,1,0,91.99999988079071,12352.941175922751,5163.071472291846,151.06748121772392,627363.6746665363,156.4916823109558,0
myopic,6,46,6,6,1,0,91.99999988079071,12352.941175922751,5050.9035103851365,165.8941172060801,642625.9334297195,156.4916823109558,0
myopic,6,45,6,6,1,0,91.99999988079071,12352.941175922751,4930.116971751692,180.1027231342714,659195.3839366026,156.83230445638512,0
myopic,6,44,6,6,1,0,91.99999988079071,12352.941175922751,4792.770033285865,183.1075885616244,676041.2820624439,158.05947025224935,0
myopic,6,43,6,6,1,0,91.99999988079071,12352.941175922751,4655.642472176657,174.4140769559544,692087.3771216,158.05947025224935,0
myopic,6,42,6,6,1,0,91.99999988079071,12352.941175922751,4525.7491704448885,178.14413184926912,708476.6372304963,158.05947025224935,0
myopic,6,41,6,6,1,0,91.99999988079071,12352.941175922751,4392.127343709013,179.77169909899402,725015.6335261733,161.03342439189663,0
myopic,6,40,6,6,1,0,91.99999988079071,12352.941175922751,4256.525396590165,184.7626927986792,742013.8012416264,161.03342439189663,0
myopic,6,39,6,6,1,0,91.99999988079071,12352.941175922751,4115.133739834558,189.41873078215085,759440.3244510038,161.03342439189663,0
myopic,6,38,6,6,1,0,91.99999988079071,12352.941175922751,3973.857255712749,164.9503154112887,774615.7534491788,163.78391687365212,0
myopic,6,37,6,6,1,0,91.99999988079071,12352.941175922751,3847.734439055079,175.36846221677968,790749.651952217,163.78391687365212,0
myopic,6,36,6,6,1,0,91.99999988079071,12352.941175922751,3713.4111401106647,182.37679051163062,807528.316657546,164.22056879945856,0
myopic,6,35,6,6,1,0,91.99999988079071,12352.941175922751,3573.7797666046554,187.3397719232445,824763.5756521518,164.22056879945856,0
myopic,6,34,6,6,1,0,91.99999988079071,12352.941175922751,3429.5185629278076,183.7653118322107,841669.9843188087,164.22056879945856,0
myopic,6,33,6,6,1,0,91.99999988079071,12352.941175922751,3289.9254723640424,193.78306596232224,859498.0263642416,164.22056879945856,0
myopic,6,32,6,6,1,0,91.99999988079071,12352.941175922751,3140.7878472503044,193.7527129481568,877323.2759323749,164.22056879945856,0
myopic,6,31,6,6,1,0,91.99999988079071,12352.941175922751,2991.0726142023286,195.96128898211882,895351.7144953693,168.70102037223506,0
myopic,6,30,6,6,1,0,91.99999988079071,12352.941175922751,2839.6135100276597,200.687277752629,913814.9440246874,169.5313551099291,0
myopic,6,29,6,6,1,0,91.99999988079071,12352.941175922751,2684.2088252700287,193.2769577191036,931596.4241118046,181.5204308117816,0
myopic,6,28,6,6,1,0,91.99999988079071,12352.941175922751,2535.322277200319,198.23193083141308,949833.7617246634,181.5204308117816,0
myopic,6,27,6,6,1,0,91.99999988079071,12352.941175922751,2381.5649268785273,191.54596698736918,967455.9906646673,181.94116901124866,0
myopic,6,26,6,6,1,0,91.99999988079071,12352.941175922751,2229.3158387757403,194.7114607181784,985369.4450275283,181.94116901124866,0
myopic,6,25,6,6,1,0,91.99999988079071,12352.941175922751,2077.9075355667756,226.7702563057228,1006232.3085806217,184.81972965388394,0
myopic,6,24,6,6,1,0,91.99999988079071,12352.941175922751,1901.7966093410223,215.5066354565537,1026058.9190169342,189.05835539811233,0
myopic,6,23,6,6,1,0,91.99999988079071,12352.941175922751,1731.8976978497667,208.98354047522773,1045285.4047157425,191.03935136353707,0
myopic,6,22,6,6,1,0,91.99999988079071,12352.941175922751,1570.1155076181676,198.2235105276891,1063521.9676606597,192.1968114158716,0
myopic,6,21,6,6,1,0,91.99999988079071,12352.941175922751,1414.0687836396955,214.0142342332968,1083211.2771846105,192.1968114158716,0
myopic,6,20,6,6,1,0,91.99999988079071,12352.941175922751,1248.8321570280787,211.87049063498495,1102703.3622977722,192.1968114158716,0
myopic,6,19,6,6,1,0,91.99999988079071,12352.941175922751,1082.2166471650216,224.23084243660233,1123332.5997752093,192.1968114158716,0
myopic,6,18,6,6,1,0,91.99999988079071,12352.941175922751,904.0579571185262,210.65776412392867,1142713.1140494985,198.05584899707483,0
myopic,6,17,6,6,1,0,91.99999988079071,12352.941175922751,737.1331388977051,219.97599756618925,1162950.9057993647,198.05584899707483,0
myopic,6,16,6,6,1,0,91.99999988079071,12352.941175922751,559.7503356611487,244.38431276390213,1185434.262544511,200.3541206575088,0
myopic,6,15,6,6,1,0,91.99999988079071,10000.0,363.67608060867315,0.0,1185434.262544511,200.70846228702368,0
myopic,6,14,6,6,1,0,91.99999988079071,10000.0,363.67608060867315,0.0,1185434.262544511,202.16814556654086,0
myopic,6,13,6,6,1,0,91.99999988079071,10000.0,363.67608060867315,0.0,1185434.262544511,202.16814556654086,0
myopic,6,12,6,6,1,0,91.99999988079071,10000.0,363.67608060867315,0.0,1185434.262544511,202.47826441075347,0
myopic,6,11,6,6,1,0,91.99999988079071,10000.0,363.67608060867315,0.0,1185434.262544511,202.47826441075347,0
myopic,6,10,6,6,1,0,91.99999988079071,10000.0,363.67608060867315,0.0,1185434.262544511,203.1428722162761,0
myopic,6,9,6,6,1,0,91.99999988079071,10000.0,363.67608060867315,0.0,1185434.262544511,203.1428722162761,0
myopic,6,8,6,6,1,0,91.99999988079071,10000.0,363.67608060867315,0.0,1185434.262544511,203.1428722162761,0
myopic,6,7,6,6,1,0,91.99999988079071,10000.0,363.67608060867315,0.0,1185434.262544511,203.1428722162761,0
myopic,6,6,6,6,1,0,91.99999988079071,10000.0,363.67608060867315,0.0,1185434.262544511,203.1428722162761,0
myopic,6,5,6,6,1,0,91.99999988079071,10000.0,363.67608060867315,0.0,1185434.262544511,184.9018914663731,0
myopic,6,4,6,6,1,0,91.99999988079071,10000.0,363.67608060867315,0.0,1185434.262544511,181.28225725981625,0
myopic,6,3,6,6,1,0,91.99999988079071,10000.0,363.67608060867315,0.0,1185434.262544511,172.60185591989207,0
myopic,6,2,6,6,1,0,91.99999988079071,10000.0,363.67608060867315,0.0,1185434.262544511,163.29379014865918,0
myopic,6,1,6,6,1,0,91.99999988079071,10000.0,363.67608060867315,0.0,1185434.262544511,155.83380272156026,0
myopic,7,100,6,12,1,1,91.99999988079071,12352.941175922751,10000.0,128.47000573842934,11819.240512620681,119.21816460837967,0
myopic,7,99,6,12,1,1,91.99999988079071,12352.941175922751,9908.869925629784,127.02574229995328,23505.608789073733,119.21816460837967,0
myopic,7,98,6,12,1,1,91.99999988079071,12352.941175922751,9818.789732395153,132.53644887856828,35698.96207010244,119.21816460837967,0
myopic,7,97,6,12,1,1,91.99999988079071,12352.941175922751,9721.751648972759,128.11764790937812,47485.78566249242,120.48841230422327,0
myopic,7,96,6,12,1,1,91.99999988079071,12352.941175922751,9630.213001996593,137.13543575868658,60102.24573594377,120.48841230422327,0
myopic,7,95,6,12,1,1,91.99999988079071,12352.941175922751,9530.825385381026,134.06001334918818,72435.76694808788,121.5480831964681,0
myopic,7,94,6,12,1,1,91.99999988079071,12352.941175922751,9435.231014210607,133.51729815018018,84719.35836198795,121.5480831964681,0
myopic,7,93,6,12,1,1,91.99999988079071,12352.941175922751,9337.82242741896,124.0906370675241,96135.6969574074,122.03586911981081,0
myopic,7,92,6,12,1,1,91.99999988079071,12352.941175922751,9248.547509119162,119.63457152739801,107142.07752366646,123.03316904179233,0
myopic,7,91,6,12,1,1,91.99999988079071,12352.941175922751,9163.368590310978,121.68868948172096,118337.43694147837,123.03316904179233,0
myopic,7,90,6,12,1,1,91.99999988079071,12352.941175922751,9075.351334866882,126.2829979325052,129955.47273621474,124.47314745072495,0
myopic,7,89,6,12,1,1,91.99999988079071,12352.941175922751,8983.293067305598,137.96958343537702,142648.67439582216,124.47314745072495,0
myopic,7,88,6,12,1,1,91.99999988079071,12352.941175922751,8883.197827550597,118.46064186323804,153547.05343311845,124.74048774082162,0
myopic,7,87,6,12,1,1,91.99999988079071,12352.941175922751,8797.556844518871,138.20671198659355,166262.07091940954,126.45503592053535,0
myopic,7,86,6,12,1,1,91.99999988079071,12352.941175922751,8696.652395719371,127.89008425335199,178027.95865547223,126.45503592053535,0
myopic,7,85,6,12,1,1,91.99999988079071,12352.941175922751,8603.89249567726,135.4127803796413,190485.93443425678,127.85690711176491,0
myopic,7,84,6,12,1,1,91.99999988079071,12352.941175922751,8505.995139582732,151.72812199118306,204444.92163935822,130.6942817674587,0
myopic,7,83,6,12,1,1,91.99999988079071,12352.941175922751,8396.16377009299,142.98075936453026,217599.15148385038,130.6942817674587,0
myopic,7,82,6,12,1,1,91.99999988079071,12352.941175922751,8290.246015702902,138.96477486032776,230383.91075443465,130.6942817674587,0
myopic,7,81,6,12,1,1,91.99999988079071,12352.941175922751,8188.463110728248,144.51729146827003,243679.5015522877,131.0525347945274,0
myopic,7,80,6,12,1,1,91.99999988079071,12352.941175922751,8082.240895344531,137.830370503024,256359.89562213523,131.0525347945274,0
myopic,7,79,6,12,1,1,91.99999988079071,12352.941175922751,7980.790716340649,158.50140448829785,270942.0248161638,134.69965047598188,0
myopic,7,78,6,12,1,1,91.99999988079071,12352.941175922751,7866.50058043957,155.98208493516375,285292.37661160436,134.69965047598188,0
myopic,7,77,6,12,1,1,91.99999988079071,12352.941175922751,7751.336119652702,145.63533087590062,298690.82703482616,136.04655404778723,0
myopic,7,76,6,12,1,1,91.99999988079071,12352.941175922751,7641.235935148084,156.86517172543608,313122.42281486647,137.5612169999776,0
myopic,7,75,6,12,1,1,91.99999988079071,12352.941175922751,7527.123464603246,151.3632238589301,327047.8393918441,137.5612169999776,0
myopic,7,74,6,12,1,1,91.99999988079071,12352.941175922751,7414.300480638427,150.09249792517397,340856.3491830677,137.5612169999776,0
myopic,7,73,6,12,1,1,91.99999988079071,12352.941175922751,7302.13643715439,151.07061636678463,354754.8458708028,138.32368132308972,0
myopic,7,72,6,12,1,1,91.99999988079071,12352.941175922751,7189.117161962624,163.11093566122918,369761.0519321916,138.32368132308972,0
myopic,7,71,6,12,1,1,91.99999988079071,12352.941175922751,7068.979694405069,153.22786381109682,383858.0153845463,138.32368132308972,0
myopic,7,70,6,12,1,1,91.99999988079071,12352.941175922751,6955.655228280489,156.04201027866438,398213.8803115818,138.32368132308972,0
myopic,7,69,6,12,1,1,91.99999988079071,12352.941175922751,6841.193547914104,153.31500128409257,412318.8604114417,141.44513027967048,0
myopic,7,68,6,12,1,1,91.99999988079071,12352.941175922751,6727.107216440176,165.13952503291722,427511.6966947839,144.11442869521588,0
myopic,7,67,6,12,1,1,91.99999988079071,12352.941175922751,6602.049775747049,149.05358735291898,441224.6267134839,144.11442869521588,0
myopic,7,66,6,12,1,1,91.99999988079071,12352.941175922751,6491.679480191036,164.81703707338042,456387.79410458717,145.6585852960098,0
myopic,7,65,6,12,1,1,91.99999988079071,12352.941175922751,6371.4384848229765,155.9364507731741,470733.94755713013,145.6585852960098,0
myopic,7,64,6,12,1,1,91.99999988079071,12352.941175922751,6254.613656100642,171.5685556413805,486518.2546556846,145.6585852960098,0
myopic,7,63,6,12,1,1,91.99999988079071,12352.941175922751,6124.672954187055,158.89472846130838,501136.56965518324,147.36536096010775,0
myopic,7,62,6,12,1,1,91.99999988079071,12352.941175922751,6005.696987941215,159.52483527633387,515812.8544815891,147.36536096010775,0
myopic,7,61,6,12,1,1,91.99999988079071,12352.941175922751,5883.395363274191,186.13011352100813,532936.8249033334,147.3781006109956,0
myopic,7,60,6,12,1,1,91.99999988079071,12352.941175922751,5743.509467230633,192.63169825425436,550658.9411197613,172.95101534140753,0
myopic,7,59,6,12,1,1,91.99999988079071,12352.941175922751,5598.199225743742,194.92131555302024,568591.7021274028,173.18520571918685,0
myopic,7,58,6,12,1,1,91.99999988079071,12352.941175922751,5452.7773867911155,196.40741763243764,586661.1845261734,179.28794627762093,0
myopic,7,57,6,12,1,1,91.99999988079071,12352.941175922751,5304.768441876722,205.8286115862678,605597.4167675733,179.28794627762093,0
myopic,7,56,6,12,1,1,91.99999988079071,12352.941175922751,5147.388698720828,198.73994890335294,623881.4920429902,179.28794627762093,0
myopic,7,55,6,12,1,1,91.99999988079071,12352.941175922751,4995.179129848944,196.2141413937272,641933.1930278225,181.50830068228348,0
myopic,7,54,6,12,1,1,91.99999988079071,12352.941175922751,4844.035535825833,198.8899013220594,660231.0639257425,181.50830068228348,0
myopic,7,53,6,12,1,1,91.99999988079071,12352.941175922751,4691.403568946542,188.6059518448445,677582.8114729846,181.50830068228348,0
myopic,7,52,6,12,1,1,91.99999988079071,12352.941175922751,4546.834337999716,187.87395982099503,694867.2157541198,181.50830068228348,0
myopic,7,51,6,12,1,1,91.99999988079071,12352.941175922751,4406.829727714106,208.5908362746503,714057.5726665216,183.74050410317923,0
myopic,7,50,6,12,1,1,91.99999988079071,12352.941175922751,4248.809813743154,213.17501043612376,733669.6736012326,192.542564800098,0
myopic,7,49,6,12,1,1,91.99999988079071,12352.941175922751,4081.321559483027,205.20880261912933,752548.8834177296,193.30528083385084,0
myopic,7,48,6,12,1,1,91.99999988079071,12352.941175922751,3924.8236754137006,217.57518259117685,772565.8001901809,193.30528083385084,0
myopic,7,47,6,12,1,1,91.99999988079071,12352.941175922751,3756.459755698548,214.5207024954132,792301.704794186,197.01820323067741,0
myopic,7,46,6,12,1,1,91.99999988079071,12352.941175922751,3591.5021198527056,221.55165466362362,812684.4569968284,197.01820323067741,0
myopic,7,45,6,12,1,1,91.99999988079071,12352.941175922751,3419.454194020368,208.30919387903538,831848.9028088673,197.01820323067741,0
myopic,7,44,6,12,1,1,91.99999988079071,12352.941175922751,3258.500797293699,216.86089532491667,851800.1051529078,197.60821190962048,0
myopic,7,43,6,12,1,1,91.99999988079071,12352.941175922751,3092.569443530321,218.65731334101977,871916.5779542156,197.60821190962048,0
myopic,7,42,6,12,1,1,91.99999988079071,12352.941175922751,2924.5676456976507,228.0888527059202,892900.7523759699,197.60821190962048,0
myopic,7,41,6,12,1,1,91.99999988079071,12352.941175922751,2746.884622632765,221.02677092873625,913235.2152750652,201.0148893750271,0
myopic,7,40,6,12,1,1,91.99999988079071,12352.941175922751,2575.915353769895,219.3634404515623,933416.6517704588,201.0148893750271,0
myopic,7,39,6,12,1,1,91.99999988079071,12352.941175922751,2408.812116439074,219.10227581760122,953574.0611195591,201.0148893750271,0
myopic,7,38,6,12,1,1,91.99999988079071,12352.941175922751,2236.910782270562,211.12499924720854,972997.5610251343,208.16928401824555,0
myopic,7,37,6,12,1,1,91.99999988079071,12352.941175922751,2070.1374268094705,214.6633342901029,992746.5877542339,208.16928401824555,0
myopic,7,36,6,12,1,1,91.99999988079071,12352.941175922751,1900.4198358569129,221.86812983005962,1013158.4556721506,208.605935944052,0
myopic,7,35,6,12,1,1,91.99999988079071,12352.941175922751,1724.6472873175917,229.6797157537726,1034288.9894941177,208.605935944052,0
myopic,7,34,6,12,1,1,91.99999988079071,12352.941175922751,1546.9252536297572,238.62529608956183,1056242.516705911,208.605935944052,0
myopic,7,33,6,12,1,1,91.99999988079071,12352.941175922751,1355.9596000123329,228.10566684509254,1077228.2380284672,208.605935944052,0
myopic,7,32,6,12,1,1,91.99999988079071,12352.941175922751,1176.179537678483,232.26374529550148,1098596.5025679653,208.605935944052,0
myopic,7,31,6,12,1,1,91.99999988079071,12352.941175922751,994.1536502634499,244.2623903659583,1121068.6424525152,213.0863875168285,0
myopic,7,30,6,12,1,1,91.99999988079071,12352.941175922751,801.4084701897973,246.7957030488014,1143773.8471035846,214.84826275598544,0
myopic,7,29,6,12,1,1,91.99999988079071,12352.941175922751,606.7798327992878,242.19664155257325,1166055.9380975491,225.55221352890493,0
myopic,7,28,6,12,1,1,91.99999988079071,10000.0,416.38393063610965,0.0,1166055.9380975491,225.55221352890493,0
myopic,7,27,6,12,1,1,91.99999988079071,10000.0,416.38393063610965,0.0,1166055.9380975491,225.97295172837198,0
myopic,7,26,6,12,1,1,91.99999988079071,10000.0,416.38393063610965,0.0,1166055.9380975491,225.97295172837198,0
myopic,7,25,6,12,1,1,91.99999988079071,10000.0,416.38393063610965,0.0,1166055.9380975491,230.19559885154544,0
myopic,7,24,6,12,1,1,91.99999988079071,10000.0,416.38393063610965,0.0,1166055.9380975491,233.6670386321828,0
myopic,7,23,6,12,1,1,91.99999988079071,10000.0,416.38393063610965,0.0,1166055.9380975491,235.30679756566138,0
myopic,7,22,6,12,1,1,91.99999988079071,10000.0,416.38393063610965,0.0,1166055.9380975491,238.1271749969102,0
myopic,7,21,6,12,1,1,91.99999988079071,10000.0,416.38393063610965,0.0,1166055.9380975491,238.1271749969102,0
myopic,7,20,6,12,1,1,91.99999988079071,10000.0,416.38393063610965,0.0,1166055.9380975491,238.1271749969102,0
myopic,7,19,6,12,1,1,91.99999988079071,10000.0,416.38393063610965,0.0,1166055.9380975491,238.1271749969102,0
myopic,7,18,6,12,1,1,91.99999988079071,10000.0,416.38393063610965,0.0,1166055.9380975491,244.15619931843952,0
myopic,7,17,6,12,1,1,91.99999988079071,10000.0,416.38393063610965,0.0,1166055.9380975491,244.15619931843952,0
myopic,7,16,6,12,1,1,91.99999988079071,10000.0,416.38393063610965,0.0,1166055.9380975491,246.45447097887347,0
myopic,7,15,6,12,1,1,91.99999988079071,10000.0,416.38393063610965,0.0,1166055.9380975491,249.0993376403336,0
myopic,7,14,6,12,1,1,91.99999988079071,10000.0,416.38393063610965,0.0,1166055.9380975491,251.01425215790965,0
myopic,7,13,6,12,1,1,91.99999988079071,10000.0,416.38393063610965,0.0,1166055.9380975491,251.46554524240713,0
myopic,7,12,6,12,1,1,91.99999988079071,10000.0,416.38393063610965,0.0,1166055.9380975491,252.18470229434556,0
myopic,7,11,6,12,1,1,91.99999988079071,10000.0,416.38393063610965,0.0,1166055.9380975491,252.18470229434556,0
myopic,7,10,6,12,1,1,91.99999988079071,10000.0,416.38393063610965,0.0,1166055.9380975491,253.3217479726484,0
myopic,7,9,6,12,1,1,91.99999988079071,10000.0,416.38393063610965,0.0,1166055.9380975491,253.3217479726484,0
myopic,7,8,6,12,1,1,91.99999988079071,10000.0,416.38393063610965,0.0,1166055.9380975491,253.3217479726484,0
myopic,7,7,6,12,1,1,91.99999988079071,10000.0,416.38393063610965,0.0,1166055.9380975491,253.3217479726484,0
myopic,7,6,6,12,1,1,91.99999988079071,10000.0,416.38393063610965,0.0,1166055.9380975491,253.3217479726484,0
myopic,7,5,6,12,1,1,91.99999988079071,10000.0,416.38393063610965,0.0,1166055.9380975491,227.42353435458372,0
myopic,7,4,6,12,1,1,91.99999988079071,10000.0,416.38393063610965,0.0,1166055.9380975491,223.80390014802688,0
myopic,7,3,6,12,1,1,91.99999988079071,10000.0,416.38393063610965,0.0,1166055.9380975491,212.94074769604768,0
myopic,7,2,6,12,1,1,91.99999988079071,10000.0,416.38393063610965,0.0,1166055.9380975491,199.91705650403023,0
myopic,7,1,6,12,1,1,91.99999988079071,10000.0,416.38393063610965,0.0,1166055.9380975491,192.4570690769313,0
myopic,8,100,1,12,0,1,91.99999988079071,12352.941175922751,10000.0,83.05676650211971,7641.222508293876,78.34826956228913,0
myopic,8,99,1,12,0,1,91.99999988079071,12352.941175922751,9946.864223576637,84.35852598367013,15402.206888735207,78.34826956228913,0
myopic,8,98,1,12,0,1,91.99999988079071,12352.941175922751,9891.349381151931,95.30188831303842,24169.98060217387,78.34826956228913,0
myopic,8,97,1,12,0,1,91.99999988079071,12352.941175922751,9826.347976867557,99.29115266671128,33304.76663567488,80.43164846582134,0
myopic,8,96,1,12,0,1,91.99999988079071,12352.941175922751,9758.762362161044,88.09298117122124,41409.32089292573,80.43164846582134,0
myopic,8,95,1,12,0,1,91.99999988079071,12352.941175922751,9698.63027381511,100.56106865235012,50660.93919695413,80.76388620962199,0
myopic,8,94,1,12,0,1,91.99999988079071,12352.941175922751,9631.73867105194,93.93464194060226,59302.92624429166,80.76388620962199,0
myopic,8,93,1,12,0,1,91.99999988079071,12352.941175922751,9568.469519202741,101.04348623048304,68598.92696545078,81.2516721329647,0
myopic,8,92,1,12,0,1,91.99999988079071,12352.941175922751,9501.318166123907,87.11097955063691,76613.13707372494,81.68189079408234,0
myopic,8,91,1,12,0,1,91.99999988079071,12352.941175922751,9442.070801749236,92.84471744313063,85154.851067425,81.68189079408234,0
myopic,8,90,1,12,0,1,91.99999988079071,12352.941175922751,9381.16339035557,93.66107716486174,93771.67015542701,82.82831677780638,0
myopic,8,89,1,12,0,1,91.99999988079071,12352.941175922751,9317.84177631719,88.86185251335016,101946.96057606206,82.82831677780638,0
myopic,8,88,1,12,0,1,91.99999988079071,12352.941175922751,9257.72657741309,94.43274940854785,110634.7735103912,82.82831677780638,0
myopic,8,87,1,12,0,1,91.99999988079071,12352.941175922751,9195.750539614466,105.10070831189702,120304.03866255675,84.56293398444693,0
myopic,8,86,1,12,0,1,91.99999988079071,12352.941175922751,9125.385673504084,75.04086489371163,127207.79822383265,84.56293398444693,0
myopic,8,85,1,12,0,1,91.99999988079071,12352.941175922751,9074.351804334614,107.74141372610458,137120.0082737905,84.8282916403851,0
myopic,8,84,1,12,0,1,91.99999988079071,12352.941175922751,9001.561130782795,108.49177535315462,147101.2515933475,87.66566629607894,0
myopic,8,83,1,12,0,1,91.99999988079071,12352.941175922751,8925.487921451188,89.17971504901826,155305.7853672261,87.66566629607894,0
myopic,8,82,1,12,0,1,91.99999988079071,12352.941175922751,8867.334756116248,86.59275364962623,163272.31869266907,87.66566629607894,0
myopic,8,81,1,12,0,1,91.99999988079071,12352.941175922751,8806.820861115124,89.94003831512177,171546.8022069386,88.02391932314761,0
myopic,8,80,1,12,0,1,91.99999988079071,12352.941175922751,8746.862164527009,87.2931656937442,179577.7734403569,88.02391932314761,0
myopic,8,79,1,12,0,1,91.99999988079071,12352.941175922751,8686.921321248592,98.27548417798562,188619.11797301623,89.41124357506565,0
myopic,8,78,1,12,0,1,91.99999988079071,12352.941175922751,8618.322189764125,107.75866978144809,198532.91558006362,89.85798532780689,0
myopic,8,77,1,12,0,1,91.99999988079071,12352.941175922751,8545.37295624199,98.59220042797946,207603.39800768462,91.10061121112462,0
myopic,8,76,1,12,0,1,91.99999988079071,12352.941175922751,8478.78775440386,100.42139539420687,216842.16637198048,91.10061121112462,0
myopic,8,75,1,12,0,1,91.99999988079071,12352.941175922751,8410.890228896353,90.2442575740916,225144.63805803895,91.10061121112462,0
myopic,8,74,1,12,0,1,91.99999988079071,12352.941175922751,8346.26297873875,100.65203915547113,234404.62564834364,91.10061121112462,0
myopic,8,73,1,12,0,1,91.99999988079071,12352.941175922751,8275.779248749659,120.69771507728976,245508.815421066,91.59938678561403,0
myopic,8,72,1,12,0,1,91.99999988079071,12352.941175922751,8190.932880252281,101.54137553551318,254850.62195822856,91.59938678561403,0
myopic,8,71,1,12,0,1,91.99999988079071,12352.941175922751,8120.336061292901,96.49858061392949,263728.4913632065,93.48039800843478,0
myopic,8,70,1,12,0,1,91.99999988079071,12352.941175922751,8051.955735836337,99.81228686733202,272911.22174310253,93.48039800843478,0
myopic,8,69,1,12,0,1,91.99999988079071,12352.941175922751,7980.365921354756,101.48763687970362,282248.084323937,93.48039800843478,0
myopic,8,68,1,12,0,1,91.99999988079071,12352.941175922751,7909.997516105558,100.89068600926161,291530.02742476197,95.11469441166237,0
myopic,8,67,1,12,0,1,91.99999988079071,12352.941175922751,7838.7381076373895,107.03281417901812,301377.04631647235,95.11469441166237,0
myopic,8,66,1,12,0,1,91.99999988079071,12352.941175922751,7762.100100651586,101.11052864257935,310679.21493953635,96.29318018780998,0
myopic,8,65,1,12,0,1,91.99999988079071,12352.941175922751,7690.870657047608,121.04101950008243,321814.98871911474,96.29318018780998,0
myopic,8,64,1,12,0,1,91.99999988079071,12352.941175922751,7606.249938575898,109.79822797587735,331916.4256798065,96.29318018780998,0
myopic,8,63,1,12,0,1,91.99999988079071,12352.941175922751,7527.022450825116,109.9648918628708,342033.1957180818,96.29318018780998,0
myopic,8,62,1,12,0,1,91.99999988079071,12352.941175922751,7450.439395902558,89.16517784455218,350236.3920691513,96.29318018780998,0
myopic,8,61,1,12,0,1,91.99999988079071,12352.941175922751,7385.097110641886,136.5886643459862,362802.5491726994,96.40873891602581,0
myopic,8,60,1,12,0,1,91.99999988079071,12352.941175922751,7286.555780010511,129.59218722904595,374725.030382323,121.48371342624034,0
myopic,8,59,1,12,0,1,91.99999988079071,12352.941175922751,7192.101465695152,137.5590105036968,387380.45933226484,121.717787817549,0
myopic,8,58,1,12,0,1,91.99999988079071,12352.941175922751,7094.498039582423,126.1881580923665,398989.76986171975,121.717787817549,0
myopic,8,57,1,12,0,1,91.99999988079071,12352.941175922751,7004.328419021556,129.51045536270408,410904.73173964967,121.717787817549,0
myopic,8,56,1,12,0,1,91.99999988079071,12352.941175922751,6912.556424453894,124.59463639717856,422367.43827333726,121.717787817549,0
myopic,8,55,1,12,0,1,91.99999988079071,12352.941175922751,6824.529114245517,138.85375521502067,435141.9837365665,125.52438207732914,0
myopic,8,54,1,12,0,1,91.99999988079071,12352.941175922751,6727.601371058245,138.16589501285046,447853.2460612781,125.52438207732914,0
myopic,8,53,1,12,0,1,91.99999988079071,12352.941175922751,6627.712368935516,135.39606399823197,460309.683932975,125.52438207732914,0
myopic,8,52,1,12,0,1,91.99999988079071,12352.941175922751,6531.763713578516,134.85640453147226,472716.4731337943,125.77567823347204,0
myopic,8,51,1,12,0,1,91.99999988079071,12352.941175922751,6433.489358872497,127.54135766995788,484450.2780242263,127.57061847614774,0
myopic,8,50,1,12,0,1,91.99999988079071,12352.941175922751,6342.266375460311,136.45632203779886,497004.25963543693,127.57061847614774,0
myopic,8,49,1,12,0,1,91.99999988079071,12352.941175922751,6243.747710763897,139.25500220183545,509815.7198214053,127.56529444817109,0
myopic,8,48,1,12,0,1,91.99999988079071,12352.941175922751,6145.191376604202,156.13227879504296,524179.8894519368,127.56529444817109,0
myopic,8,47,1,12,0,1,91.99999988079071,12352.941175922751,6031.982245619386,132.63641405602573,536382.4395292797,127.56529444817109,0
myopic,8,46,1,12,0,1,91.99999988079071,12352.941175922751,5937.376494681723,144.1533996758595,549644.5522822744,130.8145259896823,0
myopic,8,45,1,12,0,1,91.99999988079071,12352.941175922751,5831.71202099318,133.0952073691842,561889.3113443732,130.8145259896823,0
myopic,8,44,1,12,0,1,91.99999988079071,12352.941175922751,5733.813048388192,132.84611122255654,574111.1535610119,131.2339851260106,0
myopic,8,43,1,12,0,1,91.99999988079071,12352.941175922751,5638.322412043251,150.6572579863849,587971.6212777996,131.2339851260106,0
myopic,8,42,1,12,0,1,91.99999988079071,12352.941175922751,5525.404069108332,146.37503165639913,601438.1241727391,131.2339851260106,0
myopic,8,41,1,12,0,1,91.99999988079071,12352.941175922751,5418.869695677337,157.19588781848927,615900.1458333009,134.1721664575167,0
myopic,8,40,1,12,0,1,91.99999988079071,12352.941175922751,5305.719964003149,149.2760692751171,629633.5441888166,134.1721664575167,0
myopic,8,39,1,12,0,1,91.99999988079071,12352.941175922751,5195.642081421822,156.30286690021163,644013.4079250033,134.1721664575167,0
myopic,8,38,1,12,0,1,91.99999988079071,12352.941175922751,5080.017280072114,146.09713814334546,657454.3446167749,135.24479254111014,0
myopic,8,37,1,12,0,1,91.99999988079071,12352.941175922751,4971.173930090457,139.36141821808468,670275.5950762256,135.24479254111014,0
myopic,8,36,1,12,0,1,91.99999988079071,12352.941175922751,4866.807132290164,142.99252503752152,683430.9073626315,135.3776796692217,0
myopic,8,35,1,12,0,1,91.99999988079071,12352.941175922751,4762.427870438029,145.43276599039748,696810.7218164111,135.3776796692217,0
myopic,8,34,1,12,0,1,91.99999988079071,12352.941175922751,4654.320445652961,154.05862439542022,710984.1152424245,135.3776796692217,0
myopic,8,33,1,12,0,1,91.99999988079071,12352.941175922751,4540.008914250027,156.77827819590848,725407.7168177587,135.3776796692217,0
myopic,8,32,1,12,0,1,91.99999988079071,12352.941175922751,4421.258395247436,159.82653196795707,740111.757739758,137.67563429490323,0
myopic,8,31,1,12,0,1,91.99999988079071,12352.941175922751,4303.600882746941,168.11784218945317,755578.5992011465,146.59908961842842,0
myopic,8,30,1,12,0,1,91.99999988079071,12352.941175922751,4176.982725336011,146.43411380281395,769050.5376535491,146.67867998707746,0
myopic,8,29,1,12,0,1,91.99999988079071,12352.941175922751,4068.641668902109,164.50095560668748,784184.6255497544,149.0471367442043,0
myopic,8,28,1,12,0,1,91.99999988079071,12352.941175922751,3947.4095878921544,158.3654300123978,798754.2450920163,149.0471367442043,0
myopic,8,27,1,12,0,1,91.99999988079071,12352.941175922751,3831.0777876944785,167.03490004990184,814121.4558766951,149.46787494367135,0
myopic,8,26,1,12,0,1,91.99999988079071,12352.941175922751,3704.0412924677776,170.39352206333837,829797.6598862098,149.46787494367135,0
myopic,8,25,1,12,0,1,91.99999988079071,12352.941175922751,3571.8680394627427,166.91239222046835,845153.5999505953,154.18295349612166,0
myopic,8,24,1,12,0,1,91.99999988079071,12352.941175922751,3445.2447979475273,186.87122110267148,862345.7522697643,154.86606328959272,0
myopic,8,23,1,12,0,1,91.99999988079071,12352.941175922751,3305.3607708177997,179.88196569535242,878894.8930922932,155.75897319641388,0
myopic,8,22,1,12,0,1,91.99999988079071,12352.941175922751,3170.3221723952056,175.93870878152504,895081.2542792199,158.80352394212818,0
myopic,8,21,1,12,0,1,91.99999988079071,12352.941175922751,3031.178531692628,176.21951066706382,911293.4492395828,158.80352394212818,0
myopic,8,20,1,12,0,1,91.99999988079071,12352.941175922751,2896.8607975339055,193.122390940484,929060.7091830852,158.80352394212818,0
myopic,8,19,1,12,0,1,91.99999988079071,12352.941175922751,2748.650693722495,177.49311257330714,945390.0755186707,158.80352394212818,0
myopic,8,18,1,12,0,1,91.99999988079071,12352.941175922751,2610.2819583618075,168.40216299176285,960883.0744938378,163.45135432315968,0
myopic,8,17,1,12,0,1,91.99999988079071,12352.941175922751,2477.13340978003,192.13112921281927,978559.1383585134,163.45135432315968,0
myopic,8,16,1,12,0,1,91.99999988079071,12352.941175922751,2325.402709710389,185.2727136998313,995604.2279968116,163.48588367478033,0
myopic,8,15,1,12,0,1,91.99999988079071,12352.941175922751,2180.344960073222,190.78738416030797,1013156.6673168163,166.63305223218825,0
myopic,8,14,1,12,0,1,91.99999988079071,12352.941175922751,2037.4717459788144,183.18995462618847,1030010.1431205877,167.6035577215017,0
myopic,8,13,1,12,0,1,91.99999988079071,12352.941175922751,1892.1192496701087,169.4426125870725,1045598.8634583992,168.05485080599917,0
myopic,8,12,1,12,0,1,91.99999988079071,12352.941175922751,1756.8223825895002,184.30681425930013,1062555.0903482838,169.09384479432455,0
myopic,8,11,1,12,0,1,91.99999988079071,12352.941175922751,1609.8836184595202,187.82957060994582,1079835.4108220078,169.09384479432455,0
myopic,8,10,1,12,0,1,91.99999988079071,12352.941175922751,1458.2953642812226,190.90768588113883,1097398.9179003146,170.63726322604822,0
myopic,8,9,1,12,0,1,91.99999988079071,12352.941175922751,1306.6391013964912,186.30828972641083,1114539.2805329347,170.84305227950415,0
myopic,8,8,1,12,0,1,91.99999988079071,12352.941175922751,1156.1397132678048,187.55136505065144,1131794.0060952369,170.84305227950415,0
myopic,8,7,1,12,0,1,91.99999988079071,12352.941175922751,1004.5232526147793,195.00281684116723,1149734.265221378,170.84305227950415,0
myopic,8,6,1,12,0,1,91.99999988079071,12352.941175922751,842.5366611503669,182.48237895693956,1166522.644063663,170.84305227950415,0
myopic,8,5,1,12,0,1,91.99999988079071,12352.941175922751,689.1666805682908,175.3242072690811,1182652.471111518,155.39122305741984,0
myopic,8,4,1,12,0,1,91.99999988079071,12352.941175922751,544.1096072586024,150.97650554994613,1196542.3096041153,149.0674834074808,0
myopic,8,3,1,12,0,1,91.99999988079071,10000.0,417.94036428274194,0.0,1196542.3096041153,142.23678861945825,0
myopic,8,2,1,12,0,1,91.99999988079071,10000.0,417.94036428274194,0.0,1196542.3096041153,135.31638940994628,0
myopic,8,1,1,12,0,1,91.99999988079071,10000.0,417.94036428274194,0.0,1196542.3096041153,127.3584148712835,0
myopic,9,100,4,6,0,0,91.99999988079071,12352.941175922751,10000.0,47.56563967159401,4376.038844116383,55.48941880342484,1
myopic,9,99,4,6,0,0,91.99999988079071,12352.941175922751,9968.730691136894,69.9640272694686,10812.729344567133,55.48941880342484,1
myopic,9,98,4,6,0,0,91.99999988079071,12352.941175922751,9923.588348032565,65.72849190693292,16859.750592169516,55.48941880342484,1
myopic,9,97,4,6,0,0,91.99999988079071,12352.941175922751,9880.580915873312,59.48018617574792,22331.927713247733,56.829019946353895,1
myopic,9,96,4,6,0,0,91.99999988079071,12352.941175922751,9842.402748590419,47.535982499181465,26705.238097505695,57.148724943126965,1
myopic,9,95,4,6,0,0,91.99999988079071,12352.941175922751,9810.59680853512,63.41534402129659,32539.449739905285,58.20839583537179,1
myopic,9,94,4,6,0,0,91.99999988079071,12352.941175922751,9767.353285974934,70.4061479122322,39016.815339437584,58.20839583537179,1
myopic,9,93,4,6,0,0,91.99999988079071,12352.941175922751,9721.03389662321,59.896281202946646,44527.273202968485,58.20839583537179,1
myopic,9,92,4,6,0,0,91.99999988079071,12352.941175922751,9680.82107025759,61.1054167551652,50148.97153715935,59.44865838134444,1
myopic,9,91,4,6,0,0,91.99999988079071,12352.941175922751,9639.625548057084,63.5497482708423,55995.54837050112,59.44865838134444,1
myopic,9,90,4,6,0,0,91.99999988079071,12352.941175922751,9597.725568183188,54.5552752941762,61014.633691061834,60.89109345881038,1
myopic,9,89,4,6,0,0,91.99999988079071,12352.941175922751,9560.39800884639,66.27743684162114,67112.15787259009,60.89109345881038,1
myopic,9,88,4,6,0,0,91.99999988079071,12352.941175922751,9517.035163685678,75.48201560583142,74056.50329932843,61.15843374890705,1
myopic,9,87,4,6,0,0,91.99999988079071,12352.941175922751,9468.049228633221,75.13609274027911,80969.02382247719,62.95185624470667,1
myopic,9,86,4,6,0,0,91.99999988079071,12352.941175922751,9419.482829898867,74.09967917520103,87786.19429776231,62.95185624470667,1
myopic,9,85,4,6,0,0,91.99999988079071,12352.941175922751,9371.40503690949,55.04120013189077,92849.98470333483,63.6293292994672,1
myopic,9,84,4,6,0,0,91.99999988079071,12352.941175922751,9335.340642463216,58.02642967924563,98188.41622690814,63.6293292994672,1
myopic,9,83,4,6,0,0,91.99999988079071,12352.941175922751,9296.481193774687,69.91111393923329,104620.23870098355,63.6293292994672,1
myopic,9,82,4,6,0,0,91.99999988079071,12352.941175922751,9249.635143093088,70.86081292484408,111139.43348162193,63.6293292994672,1
myopic,9,81,4,6,0,0,91.99999988079071,12352.941175922751,9202.809306217887,70.35542503688325,117612.13257662817,63.98758232653586,1
myopic,9,80,4,6,0,0,91.99999988079071,12352.941175922751,9155.101505346276,69.17533162885857,123976.2630782368,63.98758232653586,1
myopic,9,79,4,6,0,0,91.99999988079071,12352.941175922751,9109.605445985846,63.370794258995026,129806.37614250997,64.45289985172099,1
myopic,9,78,4,6,0,0,91.99999988079071,12352.941175922751,9067.453431798069,65.99565603312381,135877.97648969007,64.89964160446222,1
myopic,9,77,4,6,0,0,91.99999988079071,12352.941175922751,9021.91452656055,62.5650549786451,141633.96154026708,65.68756414862953,1
myopic,9,76,4,6,0,0,91.99999988079071,12352.941175922751,8980.837402135821,69.54643190103758,148032.23326687195,65.68756414862953,1
myopic,9,75,4,6,0,0,91.99999988079071,12352.941175922751,8933.669131095197,69.84878588587556,154458.32156004588,65.68756414862953,1
myopic,9,74,4,6,0,0,91.99999988079071,12352.941175922751,8887.568645477984,65.36342439531104,160471.75659662258,65.68756414862953,1
myopic,9,73,4,6,0,0,91.99999988079071,12352.941175922751,8843.879772753215,79.60552926861222,167795.46527984517,65.5279447130899,1
myopic,9,72,4,6,0,0,91.99999988079071,12352.941175922751,8791.204017599934,73.1495938917274,174525.22790916398,65.5279447130899,1
myopic,9,71,4,6,0,0,91.99999988079071,12352.941175922751,8742.398850347341,76.47717601353331,181561.12809329227,67.40895593591064,1
myopic,9,70,4,6,0,0,91.99999988079071,12352.941175922751,8690.376396506656,62.15825149447117,187279.68722337377,67.40895593591064,1
myopic,9,69,4,6,0,0,91.99999988079071,12352.941175922751,8646.664928685217,76.2952736381819,194298.8523889914,67.40895593591064,1
myopic,9,68,4,6,0,0,91.99999988079071,12352.941175922751,8595.432421204916,67.62652256331305,200520.4924567545,68.22850945101008,1
myopic,9,67,4,6,0,0,91.99999988079071,12352.941175922751,8549.746872769727,76.80885752701619,207586.90734008365,68.22850945101008,1
myopic,9,66,4,6,0,0,91.99999988079071,12352.941175922751,8497.006485787104,76.59929228732886,214634.04222138657,69.84883539218049,1
myopic,9,65,4,6,0,0,91.99999988079071,12352.941175922751,8444.427199007912,63.674714046932515,220492.11590611373,69.84883539218049,1
myopic,9,64,4,6,0,0,91.99999988079071,12352.941175922751,8401.590667778031,68.50186261562797,226794.28725858545,69.84883539218049,1
myopic,9,63,4,6,0,0,91.99999988079071,12352.941175922751,8354.67721761793,80.21831627130078,234174.37234598235,69.84883539218049,1
myopic,9,62,4,6,0,0,91.99999988079071,12352.941175922751,8301.254467101908,75.25979853637058,241098.27380235677,69.84883539218049,1
myopic,9,61,4,6,0,0,91.99999988079071,12352.941175922751,8249.059210819025,104.9815515504422,250756.57653248266,69.89345595574414,1
myopic,9,60,4,6,0,0,91.99999988079071,12352.941175922751,8178.445441395383,102.16431133665796,260155.69316327627,89.10668574861131,1
myopic,9,59,4,6,0,0,91.99999988079071,12352.941175922751,8107.816571237292,94.17352499360206,268819.6574514613,89.10668574861131,1
myopic,9,58,4,6,0,0,91.99999988079071,12352.941175922751,8040.903676035593,88.71118161095498,276981.086149094,89.10668574861131,1
myopic,9,57,4,6,0,0,91.99999988079071,12352.941175922751,7980.016049764158,101.29930630137098,286300.6223167443,89.10668574861131,1
myopic,9,56,4,6,0,0,91.99999988079071,12352.941175922751,7909.7456865768145,99.02870895502882,295411.2635288018,89.10668574861131,1
myopic,9,55,4,6,0,0,91.99999988079071,12352.941175922751,7839.6643991785,111.96140963396779,305711.71320178,91.60460794927438,1
myopic,9,54,4,6,0,0,91.99999988079071,12352.941175922751,7760.873189577702,108.4118147392236,315685.6001448649,91.60460794927438,1
myopic,9,53,4,6,0,0,91.99999988079071,12352.941175922751,7685.657459838822,91.44281696226187,324098.33929449215,91.60460794927438,1
myopic,9,52,4,6,0,0,91.99999988079071,12352.941175922751,7619.823848916247,94.56300585541405,332798.13582191744,91.93538435860836,1
myopic,9,51,4,6,0,0,91.99999988079071,12352.941175922751,7551.587426541768,101.20633348812964,342109.1184907606,93.26932573131452,1
myopic,9,50,4,6,0,0,91.99999988079071,12352.941175922751,7480.650632183578,102.29620206211433,351520.3690682805,93.26932573131452,1
myopic,9,49,4,6,0,0,91.99999988079071,12352.941175922751,7407.973663605944,99.58480194611401,360682.1708354516,94.57064547423397,1
myopic,9,48,4,6,0,0,91.99999988079071,12352.941175922751,7336.13950056789,107.92965474459834,370611.6990590884,94.57064547423397,1
myopic,9,47,4,6,0,0,91.99999988079071,12352.941175922751,7260.140286418048,101.73278881128479,379971.1156175991,94.57064547423397,1
myopic,9,46,4,6,0,0,91.99999988079071,12352.941175922751,7188.243433908674,106.640710939324,389782.0610113043,96.98299627115883,1
myopic,9,45,4,6,0,0,91.99999988079071,12352.941175922751,7110.835766408921,114.73850671903895,400338.003615778,97.32361841658812,1
myopic,9,44,4,6,0,0,91.99999988079071,12352.941175922751,7032.002891779381,119.48236156668594,411330.3808656697,97.85545855988339,1
myopic,9,43,4,6,0,0,91.99999988079071,12352.941175922751,6951.017217949229,119.57626853411577,422331.39755655377,97.85545855988339,1
myopic,9,42,4,6,0,0,91.99999988079071,12352.941175922751,6869.022445750559,108.10496459110433,432277.0542860483,97.85545855988339,1
myopic,9,41,4,6,0,0,91.99999988079071,12352.941175922751,6791.215653606526,108.0369850620655,442216.4568988793,98.63031199072775,1
myopic,9,40,4,6,0,0,91.99999988079071,12352.941175922751,6715.726601795367,117.96498148115343,453069.2351810829,98.63031199072775,1
myopic,9,39,4,6,0,0,91.99999988079071,12352.941175922751,6634.143014495628,98.32293562855558,462114.945247189,98.63031199072775,1
myopic,9,38,4,6,0,0,91.99999988079071,12352.941175922751,6562.330011621141,103.08489891218335,471598.7559348212,100.36903837561965,1
myopic,9,37,4,6,0,0,91.99999988079071,12352.941175922751,6488.1718663836,116.82697552125602,482346.8376688499,100.36903837561965,1
myopic,9,36,4,6,0,0,91.99999988079071,12352.941175922751,6404.418455651026,112.56006747812951,492702.3638634196,100.68255637139985,1
myopic,9,35,4,6,0,0,91.99999988079071,12352.941175922751,6323.246896398994,112.06123866668003,503011.99780739547,100.68255637139985,1
myopic,9,34,4,6,0,0,91.99999988079071,12352.941175922751,6240.932037406541,117.8218272017174,513851.605895908,100.68255637139985,1
myopic,9,33,4,6,0,0,91.99999988079071,12352.941175922751,6155.304103326789,119.83546164291826,524876.468352771,100.68255637139985,1
myopic,9,32,4,6,0,0,91.99999988079071,12352.941175922751,6069.205998262753,111.52348265038425,535136.6287433117,102.64207294651457,1
myopic,9,31,4,6,0,0,91.99999988079071,12352.941175922751,5989.5004660038285,124.82121908427933,546620.1808841856,107.33403298465377,1
myopic,9,30,4,6,0,0,91.99999988079071,12352.941175922751,5896.401097692395,122.95194082774424,557931.7594256811,108.1643677223478,1
myopic,9,29,4,6,0,0,91.99999988079071,12352.941175922751,5809.586614448562,118.20232459068876,568806.3732739337,111.5619876042391,1
myopic,9,28,4,6,0,0,91.99999988079071,12352.941175922751,5722.4409926889075,125.10923570712806,580316.4229440753,111.5619876042391,1
myopic,9,27,4,6,0,0,91.99999988079071,12352.941175922751,5630.48382863282,130.64357066999875,592335.6314301413,111.98272580370616,1
myopic,9,26,4,6,0,0,91.99999988079071,12352.941175922751,5533.021901048539,115.67683109462504,602977.8998770571,111.98272580370616,1
myopic,9,25,4,6,0,0,91.99999988079071,12352.941175922751,5447.103777461665,122.07548025903222,614208.8440463356,115.33123750327402,1
myopic,9,24,4,6,0,0,91.99999988079071,12352.941175922751,5356.4508448765955,138.92254826786106,626989.7184704179,116.78153326033612,1
myopic,9,23,4,6,0,0,91.99999988079071,12352.941175922751,5250.708458789612,136.48083262315353,639545.9550554783,117.67444316715728,1
myopic,9,22,4,6,0,0,91.99999988079071,12352.941175922751,5149.896560238478,128.070778112208,651328.4666265341,119.41683443425565,1
myopic,9,21,4,6,0,0,91.99999988079071,12352.941175922751,5053.541822841383,122.97731131355341,662642.379252721,119.41683443425565,1
myopic,9,20,4,6,0,0,91.99999988079071,12352.941175922751,4961.529457630018,135.7203107781622,675128.6478281327,119.41683443425565,1
myopic,9,19,4,6,0,0,91.99999988079071,12352.941175922751,4858.247961380754,134.52347220449718,687504.80725491,119.41683443425565,1
myopic,9,18,4,6,0,0,91.99999988079071,12352.941175922751,4756.306816349803,147.8001626294803,701102.422199203,124.90873747636871,1
myopic,9,17,4,6,0,0,91.99999988079071,12352.941175922751,4644.025139988233,125.44480092593733,712643.3438694351,124.90873747636871,1
myopic,9,16,4,6,0,0,91.99999988079071,12352.941175922751,4548.510234614396,141.57558833532264,725668.2979794077,126.98521596814824,1
myopic,9,15,4,6,0,0,91.99999988079071,12352.941175922751,4441.274685005084,141.34313458414834,738671.8663443,127.33955759766313,1
myopic,9,14,4,6,0,0,91.99999988079071,12352.941175922751,4335.480500328364,150.96803095212363,752560.9251738986,128.64897873426494,1
myopic,9,13,4,6,0,0,91.99999988079071,12352.941175922751,4218.8962808774795,136.99097229926886,765164.0946091007,128.64897873426494,1
myopic,9,12,4,6,0,0,91.99999988079071,12352.941175922751,4112.922017716599,142.39893591705749,778264.7966964947,128.95909757847755,1
myopic,9,11,4,6,0,0,91.99999988079071,12352.941175922751,4003.903114801694,120.81668698841989,789379.9318850269,128.95909757847755,1
myopic,9,10,4,6,0,0,91.99999988079071,12352.941175922751,3913.7723552776133,158.3286478210846,803946.1674656924,129.70269371597854,1
myopic,9,9,4,6,0,0,91.99999988079071,12352.941175922751,3791.7609947239653,139.79884060656732,816807.6607848313,129.70269371597854,1
myopic,9,8,4,6,0,0,91.99999988079071,12352.941175922751,3681.1000637148527,139.2599552041426,829619.5766470113,129.70269371597854,1
myopic,9,7,4,6,0,0,91.99999988079071,12352.941175922751,3569.520850214796,134.56479547869867,841999.5378150103,129.70269371597854,1
myopic,9,6,4,6,0,0,91.99999988079071,12352.941175922751,3461.7795858793734,111.85217354953298,852289.9377682335,129.70269371597854,1
myopic,9,5,4,6,0,0,91.99999988079071,12352.941175922751,3371.4897129973333,127.11976444696465,863984.9560822004,117.28918192833491,1
myopic,9,4,4,6,0,0,91.99999988079071,12352.941175922751,3268.46287551116,118.93341474334835,874926.8302244105,110.96544227839588,1
myopic,9,3,4,6,0,0,91.99999988079071,12352.941175922751,3171.3080564618067,119.50261902800764,885921.0711607414,106.31749860242833,1
myopic,9,2,4,6,0,0,91.99999988079071,12352.941175922751,3072.071987288453,96.85854390073507,894832.0571880626,102.72787383917988,1
myopic,9,1,4,6,0,0,91.99999988079071,12352.941175922751,2990.4630995801735,90.63468447649215,903170.4481490954,95.2678864120809,1
myopic,10,100,3,12,0,1,91.99999988079071,12352.941175922751,10000.0,80.23665272364767,7381.772041010631,78.9152323625027,0
myopic,10,99,3,12,0,1,91.99999988079071,12352.941175922751,9946.437674318979,84.502448946681,15155.997334031807,78.9152323625027,0
myopic,10,98,3,12,0,1,91.99999988079071,12352.941175922751,9890.100526071064,95.02049912661258,23897.883242352837,78.9152323625027,0
myopic,10,97,3,12,0,1,91.99999988079071,12352.941175922751,9825.855858641387,92.07762769576655,32369.02497938685,80.54394018700624,0
myopic,10,96,3,12,0,1,91.99999988079071,12352.941175922751,9764.960844937821,82.60083287326864,39968.30159388078,80.54394018700624,0
myopic,10,95,3,12,0,1,91.99999988079071,12352.941175922751,9710.636634649187,85.88945226550457,47870.13119206838,80.87617793080689,0
myopic,10,94,3,12,0,1,91.99999988079071,12352.941175922751,9653.274685308232,81.3967150815452,55358.62896986729,80.87617793080689,0
myopic,10,93,3,12,0,1,91.99999988079071,12352.941175922751,9599.93358794502,92.0920659089746,63831.099022514725,81.3639638541496,0
myopic,10,92,3,12,0,1,91.99999988079071,12352.941175922751,9540.35422362398,88.22999608835501,71948.25865212554,81.79418251526724,0
myopic,10,91,3,12,0,1,91.99999988079071,12352.941175922751,9480.70186720894,83.02006218233021,79586.10436300316,81.79418251526724,0
myopic,10,90,3,12,0,1,91.99999988079071,12352.941175922751,9426.063732767852,84.81789877404722,87389.35104010443,82.94060849899128,0
myopic,10,89,3,12,0,1,91.99999988079071,12352.941175922751,9368.349562248575,89.86425618224989,95656.86259815877,82.94060849899128,0
myopic,10,88,3,12,0,1,91.99999988079071,12352.941175922751,9309.927416947397,89.41725461600872,103883.2500121722,82.94060849899128,0
myopic,10,87,3,12,0,1,91.99999988079071,12352.941175922751,9248.545966295598,100.67377025045883,113145.23686321315,84.67522570563183,0
myopic,10,86,3,12,0,1,91.99999988079071,12352.941175922751,9179.797014405834,91.19040904484588,121534.75448446823,84.67522570563183,0
myopic,10,85,3,12,0,1,91.99999988079071,12352.941175922751,9120.244027958934,97.56126394519084,130510.39075579558,84.94058336157,0
myopic,10,84,3,12,0,1,91.99999988079071,12352.941175922751,9054.384850741997,96.81904102839326,139417.74251886603,87.77795801726384,0
myopic,10,83,3,12,0,1,91.99999988079071,12352.941175922751,8986.990252834436,97.67411042168281,148403.7606660172,87.77795801726384,0
myopic,10,82,3,12,0,1,91.99999988079071,12352.941175922751,8920.343414535886,101.4380673277975,157736.0628480822,87.77795801726384,0
myopic,10,81,3,12,0,1,91.99999988079071,12352.941175922751,8851.687533394554,91.28243673956369,166134.04701724034,88.13621104433251,0
myopic,10,80,3,12,0,1,91.99999988079071,12352.941175922751,8790.363190043343,104.25352669157193,175725.37146043696,88.13621104433251,0
myopic,10,79,3,12,0,1,91.99999988079071,12352.941175922751,8718.65156135261,94.69105199972904,184436.94823312399,89.52353529625056,0
myopic,10,78,3,12,0,1,91.99999988079071,12352.941175922751,8652.713315388763,101.4439935902425,193769.79563133323,89.97027704899179,0
myopic,10,77,3,12,0,1,91.99999988079071,12352.941175922751,8585.050627680639,104.81637346788328,203412.9019778834,91.21290293230952,0
myopic,10,76,3,12,0,1,91.99999988079071,12352.941175922751,8513.459582145288,89.33892714745168,211632.08326479892,91.21290293230952,0
myopic,10,75,3,12,0,1,91.99999988079071,12352.941175922751,8451.650269975049,97.21080960273505,220575.4777366621,91.21290293230952,0
myopic,10,74,3,12,0,1,91.99999988079071,12352.941175922751,8385.364302590217,105.2351671071565,230257.1130979755,91.21290293230952,0
myopic,10,73,3,12,0,1,91.99999988079071,12352.941175922751,8315.942890848393,90.29759798839083,238564.49210214315,91.71167850679893,0
myopic,10,72,3,12,0,1,91.99999988079071,12352.941175922751,8254.225914506282,104.57089668097633,248185.01458432715,91.71167850679893,0
myopic,10,71,3,12,0,1,91.99999988079071,12352.941175922751,8182.960073942024,94.60385015816031,256888.56878760023,93.59268972961968,0
myopic,10,70,3,12,0,1,91.99999988079071,12352.941175922751,8118.85276684464,101.63924284654114,266239.3791173657,93.59268972961968,0
myopic,10,69,3,12,0,1,91.99999988079071,12352.941175922751,8047.72525535914,92.76876003418394,274774.1050294517,93.59268972961968,0
myopic,10,68,3,12,0,1,91.99999988079071,12352.941175922751,7985.916304925195,101.98976752092959,284157.1636292191,95.22698613284727,0
myopic,10,67,3,12,0,1,91.99999988079071,12352.941175922751,7915.625251393407,98.38855369017828,293208.9105569867,95.22698613284727,0
myopic,10,66,3,12,0,1,91.99999988079071,12352.941175922751,7846.533190250821,112.09745004406912,303521.875947678,96.40547190899488,0
myopic,10,65,3,12,0,1,91.99999988079071,12352.941175922751,7769.288022557403,102.90478608794766,312989.116255502,96.40547190899488,0
myopic,10,64,3,12,0,1,91.99999988079071,12352.941175922751,7696.851349264563,102.22669638585498,322393.97231081425,96.40547190899488,0
myopic,10,63,3,12,0,1,91.99999988079071,12352.941175922751,7627.275448528205,105.11985139167896,332064.9986263175,96.40547190899488,0
myopic,10,62,3,12,0,1,91.99999988079071,12352.941175922751,7554.939204706594,108.38929012591883,342036.813304981,96.40547190899488,0
myopic,10,61,3,12,0,1,91.99999988079071,12352.941175922751,7479.687356863342,131.75600391700834,354158.3656496392,96.52103063721071,0
myopic,10,60,3,12,0,1,91.99999988079071,12352.941175922751,7386.428560302804,132.52721457569848,366350.869374805,121.59600514742525,0
myopic,10,59,3,12,0,1,91.99999988079071,12352.941175922751,7294.326048211763,125.47411215729991,377894.4876783189,121.8300795387339,0
myopic,10,58,3,12,0,1,91.99999988079071,12352.941175922751,7203.506030313118,142.37863620069166,390993.3221918097,121.8300795387339,0
myopic,10,57,3,12,0,1,91.99999988079071,12352.941175922751,7105.805948513439,125.1062838864757,402503.10029445164,121.8300795387339,0
myopic,10,56,3,12,0,1,91.99999988079071,12352.941175922751,7016.570950581336,132.99087587684326,414738.2608592675,121.8300795387339,0
myopic,10,55,3,12,0,1,91.99999988079071,12352.941175922751,6922.449988044171,144.20988738984974,428005.5704819425,125.63667379851404,0
myopic,10,54,3,12,0,1,91.99999988079071,12352.941175922751,6820.014625156928,136.66406364670655,440578.6643211479,125.63667379851404,0
myopic,10,53,3,12,0,1,91.99999988079071,12352.941175922751,6723.772001548723,137.2818344088113,453208.59307039325,125.63667379851404,0
myopic,10,52,3,12,0,1,91.99999988079071,12352.941175922751,6625.4928685323175,153.81860256505033,467359.9044880413,125.88796995465694,0
myopic,10,51,3,12,0,1,91.99999988079071,12352.941175922751,6513.97236470411,138.34489353076367,480087.63467637956,127.68291019733265,0
myopic,10,50,3,12,0,1,91.99999988079071,12352.941175922751,6413.726328543627,140.87177376016888,493047.83784552186,127.68291019733265,0
myopic,10,49,3,12,0,1,91.99999988079071,12352.941175922751,6315.598442785204,139.081422573994,505843.32870574953,127.67758616935599,0
myopic,10,48,3,12,0,1,91.99999988079071,12352.941175922751,6214.329843427395,135.1637324794449,518278.3920777457,127.67758616935599,0
myopic,10,47,3,12,0,1,91.99999988079071,12352.941175922751,6115.822764811619,141.0423289679347,531254.2863259821,127.67758616935599,0
myopic,10,46,3,12,0,1,91.99999988079071,12352.941175922751,6014.335940270112,133.96659583276394,543579.2131266263,130.9268177108672,0
myopic,10,45,3,12,0,1,91.99999988079071,12352.941175922751,5914.670129950249,147.58301732466657,557156.8507029024,130.9268177108672,0
myopic,10,44,3,12,0,1,91.99999988079071,12352.941175922751,5806.380215646454,140.3338452123214,570067.5644457069,131.3462768471955,0
myopic,10,43,3,12,0,1,91.99999988079071,12352.941175922751,5707.418381355306,153.64838818247873,584203.2161401786,131.3462768471955,0
myopic,10,42,3,12,0,1,91.99999988079071,12352.941175922751,5597.367889380715,160.39218614249177,598959.2972461677,131.3462768471955,0
myopic,10,41,3,12,0,1,91.99999988079071,12352.941175922751,5481.184549161001,160.17201215927724,613695.1223457272,134.2844581787016,0
myopic,10,40,3,12,0,1,91.99999988079071,12352.941175922751,5366.012782103395,133.06385569559058,625936.997053859,134.2844581787016,0
myopic,10,39,3,12,0,1,91.99999988079071,12352.941175922751,5267.866288116912,147.80697417763457,639535.2386605815,134.2844581787016,0
myopic,10,38,3,12,0,1,91.99999988079071,12352.941175922751,5159.819792832621,156.74102673762326,653955.4131017579,135.35708426229505,0
myopic,10,37,3,12,0,1,91.99999988079071,12352.941175922751,5046.673278861362,138.13996632666857,666664.2899873438,135.35708426229505,0
myopic,10,36,3,12,0,1,91.99999988079071,12352.941175922751,4947.227295576945,135.03967581881147,679087.9401465765,135.4899713904066,0
myopic,10,35,3,12,0,1,91.99999988079071,12352.941175922751,4850.909269978353,138.2150973180081,691803.7290833567,135.4899713904066,0
myopic,10,34,3,12,0,1,91.99999988079071,12352.941175922751,4750.602117661003,144.8255277765059,705127.6776215307,135.4899713904066,0
myopic,10,33,3,12,0,1,91.99999988079071,12352.941175922751,4645.684833149964,149.8182390984744,718910.9556007306,135.4899713904066,0
myopic,10,32,3,12,0,1,91.99999988079071,12352.941175922751,4533.409252048282,158.78175988749314,733518.8774914517,137.78792601608814,0
myopic,10,31,3,12,0,1,91.99999988079071,12352.941175922751,4414.76435659939,153.22417796353506,747615.5018458312,146.71138133961333,0
myopic,10,30,3,12,0,1,91.99999988079071,12352.941175922751,4300.242959902016,166.7118257691628,762952.9897967206,146.79097170826236,0
myopic,10,29,3,12,0,1,91.99999988079071,12352.941175922751,4177.212562187867,150.5568012889477,776804.215497356,149.1594284653892,0
myopic,10,28,3,12,0,1,91.99999988079071,12352.941175922751,4065.026201014187,162.9982379667095,791800.0533708624,149.1594284653892,0
myopic,10,27,3,12,0,1,91.99999988079071,12352.941175922751,3940.3691717028014,159.5992956325512,806483.1885500314,149.58016666485625,0
myopic,10,26,3,12,0,1,91.99999988079071,12352.941175922751,3817.6946009751755,148.7815615632987,820171.0921961188,149.58016666485625,0
myopic,10,25,3,12,0,1,91.99999988079071,12352.941175922751,3706.2492524667614,164.60175669661442,835314.4537925853,154.29524521730656,0
myopic,10,24,3,12,0,1,91.99999988079071,12352.941175922751,3582.7721305905143,165.17844342518828,850510.8705680118,154.97835501077762,0
myopic,10,23,3,12,0,1,91.99999988079071,12352.941175922751,3457.8752487917955,185.68653938272743,867594.0321690871,155.87126491759878,0
myopic,10,22,3,12,0,1,91.99999988079071,12352.941175922751,3317.2829708198487,182.07593471032368,884345.0181407317,158.91581566331308,0
myopic,10,21,3,12,0,1,91.99999988079071,12352.941175922751,3178.8874911023886,173.4882770130148,900305.9396052477,158.91581566331308,0
myopic,10,20,3,12,0,1,91.99999988079071,12352.941175922751,3051.4836576697335,173.3054174774371,916250.0379925123,158.91581566331308,0
myopic,10,19,3,12,0,1,91.99999988079071,12352.941175922751,2917.5830196773777,168.70436238162614,931770.8393115108,158.91581566331308,0
myopic,10,18,3,12,0,1,91.99999988079071,12352.941175922751,2789.089432958922,170.93129388204665,947496.5183282825,163.56364604434458,0
myopic,10,17,3,12,0,1,91.99999988079071,12352.941175922751,2653.6018736946116,169.95004722478683,963131.9226527032,163.56364604434458,0
myopic,10,16,3,12,0,1,91.99999988079071,12352.941175922751,2523.4425066963468,159.69411203086895,977823.7809405061,163.59817539596523,0
myopic,10,15,3,12,0,1,91.99999988079071,12352.941175922751,2402.298176824348,183.80396977117968,994733.7461375436,166.74534395337315,0
myopic,10,14,3,12,0,1,91.99999988079071,12352.941175922751,2261.6214953912286,160.83651209911804,1009530.7052314893,167.7158494426866,0
myopic,10,13,3,12,0,1,91.99999988079071,12352.941175922751,2136.1969890860028,184.43447001374489,1026498.6764507674,168.16714252718407,0
myopic,10,12,3,12,0,1,91.99999988079071,12352.941175922751,1990.6744009727963,186.52037405107723,1043658.5508412316,169.09384479432455,0
myopic,10,11,3,12,0,1,91.99999988079071,12352.941175922751,1844.5733395148427,207.40860854829387,1062740.1428029495,169.09384479432455,0
myopic,10,10,3,12,0,1,91.99999988079071,12352.941175922751,1681.2019090829563,189.0083295210522,1080128.9090963549,170.63726322604822,0
myopic,10,9,3,12,0,1,91.99999988079071,12352.941175922751,1533.0256168511314,180.613155633922,1096745.319393145,170.84305227950415,0
myopic,10,8,3,12,0,1,91.99999988079071,12352.941175922751,1391.133404871336,187.21785885495254,1113969.3623854825,170.84305227950415,0
myopic,10,7,3,12,0,1,91.99999988079071,12352.941175922751,1240.8863646284099,177.610613647447,1130309.5388198749,170.84305227950415,0
myopic,10,6,3,12,0,1,91.99999988079071,12352.941175922751,1100.4345310839562,172.95174290228186,1146221.0991462674,170.84305227950415,0
myopic,10,5,3,12,0,1,91.99999988079071,12352.941175922751,957.8650343083682,168.29015074647,1161703.7929948808,155.39122305741984,0
myopic,10,4,3,12,0,1,91.99999988079071,12352.941175922751,819.3601985388104,159.71747764773323,1176397.8009194324,149.0674834074808,0
myopic,10,3,3,12,0,1,91.99999988079071,12352.941175922751,685.4446842204597,150.74009184793684,1190265.889351473,142.23678861945825,0
myopic,10,2,3,12,0,1,91.99999988079071,12352.941175922751,557.2147153000878,136.77585731320838,1202849.268207983,135.31638940994628,0
myopic,10,1,3,12,0,1,91.99999988079071,10000.0,440.2089830496425,0.0,1202849.268207983,127.3584148712835,0
myopic,11,100,0,6,0,0,91.99999988079071,12352.941175922751,10000.0,63.205482732037694,5814.904403812787,53.51064944791461,1
myopic,11,99,0,6,0,0,91.99999988079071,12352.941175922751,9958.61080077063,64.62275680151437,11760.198021848475,53.51064944791461,1
myopic,11,98,0,6,0,0,91.99999988079071,12352.941175922751,9917.6690389576,73.39630322377462,18512.65790968622,53.51064944791461,1
myopic,11,97,0,6,0,0,91.99999988079071,12352.941175922751,9869.524127569128,66.65733732929226,24645.132936034934,55.53276728716988,1
myopic,11,96,0,6,0,0,91.99999988079071,12352.941175922751,9825.77758576698,58.545653734181045,30031.333072600406,55.852472283942966,1
myopic,11,95,0,6,0,0,91.99999988079071,12352.941175922751,9786.893218212557,68.17455049102078,36303.39170964728,56.18471002774361,1
myopic,11,94,0,6,0,0,91.99999988079071,12352.941175922751,9742.093048428043,60.3561528422183,41856.15776393635,56.18471002774361,1
myopic,11,93,0,6,0,0,91.99999988079071,12352.941175922751,9701.750592400427,55.3535238246447,46948.68194920501,56.18471002774361,1
myopic,11,92,0,6,0,0,91.99999988079071,12352.941175922751,9666.179028321349,65.47610386221831,52972.48349672374,56.85789131285237,1
myopic,11,91,0,6,0,0,91.99999988079071,12352.941175922751,9623.359487660497,48.05161750515642,57393.232301469936,56.85789131285237,1
myopic,11,90,0,6,0,0,91.99999988079071,12352.941175922751,9591.979182971741,59.673561754958676,62883.19997581249,57.85980122566746,1
myopic,11,89,0,6,0,0,91.99999988079071,12352.941175922751,9553.239636742286,51.47463115359638,67618.8660358071,57.85980122566746,1
myopic,11,88,0,6,0,0,91.99999988079071,12352.941175922751,9519.005715916164,71.90316707486498,74233.95739812317,57.85980122566746,1
myopic,11,87,0,6,0,0,91.99999988079071,12352.941175922751,9471.354960908848,58.77640478497224,79641.38663133392,59.05581472314141,1
myopic,11,86,0,6,0,0,91.99999988079071,12352.941175922751,9431.920650546643,70.75389146988593,86150.7446381289,59.05581472314141,1
myopic,11,85,0,6,0,0,91.99999988079071,12352.941175922751,9384.964169415953,69.373347475698,92533.09259762317,59.321172379079584,1
myopic,11,84,0,6,0,0,91.99999988079071,12352.941175922751,9337.77031467162,63.36035352266426,98362.24511415514,59.321172379079584,1
myopic,11,83,0,6,0,0,91.99999988079071,12352.941175922751,9296.00525041906,67.79720980045492,104599.58840771494,59.321172379079584,1
myopic,11,82,0,6,0,0,91.99999988079071,12352.941175922751,9250.385063558482,74.19915247782588,111425.9104268297,59.321172379079584,1
myopic,11,81,0,6,0,0,91.99999988079071,12352.941175922751,9201.77837225793,60.115746887666226,116956.55913332863,59.67942540614826,1
myopic,11,80,0,6,0,0,91.99999988079071,12352.941175922751,9162.00614782093,52.04651956891635,121744.8389274645,59.67942540614826,1
myopic,11,79,0,6,0,0,91.99999988079071,12352.941175922751,9126.914853711303,70.63070100038681,128242.86341108025,60.144742931333404,1
myopic,11,78,0,6,0,0,91.99999988079071,12352.941175922751,9079.967450351014,78.69341693201686,135482.65775944482,60.59148468407464,1
myopic,11,77,0,6,0,0,91.99999988079071,12352.941175922751,9026.122435729618,72.62725216673186,142164.3649501263,61.68635059106254,1
myopic,11,76,0,6,0,0,91.99999988079071,12352.941175922751,8976.712564647572,75.25359685163667,149087.69585150594,61.68635059106254,1
myopic,11,75,0,6,0,0,91.99999988079071,12352.941175922751,8927.037102128153,72.5196776020465,155759.5061822492,61.68635059106254,1
myopic,11,74,0,6,0,0,91.99999988079071,12352.941175922751,8877.389578655551,53.60352157600891,160691.03016085198,61.68635059106254,1
myopic,11,73,0,6,0,0,91.99999988079071,12352.941175922751,8840.799493101329,65.74189941947296,166739.28489960646,61.811377832783585,1
myopic,11,72,0,6,0,0,91.99999988079071,12352.941175922751,8795.526286880136,66.29436099495369,172838.3661032393,61.811377832783585,1
myopic,11,71,0,6,0,0,91.99999988079071,12352.941175922751,8750.428017519323,72.54967063459628,179512.93579297356,63.69238905560433,1
myopic,11,70,0,6,0,0,91.99999988079071,12352.941175922751,8701.76156217694,74.59563168149812,186375.73389877888,63.69238905560433,1
myopic,11,69,0,6,0,0,91.99999988079071,12352.941175922751,8650.941738071799,74.64495013921035,193243.06930268786,63.69238905560433,1
myopic,11,68,0,6,0,0,91.99999988079071,12352.941175922751,8600.3889412374,79.39470149599656,200547.38183085495,64.51194257070377,1
myopic,11,67,0,6,0,0,91.99999988079071,12352.941175922751,8545.469042803741,70.93721953126493,207073.60601927494,64.51194257070377,1
myopic,11,66,0,6,0,0,91.99999988079071,12352.941175922751,8496.302637290823,82.43946101988863,214658.03642327714,66.02319309723785,1
myopic,11,65,0,6,0,0,91.99999988079071,12352.941175922751,8438.003437813708,59.77280876549787,220157.13482257747,66.02319309723785,1
myopic,11,64,0,6,0,0,91.99999988079071,12352.941175922751,8396.27444259903,76.08196779712668,227156.67585084346,66.02319309723785,1
myopic,11,63,0,6,0,0,91.99999988079071,12352.941175922751,8343.946959654982,64.30810024920306,233073.021066104,66.02319309723785,1
myopic,11,62,0,6,0,0,91.99999988079071,12352.941175922751,8298.639501291578,62.31641991919266,238806.13169124103,66.02319309723785,1
myopic,11,61,0,6,0,0,91.99999988079071,12352.941175922751,8255.155613047267,103.76863358688895,248352.84596886463,66.0678136608015,1
myopic,11,60,0,6,0,0,91.99999988079071,12352.941175922751,8185.3890514951345,90.93354689340134,256718.73227221743,85.17672399217258,1
myopic,11,59,0,6,0,0,91.99999988079071,12352.941175922751,8123.807848819495,95.30612248155464,265486.89552915905,85.17672399217258,1
myopic,11,58,0,6,0,0,91.99999988079071,12352.941175922751,8055.959867327518,109.54213785064502,275564.77219835995,85.17672399217258,1
myopic,11,57,0,6,0,0,91.99999988079071,12352.941175922751,7982.186690848157,88.75409757149896,283730.1491643575,85.17672399217258,1
myopic,11,56,0,6,0,0,91.99999988079071,12352.941175922751,7919.6036319248615,108.72639356951325,293732.9773597915,85.17672399217258,1
myopic,11,55,0,6,0,0,91.99999988079071,12352.941175922751,7843.162451689002,90.1221963720418,302024.21941527596,87.67464619283565,1
myopic,11,54,0,6,0,0,91.99999988079071,12352.941175922751,7779.822601624066,95.95845874492082,310852.39760836953,87.67464619283565,1
myopic,11,53,0,6,0,0,91.99999988079071,12352.941175922751,7712.833867245407,90.57817450949133,319185.589652445,87.67464619283565,1
myopic,11,52,0,6,0,0,91.99999988079071,12352.941175922751,7648.854495426973,100.37898005519135,328420.4558055565,88.00542260216963,1
myopic,11,51,0,6,0,0,91.99999988079071,12352.941175922751,7578.394456351398,96.1424395266595,337265.5602305481,89.3393639748758,1
myopic,11,50,0,6,0,0,91.99999988079071,12352.941175922751,7512.200869692925,94.61101223848044,345969.7733452098,89.3393639748758,1
myopic,11,49,0,6,0,0,91.99999988079071,12352.941175922751,7444.131967870982,96.97595152068368,354891.5608735522,89.87264365606573,1
myopic,11,48,0,6,0,0,91.99999988079071,12352.941175922751,7377.301925877154,109.17596003122243,364935.7491834099,89.87264365606573,1
myopic,11,47,0,6,0,0,91.99999988079071,12352.941175922751,7299.29959930835,118.00905028149486,375792.58179523965,89.87264365606573,1
myopic,11,46,0,6,0,0,91.99999988079071,12352.941175922751,7215.4695538631495,97.49621700687531,384762.2337482497,92.28499445299059,1
myopic,11,45,0,6,0,0,91.99999988079071,12352.941175922751,7147.891414435111,112.36089739761229,395099.4362954356,92.32417290804567,1
myopic,11,44,0,6,0,0,91.99999988079071,12352.941175922751,7064.687277523131,95.20271093931026,403858.08569050307,92.85601305134094,1
myopic,11,43,0,6,0,0,91.99999988079071,12352.941175922751,6997.470905450933,106.53970082648,413659.7381538387,92.85601305134094,1
myopic,11,42,0,6,0,0,91.99999988079071,12352.941175922751,6922.336365210425,100.45496286247761,422901.5947252115,92.85601305134094,1
myopic,11,41,0,6,0,0,91.99999988079071,12352.941175922751,6850.755754989943,104.15510089675158,432483.8639952964,93.6308664821853,1
myopic,11,40,0,6,0,0,91.99999988079071,12352.941175922751,6774.654641666895,102.79597051612649,441941.0932705258,93.6308664821853,1
myopic,11,39,0,6,0,0,91.99999988079071,12352.941175922751,6699.592352804485,100.81286878162128,451215.8771864171,93.6308664821853,1
myopic,11,38,0,6,0,0,91.99999988079071,12352.941175922751,6626.495756283868,87.06617523351971,459225.96529752185,95.04742683727991,1
myopic,11,37,0,6,0,0,91.99999988079071,12352.941175922751,6565.106295996684,110.53928725107941,469395.57971144386,95.04742683727991,1
myopic,11,36,0,6,0,0,91.99999988079071,12352.941175922751,6485.803038632163,108.81129933740648,479406.21923751396,95.04742683727991,1
myopic,11,35,0,6,0,0,91.99999988079071,12352.941175922751,6406.12312976295,114.75021081551974,489963.23861886247,95.04742683727991,1
myopic,11,34,0,6,0,0,91.99999988079071,12352.941175922751,6321.561612958798,112.30791075095811,500295.5663945625,95.04742683727991,1
myopic,11,33,0,6,0,0,91.99999988079071,12352.941175922751,6239.787274214345,100.73332870625104,509563.0326235292,95.04742683727991,1
myopic,11,32,0,6,0,0,91.99999988079071,12352.941175922751,6167.008932959423,107.55764680495668,519458.33611676336,97.00694341239463,1
myopic,11,31,0,6,0,0,91.99999988079071,12352.941175922751,6089.633803667066,107.08244967030367,529309.9214736661,101.69890345053383,1
myopic,11,30,0,6,0,0,91.99999988079071,12352.941175922751,6011.07165998111,117.19868537952625,540092.2005146113,101.69890345053383,1
myopic,11,29,0,6,0,0,91.99999988079071,12352.941175922751,5925.206850818254,99.79632679185349,549273.4625675651,105.09652333242514,1
myopic,11,28,0,6,0,0,91.99999988079071,12352.941175922751,5851.593352598299,117.44968508611524,560078.8335814866,105.09652333242514,1
myopic,11,27,0,6,0,0,91.99999988079071,12352.941175922751,5763.236906956462,120.2698299548241,571143.6579229932,105.51726153189219,1
myopic,11,26,0,6,0,0,91.99999988079071,12352.941175922751,5674.849122753047,113.52667513641623,581588.11202201,105.51726153189219,1
myopic,11,25,0,6,0,0,91.99999988079071,12352.941175922751,5587.937729212367,126.95951540136656,593268.387423801,108.86577323146005,1
myopic,11,24,0,6,0,0,91.99999988079071,12352.941175922751,5490.712753990991,138.9205972781392,606049.0823568292,110.31606898852215,1
myopic,11,23,0,6,0,0,91.99999988079071,12352.941175922751,5388.020302931654,126.876856277834,617721.7531192651,111.20897889534331,1
myopic,11,22,0,6,0,0,91.99999988079071,12352.941175922751,5292.113591094505,128.27159965210942,629522.740271968,112.95137016244168,1
myopic,11,21,0,6,0,0,91.99999988079071,12352.941175922751,5194.748689030016,125.41113895490697,641060.5650408692,112.95137016244168,1
myopic,11,20,0,6,0,0,91.99999988079071,12352.941175922751,5099.758706651719,111.7747023308588,651343.8376419836,112.95137016244168,1
myopic,11,19,0,6,0,0,91.99999988079071,12352.941175922751,5015.2422667625215,122.6940979372033,662631.6946375801,112.95137016244168,1
myopic,11,18,0,6,0,0,91.99999988079071,12352.941175922751,4921.768430378263,124.93468546483494,674125.6856854515,117.40424760711261,1
myopic,11,17,0,6,0,0,91.99999988079071,12352.941175922751,4825.616977746462,135.26550539220872,686570.1121654098,117.40424760711261,1
myopic,11,16,0,6,0,0,91.99999988079071,12352.941175922751,4721.586633566467,131.63060329575146,698680.1276529274,117.43877695873326,1
myopic,11,15,0,6,0,0,91.99999988079071,12352.941175922751,4620.279322852445,125.89229005982152,710262.2183234234,117.79311858824813,1
myopic,11,14,0,6,0,0,91.99999988079071,12352.941175922751,4523.358909735852,125.509504697062,721809.0927405913,118.13382576143007,1
myopic,11,13,0,6,0,0,91.99999988079071,12352.941175922751,4425.626537438438,130.15494030811394,733783.3472334221,118.13382576143007,1
myopic,11,12,0,6,0,0,91.99999988079071,12352.941175922751,4323.610671660672,119.41284652059336,744769.3290990816,118.65148982084473,1
myopic,11,11,0,6,0,0,91.99999988079071,12352.941175922751,4229.265552418953,125.11425781270623,756279.8408029358,118.65148982084473,1
myopic,11,10,0,6,0,0,91.99999988079071,12352.941175922751,4131.990980678866,129.8618286315004,768227.1290215531,119.72247037978816,1
myopic,11,9,0,6,0,0,91.99999988079071,12352.941175922751,4030.27058203289,133.77037407438064,780534.0034204494,119.9282594332441,1
myopic,11,8,0,6,0,0,91.99999988079071,12352.941175922751,3924.9278174979227,122.8855521062429,791839.4741995747,119.9282594332441,1
myopic,11,7,0,6,0,0,91.99999988079071,12352.941175922751,3827.919322567627,141.9372391125344,804897.7001810076,119.9282594332441,1
myopic,11,6,0,6,0,0,91.99999988079071,12352.941175922751,3713.9289400124817,113.01178511949638,815294.7843985292,119.9282594332441,1
myopic,11,5,0,6,0,0,91.99999988079071,12352.941175922751,3622.579059586148,102.97363741603063,824768.3590285286,111.6350613497792,1
myopic,11,4,0,6,0,0,91.99999988079071,12352.941175922751,3537.2971038903743,98.1312371758367,833796.4328370073,105.31132169984018,1
myopic,11,3,0,6,0,0,91.99999988079071,12352.941175922751,3456.2750771668625,111.16363569564864,844023.4873077553,100.66337802387262,1
myopic,11,2,0,6,0,0,91.99999988079071,12352.941175922751,3365.1662562985875,101.57576386323946,853368.4575710646,97.45860423514522,1
myopic,11,1,0,6,0,0,91.99999988079071,12352.941175922751,3278.8640635312986,95.56885594189326,862160.7923063261,90.48681714092218,1
myopic,12,100,3,12,0,1,91.99999988079071,12352.941175922751,10000.0,92.28274711539204,8490.012723615107,78.9152323625027,0
myopic,12,99,3,12,0,1,91.99999988079071,12352.941175922751,9937.988335110691,76.8466296410215,15559.902641428253,78.9152323625027,0
myopic,12,98,3,12,0,1,91.99999988079071,12352.941175922751,9888.283845473807,77.71085286733688,22709.30109595939,78.9152323625027,0
myopic,12,97,3,12,0,1,91.99999988079071,12352.941175922751,9837.474088485838,96.26626780271405,31565.79772233325,80.54394018700624,0
myopic,12,96,3,12,0,1,91.99999988079071,12352.941175922751,9774.356554126673,92.60733165957244,40085.67222397426,80.54394018700624,0
myopic,12,95,3,12,0,1,91.99999988079071,12352.941175922751,9715.718549605352,89.81680445488529,48348.81822311671,80.87617793080689,0
myopic,12,94,3,12,0,1,91.99999988079071,12352.941175922751,9657.64255236463,103.37801959850918,57859.59601385593,80.87617793080689,0
myopic,12,93,3,12,0,1,91.99999988079071,12352.941175922751,9588.516045957396,97.24122001980469,66805.78824408591,81.3639638541496,0
myopic,12,92,3,12,0,1,91.99999988079071,12352.941175922751,9524.480393855492,94.54932234798116,75504.32588882901,81.79418251526724,0
myopic,12,91,3,12,0,1,91.99999988079071,12352.941175922751,9461.346533776652,88.14768570217744,83613.91296292131,81.79418251526724,0
myopic,12,90,3,12,0,1,91.99999988079071,12352.941175922751,9403.615627658632,89.98472476628699,91892.50763069271,82.94060849899128,0
myopic,12,89,3,12,0,1,91.99999988079071,12352.941175922751,9344.723272135769,86.14819169350312,99818.14125622532,82.94060849899128,0
myopic,12,88,3,12,0,1,91.99999988079071,12352.941175922751,9287.932234432763,86.97670567703375,107819.998168144,82.94060849899128,0
myopic,12,87,3,12,0,1,91.99999988079071,12352.941175922751,9229.447574361691,80.0353568241379,115183.25098642372,84.67522570563183,0
myopic,12,86,3,12,0,1,91.99999988079071,12352.941175922751,9175.507775821929,88.09034772372162,123287.56296650492,84.67522570563183,0
myopic,12,85,3,12,0,1,91.99999988079071,12352.941175922751,9117.485733404223,85.39786497756224,131144.16653426044,84.94058336157,0
myopic,12,84,3,12,0,1,91.99999988079071,12352.941175922751,9060.747369240811,94.22335003834962,139812.7147265563,87.77795801726384,0
myopic,12,83,3,12,0,1,91.99999988079071,12352.941175922751,8997.68534097571,91.93444774508907,148270.68390814506,87.77795801726384,0
myopic,12,82,3,12,0,1,91.99999988079071,12352.941175922751,8936.178165431249,111.15482213570105,158496.92753137887,87.77795801726384,0
myopic,12,81,3,12,0,1,91.99999988079071,12352.941175922751,8861.298562069336,92.00776713342256,166961.64209668557,88.13621104433251,0
myopic,12,80,3,12,0,1,91.99999988079071,12352.941175922751,8798.655770590314,97.0873857410018,175893.681573284,88.13621104433251,0
myopic,12,79,3,12,0,1,91.99999988079071,12352.941175922751,8732.86446513349,103.5094032059801,185416.5466558949,89.52353529625056,0
myopic,12,78,3,12,0,1,91.99999988079071,12352.941175922751,8663.832073568425,84.52704176408447,193193.03448811427,89.97027704899179,0
myopic,12,77,3,12,0,1,91.99999988079071,12352.941175922751,8607.33513807532,104.38098513468891,202796.08510806246,91.21290293230952,0
myopic,12,76,3,12,0,1,91.99999988079071,12352.941175922751,8537.509634702617,103.48109626335658,212316.34595195536,91.21290293230952,0
myopic,12,75,3,12,0,1,91.99999988079071,12352.941175922751,8466.534647591361,95.61643442377965,221113.05790754472,91.21290293230952,0
myopic,12,74,3,12,0,1,91.99999988079071,12352.941175922751,8400.58916433947,113.49043546815135,231554.1779570855,91.21290293230952,0
myopic,12,73,3,12,0,1,91.99999988079071,12352.941175922751,8322.399469385176,109.8397024996644,241659.43057396074,91.71167850679893,0
myopic,12,72,3,12,0,1,91.99999988079071,12352.941175922751,8246.59419626777,120.6139005621178,252755.90941129727,91.71167850679893,0
myopic,12,71,3,12,0,1,91.99999988079071,12352.941175922751,8164.500960426703,102.59426074035875,262194.5813871801,93.59268972961968,0
myopic,12,70,3,12,0,1,91.99999988079071,12352.941175922751,8094.068499304656,95.31202712839726,270963.2878716306,93.59268972961968,0
myopic,12,69,3,12,0,1,91.99999988079071,12352.941175922751,8031.046274614407,97.31271315681008,279916.0574704565,93.59268972961968,0
myopic,12,68,3,12,0,1,91.99999988079071,12352.941175922751,7964.300956476673,108.15320366381034,289866.1521946342,95.22698613284727,0
myopic,12,67,3,12,0,1,91.99999988079071,12352.941175922751,7892.541255310518,90.59268768183283,298200.67945056333,95.22698613284727,0
myopic,12,66,3,12,0,1,91.99999988079071,12352.941175922751,7830.957826940157,104.15594522156835,307783.0263985313,96.40547190899488,0
myopic,12,65,3,12,0,1,91.99999988079071,12352.941175922751,7759.7090708124615,111.03129692326381,317997.9057022356,96.40547190899488,0
myopic,12,64,3,12,0,1,91.99999988079071,12352.941175922751,7681.997836185791,107.50756878942946,327888.6020180472,96.40547190899488,0
myopic,12,63,3,12,0,1,91.99999988079071,12352.941175922751,7607.388441729652,96.89878380770882,336803.2901168052,96.40547190899488,0
myopic,12,62,3,12,0,1,91.99999988079071,12352.941175922751,7542.1305604539575,107.67695639242304,346709.570092072,96.40547190899488,0
myopic,12,61,3,12,0,1,91.99999988079071,12352.941175922751,7467.101473805824,139.07916946281927,359504.85366607184,96.52103063721071,0
myopic,12,60,3,12,0,1,91.99999988079071,12352.941175922751,7370.150471677331,139.7991570205419,372366.37609529635,121.59600514742525,0
myopic,12,59,3,12,0,1,91.99999988079071,12352.941175922751,7272.191006399122,119.50828443723047,383361.13824927504,121.8300795387339,0
myopic,12,58,3,12,0,1,91.99999988079071,12352.941175922751,7190.5036717859075,137.16704528718242,395980.50639934425,121.8300795387339,0
myopic,12,57,3,12,0,1,91.99999988079071,12352.941175922751,7094.4066393035755,121.42902807273344,407151.97696756024,121.8300795387339,0
myopic,12,56,3,12,0,1,91.99999988079071,12352.941175922751,7008.400021358201,134.18713927212423,419497.19376459933,121.8300795387339,0
myopic,12,55,3,12,0,1,91.99999988079071,12352.941175922751,6915.381847465638,139.88834382097897,432366.9213794534,125.63667379851404,0
myopic,12,54,3,12,0,1,91.99999988079071,12352.941175922751,6816.633757315902,126.23285871576337,443980.3443662555,125.63667379851404,0
myopic,12,53,3,12,0,1,91.99999988079071,12352.941175922751,6727.02838100085,138.59156299215732,456730.76814501255,125.63667379851404,0
myopic,12,52,3,12,0,1,91.99999988079071,12352.941175922751,6631.357013139589,137.73828462670735,469402.69031424995,125.88796995465694,0
myopic,12,51,3,12,0,1,91.99999988079071,12352.941175922751,6538.609037725779,134.7595215621118,481800.56628189964,127.68291019733265,0
myopic,12,50,3,12,0,1,91.99999988079071,12352.941175922751,6443.693599160522,134.2622308225042,494152.6915015647,127.68291019733265,0
myopic,12,49,3,12,0,1,91.99999988079071,12352.941175922751,6349.7687641648445,138.76053568407949,506918.66076795844,127.67758616935599,0
myopic,12,48,3,12,0,1,91.99999988079071,12352.941175922751,6251.891954618548,148.09972794707616,520543.83572143456,127.67758616935599,0
myopic,12,47,3,12,0,1,91.99999988079071,12352.941175922751,6147.358732594256,141.41604891115662,533554.1122044029,127.67758616935599,0
myopic,12,46,3,12,0,1,91.99999988079071,12352.941175922751,6046.425423118684,160.10872888248866,548284.1152425054,130.9268177108672,0
myopic,12,45,3,12,0,1,91.99999988079071,12352.941175922751,5933.586752010593,148.0584576342059,561905.4933272024,130.9268177108672,0
myopic,12,44,3,12,0,1,91.99999988079071,12352.941175922751,5831.312957012003,154.71947057546072,576139.6846017007,131.3462768471955,0
myopic,12,43,3,12,0,1,91.99999988079071,12352.941175922751,5720.030075264661,154.61791695648282,590364.5329432653,131.3462768471955,0
myopic,12,42,3,12,0,1,91.99999988079071,12352.941175922751,5609.881388230119,138.83324184385467,603137.1911763496,131.3462768471955,0
myopic,12,41,3,12,0,1,91.99999988079071,12352.941175922751,5509.273685235271,153.20403442121588,617231.9623248382,134.2844581787016,0
myopic,12,40,3,12,0,1,91.99999988079071,12352.941175922751,5401.173058965496,135.3922854923831,629688.0525739974,134.2844581787016,0
myopic,12,39,3,12,0,1,91.99999988079071,12352.941175922751,5303.321819946808,146.9802285924214,643210.2335869787,134.2844581787016,0
myopic,12,38,3,12,0,1,91.99999988079071,12352.941175922751,5193.502752095751,143.437392925697,656406.4737190438,135.35708426229505,0
myopic,12,37,3,12,0,1,91.99999988079071,12352.941175922751,5091.034027795091,147.61089474291404,669986.6760177952,135.35708426229505,0
myopic,12,36,3,12,0,1,91.99999988079071,12352.941175922751,4987.43988899513,141.38431260620172,682994.0327607115,135.4899713904066,0
myopic,12,35,3,12,0,1,91.99999988079071,12352.941175922751,4882.537839902621,147.4459894571449,696559.0637731919,135.4899713904066,0
myopic,12,34,3,12,0,1,91.99999988079071,12352.941175922751,4776.623059326937,138.321824902714,709284.6716477523,135.4899713904066,0
myopic,12,33,3,12,0,1,91.99999988079071,12352.941175922751,4675.123630215271,156.28194828888664,723662.6108716996,135.4899713904066,0
myopic,12,32,3,12,0,1,91.99999988079071,12352.941175922751,4560.746160651881,157.68206385184195,738169.3607272719,137.78792601608814,0
myopic,12,31,3,12,0,1,91.99999988079071,12352.941175922751,4444.980161305446,163.93561863979667,753251.4376225906,146.71138133961333,0
myopic,12,30,3,12,0,1,91.99999988079071,12352.941175922751,4326.208138876659,168.4573938766955,768749.5178391648,146.79097170826236,0
myopic,12,29,3,12,0,1,91.99999988079071,12352.941175922751,4206.88606010498,153.1665282655009,782840.8384213321,149.1594284653892,0
myopic,12,28,3,12,0,1,91.99999988079071,12352.941175922751,4094.6576684987995,163.07187015019264,797843.4504557101,149.1594284653892,0
myopic,12,27,3,12,0,1,91.99999988079071,12352.941175922751,3976.532689193742,166.56963866361036,813167.8571929056,149.58016666485625,0
myopic,12,26,3,12,0,1,91.99999988079071,12352.941175922751,3851.333319055995,172.71598456012362,829057.7277518476,149.58016666485625,0
myopic,12,25,3,12,0,1,91.99999988079071,12352.941175922751,3722.7164833398583,176.48218263404476,845294.0885331414,154.29524521730656,0
myopic,12,24,3,12,0,1,91.99999988079071,12352.941175922751,3590.580653377787,161.6958356068558,860170.1053896965,154.97835501077762,0
myopic,12,23,3,12,0,1,91.99999988079071,12352.941175922751,3470.2607268349466,184.50235600861845,877144.322120495,155.87126491759878,0
myopic,12,22,3,12,0,1,91.99999988079071,12352.941175922751,3334.5774589851817,174.67010917892898,893213.9721441342,158.91581566331308,0
myopic,12,21,3,12,0,1,91.99999988079071,12352.941175922751,3204.184644655893,166.98764858616045,908576.8357941546,158.91581566331308,0
myopic,12,20,3,12,0,1,91.99999988079071,12352.941175922751,3080.3367728428348,174.97990358396743,924674.9869030203,158.91581566331308,0
myopic,12,19,3,12,0,1,91.99999988079071,12352.941175922751,2947.517015500048,181.73790694777955,941394.8743205512,158.91581566331308,0
myopic,12,18,3,12,0,1,91.99999988079071,12352.941175922751,2812.751142078024,176.9558290683677,957674.8105737462,163.56364604434458,0
myopic,12,17,3,12,0,1,91.99999988079071,12352.941175922751,2677.4773311349545,186.8780621401351,974867.592268361,163.56364604434458,0
myopic,12,16,3,12,0,1,91.99999988079071,12352.941175922751,2533.49166842458,189.40585706091701,992292.9310953864,163.59817539596523,0
myopic,12,15,3,12,0,1,91.99999988079071,12352.941175922751,2386.244933425206,190.40794611779071,1009810.4621155247,166.74534395337315,0
myopic,12,14,3,12,0,1,91.99999988079071,12352.941175922751,2241.4566924835126,184.77551481086022,1026809.8094560968,167.7158494426866,0
myopic,12,13,3,12,0,1,91.99999988079071,12352.941175922751,2100.154167095199,166.27505786247784,1042107.1147596233,168.16714252718407,0
myopic,12,12,3,12,0,1,91.99999988079071,12352.941175922751,1974.278239469024,202.0382019998331,1060694.6293195232,169.09384479432455,0
myopic,12,11,3,12,0,1,91.99999988079071,12352.941175922751,1819.2835437100275,169.0816125642972,1076250.1376552824,169.09384479432455,0
myopic,12,10,3,12,0,1,91.99999988079071,12352.941175922751,1687.9567943515867,199.40631936872305,1094595.5190134337,170.63726322604822,0
myopic,12,9,3,12,0,1,91.99999988079071,12352.941175922751,1531.1950795659195,190.50865195929654,1112122.3149709785,170.84305227950415,0
myopic,12,8,3,12,0,1,91.99999988079071,12352.941175922751,1381.0485563627954,186.57815333925362,1129287.505055948,170.84305227950415,0
myopic,12,7,3,12,0,1,91.99999988079071,12352.941175922751,1230.5871661791862,193.61192044748412,1147099.8017140361,170.84305227950415,0
myopic,12,6,3,12,0,1,91.99999988079071,12352.941175922751,1075.7996060194455,177.4417404601733,1163424.4418152194,170.84305227950415,0
myopic,12,5,3,12,0,1,91.99999988079071,12352.941175922751,931.2373967389558,161.62463385524003,1178293.9081106342,155.39122305741984,0
myopic,12,4,3,12,0,1,91.99999988079071,12352.941175922751,799.6241727272463,157.92451628780026,1192822.9635902857,149.0674834074808,0
myopic,12,3,3,12,0,1,91.99999988079071,12352.941175922751,671.0799820421744,157.5137978857136,1207314.2329769942,142.23678861945825,0
myopic,12,2,3,12,0,1,91.99999988079071,12352.941175922751,540.7534581511063,134.62906819326025,1219700.1072347253,135.31638940994628,0
myopic,12,1,3,12,0,1,91.99999988079071,10000.0,429.0407226929292,0.0,1219700.1072347253,127.3584148712835,0
myopic,13,100,5,12,1,1,91.99999988079071,12352.941175922751,10000.0,137.47797729253023,12647.97389452413,122.62129846453644,0
myopic,13,99,5,12,1,1,91.99999988079071,12352.941175922751,9900.116287870136,134.64689336575725,25035.488068122635,122.62129846453644,0
myopic,13,98,5,12,1,1,91.99999988079071,12352.941175922751,9805.087578285129,140.57216764436257,37968.127474646484,122.62129846453644,0
myopic,13,97,5,12,1,1,91.99999988079071,12352.941175922751,9704.496590505309,133.073573414418,50210.896212909334,124.02216067174243,0
myopic,13,96,5,12,1,1,91.99999988079071,12352.941175922751,9610.017199205366,142.84521299854367,63352.655791746874,124.02216067174243,0
myopic,13,95,5,12,1,1,91.99999988079071,12352.941175922751,9507.209814373215,133.1382137311796,75601.37143914409,125.08183156398725,0
myopic,13,94,5,12,1,1,91.99999988079071,12352.941175922751,9412.620292221454,123.16997782905017,86933.0093847337,125.08183156398725,0
myopic,13,93,5,12,1,1,91.99999988079071,12352.941175922751,9322.69988659171,136.9230146345178,99529.92671478684,125.56961748732996,0
myopic,13,92,5,12,1,1,91.99999988079071,12352.941175922751,9223.038171994287,142.05706641211833,112599.1768077672,126.56691740931149,0
myopic,13,91,5,12,1,1,91.99999988079071,12352.941175922751,9118.77143401198,152.59243780893618,126637.6810679989,126.56691740931149,0
myopic,13,90,5,12,1,1,91.99999988079071,12352.941175922751,9008.860627177923,152.14166535877834,140634.71426286982,128.0068958182441,0
myopic,13,89,5,12,1,1,91.99999988079071,12352.941175922751,8900.994192152506,150.65750810215135,154495.20499030798,128.0068958182441,0
myopic,13,88,5,12,1,1,91.99999988079071,12352.941175922751,8794.849172132232,145.2135987062523,167854.85605397238,128.27423610834077,0
myopic,13,87,5,12,1,1,91.99999988079071,12352.941175922751,8688.89634870064,144.25676489884836,181126.4784074697,129.9887842880545,0
myopic,13,86,5,12,1,1,91.99999988079071,12352.941175922751,8585.427817429081,137.55967823581565,193781.96878876633,129.9887842880545,0
myopic,13,85,5,12,1,1,91.99999988079071,12352.941175922751,8486.61039355435,155.5229223599759,208090.07762734435,131.39065547928402,0
myopic,13,84,5,12,1,1,91.99999988079071,12352.941175922751,8372.975304638381,145.01686951623174,221431.62960555032,134.22803013497784,0
myopic,13,83,5,12,1,1,91.99999988079071,12352.941175922751,8269.822989454844,152.50589915503278,235462.17230963323,134.22803013497784,0
myopic,13,82,5,12,1,1,91.99999988079071,12352.941175922751,8161.517932275709,143.25972730115723,248642.0672042618,134.22803013497784,0
myopic,13,81,5,12,1,1,91.99999988079071,12352.941175922751,8058.635533405951,153.45268822003112,262759.71450221166,134.58628316204653,0
myopic,13,80,5,12,1,1,91.99999988079071,12352.941175922751,7946.8825146619765,154.12234763877402,276938.970466606,134.58628316204653,0
myopic,13,79,5,12,1,1,91.99999988079071,12352.941175922751,7834.450017834304,145.00406885084033,290279.3447835975,137.25137735790267,0
myopic,13,78,5,12,1,1,91.99999988079071,12352.941175922751,7728.188301328812,162.92610555469392,305268.546475207,137.25137735790267,0
myopic,13,77,5,12,1,1,91.99999988079071,12352.941175922751,7609.500567780103,158.3552489208597,319837.2293570487,138.34527592112582,0
myopic,13,76,5,12,1,1,91.99999988079071,12352.941175922751,7494.126785352165,161.51493662405997,334696.6035072081,139.8599388733162,0
myopic,13,75,5,12,1,1,91.99999988079071,12352.941175922751,7375.126383509723,160.29304897155552,349443.5639934828,139.8599388733162,0
myopic,13,74,5,12,1,1,91.99999988079071,12352.941175922751,7257.336483876912,167.2421851613332,364829.8450083886,139.8599388733162,0
myopic,13,73,5,12,1,1,91.99999988079071,12352.941175922751,7135.381272466042,151.448825486703,378763.1369351112,140.6224031964283,0
myopic,13,72,5,12,1,1,91.99999988079071,12352.941175922751,7025.12800570433,159.0098557201952,393392.0436424137,140.6224031964283,0
myopic,13,71,5,12,1,1,91.99999988079071,12352.941175922751,6909.261198423422,148.96589301244632,407096.9057818006,140.6224031964283,0
myopic,13,70,5,12,1,1,91.99999988079071,12352.941175922751,6798.715986826804,166.8400283417307,422446.188369351,140.6224031964283,0
myopic,13,69,5,12,1,1,91.99999988079071,12352.941175922751,6674.970869205215,139.00398478884657,435234.5549533543,143.74385215300907,0
myopic,13,68,5,12,1,1,91.99999988079071,12352.941175922751,6573.708786265658,151.88089738752956,449207.5974949014,146.41315056855447,0
myopic,13,67,5,12,1,1,91.99999988079071,12352.941175922751,6463.287191149908,158.89906768336297,463826.31170282856,146.41315056855447,0
myopic,13,66,5,12,1,1,91.99999988079071,12352.941175922751,6343.264656894842,159.70202043913315,478518.89756419085,147.95730716934838,0
myopic,13,65,5,12,1,1,91.99999988079071,12352.941175922751,6226.098020743444,167.751790827972,493952.0623003667,147.95730716934838,0
myopic,13,64,5,12,1,1,91.99999988079071,12352.941175922751,6101.594531858412,164.99728402883903,509131.81241135066,147.95730716934838,0
myopic,13,63,5,12,1,1,91.99999988079071,12352.941175922751,5980.12067234379,164.01979926325006,524221.63392401696,149.66408283344634,0
myopic,13,62,5,12,1,1,91.99999988079071,12352.941175922751,5857.506954333448,149.04120412281475,537933.4246855489,149.66408283344634,0
myopic,13,61,5,12,1,1,91.99999988079071,12352.941175922751,5748.796303608076,201.4037076756771,556462.565767702,149.93764281533836,0
myopic,13,60,5,12,1,1,91.99999988079071,12352.941175922751,5597.0919693578335,188.93064211877066,573844.1848201066,175.84600634426346,0
myopic,13,59,5,12,1,1,91.99999988079071,12352.941175922751,5457.781378736926,198.1881265143399,592077.4924358,176.08019672204279,0
myopic,13,58,5,12,1,1,91.99999988079071,12352.941175922751,5311.754968973684,196.95172359516766,610197.050983077,182.18293728047686,0
myopic,13,57,5,12,1,1,91.99999988079071,12352.941175922751,5161.43945883619,200.72907426806972,628664.1257918107,182.18293728047686,0
myopic,13,56,5,12,1,1,91.99999988079071,12352.941175922751,5008.827602951987,200.3250437210291,647094.0297902648,182.18293728047686,0
myopic,13,55,5,12,1,1,91.99999988079071,12352.941175922751,4857.667598139589,213.1926518946982,666707.7537391625,184.4032916851394,0
myopic,13,54,5,12,1,1,91.99999988079071,12352.941175922751,4699.901199183493,199.32618399350523,685045.7626428034,184.4032916851394,0
myopic,13,53,5,12,1,1,91.99999988079071,12352.941175922751,4549.970510031384,204.36185738562673,703847.0534979192,184.4032916851394,0
myopic,13,52,5,12,1,1,91.99999988079071,12352.941175922751,4393.037573057556,210.03671893183773,723170.43161461,184.4032916851394,0
myopic,13,51,5,12,1,1,91.99999988079071,12352.941175922751,4237.182178495106,212.03178511017836,742677.3558194702,186.63549510603517,0
myopic,13,50,5,12,1,1,91.99999988079071,12352.941175922751,4078.3687148014606,207.68312197399422,761784.20301632,195.43755580295394,0
myopic,13,49,5,12,1,1,91.99999988079071,12352.941175922751,3917.401145520609,206.53173274371665,780785.1224041214,196.20027183670678,0
myopic,13,48,5,12,1,1,91.99999988079071,12352.941175922751,3760.105595529735,213.38316330930093,800416.3734031399,196.20027183670678,0
myopic,13,47,5,12,1,1,91.99999988079071,12352.941175922751,3596.2043234464554,221.93448707426148,820834.3461875153,199.91319423353335,0
myopic,13,46,5,12,1,1,91.99999988079071,12352.941175922751,3426.838725624507,218.49552404545702,840935.9343736507,199.91319423353335,0
myopic,13,45,5,12,1,1,91.99999988079071,12352.941175922751,3257.9810023780346,212.29791159778293,860467.3422153388,199.91319423353335,0
myopic,13,44,5,12,1,1,91.99999988079071,12352.941175922751,3097.03203977419,210.818662301132,879862.6591219114,200.5032029124764,0
myopic,13,43,5,12,1,1,91.99999988079071,12352.941175922751,2933.250021963726,217.40297964333718,899863.7332231819,200.5032029124764,0
myopic,13,42,5,12,1,1,91.99999988079071,12352.941175922751,2768.4670708753147,220.13264198323157,920115.9362593973,200.5032029124764,0
myopic,13,41,5,12,1,1,91.99999988079071,12352.941175922751,2594.9589626402894,222.62544554939055,940597.4772234022,203.90988037788304,0
myopic,13,40,5,12,1,1,91.99999988079071,12352.941175922751,2422.000277654548,227.20668379769128,961500.4921057047,203.90988037788304,0
myopic,13,39,5,12,1,1,91.99999988079071,12352.941175922751,2246.793756607437,225.7848061142696,982272.6942413019,203.90988037788304,0
myopic,13,38,5,12,1,1,91.99999988079071,12352.941175922751,2072.990415728096,228.49082640427372,1003293.8502432568,211.06427502110148,0
myopic,13,37,5,12,1,1,91.99999988079071,12352.941175922751,1900.7067579078366,252.39111877127777,1026513.833140127,211.06427502110148,0
myopic,13,36,5,12,1,1,91.99999988079071,12352.941175922751,1703.0942827431008,232.6003535030175,1047913.0656346765,211.3777930168817,0
myopic,13,35,5,12,1,1,91.99999988079071,12352.941175922751,1522.77599249778,225.35290639504993,1068645.532996157,211.3777930168817,0
myopic,13,34,5,12,1,1,91.99999988079071,12352.941175922751,1345.6472482639765,230.1752135651584,1089821.6526167125,211.3777930168817,0
myopic,13,33,5,12,1,1,91.99999988079071,12352.941175922751,1165.2379884216007,220.57010010408098,1110114.101799994,211.3777930168817,0
myopic,13,32,5,12,1,1,91.99999988079071,12352.941175922751,992.200824429452,252.58304566038913,1133351.7419706397,211.3777930168817,0
myopic,13,31,5,12,1,1,91.99999988079071,12352.941175922751,795.0274510364416,244.91129123273151,1155883.5807348553,215.8582445896582,0
myopic,13,30,5,12,1,1,91.99999988079071,12352.941175922751,602.802086668813,259.08470602868573,1179719.373658609,217.62011982881515,0
myopic,13,29,5,12,1,1,91.99999988079071,10000.0,396.97652202924655,0.0,1179719.373658609,228.32407060173463,0
myopic,13,28,5,12,1,1,91.99999988079071,10000.0,396.97652202924655,0.0,1179719.373658609,228.32407060173463,0
myopic,13,27,5,12,1,1,91.99999988079071,10000.0,396.97652202924655,0.0,1179719.373658609,228.74480880120169,0
myopic,13,26,5,12,1,1,91.99999988079071,10000.0,396.97652202924655,0.0,1179719.373658609,228.74480880120169,0
myopic,13,25,5,12,1,1,91.99999988079071,10000.0,396.97652202924655,0.0,1179719.373658609,232.96745592437514,0
myopic,13,24,5,12,1,1,91.99999988079071,10000.0,396.97652202924655,0.0,1179719.373658609,236.4388957050125,0
myopic,13,23,5,12,1,1,91.99999988079071,10000.0,396.97652202924655,0.0,1179719.373658609,238.0786546384911,0
myopic,13,22,5,12,1,1,91.99999988079071,10000.0,396.97652202924655,0.0,1179719.373658609,240.89903206973992,0
myopic,13,21,5,12,1,1,91.99999988079071,10000.0,396.97652202924655,0.0,1179719.373658609,240.89903206973992,0
myopic,13,20,5,12,1,1,91.99999988079071,10000.0,396.97652202924655,0.0,1179719.373658609,240.89903206973992,0
myopic,13,19,5,12,1,1,91.99999988079071,10000.0,396.97652202924655,0.0,1179719.373658609,240.89903206973992,0
myopic,13,18,5,12,1,1,91.99999988079071,10000.0,396.97652202924655,0.0,1179719.373658609,246.92805639126922,0
myopic,13,17,5,12,1,1,91.99999988079071,10000.0,396.97652202924655,0.0,1179719.373658609,246.92805639126922,0
myopic,13,16,5,12,1,1,91.99999988079071,10000.0,396.97652202924655,0.0,1179719.373658609,249.22632805170318,0
myopic,13,15,5,12,1,1,91.99999988079071,10000.0,396.97652202924655,0.0,1179719.373658609,251.8711947131633,0
myopic,13,14,5,12,1,1,91.99999988079071,10000.0,396.97652202924655,0.0,1179719.373658609,253.63584708782395,0
myopic,13,13,5,12,1,1,91.99999988079071,10000.0,396.97652202924655,0.0,1179719.373658609,254.08714017232143,0
myopic,13,12,5,12,1,1,91.99999988079071,10000.0,396.97652202924655,0.0,1179719.373658609,254.80629722425985,0
myopic,13,11,5,12,1,1,91.99999988079071,10000.0,396.97652202924655,0.0,1179719.373658609,254.80629722425985,0
myopic,13,10,5,12,1,1,91.99999988079071,10000.0,396.97652202924655,0.0,1179719.373658609,255.9433429025627,0
myopic,13,9,5,12,1,1,91.99999988079071,10000.0,396.97652202924655,0.0,1179719.373658609,255.9433429025627,0
myopic,13,8,5,12,1,1,91.99999988079071,10000.0,396.97652202924655,0.0,1179719.373658609,255.9433429025627,0
myopic,13,7,5,12,1,1,91.99999988079071,10000.0,396.97652202924655,0.0,1179719.373658609,255.9433429025627,0
myopic,13,6,5,12,1,1,91.99999988079071,10000.0,396.97652202924655,0.0,1179719.373658609,255.9433429025627,0
myopic,13,5,5,12,1,1,91.99999988079071,10000.0,396.97652202924655,0.0,1179719.373658609,230.04512928449802,0
myopic,13,4,5,12,1,1,91.99999988079071,10000.0,396.97652202924655,0.0,1179719.373658609,226.42549507794118,0
myopic,13,3,5,12,1,1,91.99999988079071,10000.0,396.97652202924655,0.0,1179719.373658609,215.56234262596197,0
myopic,13,2,5,12,1,1,91.99999988079071,10000.0,396.97652202924655,0.0,1179719.373658609,203.8312723170848,0
myopic,13,1,5,12,1,1,91.99999988079071,10000.0,396.97652202924655,0.0,1179719.373658609,196.37128488998587,0
myopic,14,100,0,6,0,0,91.99999988079071,12352.941175922751,10000.0,79.86596544881837,7347.668811770525,53.51064944791461,1
myopic,14,99,0,6,0,0,91.99999988079071,12352.941175922751,9948.286103209286,61.63609636896497,13018.189670367708,53.51064944791461,1
myopic,14,98,0,6,0,0,91.99999988079071,12352.941175922751,9905.778046183485,59.949893728965336,18533.579886285934,53.51064944791461,1
myopic,14,97,0,6,0,0,91.99999988079071,12352.941175922751,9866.14553738809,57.119273346677076,23788.553027371076,55.53276728716988,1
myopic,14,96,0,6,0,0,91.99999988079071,12352.941175922751,9828.189451218865,44.564972699730696,27888.530510433742,55.852472283942966,1
myopic,14,95,0,6,0,0,91.99999988079071,12352.941175922751,9799.0636597118,75.13118788820314,34800.5997871921,56.18471002774361,1
myopic,14,94,0,6,0,0,91.99999988079071,12352.941175922751,9749.12362686582,59.65525413249524,40288.8831602702,56.18471002774361,1
myopic,14,93,0,6,0,0,91.99999988079071,12352.941175922751,9709.307276404395,65.63310347201895,46327.12867187186,56.18471002774361,1
myopic,14,92,0,6,0,0,91.99999988079071,12352.941175922751,9665.616810414102,66.94495189015001,52486.064237785205,56.85789131285237,1
myopic,14,91,0,6,0,0,91.99999988079071,12352.941175922751,9622.492282904172,68.1443844652267,58755.34760046261,56.85789131285237,1
myopic,14,90,0,6,0,0,91.99999988079071,12352.941175922751,9577.69386154568,69.70076332230633,65167.817817805815,57.85980122566746,1
myopic,14,89,0,6,0,0,91.99999988079071,12352.941175922751,9531.261185820564,55.42887950791018,70267.27472592592,57.85980122566746,1
myopic,14,88,0,6,0,0,91.99999988079071,12352.941175922751,9494.321814821593,56.668531849485106,75480.77964932313,57.85980122566746,1
myopic,14,87,0,6,0,0,91.99999988079071,12352.941175922751,9455.787270576277,64.49638693114485,81414.44723929989,59.05581472314141,1
myopic,14,86,0,6,0,0,91.99999988079071,12352.941175922751,9411.990841046265,56.09555647774181,86575.23842856502,59.05581472314141,1
myopic,14,85,0,6,0,0,91.99999988079071,12352.941175922751,9373.363207393684,62.60751457272346,92335.12976179218,59.321172379079584,1
myopic,14,84,0,6,0,0,91.99999988079071,12352.941175922751,9330.372908203826,71.84841577041581,98945.18400410544,59.321172379079584,1
myopic,14,83,0,6,0,0,91.99999988079071,12352.941175922751,9283.081181350553,67.60124089363913,105164.49815826154,59.321172379079584,1
myopic,14,82,0,6,0,0,91.99999988079071,12352.941175922751,9238.054477993075,68.68356623355567,111483.38624356095,59.321172379079584,1
myopic,14,81,0,6,0,0,91.99999988079071,12352.941175922751,9190.652163357638,70.91801701261967,118007.84380026787,59.67942540614826,1
myopic,14,80,0,6,0,0,91.99999988079071,12352.941175922751,9141.933908667845,56.54608223463633,123210.0833591136,59.67942540614826,1
myopic,14,79,0,6,0,0,91.99999988079071,12352.941175922751,9103.603972475274,69.28084147702786,129583.92076674124,60.144742931333404,1
myopic,14,78,0,6,0,0,91.99999988079071,12352.941175922751,9055.863587964755,62.652853718857244,135347.9833014073,60.59148468407464,1
myopic,14,77,0,6,0,0,91.99999988079071,12352.941175922751,9013.00628641241,71.0440108084074,141884.03228731168,61.68635059106254,1
myopic,14,76,0,6,0,0,91.99999988079071,12352.941175922751,8966.165349597675,59.29045344945489,147338.75399759357,61.68635059106254,1
myopic,14,75,0,6,0,0,91.99999988079071,12352.941175922751,8925.579685350038,58.19569623235526,152692.7580440328,61.68635059106254,1
myopic,14,74,0,6,0,0,91.99999988079071,12352.941175922751,8886.875745348389,74.90719033205102,159584.21954565184,61.68635059106254,1
myopic,14,73,0,6,0,0,91.99999988079071,12352.941175922751,8835.593137531956,65.86402028451963,165643.70940397604,61.811377832783585,1
myopic,14,72,0,6,0,0,91.99999988079071,12352.941175922751,8790.5768485928,66.57065189288711,171768.20937018582,61.811377832783585,1
myopic,14,71,0,6,0,0,91.99999988079071,12352.941175922751,8745.529199250688,66.12215101613245,177851.44725578764,63.69238905560433,1
myopic,14,70,0,6,0,0,91.99999988079071,12352.941175922751,8699.982614543233,80.37728797018934,185246.15773946335,63.69238905560433,1
myopic,14,69,0,6,0,0,91.99999988079071,12352.941175922751,8645.362420302166,70.15583092637344,191700.4941763265,63.69238905560433,1
myopic,14,68,0,6,0,0,91.99999988079071,12352.941175922751,8597.399094680948,60.62486706736553,197277.98193929708,64.51194257070377,1
myopic,14,67,0,6,0,0,91.99999988079071,12352.941175922751,8555.546343829012,79.29554284408161,204573.17187149983,64.51194257070377,1
myopic,14,66,0,6,0,0,91.99999988079071,12352.941175922751,8501.778493787006,79.02619862334826,211843.58213542722,66.02319309723785,1
myopic,14,65,0,6,0,0,91.99999988079071,12352.941175922751,8447.841257884178,81.57182376349783,219348.1899119449,66.02319309723785,1
myopic,14,64,0,6,0,0,91.99999988079071,12352.941175922751,8390.35725066707,69.29683581309372,225723.4987984887,66.02319309723785,1
myopic,14,63,0,6,0,0,91.99999988079071,12352.941175922751,8344.178392516144,69.57751174728686,232124.6298709448,66.02319309723785,1
myopic,14,62,0,6,0,0,91.99999988079071,12352.941175922751,8297.180825351654,61.89255802063608,237818.74520146515,66.02319309723785,1
myopic,14,61,0,6,0,0,91.99999988079071,12352.941175922751,8254.423070974248,104.23728915123176,247408.57579095243,66.0678136608015,1
myopic,14,60,0,6,0,0,91.99999988079071,12352.941175922751,8182.0911015585,91.59704851112734,255835.50424305693,85.17672399217258,1
myopic,14,59,0,6,0,0,91.99999988079071,12352.941175922751,8120.45734399722,88.50469393247735,263977.93607429427,85.17672399217258,1
myopic,14,58,0,6,0,0,91.99999988079071,12352.941175922751,8060.275802504464,97.51631157684159,272949.4367277388,85.17672399217258,1
myopic,14,57,0,6,0,0,91.99999988079071,12352.941175922751,7992.786093402147,93.00241462444895,281505.6588621014,85.17672399217258,1
myopic,14,56,0,6,0,0,91.99999988079071,12352.941175922751,7927.7316630611385,94.58921375532096,290207.86651631497,85.17672399217258,1
myopic,14,55,0,6,0,0,91.99999988079071,12352.941175922751,7860.384230366615,99.98575204485333,299406.55569252226,87.67464619283565,1
myopic,14,54,0,6,0,0,91.99999988079071,12352.941175922751,7790.568451622881,97.32148528526724,308360.1323271652,87.67464619283565,1
myopic,14,53,0,6,0,0,91.99999988079071,12352.941175922751,7721.484356918807,107.42470515327487,318243.2051884605,87.67464619283565,1
myopic,14,52,0,6,0,0,91.99999988079071,12352.941175922751,7645.627051583702,109.49689458162854,328316.91947691725,88.00542260216963,1
myopic,14,51,0,6,0,0,91.99999988079071,12352.941175922751,7569.126707897449,96.04528940480158,337153.0860907095,89.3393639748758,1
myopic,14,50,0,6,0,0,91.99999988079071,12352.941175922751,7502.985498440397,105.07558492701679,346820.03989146906,89.3393639748758,1
myopic,14,49,0,6,0,0,91.99999988079071,12352.941175922751,7429.876450231844,90.2407072270149,355122.1849455969,89.87264365606573,1
myopic,14,48,0,6,0,0,91.99999988079071,12352.941175922751,7364.942663542946,94.23914835202928,363792.1865827494,89.87264365606573,1
myopic,14,47,0,6,0,0,91.99999988079071,12352.941175922751,7298.791049628566,108.76871938074223,373798.9087528115,89.87264365606573,1
myopic,14,46,0,6,0,0,91.99999988079071,12352.941175922751,7221.535693284901,108.55000155116966,383785.5088825789,92.28499445299059,1
myopic,14,45,0,6,0,0,91.99999988079071,12352.941175922751,7144.572020366827,107.58351753608854,393683.19248307415,92.32417290804567,1
myopic,14,44,0,6,0,0,91.99999988079071,12352.941175922751,7066.2895337299005,102.42852536611862,403106.6168045466,92.85601305134094,1
myopic,14,43,0,6,0,0,91.99999988079071,12352.941175922751,6990.81336057156,98.60106619379013,412177.91488262115,92.85601305134094,1
myopic,14,42,0,6,0,0,91.99999988079071,12352.941175922751,6920.25384609262,103.25439775148227,421677.31946344866,92.85601305134094,1
myopic,14,41,0,6,0,0,91.99999988079071,12352.941175922751,6844.7627022559855,100.31868115077714,430906.63811736123,93.6308664821853,1
myopic,14,40,0,6,0,0,91.99999988079071,12352.941175922751,6772.947363432722,104.6493286835686,440534.3763437744,93.6308664821853,1
myopic,14,39,0,6,0,0,91.99999988079071,12352.941175922751,6695.844523894664,100.83945646216777,449811.6063262728,93.6308664821853,1
myopic,14,38,0,6,0,0,91.99999988079071,12352.941175922751,6624.397690495216,103.12516877893806,459299.12184164167,95.04742683727991,1
myopic,14,37,0,6,0,0,91.99999988079071,12352.941175922751,6548.81550842084,99.82964498449803,468483.44916831487,95.04742683727991,1
myopic,14,36,0,6,0,0,91.99999988079071,12352.941175922751,6476.060309268662,89.22008325011998,476691.69681669003,95.04742683727991,1
myopic,14,35,0,6,0,0,91.99999988079071,12352.941175922751,6410.998524327639,104.99388363128956,486351.1340982524,95.04742683727991,1
myopic,14,34,0,6,0,0,91.99999988079071,12352.941175922751,6333.537823993494,106.64617435234831,496162.5821259552,95.04742683727991,1
myopic,14,33,0,6,0,0,91.99999988079071,12352.941175922751,6254.5016562726705,98.36460521364559,505212.1257938846,95.04742683727991,1
myopic,14,32,0,6,0,0,91.99999988079071,12352.941175922751,6181.555871974166,98.25194261667717,514251.3045029064,97.00694341239463,1
myopic,14,31,0,6,0,0,91.99999988079071,12352.941175922751,6109.949228368944,120.30885791798303,525319.7194170189,101.69890345053383,1
myopic,14,30,0,6,0,0,91.99999988079071,12352.941175922751,6020.051881285328,100.3616778475614,534552.9937670305,101.69890345053383,1
myopic,14,29,0,6,0,0,91.99999988079071,12352.941175922751,5945.165404711604,111.73937142127399,544833.0159244674,105.09652333242514,1
myopic,14,28,0,6,0,0,91.99999988079071,12352.941175922751,5863.34418243395,117.28254444482978,555623.0099994105,105.09652333242514,1
myopic,14,27,0,6,0,0,91.99999988079071,12352.941175922751,5775.987822450385,126.80149617214691,567288.747632132,105.51726153189219,1
myopic,14,26,0,6,0,0,91.99999988079071,12352.941175922751,5683.6686941371145,115.8898783162236,577950.6164234094,105.51726153189219,1
myopic,14,25,0,6,0,0,91.99999988079071,12352.941175922751,5597.240243718476,106.18136102598642,587719.3016251423,108.86577323146005,1
myopic,14,24,0,6,0,0,91.99999988079071,12352.941175922751,5516.307900567243,135.93372812924304,600225.2045968281,110.31606898852215,1
myopic,14,23,0,6,0,0,91.99999988079071,12352.941175922751,5415.10944009151,126.84712777937997,611895.1403374097,111.20897889534331,1
myopic,14,22,0,6,0,0,91.99999988079071,12352.941175922751,5319.866568786046,125.95791169871265,623483.2681986759,112.95137016244168,1
myopic,14,21,0,6,0,0,91.99999988079071,12352.941175922751,5225.591683417278,130.44713193548418,635484.40432119,112.95137016244168,1
myopic,14,20,0,6,0,0,91.99999988079071,12352.941175922751,5128.4026366068665,134.70181382119912,647876.9711766826,112.95137016244168,1
myopic,14,19,0,6,0,0,91.99999988079071,12352.941175922751,5025.374463626276,148.07296265819872,661499.6837235852,112.95137016244168,1
myopic,14,18,0,6,0,0,91.99999988079071,12352.941175922751,4915.17182894388,127.91090696046966,673267.4871487003,117.40424760711261,1
myopic,14,17,0,6,0,0,91.99999988079071,12352.941175922751,4819.05225027427,127.59350673748423,685006.0897533385,117.40424760711261,1
myopic,14,16,0,6,0,0,91.99999988079071,12352.941175922751,4720.360719650313,121.7451441195823,696206.6429978269,117.43877695873326,1
myopic,14,15,0,6,0,0,91.99999988079071,12352.941175922751,4628.3862495566955,115.60452977285713,706842.2597231487,117.79311858824813,1
myopic,14,14,0,6,0,0,91.99999988079071,12352.941175922751,4538.55987821393,139.688199593061,719693.5740690582,118.13382576143007,1
myopic,14,13,0,6,0,0,91.99999988079071,12352.941175922751,4428.282048658552,130.31206180645307,731682.2837397174,118.13382576143007,1
myopic,14,12,0,6,0,0,91.99999988079071,12352.941175922751,4327.846686133575,127.13565759727678,743378.7642235111,118.65148982084473,1
myopic,14,11,0,6,0,0,91.99999988079071,12352.941175922751,4230.194050300146,118.60505749721347,754290.4294991159,118.65148982084473,1
myopic,14,10,0,6,0,0,91.99999988079071,12352.941175922751,4135.499465637529,129.2161822449222,766178.318250245,119.72247037978816,1
myopic,14,9,0,6,0,0,91.99999988079071,12352.941175922751,4032.747301492982,129.25332707081307,778069.6243253516,119.9282594332441,1
myopic,14,8,0,6,0,0,91.99999988079071,12352.941175922751,3928.2656138120456,142.94157725167545,791220.2494154657,119.9282594332441,1
myopic,14,7,0,6,0,0,91.99999988079071,12352.941175922751,3814.87035642348,128.51262216948948,803043.4106397389,119.9282594332441,1
myopic,14,6,0,6,0,0,91.99999988079071,12352.941175922751,3712.1240654414814,132.89411374881192,815269.6690887874,119.9282594332441,1
myopic,14,5,0,6,0,0,91.99999988079071,12352.941175922751,3602.9114665990173,113.09890611862876,825674.7684382189,111.6350613497792,1
myopic,14,4,0,6,0,0,91.99999988079071,12352.941175922751,3508.482821258174,110.53832153127698,835844.2940059191,105.31132169984018,1
myopic,14,3,0,6,0,0,91.99999988079071,12352.941175922751,3418.4129910267575,90.54802431397273,844174.7122320104,100.66337802387262,1
myopic,14,2,0,6,0,0,91.99999988079071,12352.941175922751,3342.948657691223,101.74411177069003,853535.1705027851,97.45860423514522,1
myopic,14,1,0,6,0,0,91.99999988079071,12352.941175922751,3257.1224490289524,94.73301788865709,862250.6081372485,90.48681714092218,1
myopic,15,100,1,12,0,1,91.99999988079071,12352.941175922751,10000.0,74.4227193694743,6846.890173119756,78.34826956228913,0
myopic,15,99,1,12,0,1,91.99999988079071,12352.941175922751,9952.22595472568,89.02121040675004,15036.841519928605,78.34826956228913,0
myopic,15,98,1,12,0,1,91.99999988079071,12352.941175922751,9894.563548359714,92.35801646973866,23533.77902413463,78.34826956228913,0
myopic,15,97,1,12,0,1,91.99999988079071,12352.941175922751,9833.222194968286,76.6048357272015,30581.42390190516,80.43164846582134,0
myopic,15,96,1,12,0,1,91.99999988079071,12352.941175922751,9782.098890660682,83.75203022099942,38286.61067225309,80.43164846582134,0
myopic,15,95,1,12,0,1,91.99999988079071,12352.941175922751,9725.1408430687,94.34673093362674,46966.509906899744,80.76388620962199,0
myopic,15,94,1,12,0,1,91.99999988079071,12352.941175922751,9663.741211028948,90.66373509577103,55307.57352490272,80.76388620962199,0
myopic,15,93,1,12,0,1,91.99999988079071,12352.941175922751,9603.849080502672,92.15949730251657,63786.247265747974,81.2516721329647,0
myopic,15,92,1,12,0,1,91.99999988079071,12352.941175922751,9541.650912257572,93.78610455691408,72414.56887380389,81.68189079408234,0
myopic,15,91,1,12,0,1,91.99999988079071,12352.941175922751,9477.998349740248,95.85359622021736,81233.09971463724,81.68189079408234,0
myopic,15,90,1,12,0,1,91.99999988079071,12352.941175922751,9414.881915027567,78.58457223335475,88462.88035073786,82.82831677780638,0
myopic,15,89,1,12,0,1,91.99999988079071,12352.941175922751,9364.408078737966,92.41813512109056,96965.34877086109,82.82831677780638,0
myopic,15,88,1,12,0,1,91.99999988079071,12352.941175922751,9302.454305796638,104.22742049810479,106554.27144426186,82.82831677780638,0
myopic,15,87,1,12,0,1,91.99999988079071,12352.941175922751,9234.10373868544,93.3031673762274,115138.16283175218,84.56293398444693,0
myopic,15,86,1,12,0,1,91.99999988079071,12352.941175922751,9173.064198892718,89.59314081706218,123380.73177624156,84.56293398444693,0
myopic,15,85,1,12,0,1,91.99999988079071,12352.941175922751,9116.044315797224,101.99231002217202,132764.02428612296,84.8282916403851,0
myopic,15,84,1,12,0,1,91.99999988079071,12352.941175922751,9049.027389790985,95.500008274796,141550.0250360197,87.66566629607894,0
myopic,15,83,1,12,0,1,91.99999988079071,12352.941175922751,8984.856963326536,98.79427824132567,150639.09862244446,87.66566629607894,0
myopic,15,82,1,12,0,1,91.99999988079071,12352.941175922751,8920.4919677896,108.61955769440122,160632.09791738092,87.66566629607894,0
myopic,15,81,1,12,0,1,91.99999988079071,12352.941175922751,8846.917300816662,100.47529572801992,169875.82511238116,88.02391932314761,0
myopic,15,80,1,12,0,1,91.99999988079071,12352.941175922751,8780.45603080181,85.16051877011147,177710.59282907948,88.02391932314761,0
myopic,15,79,1,12,0,1,91.99999988079071,12352.941175922751,8725.082872208834,96.8170030483567,186617.75709798682,89.41124357506565,0
myopic,15,78,1,12,0,1,91.99999988079071,12352.941175922751,8659.90543131722,94.21938581278297,195285.94058153103,89.85798532780689,0
myopic,15,77,1,12,0,1,91.99999988079071,12352.941175922751,8594.603526752338,102.25540092498912,204693.43745444022,91.10061121112462,0
myopic,15,76,1,12,0,1,91.99999988079071,12352.941175922751,8524.578973306578,107.09882307469856,214546.52916454533,91.10061121112462,0
myopic,15,75,1,12,0,1,91.99999988079071,12352.941175922751,8453.777624311213,107.79730688082988,224463.88138473124,91.10061121112462,0
myopic,15,74,1,12,0,1,91.99999988079071,12352.941175922751,8380.428851677014,90.24388985386966,232766.31924052935,91.10061121112462,0
myopic,15,73,1,12,0,1,91.99999988079071,12352.941175922751,8318.650125799697,108.96873153342368,242791.44252861425,91.59938678561403,0
myopic,15,72,1,12,0,1,91.99999988079071,12352.941175922751,8243.629892368275,110.86934588064942,252991.42233641734,91.59938678561403,0
myopic,15,71,1,12,0,1,91.99999988079071,12352.941175922751,8170.37666998679,100.47454279561876,262235.08026163676,93.48039800843478,0
myopic,15,70,1,12,0,1,91.99999988079071,12352.941175922751,8102.805240571458,102.88884241600766,271700.85375164414,93.48039800843478,0
myopic,15,69,1,12,0,1,91.99999988079071,12352.941175922751,8032.697422283115,113.25432868234768,282120.2519769192,93.48039800843478,0
myopic,15,68,1,12,0,1,91.99999988079071,12352.941175922751,7954.557170071359,97.61411549029283,291100.7505903896,95.11469441166237,0
myopic,15,67,1,12,0,1,91.99999988079071,12352.941175922751,7886.939959263187,118.54634521629731,302007.0143361571,95.11469441166237,0
myopic,15,66,1,12,0,1,91.99999988079071,12352.941175922751,7805.513223468646,93.49238845153694,310608.31406255334,96.29318018780998,0
myopic,15,65,1,12,0,1,91.99999988079071,12352.941175922751,7742.264262705693,104.10125952255822,320185.6299262189,96.29318018780998,0
myopic,15,64,1,12,0,1,91.99999988079071,12352.941175922751,7673.011448592517,104.43096112927286,329793.27833766286,96.29318018780998,0
myopic,15,63,1,12,0,1,91.99999988079071,12352.941175922751,7602.956646724006,111.87826500147776,340086.07870446186,96.29318018780998,0
myopic,15,62,1,12,0,1,91.99999988079071,12352.941175922751,7525.135901490344,105.05222854067893,349750.8837176811,96.29318018780998,0
myopic,15,61,1,12,0,1,91.99999988079071,12352.941175922751,7454.408290596305,135.45983309421766,362213.1883462011,96.40873891602581,0
myopic,15,60,1,12,0,1,91.99999988079071,12352.941175922751,7362.010559868637,127.90073151707215,373980.05563052476,121.48371342624034,0
myopic,15,59,1,12,0,1,91.99999988079071,12352.941175922751,7271.997379380458,127.34550014891863,385695.8416290445,121.717787817549,0
myopic,15,58,1,12,0,1,91.99999988079071,12352.941175922751,7186.023589059376,139.72566115099352,398550.6024382793,121.717787817549,0
myopic,15,57,1,12,0,1,91.99999988079071,12352.941175922751,7086.341695188519,146.27696129188487,412008.08285969513,121.717787817549,0
myopic,15,56,1,12,0,1,91.99999988079071,12352.941175922751,6983.430595909906,154.31148571498147,426204.73952707805,121.717787817549,0
myopic,15,55,1,12,0,1,91.99999988079071,12352.941175922751,6876.742381744241,154.97756979195285,440462.67592946294,125.52438207732914,0
myopic,15,54,1,12,0,1,91.99999988079071,12352.941175922751,6765.10339509548,134.8361250339913,452867.59941651643,125.52438207732914,0
myopic,15,53,1,12,0,1,91.99999988079071,12352.941175922751,6670.32362855244,127.55556569147289,464602.7114449261,125.52438207732914,0
myopic,15,52,1,12,0,1,91.99999988079071,12352.941175922751,6582.718394046384,144.3440428155533,477882.36336674984,125.77567823347204,0
myopic,15,51,1,12,0,1,91.99999988079071,12352.941175922751,6483.650215371401,141.53638269216862,490903.7105575569,127.57061847614774,0
myopic,15,50,1,12,0,1,91.99999988079071,12352.941175922751,6383.547017948804,140.93206303928392,503869.4603403706,127.57061847614774,0
myopic,15,49,1,12,0,1,91.99999988079071,12352.941175922751,6282.865105281759,155.46983921788345,518172.68552988244,127.56529444817109,0
myopic,15,48,1,12,0,1,91.99999988079071,12352.941175922751,6172.985708997041,147.9890339222065,531787.6766330837,127.56529444817109,0
myopic,15,47,1,12,0,1,91.99999988079071,12352.941175922751,6066.004843312461,139.87568471425206,544656.2396101204,127.56529444817109,0
myopic,15,46,1,12,0,1,91.99999988079071,12352.941175922751,5968.185427711995,124.065188523047,556070.2369394511,130.8145259896823,0
myopic,15,45,1,12,0,1,91.99999988079071,12352.941175922751,5879.6319624346925,152.44693100028425,570095.3545733042,130.8145259896823,0
myopic,15,44,1,12,0,1,91.99999988079071,12352.941175922751,5770.594081398803,160.85032081045094,584893.5840686908,131.2339851260106,0
myopic,15,43,1,12,0,1,91.99999988079071,12352.941175922751,5653.368219484564,150.59610865636893,598748.4260471243,131.2339851260106,0
myopic,15,42,1,12,0,1,91.99999988079071,12352.941175922751,5546.046788112267,140.24494728129912,611650.9611802853,131.2339851260106,0
myopic,15,41,1,12,0,1,91.99999988079071,12352.941175922751,5445.6544047166635,151.3064643446972,625571.1558819603,134.1721664575167,0
myopic,15,40,1,12,0,1,91.99999988079071,12352.941175922751,5337.430228551274,144.85194086035938,638897.5344238457,134.1721664575167,0
myopic,15,39,1,12,0,1,91.99999988079071,12352.941175922751,5234.150182855911,154.0741842371273,653072.3593552944,134.1721664575167,0
myopic,15,38,1,12,0,1,91.99999988079071,12352.941175922751,5126.596238771203,145.92367114679274,666497.3370834038,135.24479254111014,0
myopic,15,37,1,12,0,1,91.99999988079071,12352.941175922751,5021.314352346591,154.18530446946548,680682.3850762143,135.24479254111014,0
myopic,15,36,1,12,0,1,91.99999988079071,12352.941175922751,4908.72376199201,146.79349715039788,694187.3867965518,135.3776796692217,0
myopic,15,35,1,12,0,1,91.99999988079071,12352.941175922751,4803.477856584635,139.23635977610374,706997.1318793551,135.3776796692217,0
myopic,15,34,1,12,0,1,91.99999988079071,12352.941175922751,4700.649070812739,153.3103012994145,721101.6795806251,135.3776796692217,0
myopic,15,33,1,12,0,1,91.99999988079071,12352.941175922751,4588.796620309889,145.32339902278486,734471.4322733975,135.3776796692217,0
myopic,15,32,1,12,0,1,91.99999988079071,12352.941175922751,4484.82235849956,170.282964268238,750137.4649657761,137.67563429490323,0
myopic,15,31,1,12,0,1,91.99999988079071,12352.941175922751,4360.416518976409,164.8010848569598,765299.1647529706,146.59908961842842,0
myopic,15,30,1,12,0,1,91.99999988079071,12352.941175922751,4236.500555395628,151.34110289798826,779222.5462015442,146.67867998707746,0
myopic,15,29,1,12,0,1,91.99999988079071,12352.941175922751,4126.7379823587835,166.56406533571135,794546.4401925737,149.0471367442043,0
myopic,15,28,1,12,0,1,91.99999988079071,12352.941175922751,4002.9479320608234,155.7277190600769,808873.3903275366,149.0471367442043,0
myopic,15,27,1,12,0,1,91.99999988079071,12352.941175922751,3888.137164092469,159.2258329692695,823522.1669417282,149.46787494367135,0
myopic,15,26,1,12,0,1,91.99999988079071,12352.941175922751,3771.352556949224,172.31842054959006,839375.4616117486,149.46787494367135,0
myopic,15,25,1,12,0,1,91.99999988079071,12352.941175922751,3643.0842222394376,179.42199455891512,855882.28508978,154.18295349612166,0
myopic,15,24,1,12,0,1,91.99999988079071,12352.941175922751,3508.3576537375466,182.9415657781594,872712.9091195624,154.86606328959272,0
myopic,15,23,1,12,0,1,91.99999988079071,12352.941175922751,3373.5390954107143,177.57330143273302,889049.6528302054,155.75897319641388,0
myopic,15,22,1,12,0,1,91.99999988079071,12352.941175922751,3243.583500872065,160.86909658634482,903849.6096969721,158.80352394212818,0
myopic,15,21,1,12,0,1,91.99999988079071,12352.941175922751,3125.4357766456224,179.8703028381231,920397.6775366372,158.80352394212818,0
myopic,15,20,1,12,0,1,91.99999988079071,12352.941175922751,2989.6002268325838,160.9985784141875,935209.5467315499,158.80352394212818,0
myopic,15,19,1,12,0,1,91.99999988079071,12352.941175922751,2865.799078187648,186.94055993045754,952408.078222867,158.80352394212818,0
myopic,15,18,1,12,0,1,91.99999988079071,12352.941175922751,2724.50205735447,177.205790027376,968711.010884261,163.45135432315968,0
myopic,15,17,1,12,0,1,91.99999988079071,12352.941175922751,2589.7747350530544,169.3927739008314,984295.1460629443,163.45135432315968,0
myopic,15,16,1,12,0,1,91.99999988079071,12352.941175922751,2456.644135231908,178.86509555012864,1000750.7348322337,163.48588367478033,0
myopic,15,15,1,12,0,1,91.99999988079071,12352.941175922751,2320.01767796048,181.06488843619917,1017408.7045467795,166.63305223218825,0
myopic,15,14,1,12,0,1,91.99999988079071,12352.941175922751,2182.113294207131,176.87911461770562,1033681.5830705228,167.6035577215017,0
myopic,15,13,1,12,0,1,91.99999988079071,12352.941175922751,2044.9650435253498,175.373905082163,1049815.9823171755,168.05485080599917,0
myopic,15,12,1,12,0,1,91.99999988079071,12352.941175922751,1910.9905326941744,178.79159213808651,1066264.8087725658,169.09384479432455,0
myopic,15,11,1,12,0,1,91.99999988079071,12352.941175922751,1770.37404395669,178.97932469054828,1082730.9066227602,169.09384479432455,0
myopic,15,10,1,12,0,1,91.99999988079071,12352.941175922751,1632.2329878882028,189.79831745014388,1100192.3518055477,170.63726322604822,0
myopic,15,9,1,12,0,1,91.99999988079071,12352.941175922751,1485.256646120033,184.55759472843374,1117171.6504985627,170.84305227950415,0
myopic,15,8,1,12,0,1,91.99999988079071,12352.941175922751,1337.887458728199,190.4695179309461,1134694.846125504,170.84305227950415,0
myopic,15,7,1,12,0,1,91.99999988079071,12352.941175922751,1186.4422517571638,199.3929292465689,1153038.9955924188,170.84305227950415,0
myopic,15,6,1,12,0,1,91.99999988079071,12352.941175922751,1027.7490921121644,165.34942549744184,1168251.1427184723,170.84305227950415,0
myopic,15,5,1,12,0,1,91.99999988079071,12352.941175922751,897.4120833795841,163.54901260777106,1183297.6518588907,155.39122305741984,0
myopic,15,4,1,12,0,1,91.99999988079071,12352.941175922751,763.8375629625953,150.4309598665911,1197137.3001486843,149.0674834074808,0
myopic,15,3,1,12,0,1,91.99999988079071,12352.941175922751,638.6307784478904,156.38030925273952,1211524.2885812942,142.23678861945825,0
myopic,15,2,1,12,0,1,91.99999988079071,12352.941175922751,508.1408824082173,129.81377593015551,1223467.1559513935,135.31638940994628,0
myopic,15,1,1,12,0,1,91.99999988079071,10000.0,398.75259845654546,0.0,1223467.1559513935,127.3584148712835,0
myopic,16,100,1,6,0,0,91.99999988079071,12352.941175922751,10000.0,66.8950458277704,6154.344208180366,53.51064944791461,1
myopic,16,99,1,6,0,0,91.99999988079071,12352.941175922751,9955.565326378988,55.566156824660105,11266.430629425093,53.51064944791461,1
myopic,16,98,1,6,0,0,91.99999988079071,12352.941175922751,9919.394842350819,57.934139571320564,16596.371463080297,53.51064944791461,1
myopic,16,97,1,6,0,0,91.99999988079071,12352.941175922751,9882.990327490259,55.58343673878812,21710.047636422743,55.53276728716988,1
myopic,16,96,1,6,0,0,91.99999988079071,12352.941175922751,9846.980465335302,54.25704443766051,26701.695718219566,55.852472283942966,1
myopic,16,95,1,6,0,0,91.99999988079071,12352.941175922751,9811.993781092728,70.54044287676315,33191.416454472695,56.18471002774361,1
myopic,16,94,1,6,0,0,91.99999988079071,12352.941175922751,9765.828447766651,66.1571915122246,39277.87806571081,56.18471002774361,1
myopic,16,93,1,6,0,0,91.99999988079071,12352.941175922751,9722.648155028823,60.91404262444092,44881.969979897855,56.18471002774361,1
myopic,16,92,1,6,0,0,91.99999988079071,12352.941175922751,9684.466063634965,70.24791743730901,51344.77837575608,56.85789131285237,1
myopic,16,91,1,6,0,0,91.99999988079071,12352.941175922751,9640.057841919719,65.14302257139838,57337.936444559076,56.85789131285237,1
myopic,16,90,1,6,0,0,91.99999988079071,12352.941175922751,9597.7208252721,64.51252163430009,63273.08842722419,57.85980122566746,1
myopic,16,89,1,6,0,0,91.99999988079071,12352.941175922751,9555.468276193444,60.74360164625914,68861.49977143883,57.85980122566746,1
myopic,16,88,1,6,0,0,91.99999988079071,12352.941175922751,9515.183740038723,54.4443624634297,73870.3811115841,57.85980122566746,1
myopic,16,87,1,6,0,0,91.99999988079071,12352.941175922751,9479.096983459687,51.18959759408889,78579.824084138,59.05581472314141,1
myopic,16,86,1,6,0,0,91.99999988079071,12352.941175922751,9444.897503640686,60.944262781586644,84186.69625277886,59.05581472314141,1
myopic,16,85,1,6,0,0,91.99999988079071,12352.941175922751,9404.687035807226,77.08044708398955,91278.09737531719,59.321172379079584,1
myopic,16,84,1,6,0,0,91.99999988079071,12352.941175922751,9356.146570144712,62.498979588235024,97028.00348998434,59.321172379079584,1
myopic,16,83,1,6,0,0,91.99999988079071,12352.941175922751,9314.657380832115,72.2102299899242,103671.34464044924,59.321172379079584,1
myopic,16,82,1,6,0,0,91.99999988079071,12352.941175922751,9266.022315381695,70.25781616095382,110135.0637188816,59.321172379079584,1
myopic,16,81,1,6,0,0,91.99999988079071,12352.941175922751,9219.30424736006,66.25935404140536,116230.92428279217,59.67942540614826,1
myopic,16,80,1,6,0,0,91.99999988079071,12352.941175922751,9175.37440808272,66.4864844787906,122347.6808469151,59.67942540614826,1
myopic,16,79,1,6,0,0,91.99999988079071,12352.941175922751,9130.683491117923,67.68293800449355,128574.51113526007,60.144742931333404,1
myopic,16,78,1,6,0,0,91.99999988079071,12352.941175922751,9085.37222715427,80.53735018872626,135983.94734302207,60.59148468407464,1
myopic,16,77,1,6,0,0,91.99999988079071,12352.941175922751,9030.927112063684,64.8552414883643,141950.62955222023,61.68635059106254,1
myopic,16,76,1,6,0,0,91.99999988079071,12352.941175922751,8987.967245028482,73.4868298285034,148711.41788768224,61.68635059106254,1
myopic,16,75,1,6,0,0,91.99999988079071,12352.941175922751,8939.693243229394,52.9608914469121,153583.8198944847,61.68635059106254,1
myopic,16,74,1,6,0,0,91.99999988079071,12352.941175922751,8905.09096519943,72.05452395805445,160212.83609003614,61.68635059106254,1
myopic,16,73,1,6,0,0,91.99999988079071,12352.941175922751,8857.247079001603,64.8899597901949,166182.71238299858,61.811377832783585,1
myopic,16,72,1,6,0,0,91.99999988079071,12352.941175922751,8813.376689929479,61.39327842136555,171830.89399044556,61.811377832783585,1
myopic,16,71,1,6,0,0,91.99999988079071,12352.941175922751,8770.795274428176,69.99115894790997,178270.0806053097,63.69238905560433,1
myopic,16,70,1,6,0,0,91.99999988079071,12352.941175922751,8724.208689795152,86.10277937848167,186191.53629786576,63.69238905560433,1
myopic,16,69,1,6,0,0,91.99999988079071,12352.941175922751,8667.612283943443,66.72682655901038,192330.40433334027,63.69238905560433,1
myopic,16,68,1,6,0,0,91.99999988079071,12352.941175922751,8622.877754972731,63.02278585228902,198128.50062423796,64.51194257070377,1
myopic,16,67,1,6,0,0,91.99999988079071,12352.941175922751,8580.749268399437,77.02240325499524,205214.56171451573,64.51194257070377,1
myopic,16,66,1,6,0,0,91.99999988079071,12352.941175922751,8528.71987214362,71.97319307453533,211836.0954687931,66.02319309723785,1
myopic,16,65,1,6,0,0,91.99999988079071,12352.941175922751,8479.354177747375,87.45399108606887,219881.8626382861,66.02319309723785,1
myopic,16,64,1,6,0,0,91.99999988079071,12352.941175922751,8418.7254687048,55.61455404525387,224998.4016038197,66.02319309723785,1
myopic,16,63,1,6,0,0,91.99999988079071,12352.941175922751,8380.22696731034,78.56721359716272,232226.58524539272,66.02319309723785,1
myopic,16,62,1,6,0,0,91.99999988079071,12352.941175922751,8326.602449763843,64.54492877689013,238164.71868517227,66.02319309723785,1
myopic,16,61,1,6,0,0,91.99999988079071,12352.941175922751,8283.129899945681,91.67659906703646,246598.96578841092,66.0678136608015,1
myopic,16,60,1,6,0,0,91.99999988079071,12352.941175922751,8222.343373599855,103.22711306065953,256095.86017768597,85.17672399217258,1
myopic,16,59,1,6,0,0,91.99999988079071,12352.941175922751,8150.980638419759,93.24689570039864,264674.57457100676,85.17672399217258,1
myopic,16,58,1,6,0,0,91.99999988079071,12352.941175922751,8088.425334954556,104.1206316427843,274253.6726697308,85.17672399217258,1
myopic,16,57,1,6,0,0,91.99999988079071,12352.941175922751,8016.500405698689,101.85927910024702,283624.72633481096,85.17672399217258,1
myopic,16,56,1,6,0,0,91.99999988079071,12352.941175922751,7947.276141379429,115.25779381739052,294228.4433522711,85.17672399217258,1
myopic,16,55,1,6,0,0,91.99999988079071,12352.941175922751,7868.4269960941965,111.72944841521526,304507.55259315175,87.67464619283565,1
myopic,16,54,1,6,0,0,91.99999988079071,12352.941175922751,7794.445391837179,98.55782022890949,313574.8720424624,87.67464619283565,1
myopic,16,53,1,6,0,0,91.99999988079071,12352.941175922751,7726.528622070715,76.28022077212209,320592.6523444043,87.67464619283565,1
myopic,16,52,1,6,0,0,91.99999988079071,12352.941175922751,7674.529213152624,88.1130183971422,328699.0500264375,88.00542260216963,1
myopic,16,51,1,6,0,0,91.99999988079071,12352.941175922751,7615.18388719527,91.8854971083508,337152.51574945217,89.3393639748758,1
myopic,16,50,1,6,0,0,91.99999988079071,12352.941175922751,7552.9092318429175,101.10459086250174,346454.1380967497,89.3393639748758,1
myopic,16,49,1,6,0,0,91.99999988079071,12352.941175922751,7482.289032407643,100.64953838496332,355713.895616168,89.87264365606573,1
myopic,16,48,1,6,0,0,91.99999988079071,12352.941175922751,7413.390633683635,94.64249195211727,364421.0048644805,89.87264365606573,1
myopic,16,47,1,6,0,0,91.99999988079071,12352.941175922751,7345.783222353885,98.38666372394124,373472.5779153545,89.87264365606573,1
myopic,16,46,1,6,0,0,91.99999988079071,12352.941175922751,7277.224437730141,96.4852819793198,382349.22384595,92.28499445299059,1
myopic,16,45,1,6,0,0,91.99999988079071,12352.941175922751,7209.254841162724,108.85283624479027,392363.68476749444,92.32417290804567,1
myopic,16,44,1,6,0,0,91.99999988079071,12352.941175922751,7132.0988705750515,105.176432764621,402039.91656930157,92.85601305134094,1
myopic,16,43,1,6,0,0,91.99999988079071,12352.941175922751,7057.5027599748155,100.06463683900633,411245.8631465615,92.85601305134094,1
myopic,16,42,1,6,0,0,91.99999988079071,12352.941175922751,6986.49100897348,94.7047506100329,419958.70019139483,92.85601305134094,1
myopic,16,41,1,6,0,0,91.99999988079071,12352.941175922751,6919.704768513149,109.53898278120477,430036.28659420763,93.6308664821853,1
myopic,16,40,1,6,0,0,91.99999988079071,12352.941175922751,6843.749480542592,108.8506313403106,440050.5446645402,93.6308664821853,1
myopic,16,39,1,6,0,0,91.99999988079071,12352.941175922751,6766.398431981455,94.37055480245337,448732.63569511607,93.6308664821853,1
myopic,16,38,1,6,0,0,91.99999988079071,12352.941175922751,6701.487127385452,90.95306421218018,457100.3175917942,95.04742683727991,1
myopic,16,37,1,6,0,0,91.99999988079071,12352.941175922751,6638.03571045016,106.72266543284701,466918.80279889377,95.04742683727991,1
myopic,16,36,1,6,0,0,91.99999988079071,12352.941175922751,6561.789283892671,113.9980641019574,477406.6246826842,95.04742683727991,1
myopic,16,35,1,6,0,0,91.99999988079071,12352.941175922751,6477.734664919924,100.34287535746692,486638.16920360934,95.04742683727991,1
myopic,16,34,1,6,0,0,91.99999988079071,12352.941175922751,6408.501244242061,92.25282693225323,495125.42927037925,95.04742683727991,1
myopic,16,33,1,6,0,0,91.99999988079071,12352.941175922751,6344.682295857072,100.79507800076072,504398.5764344335,95.04742683727991,1
myopic,16,32,1,6,0,0,91.99999988079071,12352.941175922751,6272.920531014359,121.67323362332107,515592.51391327445,97.00694341239463,1
myopic,16,31,1,6,0,0,91.99999988079071,12352.941175922751,6187.511180417685,109.46632947307347,525663.4162117478,101.69890345053383,1
myopic,16,30,1,6,0,0,91.99999988079071,12352.941175922751,6108.8246048533,114.1197103436938,536162.4295497634,101.69890345053383,1
myopic,16,29,1,6,0,0,91.99999988079071,12352.941175922751,6027.009088314585,132.06590472270943,548312.4927685092,105.09652333242514,1
myopic,16,28,1,6,0,0,91.99999988079071,12352.941175922751,5931.490751214361,115.91894509047195,558977.035703014,105.09652333242514,1
myopic,16,27,1,6,0,0,91.99999988079071,12352.941175922751,5846.293439073883,117.38321779366133,569776.2917260376,105.51726153189219,1
myopic,16,26,1,6,0,0,91.99999988079071,12352.941175922751,5758.515659543497,109.6484769350988,579863.9515909957,105.51726153189219,1
myopic,16,25,1,6,0,0,91.99999988079071,12352.941175922751,5678.582265882502,116.8063788514624,590610.1384314058,108.86577323146005,1
myopic,16,24,1,6,0,0,91.99999988079071,12352.941175922751,5593.035502597992,129.0120059050146,602479.2429592877,110.31606898852215,1
myopic,16,23,1,6,0,0,91.99999988079071,12352.941175922751,5499.0454318445445,108.05337164315219,612420.1531375768,111.20897889534331,1
myopic,16,22,1,6,0,0,91.99999988079071,12352.941175922751,5419.268543958369,115.37330583000823,623034.4972601839,112.95137016244168,1
myopic,16,21,1,6,0,0,91.99999988079071,12352.941175922751,5333.160148205569,125.57144256282211,634587.0699609943,112.95137016244168,1
myopic,16,20,1,6,0,0,91.99999988079071,12352.941175922751,5237.342813262948,128.08404960958848,646370.8025098076,112.95137016244168,1
myopic,16,19,1,6,0,0,91.99999988079071,12352.941175922751,5143.164656940351,131.57874955960241,658476.0474536057,112.95137016244168,1
myopic,16,18,1,6,0,0,91.99999988079071,12352.941175922751,5043.4393894624,129.31364419162585,670372.9027038199,117.40424760711261,1
myopic,16,17,1,6,0,0,91.99999988079071,12352.941175922751,4946.553354312997,126.54288422344082,682014.8480372914,117.40424760711261,1
myopic,16,16,1,6,0,0,91.99999988079071,12352.941175922751,4851.919060456772,121.72430472290449,693213.484057288,117.43877695873326,1
myopic,16,15,1,6,0,0,91.99999988079071,12352.941175922751,4758.554274140857,132.6503565056132,705417.3168399913,117.79311858824813,1
myopic,16,14,1,6,0,0,91.99999988079071,12352.941175922751,4660.098936008129,138.0646457069261,718119.2642285698,118.13382576143007,1
myopic,16,13,1,6,0,0,91.99999988079071,12352.941175922751,4554.999995458156,131.8556692368804,730249.9857826444,118.13382576143007,1
myopic,16,12,1,6,0,0,91.99999988079071,12352.941175922751,4454.030034022452,139.5556506027308,743089.1056214593,118.65148982084473,1
myopic,16,11,1,6,0,0,91.99999988079071,12352.941175922751,4350.337319488116,131.0753721466512,755148.0398433259,118.65148982084473,1
myopic,16,10,1,6,0,0,91.99999988079071,12352.941175922751,4248.556530566025,130.41427990173634,767146.153578739,119.72247037978816,1
myopic,16,9,1,6,0,0,91.99999988079071,12352.941175922751,4149.724821781819,121.31349384947227,778306.9949984287,119.9282594332441,1
myopic,16,8,1,6,0,0,91.99999988079071,12352.941175922751,4054.9582128914944,142.8578936174516,791449.9211942042,119.9282594332441,1
myopic,16,7,1,6,0,0,91.99999988079071,12352.941175922751,3945.8271532615227,126.79355772791338,803114.9284900574,119.9282594332441,1
myopic,16,6,1,6,0,0,91.99999988079071,12352.941175922751,3845.487350883045,124.36079350664988,814556.1214778442,119.9282594332441,1
myopic,16,5,1,6,0,0,91.99999988079071,12352.941175922751,3746.166011214863,124.87470847718825,826044.5946428593,111.6350613497792,1
myopic,16,4,1,6,0,0,91.99999988079071,12352.941175922751,3645.4628159155336,98.75763902541175,835130.2974214243,105.31132169984018,1
myopic,16,3,1,6,0,0,91.99999988079071,12352.941175922751,3565.9375053354133,98.27501947759974,844171.5992016481,100.66337802387262,1
myopic,16,2,1,6,0,0,91.99999988079071,12352.941175922751,3485.688326618887,111.51003798711054,854430.5226831692,97.45860423514522,1
myopic,16,1,1,6,0,0,91.99999988079071,12352.941175922751,3392.5852202186743,110.6718438783837,864612.3323067874,90.48681714092218,1
myopic,17,100,4,6,0,0,91.99999988079071,12352.941175922751,10000.0,45.65943292921784,4200.667824045013,55.48941880342484,1
myopic,17,99,4,6,0,0,91.99999988079071,12352.941175922751,9969.812305680094,54.33186629183906,9199.199516417342,55.48941880342484,1
myopic,17,98,4,6,0,0,91.99999988079071,12352.941175922751,9934.43570690143,60.50884988582731,14766.013698700237,55.48941880342484,1
myopic,17,97,4,6,0,0,91.99999988079071,12352.941175922751,9894.383503865134,44.42074009321242,18852.721781980414,56.829019946353895,1
myopic,17,96,4,6,0,0,91.99999988079071,12352.941175922751,9864.434761214236,47.58163707155506,23230.232386891304,57.148724943126965,1
myopic,17,95,4,6,0,0,91.99999988079071,12352.941175922751,9831.81493954809,68.52094681163416,29534.159485393313,58.20839583537179,1
myopic,17,94,4,6,0,0,91.99999988079071,12352.941175922751,9786.638493062817,74.54037421788146,36391.8739045525,58.20839583537179,1
myopic,17,93,4,6,0,0,91.99999988079071,12352.941175922751,9736.987227600139,70.68309741198178,42894.71885802874,58.20839583537179,1
myopic,17,92,4,6,0,0,91.99999988079071,12352.941175922751,9689.772728366945,73.9279807120377,49696.09307472331,59.44865838134444,1
myopic,17,91,4,6,0,0,91.99999988079071,12352.941175922751,9639.503904195668,59.47796538681707,55168.06588322015,59.44865838134444,1
myopic,17,90,4,6,0,0,91.99999988079071,12352.941175922751,9600.191720869449,69.48245493486105,61560.45172894441,60.89109345881038,1
myopic,17,89,4,6,0,0,91.99999988079071,12352.941175922751,9553.8657219274,48.750329743854365,66045.48205956753,60.89109345881038,1
myopic,17,88,4,6,0,0,91.99999988079071,12352.941175922751,9520.064019024194,51.595415543301414,70792.26028340061,61.15843374890705,1
myopic,17,87,4,6,0,0,91.99999988079071,12352.941175922751,9486.793416730541,58.786335176388356,76200.60311262046,62.95185624470667,1
myopic,17,86,4,6,0,0,91.99999988079071,12352.941175922751,9446.901656719474,84.10584505628071,83938.3408477721,62.95185624470667,1
myopic,17,85,4,6,0,0,91.99999988079071,12352.941175922751,9390.555883697514,66.6091261988825,90066.38045012885,63.6293292994672,1
myopic,17,84,4,6,0,0,91.99999988079071,12352.941175922751,9345.543899089955,66.80286705720636,96212.24421142832,63.6293292994672,1
myopic,17,83,4,6,0,0,91.99999988079071,12352.941175922751,9300.413475713993,60.617973328334486,101789.09775040887,63.6293292994672,1
myopic,17,82,4,6,0,0,91.99999988079071,12352.941175922751,9259.14962953745,73.2710255066664,108530.03208828758,63.6293292994672,1
myopic,17,81,4,6,0,0,91.99999988079071,12352.941175922751,9211.857066893015,69.24858275882764,114900.90169384464,63.98758232653586,1
myopic,17,80,4,6,0,0,91.99999988079071,12352.941175922751,9164.815963562662,75.13017641179121,121812.87791477321,63.98758232653586,1
myopic,17,79,4,6,0,0,91.99999988079071,12352.941175922751,9114.607812831815,60.50573317723031,127379.40535986556,64.45289985172099,1
myopic,17,78,4,6,0,0,91.99999988079071,12352.941175922751,9074.218017185907,76.3778981143922,134406.17197728468,64.89964160446222,1
myopic,17,77,4,6,0,0,91.99999988079071,12352.941175922751,9023.065387574816,65.88041990867615,140467.17060102933,65.68756414862953,1
myopic,17,76,4,6,0,0,91.99999988079071,12352.941175922751,8977.307203906968,65.70430968503189,146511.9670842197,65.68756414862953,1
myopic,17,75,4,6,0,0,91.99999988079071,12352.941175922751,8933.214670534615,71.26366989275782,153068.22470585813,65.68756414862953,1
myopic,17,74,4,6,0,0,91.99999988079071,12352.941175922751,8884.363462377465,80.119664768655,160439.23385502337,65.68756414862953,1
myopic,17,73,4,6,0,0,91.99999988079071,12352.941175922751,8830.41990600333,59.27339074380265,165892.38579638727,65.5279447130899,1
myopic,17,72,4,6,0,0,91.99999988079071,12352.941175922751,8789.898717764323,79.02931032802272,173163.08233714433,65.5279447130899,1
myopic,17,71,4,6,0,0,91.99999988079071,12352.941175922751,8737.137845802587,69.98211167590978,179601.43660298552,67.40895593591064,1
myopic,17,70,4,6,0,0,91.99999988079071,12352.941175922751,8688.793575447053,75.72841020236439,186568.4503325755,67.40895593591064,1
myopic,17,69,4,6,0,0,91.99999988079071,12352.941175922751,8636.602954145135,72.72333031688831,193258.99671305993,67.40895593591064,1
myopic,17,68,4,6,0,0,91.99999988079071,12352.941175922751,8587.195205283806,67.35334244821914,199455.50421026695,68.22850945101008,1
myopic,17,67,4,6,0,0,91.99999988079071,12352.941175922751,8539.79132159601,67.61664597066552,205676.23563150765,68.22850945101008,1
myopic,17,66,4,6,0,0,91.99999988079071,12352.941175922751,8492.075361940946,66.03385620282675,211751.35039429585,69.84883539218049,1
myopic,17,65,4,6,0,0,91.99999988079071,12352.941175922751,8444.208523979803,62.64943625868224,217515.0985226262,69.84883539218049,1
myopic,17,64,4,6,0,0,91.99999988079071,12352.941175922751,8399.599033942053,69.37774642742775,223897.8511856791,69.84883539218049,1
myopic,17,63,4,6,0,0,91.99999988079071,12352.941175922751,8351.505834766354,76.02990312243138,230892.6022638793,69.84883539218049,1
myopic,17,62,4,6,0,0,91.99999988079071,12352.941175922751,8299.218045210699,94.43036890605806,239580.19619197966,69.84883539218049,1
myopic,17,61,4,6,0,0,91.99999988079071,12352.941175922751,8233.307327654336,87.09233776398331,247592.6912558839,69.89345595574414,1
myopic,17,60,4,6,0,0,91.99999988079071,12352.941175922751,8171.852199781237,103.3601416808512,257101.82427820071,89.10668574861131,1
myopic,17,59,4,6,0,0,91.99999988079071,12352.941175922751,8101.061516239752,101.94583204374726,266480.8408140726,89.10668574861131,1
myopic,17,58,4,6,0,0,91.99999988079071,12352.941175922751,8029.584837415879,104.22361299009097,276069.41319673654,89.10668574861131,1
myopic,17,57,4,6,0,0,91.99999988079071,12352.941175922751,7955.598870567341,97.593388455315,285048.0049229915,89.10668574861131,1
myopic,17,56,4,6,0,0,91.99999988079071,12352.941175922751,7887.507461561667,107.68163190861898,294954.7150457478,89.10668574861131,1
myopic,17,55,4,6,0,0,91.99999988079071,12352.941175922751,7811.311057057168,88.4844314583836,303095.2827293709,91.60460794927438,1
myopic,17,54,4,6,0,0,91.99999988079071,12352.941175922751,7749.50846118657,96.53215125457851,311976.2406332846,91.60460794927438,1
myopic,17,53,4,6,0,0,91.99999988079071,12352.941175922751,7681.629929907169,119.03551790489878,322927.5082663452,91.60460794927438,1
myopic,17,52,4,6,0,0,91.99999988079071,12352.941175922751,7597.945368367486,106.04187445835213,332683.3607038724,91.93538435860836,1
myopic,17,51,4,6,0,0,91.99999988079071,12352.941175922751,7520.767622662165,106.25240940283213,342458.5823562667,93.26932573131452,1
myopic,17,50,4,6,0,0,91.99999988079071,12352.941175922751,7444.7685130568825,114.03309723848763,352949.62728861376,93.26932573131452,1
myopic,17,49,4,6,0,0,91.99999988079071,12352.941175922751,7363.369907812197,105.13728662213794,362622.2576453171,94.57064547423397,1
myopic,17,48,4,6,0,0,91.99999988079071,12352.941175922751,7287.57971997013,106.94604266368233,372461.29355762695,94.57064547423397,1
myopic,17,47,4,6,0,0,91.99999988079071,12352.941175922751,7212.092179047417,96.96623736876661,381382.1873839942,94.57064547423397,1
myopic,17,46,4,6,0,0,91.99999988079071,12352.941175922751,7142.843990964891,117.85078219088719,392224.4593315069,96.98299627115883,1
myopic,17,45,4,6,0,0,91.99999988079071,12352.941175922751,7058.678090699938,116.43701865693433,402936.6650340645,97.32361841658812,1
myopic,17,44,4,6,0,0,91.99999988079071,12352.941175922751,6974.476168912617,104.77840648130936,412576.2784178544,97.85545855988339,1
myopic,17,43,4,6,0,0,91.99999988079071,12352.941175922751,6902.616116842393,109.0266519692899,422606.7303860321,97.85545855988339,1
myopic,17,42,4,6,0,0,91.99999988079071,12352.941175922751,6824.349849140157,95.2946680286046,431373.8398333037,97.85545855988339,1
myopic,17,41,4,6,0,0,91.99999988079071,12352.941175922751,6754.911607281676,107.89544194169002,441300.220479077,98.63031199072775,1
myopic,17,40,4,6,0,0,91.99999988079071,12352.941175922751,6676.30401780569,103.26349491588303,450800.4619990283,98.63031199072775,1
myopic,17,39,4,6,0,0,91.99999988079071,12352.941175922751,6601.1216651191135,106.21861071497142,460572.5741721434,98.63031199072775,1
myopic,17,38,4,6,0,0,91.99999988079071,12352.941175922751,6522.583123740982,110.99907153507363,470784.48874013807,100.36903837561965,1
myopic,17,37,4,6,0,0,91.99999988079071,12352.941175922751,6443.6030671980225,112.06261030481843,481094.24887482246,100.36903837561965,1
myopic,17,36,4,6,0,0,91.99999988079071,12352.941175922751,6361.659327601944,108.7205267344872,491096.53732143476,100.68255637139985,1
myopic,17,35,4,6,0,0,91.99999988079071,12352.941175922751,6283.867232028799,118.8243841681018,502028.38065073517,100.68255637139985,1
myopic,17,34,4,6,0,0,91.99999988079071,12352.941175922751,6197.722509913557,123.00916546266177,513345.2238586362,100.68255637139985,1
myopic,17,33,4,6,0,0,91.99999988079071,12352.941175922751,6108.223633507014,112.7555269710441,523718.7323265308,100.68255637139985,1
myopic,17,32,4,6,0,0,91.99999988079071,12352.941175922751,6025.1583138603855,118.84749572552084,534652.701919111,102.64207294651457,1
myopic,17,31,4,6,0,0,91.99999988079071,12352.941175922751,5933.98966530932,114.56184474265875,545192.3916217787,107.33403298465377,1
myopic,17,30,4,6,0,0,91.99999988079071,12352.941175922751,5846.559095582902,127.25960436723601,556900.2752083939,108.1643677223478,1
myopic,17,29,4,6,0,0,91.99999988079071,12352.941175922751,5753.0944029991415,132.31642226091728,569073.3860406249,111.5619876042391,1
myopic,17,28,4,6,0,0,91.99999988079071,12352.941175922751,5653.329164411634,130.36856245701603,581067.2937711292,111.5619876042391,1
myopic,17,27,4,6,0,0,91.99999988079071,12352.941175922751,5558.09896559954,126.75556048187384,592728.8053203512,111.98272580370616,1
myopic,17,26,4,6,0,0,91.99999988079071,12352.941175922751,5463.810638643184,125.26571167448797,604253.2507794712,111.98272580370616,1
myopic,17,25,4,6,0,0,91.99999988079071,12352.941175922751,5369.976479614224,128.31790739934937,616058.4982449147,115.33123750327402,1
myopic,17,24,4,6,0,0,91.99999988079071,12352.941175922751,5271.206811326953,131.99871141271723,628202.3796791492,116.78153326033612,1
myopic,17,23,4,6,0,0,91.99999988079071,12352.941175922751,5174.512120528629,140.85579242062795,641161.1125650557,117.67444316715728,1
myopic,17,22,4,6,0,0,91.99999988079071,12352.941175922751,5067.7321029042605,131.9330697710581,653298.9549682654,119.41683443425565,1
myopic,17,21,4,6,0,0,91.99999988079071,12352.941175922751,4970.432257797846,134.07887729361263,665634.2116632942,119.41683443425565,1
myopic,17,20,4,6,0,0,91.99999988079071,12352.941175922751,4869.052710485549,138.52581037738693,678378.5862015003,119.41683443425565,1
myopic,17,19,4,6,0,0,91.99999988079071,12352.941175922751,4762.50094192979,143.5217306785546,691582.5854068182,119.41683443425565,1
myopic,17,18,4,6,0,0,91.99999988079071,12352.941175922751,4653.048681358941,122.2651866885775,702830.9825675922,124.90873747636871,1
myopic,17,17,4,6,0,0,91.99999988079071,12352.941175922751,4557.735406925494,142.53859636055964,715944.5334157718,124.90873747636871,1
myopic,17,16,4,6,0,0,91.99999988079071,12352.941175922751,4448.18988080298,135.10763998785433,728374.4362785483,126.98521596814824,1
myopic,17,15,4,6,0,0,91.99999988079071,12352.941175922751,4344.810275074713,126.89898805144398,740049.1431641537,127.33955759766313,1
myopic,17,14,4,6,0,0,91.99999988079071,12352.941175922751,4247.7499984998985,140.43838290791697,752969.4743749405,128.64897873426494,1
myopic,17,13,4,6,0,0,91.99999988079071,12352.941175922751,4135.837730527533,144.9644922569214,766306.2076452961,128.64897873426494,1
myopic,17,12,4,6,0,0,91.99999988079071,12352.941175922751,4019.8783602383564,133.26058570791002,778566.1815145379,128.95909757847755,1
myopic,17,11,4,6,0,0,91.99999988079071,12352.941175922751,3913.2650782218643,138.82508730611494,791338.0895301512,128.95909757847755,1
myopic,17,10,4,6,0,0,91.99999988079071,12352.941175922751,3801.4581106543183,151.9813138656705,805320.3703876754,129.70269371597854,1
myopic,17,9,4,6,0,0,91.99999988079071,12352.941175922751,3680.502063135429,143.23012847158327,818497.5421899867,129.70269371597854,1
myopic,17,8,4,6,0,0,91.99999988079071,12352.941175922751,3564.3614200757047,135.78803742315023,830990.0416167293,129.70269371597854,1
myopic,17,7,4,6,0,0,91.99999988079071,12352.941175922751,3458.2513908873707,148.68958980135565,844669.4838607289,129.70269371597854,1
myopic,17,6,4,6,0,0,91.99999988079071,12352.941175922751,3335.2454659088135,113.37947527617801,855100.3955726214,129.70269371597854,1
myopic,17,5,4,6,0,0,91.99999988079071,12352.941175922751,3242.6392359441707,112.16089028529626,865419.197465498,117.28918192833491,1
myopic,17,4,4,6,0,0,91.99999988079071,12352.941175922751,3150.802797386429,108.52378549455265,875403.3857180598,110.96544227839588,1
myopic,17,3,4,6,0,0,91.99999988079071,12352.941175922751,3060.14152655181,108.22827774529313,885360.387257725,106.31749860242833,1
myopic,17,2,4,6,0,0,91.99999988079071,12352.941175922751,2969.59812771432,95.7434439476746,894168.7840894975,102.72787383917988,1
myopic,17,1,4,6,0,0,91.99999988079071,12352.941175922751,2887.7159007311484,94.13624012999202,902829.3181702349,95.2678864120809,1
myopic,18,100,5,12,1,1,91.99999988079071,12352.941175922751,10000.0,131.51883978787447,12099.733244806184,122.62129846453644,0
myopic,18,99,5,12,1,1,91.99999988079071,12352.941175922751,9905.51095859162,147.28565601168404,25650.0135803233,122.62129846453644,0
myopic,18,98,5,12,1,1,91.99999988079071,12352.941175922751,9796.645261845022,128.54217095121854,37475.89329251198,122.62129846453644,0
myopic,18,97,5,12,1,1,91.99999988079071,12352.941175922751,9703.50590464734,140.07021330723026,50362.352900079495,124.02216067174243,0
myopic,18,96,5,12,1,1,91.99999988079071,12352.941175922751,9603.660606699726,145.8272730377178,63778.462002165565,124.02216067174243,0
myopic,18,95,5,12,1,1,91.99999988079071,12352.941175922751,9498.50677446706,145.69961425934636,77182.82649665668,125.08183156398725,0
myopic,18,94,5,12,1,1,91.99999988079071,12352.941175922751,9394.756654829152,137.6043691326448,89842.42844045628,125.08183156398725,0
myopic,18,93,5,12,1,1,91.99999988079071,12352.941175922751,9295.448644716012,138.87416051277657,102618.85119107664,125.56961748732996,0
myopic,18,92,5,12,1,1,91.99999988079071,12352.941175922751,9195.602607949006,132.57000967726114,114815.29206558109,126.56691740931149,0
myopic,18,91,5,12,1,1,91.99999988079071,12352.941175922751,9100.040001140422,141.79672918500975,127860.5911336985,126.56691740931149,0
myopic,18,90,5,12,1,1,91.99999988079071,12352.941175922751,8997.95836707552,140.17757446718005,140756.9279679686,128.0068958182441,0
myopic,18,89,5,12,1,1,91.99999988079071,12352.941175922751,8895.93234795567,135.31973824606112,153206.34387047484,128.0068958182441,0
myopic,18,88,5,12,1,1,91.99999988079071,12352.941175922751,8797.326683764511,141.2398415129341,166200.40927282767,128.27423610834077,0
myopic,18,87,5,12,1,1,91.99999988079071,12352.941175922751,8695.125362628638,140.94057554078069,179166.94220577806,129.9887842880545,0
myopic,18,86,5,12,1,1,91.99999988079071,12352.941175922751,8591.922081814815,150.08871793695005,192975.1042380855,129.9887842880545,0
myopic,18,85,5,12,1,1,91.99999988079071,12352.941175922751,8483.126614944838,143.60575310215881,206186.833506365,131.39065547928402,0
myopic,18,84,5,12,1,1,91.99999988079071,12352.941175922751,8376.51346341447,151.42606660244874,220118.03161573887,134.22803013497784,0
myopic,18,83,5,12,1,1,91.99999988079071,12352.941175922751,8268.172641348865,147.07887122815347,233649.28775119584,134.22803013497784,0
myopic,18,82,5,12,1,1,91.99999988079071,12352.941175922751,8161.331340441959,153.2817261292351,247751.20653681285,134.22803013497784,0
myopic,18,81,5,12,1,1,91.99999988079071,12352.941175922751,8050.011865720527,141.59194870804498,260777.66580107392,134.58628316204653,0
myopic,18,80,5,12,1,1,91.99999988079071,12352.941175922751,7945.031176776829,134.48716754468558,273150.4851991529,134.58628316204653,0
myopic,18,79,5,12,1,1,91.99999988079071,12352.941175922751,7848.677938715607,146.24530516473845,286605.053256875,137.25137735790267,0
myopic,18,78,5,12,1,1,91.99999988079071,12352.941175922751,7742.467964724094,150.60809261487842,300460.9977594899,137.25137735790267,0
myopic,18,77,5,12,1,1,91.99999988079071,12352.941175922751,7632.230319752495,161.2688999882949,315297.7365391883,138.34527592112582,0
myopic,18,76,5,12,1,1,91.99999988079071,12352.941175922751,7516.405040005703,177.15532646658977,331596.026552996,139.8599388733162,0
myopic,18,75,5,12,1,1,91.99999988079071,12352.941175922751,7385.389368797141,147.10185698238635,345129.39737783966,139.8599388733162,0
myopic,18,74,5,12,1,1,91.99999988079071,12352.941175922751,7278.0813037660255,150.2589517634175,358953.2209221618,139.8599388733162,0
myopic,18,73,5,12,1,1,91.99999988079071,12352.941175922751,7170.826170180015,157.32831225900352,373427.4256312352,140.6224031964283,0
myopic,18,72,5,12,1,1,91.99999988079071,12352.941175922751,7056.578500564741,149.78459731872738,387207.6085667024,140.6224031964283,0
myopic,18,71,5,12,1,1,91.99999988079071,12352.941175922751,6947.63833249882,149.33830772521242,400946.7328596194,140.6224031964283,0
myopic,18,70,5,12,1,1,91.99999988079071,12352.941175922751,6837.278284237197,147.25660935903258,414494.3409030961,140.6224031964283,0
myopic,18,69,5,12,1,1,91.99999988079071,12352.941175922751,6726.360617609247,150.26499641096092,428318.7205549915,143.74385215300907,0
myopic,18,68,5,12,1,1,91.99999988079071,12352.941175922751,6615.750725636042,160.2638467997287,443062.99444146163,146.41315056855447,0
myopic,18,67,5,12,1,1,91.99999988079071,12352.941175922751,6495.968743089648,163.8457598680843,458136.80432979343,146.41315056855447,0
myopic,18,66,5,12,1,1,91.99999988079071,12352.941175922751,6374.218395855089,166.0450050746604,473412.9447768681,147.95730716934838,0
myopic,18,65,5,12,1,1,91.99999988079071,12352.941175922751,6250.164981949711,154.31657987598473,487610.0701070627,147.95730716934838,0
myopic,18,64,5,12,1,1,91.99999988079071,12352.941175922751,6134.431594823063,158.70422599873262,502210.8588800271,147.95730716934838,0
myopic,18,63,5,12,1,1,91.99999988079071,12352.941175922751,6017.808900354208,163.10223502098387,517216.2644825143,149.66408283344634,0
myopic,18,62,5,12,1,1,91.99999988079071,12352.941175922751,5896.777431385496,166.05554097128467,532493.3742320772,149.66408283344634,0
myopic,18,61,5,12,1,1,91.99999988079071,12352.941175922751,5772.167479075037,187.65046678279927,549757.217153725,149.93764281533836,0
myopic,18,60,5,12,1,1,91.99999988079071,12352.941175922751,5631.119712245175,192.22560701891217,567441.9729765499,175.84600634426346,0
myopic,18,59,5,12,1,1,91.99999988079071,12352.941175922751,5489.96138771932,211.74559612993116,586922.5677952615,176.08019672204279,0
myopic,18,58,5,12,1,1,91.99999988079071,12352.941175922751,5330.963833229724,198.13651912884166,605151.1275314952,182.18293728047686,0
myopic,18,57,5,12,1,1,91.99999988079071,12352.941175922751,5180.466909537699,188.12217961091991,622458.3680332738,182.18293728047686,0
myopic,18,56,5,12,1,1,91.99999988079071,12352.941175922751,5039.981813662447,209.22125752123227,641706.7237002861,182.18293728047686,0
myopic,18,55,5,12,1,1,91.99999988079071,12352.941175922751,4886.00564353857,194.88285055789711,659635.9459283808,184.4032916851394,0
myopic,18,54,5,12,1,1,91.99999988079071,12352.941175922751,4736.039096232165,206.50540306745,678634.4429859689,184.4032916851394,0
myopic,18,53,5,12,1,1,91.99999988079071,12352.941175922751,4581.690366937928,202.1452882975533,697231.8094852462,184.4032916851394,0
myopic,18,52,5,12,1,1,91.99999988079071,12352.941175922751,4427.2139670352935,197.85033573836833,715434.0403495905,184.4032916851394,0
myopic,18,51,5,12,1,1,91.99999988079071,12352.941175922751,4277.034630590302,216.6364893292503,735364.5973420565,186.63549510603517,0
myopic,18,50,5,12,1,1,91.99999988079071,12352.941175922751,4112.287591491452,226.93405416582473,756242.5302982597,195.43755580295394,0
myopic,18,49,5,12,1,1,91.99999988079071,12352.941175922751,3939.285440528938,213.48909090406573,775883.5266359838,196.20027183670678,0
myopic,18,48,5,12,1,1,91.99999988079071,12352.941175922751,3776.060162331325,215.76793198081666,795734.1763524974,196.20027183670678,0
myopic,18,47,5,12,1,1,91.99999988079071,12352.941175922751,3612.8248907604466,216.9415322758098,815692.7972960104,199.91319423353335,0
myopic,18,46,5,12,1,1,91.99999988079071,12352.941175922751,3448.091275386467,233.6221527360224,837186.0353198745,199.91319423353335,0
myopic,18,45,5,12,1,1,91.99999988079071,12352.941175922751,3264.946077411234,216.52428176561315,857106.2692164993,199.91319423353335,0
myopic,18,44,5,12,1,1,91.99999988079071,12352.941175922751,3104.475980931378,216.661080620186,877039.0886077284,200.5032029124764,0
myopic,18,43,5,12,1,1,91.99999988079071,12352.941175922751,2936.613772877973,214.579752197464,896780.4257843151,200.5032029124764,0
myopic,18,42,5,12,1,1,91.99999988079071,12352.941175922751,2770.0518322490952,228.4385932702969,917796.7763379504,200.5032029124764,0
myopic,18,41,5,12,1,1,91.99999988079071,12352.941175922751,2594.986274046011,221.43239653136473,938168.5567924391,203.90988037788304,0
myopic,18,40,5,12,1,1,91.99999988079071,12352.941175922751,2425.7047415980232,219.9990521692672,958408.4695657857,203.90988037788304,0
myopic,18,39,5,12,1,1,91.99999988079071,12352.941175922751,2257.454385944261,226.99849524119222,979292.3311009151,203.90988037788304,0
myopic,18,38,5,12,1,1,91.99999988079071,12352.941175922751,2078.602208097578,228.76251964388877,1000338.4828808822,211.06427502110148,0
myopic,18,37,5,12,1,1,91.99999988079071,12352.941175922751,1898.7228983499026,234.22659507840768,1021887.3296001737,211.06427502110148,0
myopic,18,36,5,12,1,1,91.99999988079071,12352.941175922751,1719.3908815537925,230.87093222758602,1043127.4553375897,211.3777930168817,0
myopic,18,35,5,12,1,1,91.99999988079071,12352.941175922751,1540.129962966017,221.80794456011847,1063533.786210679,211.3777930168817,0
myopic,18,34,5,12,1,1,91.99999988079071,12352.941175922751,1367.5906328289748,241.3962889752218,1085742.2447676228,211.3777930168817,0
myopic,18,33,5,12,1,1,91.99999988079071,12352.941175922751,1176.1725365595503,228.31061829970477,1106746.821623979,211.3777930168817,0
myopic,18,32,5,12,1,1,91.99999988079071,12352.941175922751,998.3534551175471,236.19705964007807,1128476.9510827092,211.3777930168817,0
myopic,18,31,5,12,1,1,91.99999988079071,12352.941175922751,811.9495756882025,248.95424472159266,1151380.7415674182,215.8582445896582,0
myopic,18,30,5,12,1,1,91.99999988079071,12352.941175922751,616.9633593683411,242.67531854166427,1173706.8708443223,217.62011982881515,0
myopic,18,29,5,12,1,1,91.99999988079071,10000.0,425.4387856471694,0.0,1173706.8708443223,228.32407060173463,0
myopic,18,28,5,12,1,1,91.99999988079071,10000.0,425.4387856471694,0.0,1173706.8708443223,228.32407060173463,0
myopic,18,27,5,12,1,1,91.99999988079071,10000.0,425.4387856471694,0.0,1173706.8708443223,228.74480880120169,0
myopic,18,26,5,12,1,1,91.99999988079071,10000.0,425.4387856471694,0.0,1173706.8708443223,228.74480880120169,0
myopic,18,25,5,12,1,1,91.99999988079071,10000.0,425.4387856471694,0.0,1173706.8708443223,232.96745592437514,0
myopic,18,24,5,12,1,1,91.99999988079071,10000.0,425.4387856471694,0.0,1173706.8708443223,236.4388957050125,0
myopic,18,23,5,12,1,1,91.99999988079071,10000.0,425.4387856471694,0.0,1173706.8708443223,238.0786546384911,0
myopic,18,22,5,12,1,1,91.99999988079071,10000.0,425.4387856471694,0.0,1173706.8708443223,240.89903206973992,0
myopic,18,21,5,12,1,1,91.99999988079071,10000.0,425.4387856471694,0.0,1173706.8708443223,240.89903206973992,0
myopic,18,20,5,12,1,1,91.99999988079071,10000.0,425.4387856471694,0.0,1173706.8708443223,240.89903206973992,0
myopic,18,19,5,12,1,1,91.99999988079071,10000.0,425.4387856471694,0.0,1173706.8708443223,240.89903206973992,0
myopic,18,18,5,12,1,1,91.99999988079071,10000.0,425.4387856471694,0.0,1173706.8708443223,246.92805639126922,0
myopic,18,17,5,12,1,1,91.99999988079071,10000.0,425.4387856471694,0.0,1173706.8708443223,246.92805639126922,0
myopic,18,16,5,12,1,1,91.99999988079071,10000.0,425.4387856471694,0.0,1173706.8708443223,249.22632805170318,0
myopic,18,15,5,12,1,1,91.99999988079071,10000.0,425.4387856471694,0.0,1173706.8708443223,251.8711947131633,0
myopic,18,14,5,12,1,1,91.99999988079071,10000.0,425.4387856471694,0.0,1173706.8708443223,253.63584708782395,0
myopic,18,13,5,12,1,1,91.99999988079071,10000.0,425.4387856471694,0.0,1173706.8708443223,254.08714017232143,0
myopic,18,12,5,12,1,1,91.99999988079071,10000.0,425.4387856471694,0.0,1173706.8708443223,254.80629722425985,0
myopic,18,11,5,12,1,1,91.99999988079071,10000.0,425.4387856471694,0.0,1173706.8708443223,254.80629722425985,0
myopic,18,10,5,12,1,1,91.99999988079071,10000.0,425.4387856471694,0.0,1173706.8708443223,255.9433429025627,0
myopic,18,9,5,12,1,1,91.99999988079071,10000.0,425.4387856471694,0.0,1173706.8708443223,255.9433429025627,0
myopic,18,8,5,12,1,1,91.99999988079071,10000.0,425.4387856471694,0.0,1173706.8708443223,255.9433429025627,0
myopic,18,7,5,12,1,1,91.99999988079071,10000.0,425.4387856471694,0.0,1173706.8708443223,255.9433429025627,0
myopic,18,6,5,12,1,1,91.99999988079071,10000.0,425.4387856471694,0.0,1173706.8708443223,255.9433429025627,0
myopic,18,5,5,12,1,1,91.99999988079071,10000.0,425.4387856471694,0.0,1173706.8708443223,230.04512928449802,0
myopic,18,4,5,12,1,1,91.99999988079071,10000.0,425.4387856471694,0.0,1173706.8708443223,226.42549507794118,0
myopic,18,3,5,12,1,1,91.99999988079071,10000.0,425.4387856471694,0.0,1173706.8708443223,215.56234262596197,0
myopic,18,2,5,12,1,1,91.99999988079071,10000.0,425.4387856471694,0.0,1173706.8708443223,203.8312723170848,0
myopic,18,1,5,12,1,1,91.99999988079071,10000.0,425.4387856471694,0.0,1173706.8708443223,196.37128488998587,0
myopic,19,100,4,6,0,0,91.99999988079071,12352.941175922751,10000.0,64.14326293310245,5901.180182198952,55.48941880342484,1
myopic,19,99,4,6,0,0,91.99999988079071,12352.941175922751,9959.144162230503,66.19352950048919,11990.984888353074,55.48941880342484,1
myopic,19,98,4,6,0,0,91.99999988079071,12352.941175922751,9917.60017860639,67.03248302865329,18157.97331899828,55.48941880342484,1
myopic,19,97,4,6,0,0,91.99999988079071,12352.941175922751,9874.753902409358,67.6866273950236,24385.143031271575,56.829019946353895,1
myopic,19,96,4,6,0,0,91.99999988079071,12352.941175922751,9830.64406009212,57.658411471541264,29689.716879779953,57.148724943126965,1
myopic,19,95,4,6,0,0,91.99999988079071,12352.941175922751,9792.964176638392,66.53182330694868,35810.64461608802,58.20839583537179,1
myopic,19,94,4,6,0,0,91.99999988079071,12352.941175922751,9750.345591770247,79.8056063605406,43152.76039174419,58.20839583537179,1
myopic,19,93,4,6,0,0,91.99999988079071,12352.941175922751,9697.814922028643,55.699207608800165,48277.08748511394,58.20839583537179,1
myopic,19,92,4,6,0,0,91.99999988079071,12352.941175922751,9662.275085886407,67.69038315441368,54504.602727250676,59.44865838134444,1
myopic,19,91,4,6,0,0,91.99999988079071,12352.941175922751,9617.985025541237,60.92179013123042,60109.40741206143,59.44865838134444,1
myopic,19,90,4,6,0,0,91.99999988079071,12352.941175922751,9577.450658571339,67.51277544672215,66320.58274511172,60.89109345881038,1
myopic,19,89,4,6,0,0,91.99999988079071,12352.941175922751,9534.102293740152,64.0328617952609,72211.60602264242,60.89109345881038,1
myopic,19,88,4,6,0,0,91.99999988079071,12352.941175922751,9492.410125631255,56.56874978670556,77415.93099627581,61.15843374890705,1
myopic,19,87,4,6,0,0,91.99999988079071,12352.941175922751,9455.972001212607,54.51593853002221,82431.39733453906,62.95185624470667,1
myopic,19,86,4,6,0,0,91.99999988079071,12352.941175922751,9420.45690750849,74.63886128884823,89298.17256421545,62.95185624470667,1
myopic,19,85,4,6,0,0,91.99999988079071,12352.941175922751,9372.66640467296,72.3144350830443,95951.10058323498,63.6293292994672,1
myopic,19,84,4,6,0,0,91.99999988079071,12352.941175922751,9326.20902609406,68.42873938882227,102246.54459884929,63.6293292994672,1
myopic,19,83,4,6,0,0,91.99999988079071,12352.941175922751,9281.632494305913,60.04027942996292,107770.25029924851,63.6293292994672,1
myopic,19,82,4,6,0,0,91.99999988079071,12352.941175922751,9242.490834319226,60.32663631592094,113320.30083312174,63.6293292994672,1
myopic,19,81,4,6,0,0,91.99999988079071,12352.941175922751,9202.508797616634,70.49979452411766,119806.28192093634,63.98758232653586,1
myopic,19,80,4,6,0,0,91.99999988079071,12352.941175922751,9154.996703889214,58.93435201332055,125228.2422991363,63.98758232653586,1
myopic,19,79,4,6,0,0,91.99999988079071,12352.941175922751,9115.29511761108,70.49994856573676,131714.23755877983,64.45289985172099,1
myopic,19,78,4,6,0,0,91.99999988079071,12352.941175922751,9068.285911354054,70.48583608797219,138198.9344704707,64.89964160446222,1
myopic,19,77,4,6,0,0,91.99999988079071,12352.941175922751,9020.319080872654,83.08171275484223,145842.45203401207,65.68756414862953,1
myopic,19,76,4,6,0,0,91.99999988079071,12352.941175922751,8964.14046436333,74.0692245169574,152656.8206807424,65.68756414862953,1
myopic,19,75,4,6,0,0,91.99999988079071,12352.941175922751,8917.040536512908,76.44419551870864,159689.68665935076,65.68756414862953,1
myopic,19,74,4,6,0,0,91.99999988079071,12352.941175922751,8866.168409875865,70.74687078639727,166198.39876326564,65.68756414862953,1
myopic,19,73,4,6,0,0,91.99999988079071,12352.941175922751,8818.634783388381,81.36630413648697,173684.09873412282,65.5279447130899,1
myopic,19,72,4,6,0,0,91.99999988079071,12352.941175922751,8764.043802850465,70.14880885411665,180137.78914033915,65.5279447130899,1
myopic,19,71,4,6,0,0,91.99999988079071,12352.941175922751,8717.781790770705,76.84078289299815,187207.14115733485,67.40895593591064,1
myopic,19,70,4,6,0,0,91.99999988079071,12352.941175922751,8665.349451611075,78.26403354636133,194407.4322342703,67.40895593591064,1
myopic,19,69,4,6,0,0,91.99999988079071,12352.941175922751,8612.433872157888,71.17048908724317,200955.11722181248,67.40895593591064,1
myopic,19,68,4,6,0,0,91.99999988079071,12352.941175922751,8565.686170805802,82.3468215624754,208531.02479574372,68.22850945101008,1
myopic,19,67,4,6,0,0,91.99999988079071,12352.941175922751,8509.70207322011,61.9333879400985,214228.89647884975,68.22850945101008,1
myopic,19,66,4,6,0,0,91.99999988079071,12352.941175922751,8468.497723459881,84.56528368289094,222008.90256759475,69.84883539218049,1
myopic,19,65,4,6,0,0,91.99999988079071,12352.941175922751,8410.390118836687,71.42730623396582,228580.2147326048,69.84883539218049,1
myopic,19,64,4,6,0,0,91.99999988079071,12352.941175922751,8360.32274383315,87.76815339371834,236654.88483436411,69.84883539218049,1
myopic,19,63,4,6,0,0,91.99999988079071,12352.941175922751,8299.937781089999,75.53289536762935,243603.9111991818,69.84883539218049,1
myopic,19,62,4,6,0,0,91.99999988079071,12352.941175922751,8249.994550930056,83.08729506133785,251247.9423349201,69.84883539218049,1
myopic,19,61,4,6,0,0,91.99999988079071,12352.941175922751,8191.90305883781,104.97262849309048,260905.4241437707,69.89345595574414,1
myopic,19,60,4,6,0,0,91.99999988079071,12352.941175922751,8121.850782016506,106.7706265364203,270728.3217723933,89.10668574861131,1
myopic,19,59,4,6,0,0,91.99999988079071,12352.941175922751,8049.937100282748,80.07646443851098,278095.35649119044,89.10668574861131,1
myopic,19,58,4,6,0,0,91.99999988079071,12352.941175922751,7994.978019416321,75.97870858936123,285085.3976723543,89.10668574861131,1
myopic,19,57,4,6,0,0,91.99999988079071,12352.941175922751,7942.926515754554,105.7569509707428,294815.03714905545,89.10668574861131,1
myopic,19,56,4,6,0,0,91.99999988079071,12352.941175922751,7869.2402309028585,122.1657696018191,306054.28793785954,89.10668574861131,1
myopic,19,55,4,6,0,0,91.99999988079071,12352.941175922751,7784.481364459627,92.5320577782192,314567.23724242504,91.60460794927438,1
myopic,19,54,4,6,0,0,91.99999988079071,12352.941175922751,7720.2292247812875,105.83215524626883,324303.7955124656,91.60460794927438,1
myopic,19,53,4,6,0,0,91.99999988079071,12352.941175922751,7648.096859036257,86.76162814360248,332285.8652913342,91.60460794927438,1
myopic,19,52,4,6,0,0,91.99999988079071,12352.941175922751,7588.638301069537,96.66817929223498,341179.3377746961,91.93538435860836,1
myopic,19,51,4,6,0,0,91.99999988079071,12352.941175922751,7522.296962160946,100.72011027777131,350445.5879082443,93.26932573131452,1
myopic,19,50,4,6,0,0,91.99999988079071,12352.941175922751,7451.70826580848,108.41434261869429,360419.7074162402,93.26932573131452,1
myopic,19,49,4,6,0,0,91.99999988079071,12352.941175922751,7374.791735681167,99.44817368972836,369568.9393838401,94.57064547423397,1
myopic,19,48,4,6,0,0,91.99999988079071,12352.941175922751,7304.673753526926,89.69514354084845,377820.8925789056,94.57064547423397,1
myopic,19,47,4,6,0,0,91.99999988079071,12352.941175922751,7242.2098752469155,93.61382077325189,386433.3640788852,94.57064547423397,1
myopic,19,46,4,6,0,0,91.99999988079071,12352.941175922751,7177.90915293318,115.01631814265635,397014.8653342985,96.98299627115883,1
myopic,19,45,4,6,0,0,91.99999988079071,12352.941175922751,7098.845549421601,118.76824370625174,407941.5437411154,97.32361841658812,1
myopic,19,44,4,6,0,0,91.99999988079071,12352.941175922751,7013.440134734628,111.54584323592745,418203.76130552345,97.85545855988339,1
myopic,19,43,4,6,0,0,91.99999988079071,12352.941175922751,6935.575720203451,99.39040214269157,427347.6782908028,97.85545855988339,1
myopic,19,42,4,6,0,0,91.99999988079071,12352.941175922751,6866.695721779761,107.53477178394337,437240.87728210643,97.85545855988339,1
myopic,19,41,4,6,0,0,91.99999988079071,12352.941175922751,6792.218835184925,107.36925549290373,447118.84877465415,98.63031199072775,1
myopic,19,40,4,6,0,0,91.99999988079071,12352.941175922751,6717.419379065446,113.01575300063267,457516.2980372398,98.63031199072775,1
myopic,19,39,4,6,0,0,91.99999988079071,12352.941175922751,6640.005429842648,113.86614878264513,467991.9837116693,98.63031199072775,1
myopic,19,38,4,6,0,0,91.99999988079071,12352.941175922751,6558.073390178786,101.97644711135608,477373.8168337575,100.36903837561965,1
myopic,19,37,4,6,0,0,91.99999988079071,12352.941175922751,6483.982877297443,122.60615048782097,488653.58266402123,100.36903837561965,1
myopic,19,36,4,6,0,0,91.99999988079071,12352.941175922751,6395.739907912581,98.41024705354641,497707.32538121607,100.68255637139985,1
myopic,19,35,4,6,0,0,91.99999988079071,12352.941175922751,6325.213399275902,97.4676553088575,506674.3496580119,100.68255637139985,1
myopic,19,34,4,6,0,0,91.99999988079071,12352.941175922751,6256.017094664327,100.27012731133412,515899.2013587015,100.68255637139985,1
myopic,19,33,4,6,0,0,91.99999988079071,12352.941175922751,6183.956455684151,106.52633608200595,525699.6242655471,100.68255637139985,1
myopic,19,32,4,6,0,0,91.99999988079071,12352.941175922751,6107.003863135456,125.00409456903665,537200.0009509969,102.64207294651457,1
myopic,19,31,4,6,0,0,91.99999988079071,12352.941175922751,6017.983417618112,122.87193933610263,548504.2193552708,107.33403298465377,1
myopic,19,30,4,6,0,0,91.99999988079071,12352.941175922751,5929.835959070488,120.49681510428428,559589.9263305006,108.1643677223478,1
myopic,19,29,4,6,0,0,91.99999988079071,12352.941175922751,5843.024508940876,116.26786917123148,570286.5702803937,111.5619876042391,1
myopic,19,28,4,6,0,0,91.99999988079071,12352.941175922751,5759.399480059705,130.00852573374772,582247.3546324002,111.5619876042391,1
myopic,19,27,4,6,0,0,91.99999988079071,12352.941175922751,5663.334282687483,122.43292992922409,593511.1841712936,111.98272580370616,1
myopic,19,26,4,6,0,0,91.99999988079071,12352.941175922751,5572.899991117533,134.31161088686193,605867.8523568737,111.98272580370616,1
myopic,19,25,4,6,0,0,91.99999988079071,12352.941175922751,5473.686545267531,111.12835868396895,616091.6613425513,115.33123750327402,1
myopic,19,24,4,6,0,0,91.99999988079071,12352.941175922751,5392.256511073376,139.06180809431717,628885.347670651,116.78153326033612,1
myopic,19,23,4,6,0,0,91.99999988079071,12352.941175922751,5289.47076399705,130.0646813751556,640851.2983416604,117.67444316715728,1
myopic,19,22,4,6,0,0,91.99999988079071,12352.941175922751,5193.999682755156,133.09865626891184,653096.3747025337,119.41683443425565,1
myopic,19,21,4,6,0,0,91.99999988079071,12352.941175922751,5096.021145596723,137.62562289664376,665757.9319926187,119.41683443425565,1
myopic,19,20,4,6,0,0,91.99999988079071,12352.941175922751,4993.971580704013,130.80998893341012,677792.4509588986,119.41683443425565,1
myopic,19,19,4,6,0,0,91.99999988079071,12352.941175922751,4895.864481595007,146.65287589797748,691284.5155240302,119.41683443425565,1
myopic,19,18,4,6,0,0,91.99999988079071,12352.941175922751,4786.498763421229,140.46990521302772,704207.7467868835,124.90873747636871,1
myopic,19,17,4,6,0,0,91.99999988079071,12352.941175922751,4681.569523390214,129.53661400941024,716125.1152603072,124.90873747636871,1
myopic,19,16,4,6,0,0,91.99999988079071,12352.941175922751,4584.079197053958,143.88468995351556,729362.5067188783,126.98521596814824,1
myopic,19,15,4,6,0,0,91.99999988079071,12352.941175922751,4474.857474400287,140.26922098644283,742267.2750329096,127.33955759766313,1
myopic,19,14,4,6,0,0,91.99999988079071,12352.941175922751,4368.865142049251,131.16949966965558,754334.8689868812,128.64897873426494,1
myopic,19,13,4,6,0,0,91.99999988079071,12352.941175922751,4269.1705608179755,153.98084283917837,768501.1065097296,128.64897873426494,1
myopic,19,12,4,6,0,0,91.99999988079071,12352.941175922751,4151.799768195545,141.01775974723535,781474.7403896647,128.95909757847755,1
myopic,19,11,4,6,0,0,91.99999988079071,12352.941175922751,4041.669960814377,143.07301495718622,794637.4577486701,128.95909757847755,1
myopic,19,10,4,6,0,0,91.99999988079071,12352.941175922751,3930.9294100976513,132.93832764381133,806867.7838760533,129.70269371597854,1
myopic,19,9,4,6,0,0,91.99999988079071,12352.941175922751,3826.841160978216,153.15904137058118,820958.4156638888,129.70269371597854,1
myopic,19,8,4,6,0,0,91.99999988079071,12352.941175922751,3707.5356024399553,150.52682394089334,834806.8834485068,129.70269371597854,1
myopic,19,7,4,6,0,0,91.99999988079071,12352.941175922751,3588.2366919384694,120.29744167498957,845874.2480682653,129.70269371597854,1
myopic,19,6,4,6,0,0,91.99999988079071,12352.941175922751,3491.9827289147197,117.32858066652537,856668.4774755989,129.70269371597854,1
myopic,19,5,4,6,0,0,91.99999988079071,12352.941175922751,3398.3563355642627,125.22762443242206,868189.4189084534,117.28918192833491,1
myopic,19,4,4,6,0,0,91.99999988079071,12352.941175922751,3298.3540627571783,113.63596647802187,878643.927810885,110.96544227839588,1
myopic,19,3,4,6,0,0,91.99999988079071,12352.941175922751,3206.90165984567,108.8091277763452,888654.3675533377,106.31749860242833,1
myopic,19,2,4,6,0,0,91.99999988079071,12352.941175922751,3118.3825745102804,98.60748945084282,897726.2565710603,102.72787383917988,1
myopic,19,1,4,6,0,0,91.99999988079071,12352.941175922751,3036.6525681917747,99.00899629084783,906835.0842180155,95.2678864120809,1
myopic,20,100,5,6,1,0,91.99999988079071,12352.941175922751,10000.0,108.67955469765609,9998.519019228748,96.84458680514814,0
myopic,20,99,5,6,1,0,91.99999988079071,12352.941175922751,9923.366454336961,102.22526884893787,19403.24374114483,96.84458680514814,0
myopic,20,98,5,6,1,0,91.99999988079071,12352.941175922751,9852.491450659025,100.40698509929831,28640.686358310828,96.84458680514814,0
myopic,20,97,5,6,1,0,91.99999988079071,12352.941175922751,9782.87974174404,115.39390540121853,39256.92564146691,98.1841879480772,0
myopic,20,96,5,6,1,0,91.99999988079071,12352.941175922751,9701.741141573455,110.14789886767026,49390.53232416192,98.50389294485028,0
myopic,20,95,5,6,1,0,91.99999988079071,12352.941175922751,9624.81407315599,100.41912843936778,58629.09212861286,99.5635638370951,0
myopic,20,94,5,6,1,0,91.99999988079071,12352.941175922751,9555.151073223104,102.38911263206501,68048.8904785571,99.5635638370951,0
myopic,20,93,5,6,1,0,91.99999988079071,12352.941175922751,9482.288657365767,110.62851451574912,78226.71380081808,99.5635638370951,0
myopic,20,92,5,6,1,0,91.99999988079071,12352.941175922751,9404.559559990494,108.56676664512005,88214.85631922695,100.80382638306776,0
myopic,20,91,5,6,1,0,91.99999988079071,12352.941175922751,9329.21785503036,121.74628008597568,99415.51407262342,100.80382638306776,0
myopic,20,90,5,6,1,0,91.99999988079071,12352.941175922751,9244.372487820867,112.23987482968862,109741.58254357474,102.09928872109144,0
myopic,20,89,5,6,1,0,91.99999988079071,12352.941175922751,9162.627180457395,91.78430345080477,118185.73845010724,102.09928872109144,0
myopic,20,88,5,6,1,0,91.99999988079071,12352.941175922751,9098.680179022846,107.69301281211088,128093.49561598343,102.36662901118811,0
myopic,20,87,5,6,1,0,91.99999988079071,12352.941175922751,9021.981588280483,99.76364997394798,137271.75140169388,103.54257348173525,0
myopic,20,86,5,6,1,0,91.99999988079071,12352.941175922751,8951.172109316189,114.79169009602153,147832.58687684362,103.54257348173525,0
myopic,20,85,5,6,1,0,91.99999988079071,12352.941175922751,8869.163931800482,95.91212515724303,156656.50237987636,104.94444467296476,0
myopic,20,84,5,6,1,0,91.99999988079071,12352.941175922751,8800.145775130077,127.79405729073221,168413.5556353895,104.94444467296476,0
myopic,20,83,5,6,1,0,91.99999988079071,12352.941175922751,8708.316276621563,109.23418074735181,178463.10025112412,104.94444467296476,0
myopic,20,82,5,6,1,0,91.99999988079071,12352.941175922751,8630.794146244749,94.24129100218917,187133.2990120911,104.94444467296476,0
myopic,20,81,5,6,1,0,91.99999988079071,12352.941175922751,8562.875595336454,127.43629667198599,198857.43829072223,105.30269770003343,0
myopic,20,80,5,6,1,0,91.99999988079071,12352.941175922751,8470.721551965073,93.5040646694892,207459.8122291687,105.30269770003343,0
myopic,20,79,5,6,1,0,91.99999988079071,12352.941175922751,8403.94461197993,116.49932928513499,218177.7505095133,107.04578516915666,0
myopic,20,78,5,6,1,0,91.99999988079071,12352.941175922751,8320.70245031763,126.80144104641016,229843.48307066713,107.04578516915666,0
myopic,20,77,5,6,1,0,91.99999988079071,12352.941175922751,8231.541449365051,114.45366785123515,240373.22049933684,108.15295924674302,0
myopic,20,76,5,6,1,0,91.99999988079071,12352.941175922751,8148.417899818454,128.1231401920927,252160.5493817359,109.66762219893337,0
myopic,20,75,5,6,1,0,91.99999988079071,12352.941175922751,8055.74016563735,128.63794548238272,263995.2403507803,109.66762219893337,0
myopic,20,74,5,6,1,0,91.99999988079071,12352.941175922751,7962.163568631293,111.96866574927694,274296.35758636607,109.66762219893337,0
myopic,20,73,5,6,1,0,91.99999988079071,12352.941175922751,7879.853223356356,116.39746714381242,285004.9245497211,109.89307416174906,0
myopic,20,72,5,6,1,0,91.99999988079071,12352.941175922751,7797.320459896246,123.94709750805106,296408.0575056862,109.89307416174906,0
myopic,20,71,5,6,1,0,91.99999988079071,12352.941175922751,7705.431459835872,128.1161911350021,308194.7470748337,109.89307416174906,0
myopic,20,70,5,6,1,0,91.99999988079071,12352.941175922751,7611.214303883247,125.38902643062043,319730.5374915033,109.89307416174906,0
myopic,20,69,5,6,1,0,91.99999988079071,12352.941175922751,7522.9981933078125,132.2296977431328,331895.6696681085,113.01452311832983,0
myopic,20,68,5,6,1,0,91.99999988079071,12352.941175922751,7426.47820117023,105.66045760925763,341616.4317555645,115.68382153387522,0
myopic,20,67,5,6,1,0,91.99999988079071,12352.941175922751,7350.0339902386595,122.0453811102734,352844.60680316074,115.68382153387522,0
myopic,20,66,5,6,1,0,91.99999988079071,12352.941175922751,7259.740353095605,130.06987025504978,364811.0348511198,117.77633053076984,0
myopic,20,65,5,6,1,0,91.99999988079071,12352.941175922751,7164.244029527217,131.02458339771076,376865.2965080898,117.77633053076984,0
myopic,20,64,5,6,1,0,91.99999988079071,12352.941175922751,7069.893131773428,115.24290460375246,387467.643717897,117.77633053076984,0
myopic,20,63,5,6,1,0,91.99999988079071,12352.941175922751,6985.2954761437195,128.60644409842348,399299.4365596209,119.48310619486782,0
myopic,20,62,5,6,1,0,91.99999988079071,12352.941175922751,6890.836945623006,129.98948374585515,411258.4690487436,119.48310619486782,0
myopic,20,61,5,6,1,0,91.99999988079071,12352.941175922751,6795.800084758829,162.3313825381565,426192.9562229026,119.81792724103677,0
myopic,20,60,5,6,1,0,91.99999988079071,12352.941175922751,6675.9315038351515,152.9068160512753,440260.383281392,144.0601159519614,0
myopic,20,59,5,6,1,0,91.99999988079071,12352.941175922751,6565.86127728844,142.69295980157654,453388.13556612673,144.0601159519614,0
myopic,20,58,5,6,1,0,91.99999988079071,12352.941175922751,6462.341959907302,162.18721508233398,468309.3593343672,149.09961677913984,0
myopic,20,57,5,6,1,0,91.99999988079071,12352.941175922751,6341.0527202278,160.05345096394058,483034.2768039699,149.09961677913984,0
myopic,20,56,5,6,1,0,91.99999988079071,12352.941175922751,6221.502925531958,174.81271960348298,499117.046986651,149.09961677913984,0
myopic,20,55,5,6,1,0,91.99999988079071,12352.941175922751,6088.336076012915,167.82285660268596,514556.7497740921,151.02766539478267,0
myopic,20,54,5,6,1,0,91.99999988079071,12352.941175922751,5961.479953087825,167.4012993719418,529957.669296355,151.02766539478267,0
myopic,20,53,5,6,1,0,91.99999988079071,12352.941175922751,5838.756635806214,147.3611756122993,543514.8974351197,151.02766539478267,0
myopic,20,52,5,6,1,0,91.99999988079071,12352.941175922751,5728.506833309817,174.6106881540501,559579.0807244771,151.02766539478267,0
myopic,20,51,5,6,1,0,91.99999988079071,12352.941175922751,5594.621174158867,165.75281988332793,574828.340133984,152.83113474757658,0
myopic,20,50,5,6,1,0,91.99999988079071,12352.941175922751,5469.9542054622525,171.5983398355967,590615.3873784028,156.11217061502776,0
myopic,20,49,5,6,1,0,91.99999988079071,12352.941175922751,5345.216338755791,175.52363510171926,606763.5617868368,157.41349035794718,0
myopic,20,48,5,6,1,0,91.99999988079071,12352.941175922751,5214.014393349536,163.61579213295306,621816.214643564,157.41349035794718,0
myopic,20,47,5,6,1,0,91.99999988079071,12352.941175922751,5088.790771998768,168.89051604873194,637354.142099914,158.60134809389282,0
myopic,20,46,5,6,1,0,91.99999988079071,12352.941175922751,4960.985112064985,172.0769860494681,653185.224795952,158.60134809389282,0
myopic,20,45,5,6,1,0,91.99999988079071,12352.941175922751,4832.3208310593745,174.20230702634666,669211.8370216093,158.94197023932213,0
myopic,20,44,5,6,1,0,91.99999988079071,12352.941175922751,4699.599360265397,170.02573380697638,684854.2045115825,160.16913603518637,0
myopic,20,43,5,6,1,0,91.99999988079071,12352.941175922751,4573.491078339593,189.91635050565304,702326.5087354628,160.16913603518637,0
myopic,20,42,5,6,1,0,91.99999988079071,12352.941175922751,4428.864748232804,171.13252525061614,718070.7010381189,160.16913603518637,0
myopic,20,41,5,6,1,0,91.99999988079071,12352.941175922751,4299.079350300605,166.2866415746812,733369.0720431667,163.14309017483365,0
myopic,20,40,5,6,1,0,91.99999988079071,12352.941175922751,4172.709231621599,185.68987043319643,750452.5401008849,163.14309017483365,0
myopic,20,39,5,6,1,0,91.99999988079071,12352.941175922751,4034.4487965231638,188.75565500378258,767818.0603387314,163.14309017483365,0
myopic,20,38,5,6,1,0,91.99999988079071,12352.941175922751,3889.1478242891853,179.64440991629158,784345.3460296149,165.89358265658913,0
myopic,20,37,5,6,1,0,91.99999988079071,12352.941175922751,3751.634749330524,179.4955034817316,800858.9323285366,165.89358265658913,0
myopic,20,36,5,6,1,0,91.99999988079071,12352.941175922751,3614.8048312870906,167.2686707203641,816247.6500148701,166.20710065236935,0
myopic,20,35,5,6,1,0,91.99999988079071,12352.941175922751,3484.3131695145357,176.79114894100766,832512.4356963676,166.20710065236935,0
myopic,20,34,5,6,1,0,91.99999988079071,12352.941175922751,3348.176985247108,180.34019176247094,849103.7333170167,166.20710065236935,0
myopic,20,33,5,6,1,0,91.99999988079071,12352.941175922751,3208.580945031551,186.69980848602862,866280.115675475,166.20710065236935,0
myopic,20,32,5,6,1,0,91.99999988079071,12352.941175922751,3066.0570010437877,189.9718860029037,883757.5291650956,166.20710065236935,0
myopic,20,31,5,6,1,0,91.99999988079071,12352.941175922751,2919.5327773636154,180.91532623808277,900401.7391574325,170.68755222514585,0
myopic,20,30,5,6,1,0,91.99999988079071,12352.941175922751,2777.530544307506,210.5521252996778,919772.534659903,171.5178869628399,0
myopic,20,29,5,6,1,0,91.99999988079071,12352.941175922751,2615.5655054762665,198.7057110865209,938053.4600561754,183.5069626646924,0
myopic,20,28,5,6,1,0,91.99999988079071,12352.941175922751,2462.5581434943642,192.4857367676827,955762.147815856,183.5069626646924,0
myopic,20,27,5,6,1,0,91.99999988079071,12352.941175922751,2313.9633104183204,206.02210522581984,974716.1814720717,183.92770086415945,0
myopic,20,26,5,6,1,0,91.99999988079071,12352.941175922751,2155.3158787524408,193.0383639489856,992475.7109323664,183.92770086415945,0
myopic,20,25,5,6,1,0,91.99999988079071,12352.941175922751,2003.6750239012908,203.62813083114915,1011209.4989445577,186.80626150679473,0
myopic,20,24,5,6,1,0,91.99999988079071,12352.941175922751,1841.9845200814816,203.86975358274526,1029965.5162498672,191.0448872510231,0
myopic,20,23,5,6,1,0,91.99999988079071,12352.941175922751,1682.3111216134512,206.61998784700066,1048974.5551071602,193.02588321644785,0
myopic,20,22,5,6,1,0,91.99999988079071,12352.941175922751,1523.2490163105704,215.60770647065164,1068810.4640767577,194.18334326878238,0
myopic,20,21,5,6,1,0,91.99999988079071,12352.941175922751,1351.6898724470302,220.4659261402651,1089093.3292553804,194.18334326878238,0
myopic,20,20,5,6,1,0,91.99999988079071,12352.941175922751,1177.2397522809206,218.16760399966884,1109164.7487973424,194.18334326878238,0
myopic,20,19,5,6,1,0,91.99999988079071,12352.941175922751,1004.1120446416571,218.4925789902613,1129266.0660384002,194.18334326878238,0
myopic,20,18,5,6,1,0,91.99999988079071,12352.941175922751,831.3202674175591,217.9832058760271,1149320.5209530091,200.04238084998562,0
myopic,20,17,5,6,1,0,91.99999988079071,12352.941175922751,658.683306571902,226.56271977574474,1170164.2911453692,200.04238084998562,0
myopic,20,16,5,6,1,0,91.99999988079071,10000.0,478.27881934399375,0.0,1170164.2911453692,202.34065251041957,0
myopic,20,15,5,6,1,0,91.99999988079071,10000.0,478.27881934399375,0.0,1170164.2911453692,202.69499413993447,0
myopic,20,14,5,6,1,0,91.99999988079071,10000.0,478.27881934399375,0.0,1170164.2911453692,204.00441527653624,0
myopic,20,13,5,6,1,0,91.99999988079071,10000.0,478.27881934399375,0.0,1170164.2911453692,204.00441527653624,0
myopic,20,12,5,6,1,0,91.99999988079071,10000.0,478.27881934399375,0.0,1170164.2911453692,204.31453412074885,0
myopic,20,11,5,6,1,0,91.99999988079071,10000.0,478.27881934399375,0.0,1170164.2911453692,204.31453412074885,0
myopic,20,10,5,6,1,0,91.99999988079071,10000.0,478.27881934399375,0.0,1170164.2911453692,204.97914192627147,0
myopic,20,9,5,6,1,0,91.99999988079071,10000.0,478.27881934399375,0.0,1170164.2911453692,204.97914192627147,0
myopic,20,8,5,6,1,0,91.99999988079071,10000.0,478.27881934399375,0.0,1170164.2911453692,204.97914192627147,0
myopic,20,7,5,6,1,0,91.99999988079071,10000.0,478.27881934399375,0.0,1170164.2911453692,204.97914192627147,0
myopic,20,6,5,6,1,0,91.99999988079071,10000.0,478.27881934399375,0.0,1170164.2911453692,204.97914192627147,0
myopic,20,5,5,6,1,0,91.99999988079071,10000.0,478.27881934399375,0.0,1170164.2911453692,186.73816117636846,0
myopic,20,4,5,6,1,0,91.99999988079071,10000.0,478.27881934399375,0.0,1170164.2911453692,183.11852696981163,0
myopic,20,3,5,6,1,0,91.99999988079071,10000.0,478.27881934399375,0.0,1170164.2911453692,174.43812562988745,0
myopic,20,2,5,6,1,0,91.99999988079071,10000.0,478.27881934399375,0.0,1170164.2911453692,166.42268074179484,0
myopic,20,1,5,6,1,0,91.99999988079071,10000.0,478.27881934399375,0.0,1170164.2911453692,158.9626933146959,0
myopic,21,100,0,6,0,0,91.99999988079071,12352.941175922751,10000.0,58.269134174212915,5360.760337081366,53.51064944791461,1
myopic,21,99,0,6,0,0,91.99999988079071,12352.941175922751,9963.307064956542,52.22401812433912,10165.369998294977,53.51064944791461,1
myopic,21,98,0,6,0,0,91.99999988079071,12352.941175922751,9930.557921765681,59.07475015891885,15600.247005873252,53.51064944791461,1
myopic,21,97,0,6,0,0,91.99999988079071,12352.941175922751,9892.151202607607,65.88681955624286,21661.834397193274,55.53276728716988,1
myopic,21,96,0,6,0,0,91.99999988079071,12352.941175922751,9849.407731605475,48.01997513662777,26079.6721040386,55.852472283942966,1
myopic,21,95,0,6,0,0,91.99999988079071,12352.941175922751,9819.468983606022,74.00886766509709,32888.48792040499,56.18471002774361,1
myopic,21,94,0,6,0,0,91.99999988079071,12352.941175922751,9771.064192215337,79.044154282561,40160.5501049778,56.18471002774361,1
myopic,21,93,0,6,0,0,91.99999988079071,12352.941175922751,9719.091682537404,54.12111827978562,45139.692980266336,56.18471002774361,1
myopic,21,92,0,6,0,0,91.99999988079071,12352.941175922751,9683.417277079849,67.34340307438472,51335.28605508177,56.85789131285237,1
myopic,21,91,0,6,0,0,91.99999988079071,12352.941175922751,9639.779981266722,56.855355645525584,56565.97876769244,56.85789131285237,1
myopic,21,90,0,6,0,0,91.99999988079071,12352.941175922751,9603.030759069594,62.23835261185723,62291.90720056392,57.85980122566746,1
myopic,21,89,0,6,0,0,91.99999988079071,12352.941175922751,9562.120528407406,64.41031777809036,68217.65642846993,57.85980122566746,1
myopic,21,88,0,6,0,0,91.99999988079071,12352.941175922751,9519.239045813063,58.52928699529782,73602.35082506009,57.85980122566746,1
myopic,21,87,0,6,0,0,91.99999988079071,12352.941175922751,9480.945329077116,68.71591204066266,79924.21472460948,59.05581472314141,1
myopic,21,86,0,6,0,0,91.99999988079071,12352.941175922751,9437.003269440338,55.56587664056272,85036.27536891728,59.05581472314141,1
myopic,21,85,0,6,0,0,91.99999988079071,12352.941175922751,9400.214314916115,69.15552878338237,91398.58400874448,59.321172379079584,1
myopic,21,84,0,6,0,0,91.99999988079071,12352.941175922751,9355.294716012419,68.17094420116726,97670.31086712526,59.321172379079584,1
myopic,21,83,0,6,0,0,91.99999988079071,12352.941175922751,9311.369213749434,66.92279062871941,103827.20759698963,59.321172379079584,1
myopic,21,82,0,6,0,0,91.99999988079071,12352.941175922751,9268.132721935019,66.91895806374036,109983.75173087638,59.321172379079584,1
myopic,21,81,0,6,0,0,91.99999988079071,12352.941175922751,9223.611310410673,62.69160837041322,115751.37969348097,59.67942540614826,1
myopic,21,80,0,6,0,0,91.99999988079071,12352.941175922751,9181.941092373188,57.645043612537954,121054.72369896263,59.67942540614826,1
myopic,21,79,0,6,0,0,91.99999988079071,12352.941175922751,9144.326554967256,55.490326529221754,126159.83373303607,60.144742931333404,1
myopic,21,78,0,6,0,0,91.99999988079071,12352.941175922751,9107.94473834433,68.23747300264944,132437.68124114527,60.59148468407464,1
myopic,21,77,0,6,0,0,91.99999988079071,12352.941175922751,9063.21965444376,65.46683460238822,138460.63001676073,61.68635059106254,1
myopic,21,76,0,6,0,0,91.99999988079071,12352.941175922751,9019.108893997824,78.99858303078685,145728.49964617574,61.68635059106254,1
myopic,21,75,0,6,0,0,91.99999988079071,12352.941175922751,8968.151801056953,77.00115628209474,152812.6060149492,61.68635059106254,1
myopic,21,74,0,6,0,0,91.99999988079071,12352.941175922751,8918.898355909749,61.86943618645634,158504.59413672777,61.68635059106254,1
myopic,21,73,0,6,0,0,91.99999988079071,12352.941175922751,8878.095725182919,68.63375501452312,164818.89958988212,61.811377832783585,1
myopic,21,72,0,6,0,0,91.99999988079071,12352.941175922751,8833.485583794618,64.02710826080097,170709.39354224317,61.811377832783585,1
myopic,21,71,0,6,0,0,91.99999988079071,12352.941175922751,8790.94825988052,64.25947670899332,176621.26539181022,63.69238905560433,1
myopic,21,70,0,6,0,0,91.99999988079071,12352.941175922751,8748.738200830423,75.13696611384681,183533.8662653271,63.69238905560433,1
myopic,21,69,0,6,0,0,91.99999988079071,12352.941175922751,8697.940494098792,70.22464890113575,189994.53395586016,63.69238905560433,1
myopic,21,68,0,6,0,0,91.99999988079071,12352.941175922751,8651.123141088361,70.54830421245848,196484.97793499634,64.51194257070377,1
myopic,21,67,0,6,0,0,91.99999988079071,12352.941175922751,8604.4110573648,68.27027401628729,202765.84313635633,64.51194257070377,1
myopic,21,66,0,6,0,0,91.99999988079071,12352.941175922751,8559.618834557545,77.54852950497354,209900.3078415694,66.02319309723785,1
myopic,21,65,0,6,0,0,91.99999988079071,12352.941175922751,8507.771862098562,71.26190454424604,216456.40305114494,66.02319309723785,1
myopic,21,64,0,6,0,0,91.99999988079071,12352.941175922751,8459.817307687228,76.60681846939514,223504.23034119705,66.02319309723785,1
myopic,21,63,0,6,0,0,91.99999988079071,12352.941175922751,8407.140426908065,70.17305317230523,229960.15122468385,66.02319309723785,1
myopic,21,62,0,6,0,0,91.99999988079071,12352.941175922751,8360.262937971778,74.0149118945688,236769.52311016092,66.02319309723785,1
myopic,21,61,0,6,0,0,91.99999988079071,12352.941175922751,8311.134042302057,103.53313055851162,246294.57110920188,66.0678136608015,1
myopic,21,60,0,6,0,0,91.99999988079071,12352.941175922751,8240.166402343379,98.90508772015875,255393.83916766607,85.17672399217258,1
myopic,21,59,0,6,0,0,91.99999988079071,12352.941175922751,8173.43976233449,99.27034701414937,264526.71108113386,85.17672399217258,1
myopic,21,58,0,6,0,0,91.99999988079071,12352.941175922751,8105.037067652358,97.3529376127485,273483.18132990133,85.17672399217258,1
myopic,21,57,0,6,0,0,91.99999988079071,12352.941175922751,8039.3203946448975,79.87310565176108,280831.50704034173,85.17672399217258,1
myopic,21,56,0,6,0,0,91.99999988079071,12352.941175922751,7984.192099661189,93.26540462755892,289411.92425495904,85.17672399217258,1
myopic,21,55,0,6,0,0,91.99999988079071,12352.941175922751,7921.64719702354,103.21619940921582,298907.8145883026,87.67464619283565,1
myopic,21,54,0,6,0,0,91.99999988079071,12352.941175922751,7850.870487774932,84.74072074186755,306703.9608864525,87.67464619283565,1
myopic,21,53,0,6,0,0,91.99999988079071,12352.941175922751,7793.08850034515,94.3000710404595,315379.5674109334,87.67464619283565,1
myopic,21,52,0,6,0,0,91.99999988079071,12352.941175922751,7727.509075132486,82.75496840939999,322993.024494733,88.00542260216963,1
myopic,21,51,0,6,0,0,91.99999988079071,12352.941175922751,7671.157294509494,96.80995010063049,331899.5398924504,89.3393639748758,1
myopic,21,50,0,6,0,0,91.99999988079071,12352.941175922751,7603.1484637357935,89.83329870265304,340164.2033623855,89.3393639748758,1
myopic,21,49,0,6,0,0,91.99999988079071,12352.941175922751,7544.66909994989,87.42819092292845,348207.59691687266,89.87264365606573,1
myopic,21,48,0,6,0,0,91.99999988079071,12352.941175922751,7484.144232011557,104.97715436756977,357865.49510617484,89.87264365606573,1
myopic,21,47,0,6,0,0,91.99999988079071,12352.941175922751,7409.65198587908,104.3518350368134,367465.86391712195,89.87264365606573,1
myopic,21,46,0,6,0,0,91.99999988079071,12352.941175922751,7338.44216714397,108.26241036018556,377426.00565735315,92.28499445299059,1
myopic,21,45,0,6,0,0,91.99999988079071,12352.941175922751,7263.405858333246,100.16252688025972,386640.95811839675,92.32417290804567,1
myopic,21,44,0,6,0,0,91.99999988079071,12352.941175922751,7193.8141865793095,111.96679884438214,396941.90359873243,92.85601305134094,1
myopic,21,43,0,6,0,0,91.99999988079071,12352.941175922751,7117.082007078534,93.57877221199604,405551.1506310806,92.85601305134094,1
myopic,21,42,0,6,0,0,91.99999988079071,12352.941175922751,7051.894369194472,102.08687018597395,414943.1426760205,92.85601305134094,1
myopic,21,41,0,6,0,0,91.99999988079071,12352.941175922751,6981.534102591266,95.58377772730833,423736.8502155384,93.6308664821853,1
myopic,21,40,0,6,0,0,91.99999988079071,12352.941175922751,6914.192468558818,113.32211087307145,434162.48440235195,93.6308664821853,1
myopic,21,39,0,6,0,0,91.99999988079071,12352.941175922751,6833.766979215841,109.65294883735636,444250.55568231706,93.6308664821853,1
myopic,21,38,0,6,0,0,91.99999988079071,12352.941175922751,6755.155463836962,88.24419813601538,452369.02190031094,95.04742683727991,1
myopic,21,37,0,6,0,0,91.99999988079071,12352.941175922751,6694.558106347331,98.52879439819284,461433.6709731991,95.04742683727991,1
myopic,21,36,0,6,0,0,91.99999988079071,12352.941175922751,6626.357155621955,96.25679815448235,470289.2963919368,95.04742683727991,1
myopic,21,35,0,6,0,0,91.99999988079071,12352.941175922751,6558.139674161432,93.89686268684201,478927.80774793285,95.04742683727991,1
myopic,21,34,0,6,0,0,91.99999988079071,12352.941175922751,6491.995679788713,87.82674249403001,487007.8680469138,95.04742683727991,1
myopic,21,33,0,6,0,0,91.99999988079071,12352.941175922751,6430.533394618059,117.08399320616667,497779.5954079237,95.04742683727991,1
myopic,21,32,0,6,0,0,91.99999988079071,12352.941175922751,6347.797629904417,114.05510926453888,508272.66544666485,97.00694341239463,1
myopic,21,31,0,6,0,0,91.99999988079071,12352.941175922751,6265.407753391988,107.5347794853728,518165.8651465,101.69890345053383,1
myopic,21,30,0,6,0,0,91.99999988079071,12352.941175922751,6187.690120770936,116.90207200611023,528920.8557571264,101.69890345053383,1
myopic,21,29,0,6,0,0,91.99999988079071,12352.941175922751,6102.846490367572,110.10136759790589,539050.1815630086,105.09652333242514,1
myopic,21,28,0,6,0,0,91.99999988079071,12352.941175922751,6025.432228124301,107.46995964709248,548937.4178377297,105.09652333242514,1
myopic,21,27,0,6,0,0,91.99999988079071,12352.941175922751,5948.5266621367755,119.93354834712484,559971.304271368,105.51726153189219,1
myopic,21,26,0,6,0,0,91.99999988079071,12352.941175922751,5861.989444799717,116.12643710523848,570654.9364712066,105.51726153189219,1
myopic,21,25,0,6,0,0,91.99999988079071,12352.941175922751,5777.935610643545,129.7044667016401,582587.7473922955,108.86577323146005,1
myopic,21,24,0,6,0,0,91.99999988079071,12352.941175922751,5684.367453034221,133.97569437970265,594913.511259257,110.31606898852215,1
myopic,21,23,0,6,0,0,91.99999988079071,12352.941175922751,5588.453549237786,119.05682041390195,605866.7387231432,111.20897889534331,1
myopic,21,22,0,6,0,0,91.99999988079071,12352.941175922751,5500.219991347293,127.93731685174566,617636.9718582525,112.95137016244168,1
myopic,21,21,0,6,0,0,91.99999988079071,12352.941175922751,5407.494946984433,122.92242995269987,628945.8353992475,112.95137016244168,1
myopic,21,20,0,6,0,0,91.99999988079071,12352.941175922751,5317.91022073937,130.60287207515316,640961.2996145925,112.95137016244168,1
myopic,21,19,0,6,0,0,91.99999988079071,12352.941175922751,5220.657114793753,122.9701811725182,652274.5562678049,112.95137016244168,1
myopic,21,18,0,6,0,0,91.99999988079071,12352.941175922751,5128.969400256795,125.73788724874605,663842.4418797004,117.40424760711261,1
myopic,21,17,0,6,0,0,91.99999988079071,12352.941175922751,5035.514590764586,129.22981847497803,675731.585163993,117.40424760711261,1
myopic,21,16,0,6,0,0,91.99999988079071,12352.941175922751,4939.80327323985,132.50131640401062,687921.7062573666,117.43877695873326,1
myopic,21,15,0,6,0,0,91.99999988079071,12352.941175922751,4839.883569791206,132.8821264500807,700146.8618749332,117.79311858824813,1
myopic,21,14,0,6,0,0,91.99999988079071,12352.941175922751,4738.4780185046375,127.30074406332984,711858.5303135841,118.13382576143007,1
myopic,21,13,0,6,0,0,91.99999988079071,12352.941175922751,4644.366998046354,126.12945697050048,723462.4403398344,118.13382576143007,1
myopic,21,12,0,6,0,0,91.99999988079071,12352.941175922751,4548.443542090587,130.2179187235888,735442.4888468814,118.65148982084473,1
myopic,21,11,0,6,0,0,91.99999988079071,12352.941175922751,4448.506929170851,137.66717008713104,748107.8684784863,118.65148982084473,1
myopic,21,10,0,6,0,0,91.99999988079071,12352.941175922751,4343.288864783553,130.5584113940991,760119.2423111796,119.72247037978816,1
myopic,21,9,0,6,0,0,91.99999988079071,12352.941175922751,4244.150998846236,139.70613667432548,772972.2068685633,119.9282594332441,1
myopic,21,8,0,6,0,0,91.99999988079071,12352.941175922751,4136.461654893516,122.7749110182429,784267.4986676058,119.9282594332441,1
myopic,21,7,0,6,0,0,91.99999988079071,12352.941175922751,4042.2978152965734,128.12324629736588,796054.83731169,119.9282594332441,1
myopic,21,6,0,6,0,0,91.99999988079071,12352.941175922751,3940.3888478514637,128.53239756000866,807879.8178718885,119.9282594332441,1
myopic,21,5,0,6,0,0,91.99999988079071,12352.941175922751,3841.1549354406643,114.43229320642743,818407.5888332385,111.6350613497792,1
myopic,21,4,0,6,0,0,91.99999988079071,12352.941175922751,3750.0301672324076,115.33952105616927,829018.8247566565,105.31132169984018,1
myopic,21,3,0,6,0,0,91.99999988079071,12352.941175922751,3657.2964200013557,101.68869828555007,838374.184986805,100.66337802387262,1
myopic,21,2,0,6,0,0,91.99999988079071,12352.941175922751,3574.604233389803,94.74034723487648,847090.2969211197,97.45860423514522,1
myopic,21,1,0,6,0,0,91.99999988079071,12352.941175922751,3498.1469939311046,86.15734583527589,855016.7727276942,90.48681714092218,1
myopic,22,100,6,12,1,1,91.99999988079071,12352.941175922751,10000.0,142.24134950447618,13086.204137455317,119.21816460837967,0
myopic,22,99,6,12,1,1,91.99999988079071,12352.941175922751,9899.103872802994,138.21486429546235,25801.971636161357,119.21816460837967,0
myopic,22,98,6,12,1,1,91.99999988079071,12352.941175922751,9797.079141978265,129.21161505210037,37689.440205551364,119.21816460837967,0
myopic,22,97,6,12,1,1,91.99999988079071,12352.941175922751,9704.021887907995,135.83221702331514,50186.00415550389,120.48841230422327,0
myopic,22,96,6,12,1,1,91.99999988079071,12352.941175922751,9603.593543018336,150.46094958441532,64028.41149933376,120.48841230422327,0
myopic,22,95,6,12,1,1,91.99999988079071,12352.941175922751,9492.672163638723,145.96744068316698,77457.41602478444,121.5480831964681,0
myopic,22,94,6,12,1,1,91.99999988079071,12352.941175922751,9386.817139527784,126.75757686011818,89119.11308080463,121.5480831964681,0
myopic,22,93,6,12,1,1,91.99999988079071,12352.941175922751,9296.423817264003,125.6147327518368,100675.66847899917,122.03586911981081,0
myopic,22,92,6,12,1,1,91.99999988079071,12352.941175922751,9205.007544610251,136.388311222478,113223.39309520839,123.03316904179233,0
myopic,22,91,6,12,1,1,91.99999988079071,12352.941175922751,9106.935599282857,142.9512566955013,126374.90869415339,123.03316904179233,0
myopic,22,90,6,12,1,1,91.99999988079071,12352.941175922751,9002.293502756122,131.28496118301345,138453.12510734025,124.47314745072495,0
myopic,22,89,6,12,1,1,91.99999988079071,12352.941175922751,8906.933192541386,152.88108092544726,152518.18453425655,124.47314745072495,0
myopic,22,88,6,12,1,1,91.99999988079071,12352.941175922751,8794.356028403567,131.41130723569884,164608.0247842754,124.74048774082162,0
myopic,22,87,6,12,1,1,91.99999988079071,12352.941175922751,8698.921158004985,153.29731499353605,178711.37774540624,126.45503592053535,0
myopic,22,86,6,12,1,1,91.99999988079071,12352.941175922751,8586.880376418703,149.64080311232058,192478.33161390116,126.45503592053535,0
myopic,22,85,6,12,1,1,91.99999988079071,12352.941175922751,8474.561516205342,124.64572215332797,203945.7380371484,127.85690711176491,0
myopic,22,84,6,12,1,1,91.99999988079071,12352.941175922751,8380.974284139433,141.57347594507263,216970.4978072182,130.6942817674587,0
myopic,22,83,6,12,1,1,91.99999988079071,12352.941175922751,8277.834405475533,138.89019342015365,229748.39558531533,130.6942817674587,0
myopic,22,82,6,12,1,1,91.99999988079071,12352.941175922751,8174.304505782671,146.62539076517112,243237.93151823196,130.6942817674587,0
myopic,22,81,6,12,1,1,91.99999988079071,12352.941175922751,8065.060216646082,137.83441018998923,255918.69723927983,131.0525347945274,0
myopic,22,80,6,12,1,1,91.99999988079071,12352.941175922751,7961.1635879874475,159.64786094553844,270606.3004272379,131.0525347945274,0
myopic,22,79,6,12,1,1,91.99999988079071,12352.941175922751,7839.8990612529215,155.63451827008168,284924.6760895323,134.69965047598188,0
myopic,22,78,6,12,1,1,91.99999988079071,12352.941175922751,7721.4597017445285,165.85843906637885,300183.6524638673,134.69965047598188,0
myopic,22,77,6,12,1,1,91.99999988079071,12352.941175922751,7596.841691058175,157.8163909314239,314702.76041074516,136.04655404778723,0
myopic,22,76,6,12,1,1,91.99999988079071,12352.941175922751,7478.294148780371,155.1784892456321,328979.1814028446,137.5612169999776,0
myopic,22,75,6,12,1,1,91.99999988079071,12352.941175922751,7361.181836226509,137.09523881653766,341591.94335762307,137.5612169999776,0
myopic,22,74,6,12,1,1,91.99999988079071,12352.941175922751,7259.107079456788,155.50560894061783,355898.45936162217,137.5612169999776,0
myopic,22,73,6,12,1,1,91.99999988079071,12352.941175922751,7145.974401607028,140.0680305331268,368784.7181539724,138.32368132308972,0
myopic,22,72,6,12,1,1,91.99999988079071,12352.941175922751,7038.967110975134,143.12945391590625,381952.6278971734,138.32368132308972,0
myopic,22,71,6,12,1,1,91.99999988079071,12352.941175922751,6932.169372529933,154.6037081244709,396176.16902619455,138.32368132308972,0
myopic,22,70,6,12,1,1,91.99999988079071,12352.941175922751,6816.671761821002,148.13747238976066,409804.81646839314,138.32368132308972,0
myopic,22,69,6,12,1,1,91.99999988079071,12352.941175922751,6705.911800099101,154.52383389361788,424021.0091681853,141.44513027967048,0
myopic,22,68,6,12,1,1,91.99999988079071,12352.941175922751,6590.31387187127,159.4083270629372,438686.57523897255,144.11442869521588,0
myopic,22,67,6,12,1,1,91.99999988079071,12352.941175922751,6467.713329262788,162.49224783549906,453635.8620204679,144.11442869521588,0
myopic,22,66,6,12,1,1,91.99999988079071,12352.941175922751,6342.55657551749,165.5591270755176,468867.3016916793,145.6585852960098,0
myopic,22,65,6,12,1,1,91.99999988079071,12352.941175922751,6216.008245503455,164.3351129113764,483986.13205993565,145.6585852960098,0
myopic,22,64,6,12,1,1,91.99999988079071,12352.941175922751,6091.939277832067,164.8855561774996,499155.60320860974,145.6585852960098,0
myopic,22,63,6,12,1,1,91.99999988079071,12352.941175922751,5966.3542458688535,152.61380633166857,513196.0733729303,147.36536096010775,0
myopic,22,62,6,12,1,1,91.99999988079071,12352.941175922751,5849.339972595178,166.14814074136277,528481.7023013292,147.36536096010775,0
myopic,22,61,6,12,1,1,91.99999988079071,12352.941175922751,5722.337516029842,185.08659104234906,545509.6686551613,147.3781006109956,0
myopic,22,60,6,12,1,1,91.99999988079071,12352.941175922751,5586.1516226218555,201.5506700312559,564052.3302740101,172.95101534140753,0
myopic,22,59,6,12,1,1,91.99999988079071,12352.941175922751,5432.457166401354,179.08026647588846,580527.7147684438,173.18520571918685,0
myopic,22,58,6,12,1,1,91.99999988079071,12352.941175922751,5294.529222792583,190.90440896197245,598090.9203701877,179.28794627762093,0
myopic,22,57,6,12,1,1,91.99999988079071,12352.941175922751,5147.218970177665,195.6847105897702,616093.9137211192,179.28794627762093,0
myopic,22,56,6,12,1,1,91.99999988079071,12352.941175922751,4995.239703683436,200.8005587891413,634567.5651057828,179.28794627762093,0
myopic,22,55,6,12,1,1,91.99999988079071,12352.941175922751,4840.566662568458,200.13263933717235,652979.767900945,181.50830068228348,0
myopic,22,54,6,12,1,1,91.99999988079071,12352.941175922751,4684.516910081537,188.56572178537928,670327.8142827211,181.50830068228348,0
myopic,22,53,6,12,1,1,91.99999988079071,12352.941175922751,4537.356060050652,204.4435512816903,689136.620976265,181.50830068228348,0
myopic,22,52,6,12,1,1,91.99999988079071,12352.941175922751,4380.720464801382,201.36090504938872,707661.8242168047,181.50830068228348,0
myopic,22,51,6,12,1,1,91.99999988079071,12352.941175922751,4225.998895274267,211.50145476783032,727119.9580302321,183.74050410317923,0
myopic,22,50,6,12,1,1,91.99999988079071,12352.941175922751,4060.618243487803,206.42816831301772,746111.3494904216,192.542564800098,0
myopic,22,49,6,12,1,1,91.99999988079071,12352.941175922751,3899.3034640718643,219.38812754785715,766295.0571986714,193.30528083385084,0
myopic,22,48,6,12,1,1,91.99999988079071,12352.941175922751,3727.7921315059084,228.43501527583547,787311.0785768167,193.30528083385084,0
myopic,22,47,6,12,1,1,91.99999988079071,12352.941175922751,3550.3474031723126,221.47480572304312,807686.7606769348,197.01820323067741,0
myopic,22,46,6,12,1,1,91.99999988079071,12352.941175922751,3373.3648836163047,216.16020716393209,827573.4997102483,197.01820323067741,0
myopic,22,45,6,12,1,1,91.99999988079071,12352.941175922751,3205.0289337666154,216.61349055692676,847501.9408156632,197.01820323067741,0
myopic,22,44,6,12,1,1,91.99999988079071,12352.941175922751,3034.684815435884,211.63294285370102,866972.171532975,197.60821190962048,0
myopic,22,43,6,12,1,1,91.99999988079071,12352.941175922751,2869.5152360329566,202.53998999002053,885605.8505879123,197.60821190962048,0
myopic,22,42,6,12,1,1,91.99999988079071,12352.941175922751,2712.660882318498,212.14335371457008,905123.0391043632,197.60821190962048,0
myopic,22,41,6,12,1,1,91.99999988079071,12352.941175922751,2548.2933911083965,216.75907740160903,925064.8741994716,201.0148893750271,0
myopic,22,40,6,12,1,1,91.99999988079071,12352.941175922751,2376.4870011935764,217.24683758656872,945051.5832315381,201.0148893750271,0
myopic,22,39,6,12,1,1,91.99999988079071,12352.941175922751,2207.876610516396,230.0918436760633,966220.0328223068,201.0148893750271,0
myopic,22,38,6,12,1,1,91.99999988079071,12352.941175922751,2025.8756200246453,216.93968645195653,986178.4839500256,208.16928401824555,0
myopic,22,37,6,12,1,1,91.99999988079071,12352.941175922751,1854.0052574091278,220.0451279867894,1006422.6356985788,208.16928401824555,0
myopic,22,36,6,12,1,1,91.99999988079071,12352.941175922751,1680.8464731935564,222.72974507361474,1026913.7722187999,208.605935944052,0
myopic,22,35,6,12,1,1,91.99999988079071,12352.941175922751,1502.504972389679,222.02351807031923,1047339.935854802,208.605935944052,0
myopic,22,34,6,12,1,1,91.99999988079071,12352.941175922751,1326.5070025346322,230.07952764011807,1068507.2523702653,208.605935944052,0
myopic,22,33,6,12,1,1,91.99999988079071,12352.941175922751,1141.2148431591868,238.07478928071686,1090410.1329557106,208.605935944052,0
myopic,22,32,6,12,1,1,91.99999988079071,12352.941175922751,953.2061499042484,243.01041743563115,1112767.0913308195,208.605935944052,0
myopic,22,31,6,12,1,1,91.99999988079071,12352.941175922751,758.1694563985584,245.02700380672493,1135309.5756518287,213.0863875168285,0
myopic,22,30,6,12,1,1,91.99999988079071,12352.941175922751,559.6691861506788,242.94094224179793,1157660.1423091132,214.84826275598544,0
myopic,22,29,6,12,1,1,91.99999988079071,10000.0,364.41080042824797,0.0,1157660.1423091132,225.55221352890493,0
myopic,22,28,6,12,1,1,91.99999988079071,10000.0,364.41080042824797,0.0,1157660.1423091132,225.55221352890493,0
myopic,22,27,6,12,1,1,91.99999988079071,10000.0,364.41080042824797,0.0,1157660.1423091132,225.97295172837198,0
myopic,22,26,6,12,1,1,91.99999988079071,10000.0,364.41080042824797,0.0,1157660.1423091132,225.97295172837198,0
myopic,22,25,6,12,1,1,91.99999988079071,10000.0,364.41080042824797,0.0,1157660.1423091132,230.19559885154544,0
myopic,22,24,6,12,1,1,91.99999988079071,10000.0,364.41080042824797,0.0,1157660.1423091132,233.6670386321828,0
myopic,22,23,6,12,1,1,91.99999988079071,10000.0,364.41080042824797,0.0,1157660.1423091132,235.30679756566138,0
myopic,22,22,6,12,1,1,91.99999988079071,10000.0,364.41080042824797,0.0,1157660.1423091132,238.1271749969102,0
myopic,22,21,6,12,1,1,91.99999988079071,10000.0,364.41080042824797,0.0,1157660.1423091132,238.1271749969102,0
myopic,22,20,6,12,1,1,91.99999988079071,10000.0,364.41080042824797,0.0,1157660.1423091132,238.1271749969102,0
myopic,22,19,6,12,1,1,91.99999988079071,10000.0,364.41080042824797,0.0,1157660.1423091132,238.1271749969102,0
myopic,22,18,6,12,1,1,91.99999988079071,10000.0,364.41080042824797,0.0,1157660.1423091132,244.15619931843952,0
myopic,22,17,6,12,1,1,91.99999988079071,10000.0,364.41080042824797,0.0,1157660.1423091132,244.15619931843952,0
myopic,22,16,6,12,1,1,91.99999988079071,10000.0,364.41080042824797,0.0,1157660.1423091132,246.45447097887347,0
myopic,22,15,6,12,1,1,91.99999988079071,10000.0,364.41080042824797,0.0,1157660.1423091132,249.0993376403336,0
myopic,22,14,6,12,1,1,91.99999988079071,10000.0,364.41080042824797,0.0,1157660.1423091132,251.01425215790965,0
myopic,22,13,6,12,1,1,91.99999988079071,10000.0,364.41080042824797,0.0,1157660.1423091132,251.46554524240713,0
myopic,22,12,6,12,1,1,91.99999988079071,10000.0,364.41080042824797,0.0,1157660.1423091132,252.18470229434556,0
myopic,22,11,6,12,1,1,91.99999988079071,10000.0,364.41080042824797,0.0,1157660.1423091132,252.18470229434556,0
myopic,22,10,6,12,1,1,91.99999988079071,10000.0,364.41080042824797,0.0,1157660.1423091132,253.3217479726484,0
myopic,22,9,6,12,1,1,91.99999988079071,10000.0,364.41080042824797,0.0,1157660.1423091132,253.3217479726484,0
myopic,22,8,6,12,1,1,91.99999988079071,10000.0,364.41080042824797,0.0,1157660.1423091132,253.3217479726484,0
myopic,22,7,6,12,1,1,91.99999988079071,10000.0,364.41080042824797,0.0,1157660.1423091132,253.3217479726484,0
myopic,22,6,6,12,1,1,91.99999988079071,10000.0,364.41080042824797,0.0,1157660.1423091132,253.3217479726484,0
myopic,22,5,6,12,1,1,91.99999988079071,10000.0,364.41080042824797,0.0,1157660.1423091132,227.42353435458372,0
myopic,22,4,6,12,1,1,91.99999988079071,10000.0,364.41080042824797,0.0,1157660.1423091132,223.80390014802688,0
myopic,22,3,6,12,1,1,91.99999988079071,10000.0,364.41080042824797,0.0,1157660.1423091132,212.94074769604768,0
myopic,22,2,6,12,1,1,91.99999988079071,10000.0,364.41080042824797,0.0,1157660.1423091132,199.91705650403023,0
myopic,22,1,6,12,1,1,91.99999988079071,10000.0,364.41080042824797,0.0,1157660.1423091132,192.4570690769313,0
myopic,23,100,5,6,1,0,91.99999988079071,12352.941175922751,10000.0,87.59017851920714,8058.2964133254945,96.84458680514814,0
myopic,23,99,5,6,1,0,91.99999988079071,12352.941175922751,9937.197339171886,89.13142900137261,16258.387870826482,96.84458680514814,0
myopic,23,98,5,6,1,0,91.99999988079071,12352.941175922751,9872.824480407098,112.45759471559752,26604.486571255464,96.84458680514814,0
myopic,23,97,5,6,1,0,91.99999988079071,12352.941175922751,9791.59671687906,114.58185355818998,37146.01708494972,98.1841879480772,0
myopic,23,96,5,6,1,0,91.99999988079071,12352.941175922751,9709.306348600621,104.84165479801165,46791.449313868696,98.50389294485028,0
myopic,23,95,5,6,1,0,91.99999988079071,12352.941175922751,9634.529594631182,121.18624428046013,57940.5837732245,99.5635638370951,0
myopic,23,94,5,6,1,0,91.99999988079071,12352.941175922751,9548.318977963898,107.29667567707278,67811.87792272444,99.5635638370951,0
myopic,23,93,5,6,1,0,91.99999988079071,12352.941175922751,9472.049496364078,106.34299916011705,77595.43383277813,99.5635638370951,0
myopic,23,92,5,6,1,0,91.99999988079071,12352.941175922751,9395.936145005448,112.53340702698347,87948.50726584558,100.80382638306776,0
myopic,23,91,5,6,1,0,91.99999988079071,12352.941175922751,9315.283531039553,109.06315286446029,97982.31731637458,100.80382638306776,0
myopic,23,90,5,6,1,0,91.99999988079071,12352.941175922751,9237.366850889275,112.61749631961915,108343.1269643545,102.09928872109144,0
myopic,23,89,5,6,1,0,91.99999988079071,12352.941175922751,9157.628136770303,112.61130473716103,118703.366986749,102.09928872109144,0
myopic,23,88,5,6,1,0,91.99999988079071,12352.941175922751,9074.964408975591,107.34735765342984,128579.32387806773,102.36662901118811,0
myopic,23,87,5,6,1,0,91.99999988079071,12352.941175922751,8997.406375102033,136.02033281597463,141093.1944809225,103.54257348173525,0
myopic,23,86,5,6,1,0,91.99999988079071,12352.941175922751,8900.262778929642,102.04997931799868,150481.7925660131,103.54257348173525,0
myopic,23,85,5,6,1,0,91.99999988079071,12352.941175922751,8826.725569447935,129.47461535471896,162393.45716321265,104.94444467296476,0
myopic,23,84,5,6,1,0,91.99999988079071,12352.941175922751,8730.425244151163,105.29121340664946,172080.2487840727,104.94444467296476,0
myopic,23,83,5,6,1,0,91.99999988079071,12352.941175922751,8653.380123010302,115.0552829624387,182665.3348029014,104.94444467296476,0
myopic,23,82,5,6,1,0,91.99999988079071,12352.941175922751,8570.342813182457,99.84617429103528,191851.18282577407,104.94444467296476,0
myopic,23,81,5,6,1,0,91.99999988079071,12352.941175922751,8496.694582574586,108.52745037603273,201835.7082474316,105.30269770003343,0
myopic,23,80,5,6,1,0,91.99999988079071,12352.941175922751,8417.26000641215,117.97733240389051,212689.62281452556,105.30269770003343,0
myopic,23,79,5,6,1,0,91.99999988079071,12352.941175922751,8329.158374151717,126.73013901383462,224348.79558869093,107.04578516915666,0
myopic,23,78,5,6,1,0,91.99999988079071,12352.941175922751,8237.93416063799,116.43648224212356,235060.95194108598,107.04578516915666,0
myopic,23,77,5,6,1,0,91.99999988079071,12352.941175922751,8151.613896558078,109.53159437266106,245137.85861031362,108.15295924674302,0
myopic,23,76,5,6,1,0,91.99999988079071,12352.941175922751,8071.749630624762,122.01632049252828,256363.36008108075,109.66762219893337,0
myopic,23,75,5,6,1,0,91.99999988079071,12352.941175922751,7984.13520987727,110.31204891541748,266512.06856814894,109.66762219893337,0
myopic,23,74,5,6,1,0,91.99999988079071,12352.941175922751,7904.917275987872,122.73861646876932,277804.02126864414,109.66762219893337,0
myopic,23,73,5,6,1,0,91.99999988079071,12352.941175922751,7815.269494237634,127.87199573964425,289568.2448614479,109.89307416174906,0
myopic,23,72,5,6,1,0,91.99999988079071,12352.941175922751,7720.935589470014,125.0189474654922,301069.98801336973,109.89307416174906,0
myopic,23,71,5,6,1,0,91.99999988079071,12352.941175922751,7628.813673190425,126.45819980044558,312704.1423799357,109.89307416174906,0
myopic,23,70,5,6,1,0,91.99999988079071,12352.941175922751,7535.529913395465,116.00630509279848,323376.7224346441,109.89307416174906,0
myopic,23,69,5,6,1,0,91.99999988079071,12352.941175922751,7448.501071530417,134.62953374785388,335762.6395233976,113.01452311832983,0
myopic,23,68,5,6,1,0,91.99999988079071,12352.941175922751,7346.144839288727,125.65186111467803,347322.6107309691,115.68382153387522,0
myopic,23,67,5,6,1,0,91.99999988079071,12352.941175922751,7253.64108043186,117.50651840837068,358133.2104105314,115.68382153387522,0
myopic,23,66,5,6,1,0,91.99999988079071,12352.941175922751,7171.022568584716,118.61567170950558,369045.8521936658,117.77633053076984,0
myopic,23,65,5,6,1,0,91.99999988079071,12352.941175922751,7082.288512108025,121.99860929924604,380269.72423465305,117.77633053076984,0
myopic,23,64,5,6,1,0,91.99999988079071,12352.941175922751,6994.559213397386,135.81956222328753,392765.1239430045,117.77633053076984,0
myopic,23,63,5,6,1,0,91.99999988079071,12352.941175922751,6894.0197948721425,128.06545181227426,404547.1454944672,119.48310619486782,0
myopic,23,62,5,6,1,0,91.99999988079071,12352.941175922751,6798.890837311454,130.2428612627478,416529.48871511384,119.48310619486782,0
myopic,23,61,5,6,1,0,91.99999988079071,12352.941175922751,6700.93029684009,144.01375408072158,429778.75407337246,119.81792724103677,0
myopic,23,60,5,6,1,0,91.99999988079071,12352.941175922751,6593.371206651044,153.82117440369052,443930.30210017506,144.0601159519614,0
myopic,23,59,5,6,1,0,91.99999988079071,12352.941175922751,6476.464763146119,155.13080137676903,458202.33580834477,144.0601159519614,0
myopic,23,58,5,6,1,0,91.99999988079071,12352.941175922751,6357.748631744962,168.27744578340446,473683.86080035777,149.09961677913984,0
myopic,23,57,5,6,1,0,91.99999988079071,12352.941175922751,6228.8092118066825,157.7772972024122,488199.3721241712,149.09961677913984,0
myopic,23,56,5,6,1,0,91.99999988079071,12352.941175922751,6108.827239284289,168.43115349010117,503695.0382251819,149.09961677913984,0
myopic,23,55,5,6,1,0,91.99999988079071,12352.941175922751,5984.120203928619,163.438978310903,518731.42421030154,151.02766539478267,0
myopic,23,54,5,6,1,0,91.99999988079071,12352.941175922751,5861.293045074241,157.7970913583478,533248.7565964586,151.02766539478267,0
myopic,23,53,5,6,1,0,91.99999988079071,12352.941175922751,5742.98385261623,154.00770700916655,547417.4656229428,151.02766539478267,0
myopic,23,52,5,6,1,0,91.99999988079071,12352.941175922751,5626.90361347723,170.17601432580665,563073.6589206305,151.02766539478267,0
myopic,23,51,5,6,1,0,91.99999988079071,12352.941175922751,5498.923960954904,158.59372332630687,577664.2814477448,152.83113474757658,0
myopic,23,50,5,6,1,0,91.99999988079071,12352.941175922751,5376.91614756263,169.5586687593454,593263.6789533916,156.11217061502776,0
myopic,23,49,5,6,1,0,91.99999988079071,12352.941175922751,5247.748662846389,170.65363835016598,608963.8136612634,157.41349035794718,0
myopic,23,48,5,6,1,0,91.99999988079071,12352.941175922751,5118.406007830563,178.64114765609887,625398.7992243288,157.41349035794718,0
myopic,23,47,5,6,1,0,91.99999988079071,12352.941175922751,4982.768894497313,174.05689609219377,641412.0336440614,158.60134809389282,0
myopic,23,46,5,6,1,0,91.99999988079071,12352.941175922751,4851.876617134915,161.09027327233835,656232.338765913,158.60134809389282,0
myopic,23,45,5,6,1,0,91.99999988079071,12352.941175922751,4728.950678811799,190.8307453522729,673788.7673155733,158.94197023932213,0
myopic,23,44,5,6,1,0,91.99999988079071,12352.941175922751,4582.129023918442,191.01441380471874,691362.0933628367,160.16913603518637,0
myopic,23,43,5,6,1,0,91.99999988079071,12352.941175922751,4434.479415256681,179.1730477865892,707846.0137378438,160.16913603518637,0
myopic,23,42,5,6,1,0,91.99999988079071,12352.941175922751,4297.356853790146,178.62548653285035,724279.5584775723,160.16913603518637,0
myopic,23,41,5,6,1,0,91.99999988079071,12352.941175922751,4156.907858576051,188.2863437088537,741601.9020763413,163.14309017483365,0
myopic,23,40,5,6,1,0,91.99999988079071,12352.941175922751,4012.3674870204277,175.04629138515702,757706.1608629086,163.14309017483365,0
myopic,23,39,5,6,1,0,91.99999988079071,12352.941175922751,3874.8869053204253,177.70108472123331,774054.6606360784,163.14309017483365,0
myopic,23,38,5,6,1,0,91.99999988079071,12352.941175922751,3735.6646649114664,174.54286892942707,790112.6045567786,165.89358265658913,0
myopic,23,37,5,6,1,0,91.99999988079071,12352.941175922751,3599.0831411439067,194.37259923009245,807994.8836627761,165.89358265658913,0
myopic,23,36,5,6,1,0,91.99999988079071,12352.941175922751,3446.3890882173437,184.11053450347848,824933.0528151484,166.20710065236935,0
myopic,23,35,5,6,1,0,91.99999988079071,12352.941175922751,3302.5262174933296,181.48653290866724,841629.8138211109,166.20710065236935,0
myopic,23,34,5,6,1,0,91.99999988079071,12352.941175922751,3160.6904687796577,191.59356203728697,859256.4215057015,166.20710065236935,0
myopic,23,33,5,6,1,0,91.99999988079071,12352.941175922751,3008.8773597347317,185.42547990952633,876315.5656352735,166.20710065236935,0
myopic,23,32,5,6,1,0,91.99999988079071,12352.941175922751,2865.368579852123,182.90828835066853,893143.1281417306,166.20710065236935,0
myopic,23,31,5,6,1,0,91.99999988079071,12352.941175922751,2721.1036806783277,188.395568509324,910475.5204221299,170.68755222514585,0
myopic,23,30,5,6,1,0,91.99999988079071,12352.941175922751,2574.8347259713264,206.43570599988914,929467.6053495107,171.5178869628399,0
myopic,23,29,5,6,1,0,91.99999988079071,12352.941175922751,2407.921313475168,191.31130398503512,947068.2452933278,183.5069626646924,0
myopic,23,28,5,6,1,0,91.99999988079071,12352.941175922751,2256.4584636609143,214.5430689399128,966806.2076102243,183.5069626646924,0
myopic,23,27,5,6,1,0,91.99999988079071,12352.941175922751,2087.0712247405563,198.32282641767588,985051.9076170085,183.92770086415945,0
myopic,23,26,5,6,1,0,91.99999988079071,12352.941175922751,1929.2183922792774,209.2755157896121,1004305.2550447052,183.92770086415945,0
myopic,23,25,5,6,1,0,91.99999988079071,12352.941175922751,1763.2390722505152,217.22371153467193,1024289.8364799999,186.80626150679473,0
myopic,23,24,5,6,1,0,91.99999988079071,12352.941175922751,1593.3076524334156,216.7997431393116,1044235.412822972,191.0448872510231,0
myopic,23,23,5,6,1,0,91.99999988079071,12352.941175922751,1419.2602205060975,211.55367259538417,1063698.3506765282,193.02588321644785,0
myopic,23,22,5,6,1,0,91.99999988079071,12352.941175922751,1249.0019368074027,213.20796684583723,1083313.483600929,194.18334326878238,0
myopic,23,21,5,6,1,0,91.99999988079071,12352.941175922751,1075.6002537612985,209.1312512349968,1102553.5586896183,194.18334326878238,0
myopic,23,20,5,6,1,0,91.99999988079071,12352.941175922751,907.140413503008,201.7237054492678,1121112.1395669035,194.18334326878238,0
myopic,23,19,5,6,1,0,91.99999988079071,12352.941175922751,745.9179877202077,217.31858628274182,1141105.4494790093,194.18334326878238,0
myopic,23,18,5,6,1,0,91.99999988079071,12352.941175922751,572.5120304525863,212.468144962232,1160652.5187902064,200.04238084998562,0
myopic,23,17,5,6,1,0,91.99999988079071,10000.0,402.08830737640164,0.0,1160652.5187902064,200.04238084998562,0
myopic,23,16,5,6,1,0,91.99999988079071,10000.0,402.08830737640164,0.0,1160652.5187902064,202.34065251041957,0
myopic,23,15,5,6,1,0,91.99999988079071,10000.0,402.08830737640164,0.0,1160652.5187902064,202.69499413993447,0
myopic,23,14,5,6,1,0,91.99999988079071,10000.0,402.08830737640164,0.0,1160652.5187902064,204.00441527653624,0
myopic,23,13,5,6,1,0,91.99999988079071,10000.0,402.08830737640164,0.0,1160652.5187902064,204.00441527653624,0
myopic,23,12,5,6,1,0,91.99999988079071,10000.0,402.08830737640164,0.0,1160652.5187902064,204.31453412074885,0
myopic,23,11,5,6,1,0,91.99999988079071,10000.0,402.08830737640164,0.0,1160652.5187902064,204.31453412074885,0
myopic,23,10,5,6,1,0,91.99999988079071,10000.0,402.08830737640164,0.0,1160652.5187902064,204.97914192627147,0
myopic,23,9,5,6,1,0,91.99999988079071,10000.0,402.08830737640164,0.0,1160652.5187902064,204.97914192627147,0
myopic,23,8,5,6,1,0,91.99999988079071,10000.0,402.08830737640164,0.0,1160652.5187902064,204.97914192627147,0
myopic,23,7,5,6,1,0,91.99999988079071,10000.0,402.08830737640164,0.0,1160652.5187902064,204.97914192627147,0
myopic,23,6,5,6,1,0,91.99999988079071,10000.0,402.08830737640164,0.0,1160652.5187902064,204.97914192627147,0
myopic,23,5,5,6,1,0,91.99999988079071,10000.0,402.08830737640164,0.0,1160652.5187902064,186.73816117636846,0
myopic,23,4,5,6,1,0,91.99999988079071,10000.0,402.08830737640164,0.0,1160652.5187902064,183.11852696981163,0
myopic,23,3,5,6,1,0,91.99999988079071,10000.0,402.08830737640164,0.0,1160652.5187902064,174.43812562988745,0
myopic,23,2,5,6,1,0,91.99999988079071,10000.0,402.08830737640164,0.0,1160652.5187902064,166.42268074179484,0
myopic,23,1,5,6,1,0,91.99999988079071,10000.0,402.08830737640164,0.0,1160652.5187902064,158.9626933146959,0
myopic,24,100,3,6,0,0,91.99999988079071,12352.941175922751,10000.0,57.638323159702075,5302.725723821567,53.96532052694327,1
myopic,24,99,3,6,0,0,91.99999988079071,12352.941175922751,9961.363566783333,64.45540661058334,11232.62312431155,53.96532052694327,1
myopic,24,98,3,6,0,0,91.99999988079071,12352.941175922751,9919.313624115064,75.01484195526243,18133.98857525323,53.96532052694327,1
myopic,24,97,3,6,0,0,91.99999988079071,12352.941175922751,9869.36200620357,53.57877343322007,23063.235724722388,55.53276728716988,1
myopic,24,96,3,6,0,0,91.99999988079071,12352.941175922751,9833.845435944091,54.93002320166935,28116.7978527278,55.852472283942966,1
myopic,24,95,3,6,0,0,91.99999988079071,12352.941175922751,9797.133583712248,50.843900038824565,32794.4366502386,56.18471002774361,1
myopic,24,94,3,6,0,0,91.99999988079071,12352.941175922751,9763.083082011754,47.41421875958107,37156.54477046784,56.18471002774361,1
myopic,24,93,3,6,0,0,91.99999988079071,12352.941175922751,9730.952039494981,64.49375097401423,43089.969852388895,56.18471002774361,1
myopic,24,92,3,6,0,0,91.99999988079071,12352.941175922751,9687.002325404304,56.63254147048507,48300.16366092239,56.85789131285237,1
myopic,24,91,3,6,0,0,91.99999988079071,12352.941175922751,9650.73933528043,52.45762101988666,53126.26478849853,56.85789131285237,1
myopic,24,90,3,6,0,0,91.99999988079071,12352.941175922751,9615.881929656909,79.12505929717356,60405.77023440605,57.85980122566746,1
myopic,24,89,3,6,0,0,91.99999988079071,12352.941175922751,9562.469997388325,73.90933120859907,67205.42869678649,57.85980122566746,1
myopic,24,88,3,6,0,0,91.99999988079071,12352.941175922751,9513.807212855047,60.47223482407301,72768.87429339235,57.85980122566746,1
myopic,24,87,3,6,0,0,91.99999988079071,12352.941175922751,9473.533225048353,74.08026338897375,79584.25851634688,59.05581472314141,1
myopic,24,86,3,6,0,0,91.99999988079071,12352.941175922751,9424.341285234486,62.688690401810824,85351.61802584039,59.05581472314141,1
myopic,24,85,3,6,0,0,91.99999988079071,12352.941175922751,9381.05313297764,58.034069023695324,90690.75236910216,59.321172379079584,1
myopic,24,84,3,6,0,0,91.99999988079071,12352.941175922751,9342.037486596857,54.26034737323307,95682.70432097127,59.321172379079584,1
myopic,24,83,3,6,0,0,91.99999988079071,12352.941175922751,9305.64274656645,71.65144231760682,102274.63700564958,59.321172379079584,1
myopic,24,82,3,6,0,0,91.99999988079071,12352.941175922751,9256.315628342067,54.274889932382536,107267.9268729587,59.321172379079584,1
myopic,24,81,3,6,0,0,91.99999988079071,12352.941175922751,9221.40143194047,69.71753727367232,113681.94029382558,59.67942540614826,1
myopic,24,80,3,6,0,0,91.99999988079071,12352.941175922751,9172.904839148645,60.31292111727221,119230.72902942477,59.67942540614826,1
myopic,24,79,3,6,0,0,91.99999988079071,12352.941175922751,9131.865018077526,66.62241653146684,125359.9913423777,60.144742931333404,1
myopic,24,78,3,6,0,0,91.99999988079071,12352.941175922751,9088.495944920876,46.244844470559144,129614.51702815633,60.59148468407464,1
myopic,24,77,3,6,0,0,91.99999988079071,12352.941175922751,9057.124296235008,71.49692400913445,136192.2340284736,61.68635059106254,1
myopic,24,76,3,6,0,0,91.99999988079071,12352.941175922751,9009.847663262428,64.99123360495317,142171.42751238175,61.68635059106254,1
myopic,24,75,3,6,0,0,91.99999988079071,12352.941175922751,8966.21252065799,59.89745325494745,147681.99320469657,61.68635059106254,1
myopic,24,74,3,6,0,0,91.99999988079071,12352.941175922751,8926.315484439609,77.10573018324482,154775.72037236337,61.68635059106254,1
myopic,24,73,3,6,0,0,91.99999988079071,12352.941175922751,8873.634994007287,65.87631775454749,160836.34159792867,61.811377832783585,1
myopic,24,72,3,6,0,0,91.99999988079071,12352.941175922751,8828.961856115791,72.83988384917302,167537.61090336938,61.811377832783585,1
myopic,24,71,3,6,0,0,91.99999988079071,12352.941175922751,8779.515333644813,71.00286860535064,174069.87480659745,63.69238905560433,1
myopic,24,70,3,6,0,0,91.99999988079071,12352.941175922751,8731.480763200669,72.45824675829905,180736.03349972327,63.69238905560433,1
myopic,24,69,3,6,0,0,91.99999988079071,12352.941175922751,8681.977986228892,75.02218422168367,187638.07443917482,63.69238905560433,1
myopic,24,68,3,6,0,0,91.99999988079071,12352.941175922751,8631.849146135517,64.0425641627801,193529.99033451613,64.51194257070377,1
myopic,24,67,3,6,0,0,91.99999988079071,12352.941175922751,8588.725727475521,84.54441539054548,201308.07654036782,64.51194257070377,1
myopic,24,66,3,6,0,0,91.99999988079071,12352.941175922751,8531.051940924408,71.37441778738152,207874.52296829844,66.02319309723785,1
myopic,24,65,3,6,0,0,91.99999988079071,12352.941175922751,8483.310698766478,64.1835485022328,213779.40942285256,66.02319309723785,1
myopic,24,64,3,6,0,0,91.99999988079071,12352.941175922751,8440.308243879694,70.80324107684619,220293.30759348202,66.02319309723785,1
myopic,24,63,3,6,0,0,91.99999988079071,12352.941175922751,8392.127398951401,83.87636586598438,228009.93324315373,66.02319309723785,1
myopic,24,62,3,6,0,0,91.99999988079071,12352.941175922751,8334.873037204212,79.6513072388697,235337.85349963457,66.02319309723785,1
myopic,24,61,3,6,0,0,91.99999988079071,12352.941175922751,8279.684592133704,96.65118816965077,244229.76279972072,66.0678136608015,1
myopic,24,60,3,6,0,0,91.99999988079071,12352.941175922751,8213.54520841972,92.11900679799065,252704.71141415442,85.17672399217258,1
myopic,24,59,3,6,0,0,91.99999988079071,12352.941175922751,8149.531211779424,86.19831354916398,260634.95625040185,85.17672399217258,1
myopic,24,58,3,6,0,0,91.99999988079071,12352.941175922751,8088.7963321209845,80.55405725047923,268045.92950784316,85.17672399217258,1
myopic,24,57,3,6,0,0,91.99999988079071,12352.941175922751,8032.644824426628,90.8861532495997,276407.45559597184,85.17672399217258,1
myopic,24,56,3,6,0,0,91.99999988079071,12352.941175922751,7968.894838234095,86.028743765795,284322.10001216957,85.17672399217258,1
myopic,24,55,3,6,0,0,91.99999988079071,12352.941175922751,7907.86200679944,88.05284018069338,292422.96129829664,87.67464619283565,1
myopic,24,54,3,6,0,0,91.99999988079071,12352.941175922751,7846.627358161239,87.57153610050743,300479.54260910396,87.67464619283565,1
myopic,24,53,3,6,0,0,91.99999988079071,12352.941175922751,7785.385147426989,98.64950417768527,309555.29698169103,87.67464619283565,1
myopic,24,52,3,6,0,0,91.99999988079071,12352.941175922751,7712.6251493141135,75.91702482599973,316539.663256633,88.00542260216963,1
myopic,24,51,3,6,0,0,91.99999988079071,12352.941175922751,7658.165499466234,104.23214998992205,326129.0210432804,89.3393639748758,1
myopic,24,50,3,6,0,0,91.99999988079071,12352.941175922751,7582.599582962167,99.85586391090457,335315.76051117986,89.3393639748758,1
myopic,24,49,3,6,0,0,91.99999988079071,12352.941175922751,7511.210503193393,112.20720786159171,345638.8236210701,89.87264365606573,1
myopic,24,48,3,6,0,0,91.99999988079071,12352.941175922751,7431.305833866736,99.42032268769073,354785.49329648586,89.87264365606573,1
myopic,24,47,3,6,0,0,91.99999988079071,12352.941175922751,7360.490207731218,104.23356688655532,364374.9814376233,89.87264365606573,1
myopic,24,46,3,6,0,0,91.99999988079071,12352.941175922751,7283.993395166225,93.62260428300937,372988.2610204995,92.28499445299059,1
myopic,24,45,3,6,0,0,91.99999988079071,12352.941175922751,7215.767927525681,82.80276476917439,380606.1153693927,92.32417290804567,1
myopic,24,44,3,6,0,0,91.99999988079071,12352.941175922751,7155.975798348955,97.96406578785053,389618.80941019667,92.85601305134094,1
myopic,24,43,3,6,0,0,91.99999988079071,12352.941175922751,7084.1981967861175,107.80629047964266,399536.9881214723,92.85601305134094,1
myopic,24,42,3,6,0,0,91.99999988079071,12352.941175922751,7005.648582460555,106.75221292528347,409358.19169787253,92.85601305134094,1
myopic,24,41,3,6,0,0,91.99999988079071,12352.941175922751,6928.269908631609,85.90777594410798,417261.70707448944,93.6308664821853,1
myopic,24,40,3,6,0,0,91.99999988079071,12352.941175922751,6865.913652487783,91.2484713100091,425656.5664241326,93.6308664821853,1
myopic,24,39,3,6,0,0,91.99999988079071,12352.941175922751,6798.7616021053655,98.27731926100354,434698.0797844294,93.6308664821853,1
myopic,24,38,3,6,0,0,91.99999988079071,12352.941175922751,6727.472575673584,99.58502176937198,443859.90177534014,95.04742683727991,1
myopic,24,37,3,6,0,0,91.99999988079071,12352.941175922751,6655.004020028295,105.03233429567925,453522.8765180218,95.04742683727991,1
myopic,24,36,3,6,0,0,91.99999988079071,12352.941175922751,6577.876817793257,93.50284799837395,462125.1385227258,95.04742683727991,1
myopic,24,35,3,6,0,0,91.99999988079071,12352.941175922751,6507.997460899328,94.79134015803136,470845.9418059647,95.04742683727991,1
myopic,24,34,3,6,0,0,91.99999988079071,12352.941175922751,6438.8546002574685,81.72373880240792,478364.525766044,95.04742683727991,1
myopic,24,33,3,6,0,0,91.99999988079071,12352.941175922751,6378.66291848332,113.22298573090451,488781.04043978994,95.04742683727991,1
myopic,24,32,3,6,0,0,91.99999988079071,12352.941175922751,6293.9265954884095,114.72122297889284,499335.3929401722,97.00694341239463,1
myopic,24,31,3,6,0,0,91.99999988079071,12352.941175922751,6208.786313493896,105.24331206119008,509017.7776372557,101.69890345053383,1
myopic,24,30,3,6,0,0,91.99999988079071,12352.941175922751,6131.58098164052,112.65249758233324,519381.80740140117,101.69890345053383,1
myopic,24,29,3,6,0,0,91.99999988079071,12352.941175922751,6047.998915931999,105.6371225744398,529100.4226656567,105.09652333242514,1
myopic,24,28,3,6,0,0,91.99999988079071,12352.941175922751,5970.057957877092,118.94773502042491,540043.614273356,105.09652333242514,1
myopic,24,27,3,6,0,0,91.99999988079071,12352.941175922751,5881.326486827461,113.67692034313677,550501.8909313732,105.51726153189219,1
myopic,24,26,3,6,0,0,91.99999988079071,12352.941175922751,5797.610534966135,120.73541381610276,561609.548988062,105.51726153189219,1
myopic,24,25,3,6,0,0,91.99999988079071,12352.941175922751,5707.024058885886,131.89235065017013,573743.6452321549,108.86577323146005,1
myopic,24,24,3,6,0,0,91.99999988079071,12352.941175922751,5608.040918352412,128.82842112541556,585595.8599603355,110.31606898852215,1
myopic,24,23,3,6,0,0,91.99999988079071,12352.941175922751,5513.132201797742,137.11608325647538,598210.5396035857,111.20897889534331,1
myopic,24,22,3,6,0,0,91.99999988079071,12352.941175922751,5411.893047091077,122.15396909230317,609448.7047455157,112.95137016244168,1
myopic,24,21,3,6,0,0,91.99999988079071,12352.941175922751,5319.952841322894,118.00411304443735,620305.0831315367,112.95137016244168,1
myopic,24,20,3,6,0,0,91.99999988079071,12352.941175922751,5230.809118513265,118.28810732034448,631187.5889909074,112.95137016244168,1
myopic,24,19,3,6,0,0,91.99999988079071,12352.941175922751,5140.607691888486,129.59082406827827,643109.9447897406,112.95137016244168,1
myopic,24,18,3,6,0,0,91.99999988079071,12352.941175922751,5040.041844187649,137.32438392171434,655743.788094168,117.40424760711261,1
myopic,24,17,3,6,0,0,91.99999988079071,12352.941175922751,4932.293529661626,131.30316110496395,667823.6789001721,117.40424760711261,1
myopic,24,16,3,6,0,0,91.99999988079071,12352.941175922751,4832.461948019613,146.49718426845897,681301.4198354065,117.43877695873326,1
myopic,24,15,3,6,0,0,91.99999988079071,12352.941175922751,4718.458953692707,108.06244116051303,691243.1644092916,117.79311858824813,1
myopic,24,14,3,6,0,0,91.99999988079071,12352.941175922751,4633.817471580949,127.21735093722042,702947.1606803504,118.13382576143007,1
myopic,24,13,3,6,0,0,91.99999988079071,12352.941175922751,4535.768032443681,124.07949803480761,714362.4744847612,118.13382576143007,1
myopic,24,12,3,6,0,0,91.99999988079071,12352.941175922751,4438.690718479868,122.39993011775253,725623.2680410033,118.65148982084473,1
myopic,24,11,3,6,0,0,91.99999988079071,12352.941175922751,4342.277567435084,128.72944438384533,737466.3769089712,118.65148982084473,1
myopic,24,10,3,6,0,0,91.99999988079071,12352.941175922751,4240.9492538439845,133.94894294250196,749789.6796437134,119.72247037978816,1
myopic,24,9,3,6,0,0,91.99999988079071,12352.941175922751,4134.2927372829645,143.19429901921177,762963.5551364108,119.9282594332441,1
myopic,24,8,3,6,0,0,91.99999988079071,12352.941175922751,4019.4728488071714,122.79398044818939,774260.601323006,119.9282594332441,1
myopic,24,7,3,6,0,0,91.99999988079071,12352.941175922751,3920.971434450743,144.07206253570587,787515.2310591162,119.9282594332441,1
myopic,24,6,3,6,0,0,91.99999988079071,12352.941175922751,3802.600120059097,115.06957809241112,798101.6322299007,119.9282594332441,1
myopic,24,5,3,6,0,0,91.99999988079071,12352.941175922751,3708.4062759579174,110.82635043019906,808297.6564562675,111.6350613497792,1
myopic,24,4,3,6,0,0,91.99999988079071,12352.941175922751,3617.881336630412,97.15985665226148,817236.3632566931,105.31132169984018,1
myopic,24,3,3,6,0,0,91.99999988079071,12352.941175922751,3538.9777377257233,103.5452575103166,826762.5269352987,100.66337802387262,1
myopic,24,2,3,6,0,0,91.99999988079071,12352.941175922751,3452.232808017914,102.2425388063662,836168.8404932962,97.45860423514522,1
myopic,24,1,3,6,0,0,91.99999988079071,12352.941175922751,3366.024564329384,89.01645084448576,844358.3539603773,90.48681714092218,1
myopic,25,100,2,12,0,1,91.99999988079071,12352.941175922751,10000.0,103.7046141534338,9540.824489753355,78.34826956228913,0
myopic,25,99,2,12,0,1,91.99999988079071,12352.941175922751,9928.930416090865,84.04389435713749,17272.86276059119,78.34826956228913,0
myopic,25,98,2,12,0,1,91.99999988079071,12352.941175922751,9873.300729108198,95.82480685995543,26088.744980283882,78.34826956228913,0
myopic,25,97,2,12,0,1,91.99999988079071,12352.941175922751,9809.910624889424,89.95121521655403,34364.256769483836,80.43164846582134,0
myopic,25,96,2,12,0,1,91.99999988079071,12352.941175922751,9748.773895273605,98.03498349071467,43383.475238942905,80.43164846582134,0
myopic,25,95,2,12,0,1,91.99999988079071,12352.941175922751,9684.089719660999,84.87225104720194,51191.722325167924,80.76388620962199,0
myopic,25,94,2,12,0,1,91.99999988079071,12352.941175922751,9628.040136105503,88.93856706409557,59374.07048446241,80.76388620962199,0
myopic,25,93,2,12,0,1,91.99999988079071,12352.941175922751,9568.557389181395,86.41385508799921,67324.14514225701,81.2516721329647,0
myopic,25,92,2,12,0,1,91.99999988079071,12352.941175922751,9509.976789894983,89.9202457619676,75596.8077416387,81.68189079408234,0
myopic,25,91,2,12,0,1,91.99999988079071,12352.941175922751,9449.751237727725,75.02978666033651,82499.5481054454,81.68189079408234,0
myopic,25,90,2,12,0,1,91.99999988079071,12352.941175922751,9400.734704294833,85.21803190591521,90339.60703063081,82.82831677780638,0
myopic,25,89,2,12,0,1,91.99999988079071,12352.941175922751,9343.158629604708,83.85052129424281,98053.85497970539,82.82831677780638,0
myopic,25,88,2,12,0,1,91.99999988079071,12352.941175922751,9285.274311494964,93.86202098598392,106689.16089922668,82.82831677780638,0
myopic,25,87,2,12,0,1,91.99999988079071,12352.941175922751,9221.808574521314,93.64067720380028,115304.10319081348,84.56293398444693,0
myopic,25,86,2,12,0,1,91.99999988079071,12352.941175922751,9158.148142468674,100.36363464576478,124537.55756625955,84.56293398444693,0
myopic,25,85,2,12,0,1,91.99999988079071,12352.941175922751,9091.0911969379,108.62983972707877,134531.50280820113,84.8282916403851,0
myopic,25,84,2,12,0,1,91.99999988079071,12352.941175922751,9018.72159857384,100.22084012044088,143751.82008733443,87.66566629607894,0
myopic,25,83,2,12,0,1,91.99999988079071,12352.941175922751,8951.155379768563,94.7502854721787,152468.84633947976,87.66566629607894,0
myopic,25,82,2,12,0,1,91.99999988079071,12352.941175922751,8886.199267826472,98.08872557148892,161493.00908036364,87.66566629607894,0
myopic,25,81,2,12,0,1,91.99999988079071,12352.941175922751,8817.811941923012,92.41149135136311,169994.86627367273,88.02391932314761,0
myopic,25,80,2,12,0,1,91.99999988079071,12352.941175922751,8754.454046699724,102.6657078307963,179440.1113818673,88.02391932314761,0
myopic,25,79,2,12,0,1,91.99999988079071,12352.941175922751,8682.110732273108,111.3588915610647,189685.12939221022,89.41124357506565,0
myopic,25,78,2,12,0,1,91.99999988079071,12352.941175922751,8605.305533130075,113.22642382418172,200101.9603705373,89.85798532780689,0
myopic,25,77,2,12,0,1,91.99999988079071,12352.941175922751,8526.912281012155,93.59166589210656,208712.3936214541,91.10061121112462,0
myopic,25,76,2,12,0,1,91.99999988079071,12352.941175922751,8462.592632521304,109.66615769093394,218801.6801159468,91.10061121112462,0
myopic,25,75,2,12,0,1,91.99999988079071,12352.941175922751,8388.254757828396,112.05927806139063,229111.13368423624,91.10061121112462,0
myopic,25,74,2,12,0,1,91.99999988079071,12352.941175922751,8310.99098803844,95.36185103462199,237884.42396805345,91.10061121112462,0
myopic,25,73,2,12,0,1,91.99999988079071,12352.941175922751,8245.023628557377,87.83437194505399,245965.18617652776,91.59938678561403,0
myopic,25,72,2,12,0,1,91.99999988079071,12352.941175922751,8185.404950961243,94.09235058687254,254621.68241930334,91.59938678561403,0
myopic,25,71,2,12,0,1,91.99999988079071,12352.941175922751,8120.085612061559,94.26859360430052,263294.3930196613,93.48039800843478,0
myopic,25,70,2,12,0,1,91.99999988079071,12352.941175922751,8056.961763237663,104.88643553499588,272943.9450763775,93.48039800843478,0
myopic,25,69,2,12,0,1,91.99999988079071,12352.941175922751,7985.173576668488,98.44592236640077,282000.96992235066,93.48039800843478,0
myopic,25,68,2,12,0,1,91.99999988079071,12352.941175922751,7917.832821493346,112.61866659873272,292361.8872360089,95.11469441166237,0
myopic,25,67,2,12,0,1,91.99999988079071,12352.941175922751,7839.622044851532,99.53062607797652,301518.70482331776,95.11469441166237,0
myopic,25,66,2,12,0,1,91.99999988079071,12352.941175922751,7767.461598465716,109.44974117891832,311588.08099873085,96.29318018780998,0
myopic,25,65,2,12,0,1,91.99999988079071,12352.941175922751,7689.030801698125,113.9517710333096,322071.64392021124,96.29318018780998,0
myopic,25,64,2,12,0,1,91.99999988079071,12352.941175922751,7607.944110650355,98.52964311001192,331136.3710745867,96.29318018780998,0
myopic,25,63,2,12,0,1,91.99999988079071,12352.941175922751,7539.982990793893,110.69077362497039,341319.9222348886,96.29318018780998,0
myopic,25,62,2,12,0,1,91.99999988079071,12352.941175922751,7462.848028456487,106.28943484976283,351098.5502283961,96.29318018780998,0
myopic,25,61,2,12,0,1,91.99999988079071,12352.941175922751,7387.194285606831,114.72595174426223,361653.3377751918,96.40873891602581,0
myopic,25,60,2,12,0,1,91.99999988079071,12352.941175922751,7307.335590895049,145.69351105786262,375057.1407751472,121.48371342624034,0
myopic,25,59,2,12,0,1,91.99999988079071,12352.941175922751,7205.9940901215505,133.7386340477857,387361.09509160055,121.717787817549,0
myopic,25,58,2,12,0,1,91.99999988079071,12352.941175922751,7111.436734248076,135.95938504505995,399869.35849953844,121.717787817549,0
myopic,25,57,2,12,0,1,91.99999988079071,12352.941175922751,7015.2555633772445,125.9424064511035,411456.0598780265,121.717787817549,0
myopic,25,56,2,12,0,1,91.99999988079071,12352.941175922751,6925.983551339494,132.75682338931483,423669.68761401763,121.717787817549,0
myopic,25,55,2,12,0,1,91.99999988079071,12352.941175922751,6829.831552719274,132.56452897923788,435865.6242643046,125.52438207732914,0
myopic,25,54,2,12,0,1,91.99999988079071,12352.941175922751,6735.666510294534,135.97975498674006,448375.76170687465,125.52438207732914,0
myopic,25,53,2,12,0,1,91.99999988079071,12352.941175922751,6637.527441851735,138.8184137681263,461147.0557569938,125.52438207732914,0
myopic,25,52,2,12,0,1,91.99999988079071,12352.941175922751,6537.83492245193,135.29927056842143,473594.58863315964,125.77567823347204,0
myopic,25,51,2,12,0,1,91.99999988079071,12352.941175922751,6442.255057176238,132.25094748354468,485761.6757858802,127.57061847614774,0
myopic,25,50,2,12,0,1,91.99999988079071,12352.941175922751,6348.318432711524,137.5491763556441,498416.1999942023,127.57061847614774,0
myopic,25,49,2,12,0,1,91.99999988079071,12352.941175922751,6252.087299960011,129.76022721553826,510354.1408825632,127.56529444817109,0
myopic,25,48,2,12,0,1,91.99999988079071,12352.941175922751,6159.061686692956,138.44211433160496,523090.81538456725,127.56529444817109,0
myopic,25,47,2,12,0,1,91.99999988079071,12352.941175922751,6061.086418132311,136.0079322722552,535603.5451374013,127.56529444817109,0
myopic,25,46,2,12,0,1,91.99999988079071,12352.941175922751,5965.335160461111,144.15034216090382,548865.3765990204,130.8145259896823,0
myopic,25,45,2,12,0,1,91.99999988079071,12352.941175922751,5862.6112881573135,138.7376047524943,561629.2362197111,130.8145259896823,0
myopic,25,44,2,12,0,1,91.99999988079071,12352.941175922751,5763.597895872484,140.043206185551,574513.2111720874,131.2339851260106,0
myopic,25,43,2,12,0,1,91.99999988079071,12352.941175922751,5663.015621488163,144.5084566184096,587807.9891637543,131.2339851260106,0
myopic,25,42,2,12,0,1,91.99999988079071,12352.941175922751,5561.672018397844,144.96688201661735,601144.9422920017,131.2339851260106,0
myopic,25,41,2,12,0,1,91.99999988079071,12352.941175922751,5458.739413139346,144.06126216402288,614398.5783939183,134.1721664575167,0
myopic,25,40,2,12,0,1,91.99999988079071,12352.941175922751,5352.042758964795,131.7286624408292,626517.6153227714,134.1721664575167,0
myopic,25,39,2,12,0,1,91.99999988079071,12352.941175922751,5258.2565634789635,144.06690132286525,639771.7702273008,134.1721664575167,0
myopic,25,38,2,12,0,1,91.99999988079071,12352.941175922751,5157.377952282063,167.30930843647104,655164.2265835113,135.24479254111014,0
myopic,25,37,2,12,0,1,91.99999988079071,12352.941175922751,5036.343906348471,161.28797478049265,670002.7202440896,135.24479254111014,0
myopic,25,36,2,12,0,1,91.99999988079071,12352.941175922751,4918.334720372027,157.850352070676,684524.9526157746,135.3776796692217,0
myopic,25,35,2,12,0,1,91.99999988079071,12352.941175922751,4800.954248577749,145.8998358175206,697947.7374935938,135.3776796692217,0
myopic,25,34,2,12,0,1,91.99999988079071,12352.941175922751,4692.728087751791,143.07410802215927,711110.5554145767,135.3776796692217,0
myopic,25,33,2,12,0,1,91.99999988079071,12352.941175922751,4587.998372409199,162.78083614388942,726086.3923204095,135.3776796692217,0
myopic,25,32,2,12,0,1,91.99999988079071,12352.941175922751,4469.325329519505,153.3607374239727,740195.580145133,137.67563429490323,0
myopic,25,31,2,12,0,1,91.99999988079071,12352.941175922751,4351.448429971213,157.66313569969492,754700.58861071,146.59908961842842,0
myopic,25,30,2,12,0,1,91.99999988079071,12352.941175922751,4233.743804238224,176.46535601034643,770935.4013426255,146.67867998707746,0
myopic,25,29,2,12,0,1,91.99999988079071,12352.941175922751,4103.298457631329,158.84838322518218,785549.4525804061,149.0471367442043,0
myopic,25,28,2,12,0,1,91.99999988079071,12352.941175922751,3981.5093739231334,163.644768717029,800604.7712828647,149.0471367442043,0
myopic,25,27,2,12,0,1,91.99999988079071,12352.941175922751,3858.470653220057,161.16577147239485,815432.0222391126,149.46787494367135,0
myopic,25,26,2,12,0,1,91.99999988079071,12352.941175922751,3736.498112911214,156.27940462382534,829809.7274458746,149.46787494367135,0
myopic,25,25,2,12,0,1,91.99999988079071,12352.941175922751,3618.535625118656,177.7468317839914,846162.4359488128,154.18295349612166,0
myopic,25,24,2,12,0,1,91.99999988079071,12352.941175922751,3482.46305264915,166.6110316421332,861490.6508400274,154.86606328959272,0
myopic,25,23,2,12,0,1,91.99999988079071,12352.941175922751,3355.1329412598443,191.14540861233306,879076.0284095757,155.75897319641388,0
myopic,25,22,2,12,0,1,91.99999988079071,12352.941175922751,3209.705114127387,179.45408920491826,895585.8045950356,158.80352394212818,0
myopic,25,21,2,12,0,1,91.99999988079071,12352.941175922751,3073.731120398964,160.19793725813784,910324.0148036872,158.80352394212818,0
myopic,25,20,2,12,0,1,91.99999988079071,12352.941175922751,2950.028963463138,166.40285502996664,925633.0774466074,158.80352394212818,0
myopic,25,19,2,12,0,1,91.99999988079071,12352.941175922751,2823.790623857126,179.61050801074649,942157.2441621849,158.80352394212818,0
myopic,25,18,2,12,0,1,91.99999988079071,12352.941175922751,2685.6811435094323,178.14659635618142,958546.7310057168,163.45135432315968,0
myopic,25,17,2,12,0,1,91.99999988079071,12352.941175922751,2546.117992831646,180.2701288845042,975131.5828416013,163.45135432315968,0
myopic,25,16,2,12,0,1,91.99999988079071,12352.941175922751,2406.4117976188754,173.99019729139147,991138.6809716681,163.48588367478033,0
myopic,25,15,2,12,0,1,91.99999988079071,12352.941175922751,2269.5140906003844,173.46350689013337,1007097.323584882,166.63305223218825,0
myopic,25,14,2,12,0,1,91.99999988079071,12352.941175922751,2138.759970887162,177.67043390713744,1023443.0034831587,167.6035577215017,0
myopic,25,13,2,12,0,1,91.99999988079071,12352.941175922751,1998.2735692010874,188.11237422639954,1040749.3418895627,168.05485080599917,0
myopic,25,12,2,12,0,1,91.99999988079071,12352.941175922751,1847.9076947634112,188.53615497815838,1058094.668125078,169.09384479432455,0
myopic,25,11,2,12,0,1,91.99999988079071,12352.941175922751,1698.1963152664212,189.6584991069003,1075543.2500203038,169.09384479432455,0
myopic,25,10,2,12,0,1,91.99999988079071,12352.941175922751,1548.8702090703846,183.56383750430564,1092431.1230488173,170.63726322604822,0
myopic,25,9,2,12,0,1,91.99999988079071,12352.941175922751,1403.2456451265498,188.70859310978688,1109792.3135924218,170.84305227950415,0
myopic,25,8,2,12,0,1,91.99999988079071,12352.941175922751,1253.6529830825275,183.86620934379226,1126708.0048301322,170.84305227950415,0
myopic,25,7,2,12,0,1,91.99999988079071,12352.941175922751,1104.8321055317156,186.61963888108536,1143877.0115849453,170.84305227950415,0
myopic,25,6,2,12,0,1,91.99999988079071,12352.941175922751,953.8162572007604,168.65302566776367,1159393.0899262745,170.84305227950415,0
myopic,25,5,2,12,0,1,91.99999988079071,12352.941175922751,817.9373370270259,152.49975653239972,1173423.0675090759,155.39122305741984,0
myopic,25,4,2,12,0,1,91.99999988079071,12352.941175922751,693.3975745837361,163.4689008017716,1188462.2063633518,149.0674834074808,0
myopic,25,3,2,12,0,1,91.99999988079071,12352.941175922751,556.5221037084048,150.46891454212843,1202305.3464832902,142.23678861945825,0
myopic,25,2,2,12,0,1,91.99999988079071,10000.0,429.38289511220137,0.0,1202305.3464832902,135.31638940994628,0
myopic,25,1,2,12,0,1,91.99999988079071,10000.0,429.38289511220137,0.0,1202305.3464832902,127.3584148712835,0
myopic,26,100,2,6,0,0,91.99999988079071,12352.941175922751,10000.0,67.88337704410029,6245.270679964897,53.51064944791461,1
myopic,26,99,2,6,0,0,91.99999988079071,12352.941175922751,9953.000627529525,69.28381084190885,12619.381269161237,53.51064944791461,1
myopic,26,98,2,6,0,0,91.99999988079071,12352.941175922751,9906.615904643993,60.280806454827314,18165.215455819318,53.51064944791461,1
myopic,26,97,2,6,0,0,91.99999988079071,12352.941175922751,9866.105924095466,72.1602511453995,24803.9585525939,55.53276728716988,1
myopic,26,96,2,6,0,0,91.99999988079071,12352.941175922751,9816.541547620538,62.0454640292362,30512.141235887233,55.852472283942966,1
myopic,26,95,2,6,0,0,91.99999988079071,12352.941175922751,9773.992151206,72.46089054260003,37178.543157168424,56.18471002774361,1
myopic,26,94,2,6,0,0,91.99999988079071,12352.941175922751,9724.526713616931,52.894307913640844,42044.81947891789,56.18471002774361,1
myopic,26,93,2,6,0,0,91.99999988079071,12352.941175922751,9688.661542075492,58.90299655863637,47463.89515529065,56.18471002774361,1
myopic,26,92,2,6,0,0,91.99999988079071,12352.941175922751,9649.803287852716,45.9493972795925,51691.23969953557,56.85789131285237,1
myopic,26,91,2,6,0,0,91.99999988079071,12352.941175922751,9618.442589126462,55.05128524818939,56755.957935806364,56.85789131285237,1
myopic,26,90,2,6,0,0,91.99999988079071,12352.941175922751,9580.645138327583,57.01262358601672,62001.11929892347,57.85980122566746,1
myopic,26,89,2,6,0,0,91.99999988079071,12352.941175922751,9541.18697817131,70.49494255751493,68486.65400581119,57.85980122566746,1
myopic,26,88,2,6,0,0,91.99999988079071,12352.941175922751,9492.688507061719,55.13106027664994,73558.71154469084,57.85980122566746,1
myopic,26,87,2,6,0,0,91.99999988079071,12352.941175922751,9456.407846537983,81.86006468501606,81089.83748595385,59.05581472314141,1
myopic,26,86,2,6,0,0,91.99999988079071,12352.941175922751,9400.37686249825,81.4101356589215,88579.56995686977,59.05581472314141,1
myopic,26,85,2,6,0,0,91.99999988079071,12352.941175922751,9344.76474334305,55.5830903040677,93693.21425821798,59.321172379079584,1
myopic,26,84,2,6,0,0,91.99999988079071,12352.941175922751,9306.57913224117,55.14930767566079,98766.95055780446,59.321172379079584,1
myopic,26,83,2,6,0,0,91.99999988079071,12352.941175922751,9268.61142439356,78.18315998218067,105959.80126684492,59.321172379079584,1
myopic,26,82,2,6,0,0,91.99999988079071,12352.941175922751,9213.911750409465,90.21640674001216,114259.71067617141,59.321172379079584,1
myopic,26,81,2,6,0,0,91.99999988079071,12352.941175922751,9151.278011685527,68.19503538049908,120533.65392304784,59.67942540614826,1
myopic,26,80,2,6,0,0,91.99999988079071,12352.941175922751,9104.947128851443,58.48133558880389,125913.93679024628,59.67942540614826,1
myopic,26,79,2,6,0,0,91.99999988079071,12352.941175922751,9064.30090212162,59.30582542592226,131370.07272236134,60.144742931333404,1
myopic,26,78,2,6,0,0,91.99999988079071,12352.941175922751,9023.454108999273,65.17461567801953,137366.1373569697,60.59148468407464,1
myopic,26,77,2,6,0,0,91.99999988079071,12352.941175922751,8979.19931841589,86.33069624860921,145308.56140155034,61.68635059106254,1
myopic,26,76,2,6,0,0,91.99999988079071,12352.941175922751,8921.389199697922,68.85776198890173,151643.4754963208,61.68635059106254,1
myopic,26,75,2,6,0,0,91.99999988079071,12352.941175922751,8872.667618474758,76.70867518194095,158700.673603915,61.68635059106254,1
myopic,26,74,2,6,0,0,91.99999988079071,12352.941175922751,8819.628937374708,59.49028364430556,164173.7796920993,61.68635059106254,1
myopic,26,73,2,6,0,0,91.99999988079071,12352.941175922751,8776.424634018047,85.527232586142,172042.28507982873,61.811377832783585,1
myopic,26,72,2,6,0,0,91.99999988079071,12352.941175922751,8716.48601020569,70.21975189975498,178502.50224623532,61.811377832783585,1
myopic,26,71,2,6,0,0,91.99999988079071,12352.941175922751,8667.243513357722,60.907998427740246,184106.03809432662,63.69238905560433,1
myopic,26,70,2,6,0,0,91.99999988079071,12352.941175922751,8624.578042055986,78.91754638508168,191366.45235234644,63.69238905560433,1
myopic,26,69,2,6,0,0,91.99999988079071,12352.941175922751,8568.454059297337,63.22340466433002,197183.00557392798,63.69238905560433,1
myopic,26,68,2,6,0,0,91.99999988079071,12352.941175922751,8523.399100100463,64.13294505983883,203083.2365117879,64.51194257070377,1
myopic,26,67,2,6,0,0,91.99999988079071,12352.941175922751,8479.60567760385,75.50768607681638,210029.94362185377,64.51194257070377,1
myopic,26,66,2,6,0,0,91.99999988079071,12352.941175922751,8425.749389890883,84.59261672558065,217812.46435052296,66.02319309723785,1
myopic,26,65,2,6,0,0,91.99999988079071,12352.941175922751,8366.91395169317,81.2119248363476,225283.96142578573,66.02319309723785,1
myopic,26,64,2,6,0,0,91.99999988079071,12352.941175922751,8308.90802590485,74.66236653779691,232152.8991383626,66.02319309723785,1
myopic,26,63,2,6,0,0,91.99999988079071,12352.941175922751,8256.403834034396,70.53091668342697,238641.74346482995,66.02319309723785,1
myopic,26,62,2,6,0,0,91.99999988079071,12352.941175922751,8205.911509927222,75.31314310440345,245570.55262145706,66.02319309723785,1
myopic,26,61,2,6,0,0,91.99999988079071,12352.941175922751,8153.550119206581,88.64135159560712,253725.55695768603,66.0678136608015,1
myopic,26,60,2,6,0,0,91.99999988079071,12352.941175922751,8090.549647379071,101.43155859606236,263057.2603364322,85.17672399217258,1
myopic,26,59,2,6,0,0,91.99999988079071,12352.941175922751,8017.63961928253,93.14078750792541,271626.21277605806,85.17672399217258,1
myopic,26,58,2,6,0,0,91.99999988079071,12352.941175922751,7951.419233545491,106.41031028911797,281415.9613099718,85.17672399217258,1
myopic,26,57,2,6,0,0,91.99999988079071,12352.941175922751,7875.921802190845,87.01567881659457,289421.40375072544,85.17672399217258,1
myopic,26,56,2,6,0,0,91.99999988079071,12352.941175922751,7814.070617710589,99.036370725698,298532.7498456836,85.17672399217258,1
myopic,26,55,2,6,0,0,91.99999988079071,12352.941175922751,7742.980530122872,91.62497135521495,306962.2471994408,87.67464619283565,1
myopic,26,54,2,6,0,0,91.99999988079071,12352.941175922751,7677.647765541247,100.49313662063582,316207.61575655953,87.67464619283565,1
myopic,26,53,2,6,0,0,91.99999988079071,12352.941175922751,7604.665319510204,99.12660960579201,325327.2638284756,87.67464619283565,1
myopic,26,52,2,6,0,0,91.99999988079071,12352.941175922751,7534.331959329655,98.03770486597803,334346.73266445857,88.00542260216963,1
myopic,26,51,2,6,0,0,91.99999988079071,12352.941175922751,7462.017301173735,92.02873794104309,342813.37654406385,89.3393639748758,1
myopic,26,50,2,6,0,0,91.99999988079071,12352.941175922751,7393.506661208139,100.48524169239616,352058.0187677855,89.3393639748758,1
myopic,26,49,2,6,0,0,91.99999988079071,12352.941175922751,7319.425415345546,90.31600244593568,360367.0909820451,89.87264365606573,1
myopic,26,48,2,6,0,0,91.99999988079071,12352.941175922751,7252.266364376466,99.28956405119091,369501.7308629184,89.87264365606573,1
myopic,26,47,2,6,0,0,91.99999988079071,12352.941175922751,7179.415676126126,107.27987768873587,379371.47959749337,89.87264365606573,1
myopic,26,46,2,6,0,0,91.99999988079071,12352.941175922751,7099.056476021278,100.3144141383184,388600.40568626026,92.28499445299059,1
myopic,26,45,2,6,0,0,91.99999988079071,12352.941175922751,7024.881409543752,104.00074312080224,398168.4740409762,92.32417290804567,1
myopic,26,44,2,6,0,0,91.99999988079071,12352.941175922751,6950.635593092697,92.95047671333046,406719.917887522,92.85601305134094,1
myopic,26,43,2,6,0,0,91.99999988079071,12352.941175922751,6884.005230784747,101.29843915077797,416039.3742773179,92.85601305134094,1
myopic,26,42,2,6,0,0,91.99999988079071,12352.941175922751,6809.114671628133,107.46565532915649,425926.21455478936,92.85601305134094,1
myopic,26,41,2,6,0,0,91.99999988079071,12352.941175922751,6728.5406946082385,105.51464816529017,435633.5621734177,93.6308664821853,1
myopic,26,40,2,6,0,0,91.99999988079071,12352.941175922751,6652.197521519097,117.6501140921899,446457.3726558742,93.6308664821853,1
myopic,26,39,2,6,0,0,91.99999988079071,12352.941175922751,6564.774554485051,99.92878331973147,455650.82070937706,93.6308664821853,1
myopic,26,38,2,6,0,0,91.99999988079071,12352.941175922751,6492.632497832198,109.45444411444515,465720.629554858,95.04742683727991,1
myopic,26,37,2,6,0,0,91.99999988079071,12352.941175922751,6413.324712681595,114.44849076573587,476249.8906916624,95.04742683727991,1
myopic,26,36,2,6,0,0,91.99999988079071,12352.941175922751,6327.667803862081,90.20004247658325,484548.29458875535,95.04742683727991,1
myopic,26,35,2,6,0,0,91.99999988079071,12352.941175922751,6260.77019899596,119.42201662824627,495535.1201043178,95.04742683727991,1
myopic,26,34,2,6,0,0,91.99999988079071,12352.941175922751,6174.299312462639,100.03583367198338,504738.41679021507,95.04742683727991,1
myopic,26,33,2,6,0,0,91.99999988079071,12352.941175922751,6102.027805151594,107.3669228599043,514616.17368052714,95.04742683727991,1
myopic,26,32,2,6,0,0,91.99999988079071,12352.941175922751,6019.076451442372,111.00371471343772,524828.5154209307,97.00694341239463,1
myopic,26,31,2,6,0,0,91.99999988079071,12352.941175922751,5935.636386385826,108.63093432042619,534822.56136546,101.69890345053383,1
myopic,26,30,2,6,0,0,91.99999988079071,12352.941175922751,5853.981093970376,112.0560395641159,545131.7169920006,101.69890345053383,1
myopic,26,29,2,6,0,0,91.99999988079071,12352.941175922751,5768.265918858611,123.55613446472657,556498.8813480263,105.09652333242514,1
myopic,26,28,2,6,0,0,91.99999988079071,12352.941175922751,5678.322656888181,93.74996603507739,565123.8782120775,105.09652333242514,1
myopic,26,27,2,6,0,0,91.99999988079071,12352.941175922751,5605.892781451,123.66594858612987,576501.1454672593,105.51726153189219,1
myopic,26,26,2,6,0,0,91.99999988079071,12352.941175922751,5513.842560334987,116.49346962698509,587218.5446590548,105.51726153189219,1
myopic,26,25,2,6,0,0,91.99999988079071,12352.941175922751,5424.284599142589,126.29427883882381,598837.6182971712,108.86577323146005,1
myopic,26,24,2,6,0,0,91.99999988079071,12352.941175922751,5327.241112773636,123.92483383264388,610238.7029950015,110.31606898852215,1
myopic,26,23,2,6,0,0,91.99999988079071,12352.941175922751,5232.264455880367,129.68314121456504,622169.551971282,111.20897889534331,1
myopic,26,22,2,6,0,0,91.99999988079071,12352.941175922751,5132.272872220866,121.25375762977922,633324.8976587671,112.95137016244168,1
myopic,26,21,2,6,0,0,91.99999988079071,12352.941175922751,5038.955408901699,117.57145537209934,644141.4715389846,112.95137016244168,1
myopic,26,20,2,6,0,0,91.99999988079071,12352.941175922751,4946.7967880715205,125.81536951218253,655716.485519107,112.95137016244168,1
myopic,26,19,2,6,0,0,91.99999988079071,12352.941175922751,4848.458812575735,125.71177780016069,667281.9690617358,112.95137016244168,1
myopic,26,18,2,6,0,0,91.99999988079071,12352.941175922751,4749.2225731924245,130.53052649738834,679290.777483935,117.40424760711261,1
myopic,26,17,2,6,0,0,91.99999988079071,12352.941175922751,4648.676267344155,107.93092114285894,689220.4222162117,117.40424760711261,1
myopic,26,16,2,6,0,0,91.99999988079071,12352.941175922751,4564.390557228639,127.81470958558602,700979.3754828488,117.43877695873326,1
myopic,26,15,2,6,0,0,91.99999988079071,12352.941175922751,4460.748075787133,140.42861204742783,713898.8077744718,117.79311858824813,1
myopic,26,14,2,6,0,0,91.99999988079071,12352.941175922751,4348.210813484812,148.85999959442486,727593.9277194134,118.13382576143007,1
myopic,26,13,2,6,0,0,91.99999988079071,12352.941175922751,4230.607993134873,131.28428744793348,739672.082148973,118.13382576143007,1
myopic,26,12,2,6,0,0,91.99999988079071,12352.941175922751,4124.524261203003,129.6861546682759,751603.2083629946,118.65148982084473,1
myopic,26,11,2,6,0,0,91.99999988079071,12352.941175922751,4020.6242478406803,134.42017154873412,763969.864129454,118.65148982084473,1
myopic,26,10,2,6,0,0,91.99999988079071,12352.941175922751,3912.3855818720976,140.68793091902018,776913.1537572326,119.72247037978816,1
myopic,26,9,2,6,0,0,91.99999988079071,12352.941175922751,3801.4154762524477,135.00766204898392,789333.858649645,119.9282594332441,1
myopic,26,8,2,6,0,0,91.99999988079071,12352.941175922751,3689.22131143759,126.37262059066849,800960.1397289217,119.9282594332441,1
myopic,26,7,2,6,0,0,91.99999988079071,12352.941175922751,3586.6604265278174,133.90729258964177,813279.6106312057,119.9282594332441,1
myopic,26,6,2,6,0,0,91.99999988079071,12352.941175922751,3476.1980329684366,126.15682494938834,824886.0385115104,119.9282594332441,1
myopic,26,5,2,6,0,0,91.99999988079071,12352.941175922751,3371.980149037864,117.37774680117803,835684.7912032262,111.6350613497792,1
myopic,26,4,2,6,0,0,91.99999988079071,12352.941175922751,3272.997206544668,91.55046158605994,844107.43365823,105.31132169984018,1
myopic,26,3,2,6,0,0,91.99999988079071,12352.941175922751,3195.672569920178,110.72213026582756,854293.869629487,100.66337802387262,1
myopic,26,2,2,6,0,0,91.99999988079071,12352.941175922751,3102.170890577605,88.52194081520864,862437.8881739336,97.45860423514522,1
myopic,26,1,2,6,0,0,91.99999988079071,12352.941175922751,3024.9074448689125,86.03046024409235,870352.6905061344,90.48681714092218,1
myopic,27,100,5,12,1,1,91.99999988079071,12352.941175922751,10000.0,141.32908215746025,13002.275541638603,122.62129846453644,0
myopic,27,99,5,12,1,1,91.99999988079071,12352.941175922751,9897.18445407377,132.8756554595354,25226.835828075848,122.62129846453644,0
myopic,27,98,5,12,1,1,91.99999988079071,12352.941175922751,9798.777271835233,132.43405576376057,37410.76894255445,122.62129846453644,0
myopic,27,97,5,12,1,1,91.99999988079071,12352.941175922751,9703.6975822742,132.1722900795384,49570.61961411582,124.02216067174243,0
myopic,27,96,5,12,1,1,91.99999988079071,12352.941175922751,9608.582092193812,122.37083043388232,60828.735999445256,124.02216067174243,0
myopic,27,95,5,12,1,1,91.99999988079071,12352.941175922751,9519.124810389589,140.27591935872826,73734.12056372606,125.08183156398725,0
myopic,27,94,5,12,1,1,91.99999988079071,12352.941175922751,9419.365159786697,137.7401193965858,86406.21153179205,125.08183156398725,0
myopic,27,93,5,12,1,1,91.99999988079071,12352.941175922751,9317.90433046452,140.10286998750772,99295.6755539412,125.56961748732996,0
myopic,27,92,5,12,1,1,91.99999988079071,12352.941175922751,9216.70987009348,136.22965103732633,111828.80343313538,126.56691740931149,0
myopic,27,91,5,12,1,1,91.99999988079071,12352.941175922751,9116.711111384478,143.75936666939077,125054.66514958188,126.56691740931149,0
myopic,27,90,5,12,1,1,91.99999988079071,12352.941175922751,9012.65099393334,143.3628601496283,138244.0482662575,128.0068958182441,0
myopic,27,89,5,12,1,1,91.99999988079071,12352.941175922751,8905.563009397894,122.28739985855997,149494.48903866723,128.0068958182441,0
myopic,27,88,5,12,1,1,91.99999988079071,12352.941175922751,8814.993437879457,130.2548004760323,161477.9306669346,128.27423610834077,0
myopic,27,87,5,12,1,1,91.99999988079071,12352.941175922751,8718.90424973106,137.02652082848388,174084.3705668203,129.9887842880545,0
myopic,27,86,5,12,1,1,91.99999988079071,12352.941175922751,8615.837798845798,144.46102806582562,187374.78513165514,129.9887842880545,0
myopic,27,85,5,12,1,1,91.99999988079071,12352.941175922751,8507.684815388177,138.73968981567828,200138.8365781585,131.39065547928402,0
myopic,27,84,5,12,1,1,91.99999988079071,12352.941175922751,8404.124962087757,158.49290310490366,214720.18364491579,134.22803013497784,0
myopic,27,83,5,12,1,1,91.99999988079071,12352.941175922751,8287.471528597183,152.44091136291252,228744.74747213136,134.22803013497784,0
myopic,27,82,5,12,1,1,91.99999988079071,12352.941175922751,8173.378240688979,146.989174740238,242267.75153071078,134.22803013497784,0
myopic,27,81,5,12,1,1,91.99999988079071,12352.941175922751,8065.727991329177,149.77138234741128,256046.71868881848,134.58628316204653,0
myopic,27,80,5,12,1,1,91.99999988079071,12352.941175922751,7954.432200662963,155.24366742560593,270329.13607346773,134.58628316204653,0
myopic,27,79,5,12,1,1,91.99999988079071,12352.941175922751,7837.382484312915,162.70383052713757,285297.8884625686,137.25137735790267,0
myopic,27,78,5,12,1,1,91.99999988079071,12352.941175922751,7717.078246269806,158.54675748256807,299884.19013206457,137.25137735790267,0
myopic,27,77,5,12,1,1,91.99999988079071,12352.941175922751,7597.354894270298,153.8898789623164,314042.0589782526,138.34527592112582,0
myopic,27,76,5,12,1,1,91.99999988079071,12352.941175922751,7481.128565777181,154.3400373682202,328241.3423977301,139.8599388733162,0
myopic,27,75,5,12,1,1,91.99999988079071,12352.941175922751,7364.329822586383,156.42249663603724,342632.2120695985,139.8599388733162,0
myopic,27,74,5,12,1,1,91.99999988079071,12352.941175922751,7247.638879974802,154.9766668425277,356890.0654006364,139.8599388733162,0
myopic,27,73,5,12,1,1,91.99999988079071,12352.941175922751,7130.06826545962,147.30984619713112,370442.5712332118,140.6224031964283,0
myopic,27,72,5,12,1,1,91.99999988079071,12352.941175922751,7019.64705366425,164.6396620491019,385589.4201221026,140.6224031964283,0
myopic,27,71,5,12,1,1,91.99999988079071,12352.941175922751,6894.938600300921,149.17325066935072,399313.35916590004,140.6224031964283,0
myopic,27,70,5,12,1,1,91.99999988079071,12352.941175922751,6783.056587610801,168.91137674997316,414853.20580676175,140.6224031964283,0
myopic,27,69,5,12,1,1,91.99999988079071,12352.941175922751,6654.54300612031,145.36333787553986,428226.6328739828,143.74385215300907,0
myopic,27,68,5,12,1,1,91.99999988079071,12352.941175922751,6543.725337005702,153.45839043513732,442344.80477572174,146.41315056855447,0
myopic,27,67,5,12,1,1,91.99999988079071,12352.941175922751,6427.479971632241,149.48274769403062,456097.2175457528,146.41315056855447,0
myopic,27,66,5,12,1,1,91.99999988079071,12352.941175922751,6314.33054259546,156.11526120418262,470459.82155792724,147.95730716934838,0
myopic,27,65,5,12,1,1,91.99999988079071,12352.941175922751,6197.408747397045,169.53742917903816,486057.2650221883,147.95730716934838,0
myopic,27,64,5,12,1,1,91.99999988079071,12352.941175922751,6064.603762582053,168.55699921893032,501564.50893023633,147.95730716934838,0
myopic,27,63,5,12,1,1,91.99999988079071,12352.941175922751,5935.733633716776,154.2136638902816,515752.16598975856,149.66408283344634,0
myopic,27,62,5,12,1,1,91.99999988079071,12352.941175922751,5818.3158455503635,158.98181641754155,530378.4930812203,149.66408283344634,0
myopic,27,61,5,12,1,1,91.99999988079071,12352.941175922751,5699.636152192515,197.13143403832225,548514.5849892461,149.93764281533836,0
myopic,27,60,5,12,1,1,91.99999988079071,12352.941175922751,5548.747629540589,187.17401178962535,565734.5940515788,175.84600634426346,0
myopic,27,59,5,12,1,1,91.99999988079071,12352.941175922751,5407.887008225336,203.22830995352135,584431.5985430761,176.08019672204279,0
myopic,27,58,5,12,1,1,91.99999988079071,12352.941175922751,5249.324365727075,200.43332956010698,602871.4648387124,182.18293728047686,0
myopic,27,57,5,12,1,1,91.99999988079071,12352.941175922751,5096.08275612877,204.57636911931942,621692.4907733024,182.18293728047686,0
myopic,27,56,5,12,1,1,91.99999988079071,12352.941175922751,4940.359506441452,184.66167214771357,638681.3645888787,182.18293728047686,0
myopic,27,55,5,12,1,1,91.99999988079071,12352.941175922751,4795.1054304983645,215.60529317789366,658517.0515355428,184.4032916851394,0
myopic,27,54,5,12,1,1,91.99999988079071,12352.941175922751,4629.086843107207,202.65284690112404,677161.1134262881,184.4032916851394,0
myopic,27,53,5,12,1,1,91.99999988079071,12352.941175922751,4469.296831248119,193.2956445102523,694944.3126981887,184.4032916851394,0
myopic,27,52,5,12,1,1,91.99999988079071,12352.941175922751,4319.246385355578,211.4817342717622,714400.6322259803,184.4032916851394,0
myopic,27,51,5,12,1,1,91.99999988079071,12352.941175922751,4151.883197065945,207.7705391379428,733515.5218019028,186.63549510603517,0
myopic,27,50,5,12,1,1,91.99999988079071,12352.941175922751,3991.8937448682173,216.5464237239031,753437.7927586875,195.43755580295394,0
myopic,27,49,5,12,1,1,91.99999988079071,12352.941175922751,3824.392341875063,227.40611422666316,774359.1552404317,196.20027183670678,0
myopic,27,48,5,12,1,1,91.99999988079071,12352.941175922751,3648.568082482928,220.6045655800951,794654.7752475023,196.20027183670678,0
myopic,27,47,5,12,1,1,91.99999988079071,12352.941175922751,3475.851380346766,216.9289026188522,814612.2342625767,199.91319423353335,0
myopic,27,46,5,12,1,1,91.99999988079071,12352.941175922751,3309.5228932406053,229.68743344861593,835743.4781124685,199.91319423353335,0
myopic,27,45,5,12,1,1,91.99999988079071,12352.941175922751,3129.0569755803235,225.22750771844602,856464.4087957164,199.91319423353335,0
myopic,27,44,5,12,1,1,91.99999988079071,12352.941175922751,2951.029946683184,215.24873379173806,876267.2922788966,200.5032029124764,0
myopic,27,43,5,12,1,1,91.99999988079071,12352.941175922751,2782.557231812867,216.23625164133304,896161.0274041218,200.5032029124764,0
myopic,27,42,5,12,1,1,91.99999988079071,12352.941175922751,2610.0527903433676,219.292694746109,916335.9552946221,200.5032029124764,0
myopic,27,41,5,12,1,1,91.99999988079071,12352.941175922751,2441.6333281664756,220.93855269740243,936662.3021164451,203.90988037788304,0
myopic,27,40,5,12,1,1,91.99999988079071,12352.941175922751,2268.7696233556344,230.91673825049122,957906.6420079629,203.90988037788304,0
myopic,27,39,5,12,1,1,91.99999988079071,12352.941175922751,2087.2108658843254,234.4878905377612,979479.5279094838,203.90988037788304,0
myopic,27,38,5,12,1,1,91.99999988079071,12352.941175922751,1901.26246924297,232.66575045791015,1000884.7769238756,211.06427502110148,0
myopic,27,37,5,12,1,1,91.99999988079071,12352.941175922751,1718.1646419333392,227.88896518438804,1021850.5616936728,211.06427502110148,0
myopic,27,36,5,12,1,1,91.99999988079071,12352.941175922751,1536.8176965978582,235.19119842470352,1043488.1519207086,211.3777930168817,0
myopic,27,35,5,12,1,1,91.99999988079071,12352.941175922751,1348.3830921898352,222.17800503343932,1063928.5283572993,211.3777930168817,0
myopic,27,34,5,12,1,1,91.99999988079071,12352.941175922751,1171.391736632675,239.2632721908895,1085940.7493703386,211.3777930168817,0
myopic,27,33,5,12,1,1,91.99999988079071,12352.941175922751,978.3950861810663,227.12579623731844,1106836.3225970964,211.3777930168817,0
myopic,27,32,5,12,1,1,91.99999988079071,12352.941175922751,797.1081692021926,248.87888260038946,1129733.1797666636,211.3777930168817,0
myopic,27,31,5,12,1,1,91.99999988079071,12352.941175922751,595.5402343618625,224.76763534083946,1150411.8021912265,215.8582445896582,0
myopic,27,30,5,12,1,1,91.99999988079071,10000.0,410.82899203831585,0.0,1150411.8021912265,217.62011982881515,0
myopic,27,29,5,12,1,1,91.99999988079071,10000.0,410.82899203831585,0.0,1150411.8021912265,228.32407060173463,0
myopic,27,28,5,12,1,1,91.99999988079071,10000.0,410.82899203831585,0.0,1150411.8021912265,228.32407060173463,0
myopic,27,27,5,12,1,1,91.99999988079071,10000.0,410.82899203831585,0.0,1150411.8021912265,228.74480880120169,0
myopic,27,26,5,12,1,1,91.99999988079071,10000.0,410.82899203831585,0.0,1150411.8021912265,228.74480880120169,0
myopic,27,25,5,12,1,1,91.99999988079071,10000.0,410.82899203831585,0.0,1150411.8021912265,232.96745592437514,0
myopic,27,24,5,12,1,1,91.99999988079071,10000.0,410.82899203831585,0.0,1150411.8021912265,236.4388957050125,0
myopic,27,23,5,12,1,1,91.99999988079071,10000.0,410.82899203831585,0.0,1150411.8021912265,238.0786546384911,0
myopic,27,22,5,12,1,1,91.99999988079071,10000.0,410.82899203831585,0.0,1150411.8021912265,240.89903206973992,0
myopic,27,21,5,12,1,1,91.99999988079071,10000.0,410.82899203831585,0.0,1150411.8021912265,240.89903206973992,0
myopic,27,20,5,12,1,1,91.99999988079071,10000.0,410.82899203831585,0.0,1150411.8021912265,240.89903206973992,0
myopic,27,19,5,12,1,1,91.99999988079071,10000.0,410.82899203831585,0.0,1150411.8021912265,240.89903206973992,0
myopic,27,18,5,12,1,1,91.99999988079071,10000.0,410.82899203831585,0.0,1150411.8021912265,246.92805639126922,0
myopic,27,17,5,12,1,1,91.99999988079071,10000.0,410.82899203831585,0.0,1150411.8021912265,246.92805639126922,0
myopic,27,16,5,12,1,1,91.99999988079071,10000.0,410.82899203831585,0.0,1150411.8021912265,249.22632805170318,0
myopic,27,15,5,12,1,1,91.99999988079071,10000.0,410.82899203831585,0.0,1150411.8021912265,251.8711947131633,0
myopic,27,14,5,12,1,1,91.99999988079071,10000.0,410.82899203831585,0.0,1150411.8021912265,253.63584708782395,0
myopic,27,13,5,12,1,1,91.99999988079071,10000.0,410.82899203831585,0.0,1150411.8021912265,254.08714017232143,0
myopic,27,12,5,12,1,1,91.99999988079071,10000.0,410.82899203831585,0.0,1150411.8021912265,254.80629722425985,0
myopic,27,11,5,12,1,1,91.99999988079071,10000.0,410.82899203831585,0.0,1150411.8021912265,254.80629722425985,0
myopic,27,10,5,12,1,1,91.99999988079071,10000.0,410.82899203831585,0.0,1150411.8021912265,255.9433429025627,0
myopic,27,9,5,12,1,1,91.99999988079071,10000.0,410.82899203831585,0.0,1150411.8021912265,255.9433429025627,0
myopic,27,8,5,12,1,1,91.99999988079071,10000.0,410.82899203831585,0.0,1150411.8021912265,255.9433429025627,0
myopic,27,7,5,12,1,1,91.99999988079071,10000.0,410.82899203831585,0.0,1150411.8021912265,255.9433429025627,0
myopic,27,6,5,12,1,1,91.99999988079071,10000.0,410.82899203831585,0.0,1150411.8021912265,255.9433429025627,0
myopic,27,5,5,12,1,1,91.99999988079071,10000.0,410.82899203831585,0.0,1150411.8021912265,230.04512928449802,0
myopic,27,4,5,12,1,1,91.99999988079071,10000.0,410.82899203831585,0.0,1150411.8021912265,226.42549507794118,0
myopic,27,3,5,12,1,1,91.99999988079071,10000.0,410.82899203831585,0.0,1150411.8021912265,215.56234262596197,0
myopic,27,2,5,12,1,1,91.99999988079071,10000.0,410.82899203831585,0.0,1150411.8021912265,203.8312723170848,0
myopic,27,1,5,12,1,1,91.99999988079071,10000.0,410.82899203831585,0.0,1150411.8021912265,196.37128488998587,0
myopic,28,100,2,12,0,1,91.99999988079071,12352.941175922751,10000.0,82.1855500378809,7561.070593687762,78.34826956228913,0
myopic,28,99,2,12,0,1,91.99999988079071,12352.941175922751,9945.13904454546,83.18167904129116,15213.785055570519,78.34826956228913,0
myopic,28,98,2,12,0,1,91.99999988079071,12352.941175922751,9889.822944071566,78.85348842418011,22468.305981195022,78.34826956228913,0
myopic,28,97,2,12,0,1,91.99999988079071,12352.941175922751,9836.427818815333,81.71465197034587,29986.0539527257,80.43164846582134,0
myopic,28,96,2,12,0,1,91.99999988079071,12352.941175922751,9783.19209602645,91.34286509029975,38389.597530144354,80.43164846582134,0
myopic,28,95,2,12,0,1,91.99999988079071,12352.941175922751,9720.56566293973,87.99344422927204,46484.99438874774,80.76388620962199,0
myopic,28,94,2,12,0,1,91.99999988079071,12352.941175922751,9662.263147388085,71.12054829170528,53028.0848231064,80.76388620962199,0
myopic,28,93,2,12,0,1,91.99999988079071,12352.941175922751,9614.503389925087,87.04843405114063,61036.54074543436,81.2516721329647,0
myopic,28,92,2,12,0,1,91.99999988079071,12352.941175922751,9556.20384898776,103.44138142245171,70553.14782396874,81.68189079408234,0
myopic,28,91,2,12,0,1,91.99999988079071,12352.941175922751,9489.79134076347,88.08263864046987,78656.7505683917,81.68189079408234,0
myopic,28,90,2,12,0,1,91.99999988079071,12352.941175922751,9430.11778489599,101.99014937611567,88039.84429883616,82.82831677780638,0
myopic,28,89,2,12,0,1,91.99999988079071,12352.941175922751,9361.920338894553,82.86489745125083,95663.41485447297,82.82831677780638,0
myopic,28,88,2,12,0,1,91.99999988079071,12352.941175922751,9307.62247845826,86.68720608842415,103638.63780427407,82.82831677780638,0
myopic,28,87,2,12,0,1,91.99999988079071,12352.941175922751,9249.666668002752,96.62716928673456,112528.3373671348,84.56293398444693,0
myopic,28,86,2,12,0,1,91.99999988079071,12352.941175922751,9185.027843185746,94.18955965967331,121193.77684459646,84.56293398444693,0
myopic,28,85,2,12,0,1,91.99999988079071,12352.941175922751,9121.735211601239,89.76596424167658,129452.24554412976,84.8282916403851,0
myopic,28,84,2,12,0,1,91.99999988079071,12352.941175922751,9061.683024449809,80.01044227166811,136813.20622358524,87.66566629607894,0
myopic,28,83,2,12,0,1,91.99999988079071,12352.941175922751,9008.93514974898,102.15584691971586,146211.54412802117,87.66566629607894,0
myopic,28,82,2,12,0,1,91.99999988079071,12352.941175922751,8939.858421488476,106.72747648888149,156030.47195227537,87.66566629607894,0
myopic,28,81,2,12,0,1,91.99999988079071,12352.941175922751,8870.320417082818,102.64507844209437,165473.8191567118,88.02391932314761,0
myopic,28,80,2,12,0,1,91.99999988079071,12352.941175922751,8802.635679170253,103.43100823525783,174989.4719020256,88.02391932314761,0
myopic,28,79,2,12,0,1,91.99999988079071,12352.941175922751,8735.630324056465,92.3645248043894,183487.00817301872,89.41124357506565,0
myopic,28,78,2,12,0,1,91.99999988079071,12352.941175922751,8673.774998104713,86.37195761839894,191433.22826361508,89.85798532780689,0
myopic,28,77,2,12,0,1,91.99999988079071,12352.941175922751,8616.576491045467,115.37035331703743,202047.3007550293,91.10061121112462,0
myopic,28,76,2,12,0,1,91.99999988079071,12352.941175922751,8537.204282764738,102.72195721722203,211497.72080676834,91.10061121112462,0
myopic,28,75,2,12,0,1,91.99999988079071,12352.941175922751,8468.179975767867,95.89687674354056,220320.23345574227,91.10061121112462,0
myopic,28,74,2,12,0,1,91.99999988079071,12352.941175922751,8403.72630615895,120.58344829708582,231413.9106846995,91.10061121112462,0
myopic,28,73,2,12,0,1,91.99999988079071,12352.941175922751,8321.168248703896,106.36969619542798,241199.92272199862,91.59938678561403,0
myopic,28,72,2,12,0,1,91.99999988079071,12352.941175922751,8249.363766228907,103.28457817715706,250702.10390198458,91.59938678561403,0
myopic,28,71,2,12,0,1,91.99999988079071,12352.941175922751,8178.321887703066,99.93519611170991,259896.1419323487,93.48039800843478,0
myopic,28,70,2,12,0,1,91.99999988079071,12352.941175922751,8109.943719420677,101.86266921352785,269267.50748785026,93.48039800843478,0
myopic,28,69,2,12,0,1,91.99999988079071,12352.941175922751,8040.5118226515815,99.60222947626845,278430.9125877934,93.48039800843478,0
myopic,28,68,2,12,0,1,91.99999988079071,12352.941175922751,7971.654183867969,104.61328831142876,288055.335099974,95.11469441166237,0
myopic,28,67,2,12,0,1,91.99999988079071,12352.941175922751,7898.781913784892,108.59489437603871,298046.06536962406,95.11469441166237,0
myopic,28,66,2,12,0,1,91.99999988079071,12352.941175922751,7825.411046108985,108.77837233399526,308053.6756113842,96.29318018780998,0
myopic,28,65,2,12,0,1,91.99999988079071,12352.941175922751,7750.1660600648775,114.83650835831453,318618.63436665956,96.29318018780998,0
myopic,28,64,2,12,0,1,91.99999988079071,12352.941175922751,7670.738388347347,109.5081464139944,328693.3838236927,96.29318018780998,0
myopic,28,63,2,12,0,1,91.99999988079071,12352.941175922751,7593.477244622802,114.29226976511829,339208.27262845886,96.29318018780998,0
myopic,28,62,2,12,0,1,91.99999988079071,12352.941175922751,7514.737197754804,118.86960561558843,350144.2763309226,96.29318018780998,0
myopic,28,61,2,12,0,1,91.99999988079071,12352.941175922751,7432.829367116011,132.4369237081295,362328.4732962828,96.40873891602581,0
myopic,28,60,2,12,0,1,91.99999988079071,12352.941175922751,7339.462461129095,133.73285257146202,374631.89571691514,121.48371342624034,0
myopic,28,59,2,12,0,1,91.99999988079071,12352.941175922751,7249.28073160025,133.5732128609943,386920.63128420344,121.717787817549,0
myopic,28,58,2,12,0,1,91.99999988079071,12352.941175922751,7156.123117560813,145.87477500946673,400341.11056768475,121.717787817549,0
myopic,28,57,2,12,0,1,91.99999988079071,12352.941175922751,7055.32408105608,124.49915353168318,411795.03267775814,121.717787817549,0
myopic,28,56,2,12,0,1,91.99999988079071,12352.941175922751,6966.647051046795,140.2905976509263,424701.7676449194,121.717787817549,0
myopic,28,55,2,12,0,1,91.99999988079071,12352.941175922751,6866.908518536184,138.17117142530591,437413.5153995763,125.52438207732914,0
myopic,28,54,2,12,0,1,91.99999988079071,12352.941175922751,6769.992371766373,138.88727965068364,450191.1451108825,125.52438207732914,0
myopic,28,53,2,12,0,1,91.99999988079071,12352.941175922751,6672.565718374404,133.10083678706718,462436.4220794258,125.52438207732914,0
myopic,28,52,2,12,0,1,91.99999988079071,12352.941175922751,6578.048345351494,133.24363575283303,474694.8365528026,125.77567823347204,0
myopic,28,51,2,12,0,1,91.99999988079071,12352.941175922751,6486.0685246937355,138.59185200208654,487445.2869204731,127.57061847614774,0
myopic,28,50,2,12,0,1,91.99999988079071,12352.941175922751,6385.259833498976,118.25499349286324,498324.74630771944,127.57061847614774,0
myopic,28,49,2,12,0,1,91.99999988079071,12352.941175922751,6303.369213925765,122.24748741494308,509571.5151353212,127.56529444817109,0
myopic,28,48,2,12,0,1,91.99999988079071,12352.941175922751,6216.561020293473,135.04943747770298,521996.0633671707,127.56529444817109,0
myopic,28,47,2,12,0,1,91.99999988079071,12352.941175922751,6123.827748904724,149.44401388931846,535744.9126271729,127.56529444817109,0
myopic,28,46,2,12,0,1,91.99999988079071,12352.941175922751,6019.985322474736,161.05637614250568,550562.099213084,130.8145259896823,0
myopic,28,45,2,12,0,1,91.99999988079071,12352.941175922751,5904.436017070041,148.8867692513137,564259.6819664561,130.8145259896823,0
myopic,28,44,2,12,0,1,91.99999988079071,12352.941175922751,5798.830798024108,150.53333723115816,578108.7489737778,131.2339851260106,0
myopic,28,43,2,12,0,1,91.99999988079071,12352.941175922751,5690.823393549668,132.88679810338311,590334.3343834477,131.2339851260106,0
myopic,28,42,2,12,0,1,91.99999988079071,12352.941175922751,5596.385823482108,139.47375712622085,603165.9200224334,131.2339851260106,0
myopic,28,41,2,12,0,1,91.99999988079071,12352.941175922751,5496.929147073607,142.3975158623005,616266.49146479,134.1721664575167,0
myopic,28,40,2,12,0,1,91.99999988079071,12352.941175922751,5395.246827688218,146.12823546382035,629710.2891100416,134.1721664575167,0
myopic,28,39,2,12,0,1,91.99999988079071,12352.941175922751,5291.790332903518,155.12778136727823,643982.0449773385,134.1721664575167,0
myopic,28,38,2,12,0,1,91.99999988079071,12352.941175922751,5183.747252690706,140.37344074068096,656896.4015087474,135.24479254111014,0
myopic,28,37,2,12,0,1,91.99999988079071,12352.941175922751,5085.312141848438,152.6447869460979,670939.7218895917,135.24479254111014,0
myopic,28,36,2,12,0,1,91.99999988079071,12352.941175922751,4975.704229543803,149.3230018495859,684677.4380419529,135.3776796692217,0
myopic,28,35,2,12,0,1,91.99999988079071,12352.941175922751,4868.918777431192,150.87162292453928,698557.6273330252,135.3776796692217,0
myopic,28,34,2,12,0,1,91.99999988079071,12352.941175922751,4758.543782904121,150.1182648331416,712368.5076797787,135.3776796692217,0
myopic,28,33,2,12,0,1,91.99999988079071,12352.941175922751,4647.119587874532,158.73688921838837,726972.3014689476,135.3776796692217,0
myopic,28,32,2,12,0,1,91.99999988079071,12352.941175922751,4532.074062390162,145.64419485888544,740371.5673786029,137.67563429490323,0
myopic,28,31,2,12,0,1,91.99999988079071,12352.941175922751,4427.707608969005,166.21130181271522,755663.0071255588,146.59908961842842,0
myopic,28,30,2,12,0,1,91.99999988079071,12352.941175922751,4306.558831005331,167.39872599126807,771063.6898968,146.67867998707746,0
myopic,28,29,2,12,0,1,91.99999988079071,12352.941175922751,4186.621645831137,165.40329626861703,786280.7931337951,149.0471367442043,0
myopic,28,28,2,12,0,1,91.99999988079071,12352.941175922751,4065.2813455843007,160.55471479897392,801051.8268761612,149.0471367442043,0
myopic,28,27,2,12,0,1,91.99999988079071,12352.941175922751,3947.5840627337247,159.34193538238642,815711.2849123457,149.46787494367135,0
myopic,28,26,2,12,0,1,91.99999988079071,12352.941175922751,3828.272342281647,178.85866981791585,832166.2825142724,149.46787494367135,0
myopic,28,25,2,12,0,1,91.99999988079071,12352.941175922751,3694.2649045245853,177.64885419726747,848509.9770792436,154.18295349612166,0
myopic,28,24,2,12,0,1,91.99999988079071,12352.941175922751,3560.197403520695,164.84332454532625,863675.5629177628,154.86606328959272,0
myopic,28,23,2,12,0,1,91.99999988079071,12352.941175922751,3438.6450771573827,179.53686674141616,880192.9546365706,155.75897319641388,0
myopic,28,22,2,12,0,1,91.99999988079071,12352.941175922751,3301.9221921948174,191.92264605455958,897849.8380507112,158.80352394212818,0
myopic,28,21,2,12,0,1,91.99999988079071,12352.941175922751,3156.1580984904012,170.57454078990196,913542.6957830482,158.80352394212818,0
myopic,28,20,2,12,0,1,91.99999988079071,12352.941175922751,3027.1878865801127,183.42313354996378,930417.6240477791,158.80352394212818,0
myopic,28,19,2,12,0,1,91.99999988079071,12352.941175922751,2888.3619114413113,180.3165992389031,947006.7511562628,158.80352394212818,0
myopic,28,18,2,12,0,1,91.99999988079071,12352.941175922751,2758.1078733255736,167.2496523582304,962393.7191532823,163.45135432315968,0
myopic,28,17,2,12,0,1,91.99999988079071,12352.941175922751,2626.373635110467,175.9335404350701,978579.6048523359,163.45135432315968,0
myopic,28,16,2,12,0,1,91.99999988079071,12352.941175922751,2492.2098592006705,177.95564108940962,994951.5238113475,163.48588367478033,0
myopic,28,15,2,12,0,1,91.99999988079071,12352.941175922751,2355.0294455830553,178.44642557455472,1011368.5949429341,166.63305223218825,0
myopic,28,14,2,12,0,1,91.99999988079071,12352.941175922751,2219.0840995324334,179.08933359734604,1027844.8136125408,167.6035577215017,0
myopic,28,13,2,12,0,1,91.99999988079071,12352.941175922751,2080.9827850335832,194.94005754198807,1045779.2988831651,168.05485080599917,0
myopic,28,12,2,12,0,1,91.99999988079071,12352.941175922751,1928.6433680370956,186.2346426893577,1062912.8859883852,169.09384479432455,0
myopic,28,11,2,12,0,1,91.99999988079071,12352.941175922751,1782.4386751207603,196.92308993050327,1081029.8102385164,169.09384479432455,0
myopic,28,10,2,12,0,1,91.99999988079071,12352.941175922751,1625.9748315452798,190.78531056228834,1098582.0587875035,170.63726322604822,0
myopic,28,9,2,12,0,1,91.99999988079071,12352.941175922751,1477.049918782035,179.00908897218685,1115050.8949516052,170.84305227950415,0
myopic,28,8,2,12,0,1,91.99999988079071,12352.941175922751,1333.6310349936466,189.79156328406594,1132511.7187511143,170.84305227950415,0
myopic,28,7,2,12,0,1,91.99999988079071,12352.941175922751,1178.9187943625184,185.49441133112094,1149577.2045714648,170.84305227950415,0
myopic,28,6,2,12,0,1,91.99999988079071,12352.941175922751,1028.7342743089193,169.55401168151306,1165176.1736259516,170.84305227950415,0
myopic,28,5,2,12,0,1,91.99999988079071,12352.941175922751,891.7636781485435,163.14322120183533,1180185.3499570724,155.39122305741984,0
myopic,28,4,2,12,0,1,91.99999988079071,12352.941175922751,758.7232239485638,156.67376896117014,1194599.336682823,149.0674834074808,0
myopic,28,3,2,12,0,1,91.99999988079071,12352.941175922751,631.5767788787853,144.1514935462986,1207861.2740718983,142.23678861945825,0
myopic,28,2,2,12,0,1,91.99999988079071,12352.941175922751,511.80270975258827,149.6491596030143,1221628.996737536,135.31638940994628,0
myopic,28,1,2,12,0,1,91.99999988079071,10000.0,384.8895071054794,0.0,1221628.996737536,127.3584148712835,0
myopic,29,100,3,12,0,1,91.99999988079071,12352.941175922751,10000.0,85.16957345671698,7835.600747864957,78.9152323625027,0
myopic,29,99,3,12,0,1,91.99999988079071,12352.941175922751,9944.07556792555,86.99202180228619,15838.866743305029,78.9152323625027,0
myopic,29,98,3,12,0,1,91.99999988079071,12352.941175922751,9886.945041971221,90.6515407409103,24178.808480662272,78.9152323625027,0
myopic,29,97,3,12,0,1,91.99999988079071,12352.941175922751,9827.146005056926,92.820716039453,32718.314345226856,80.54394018700624,0
myopic,29,96,3,12,0,1,91.99999988079071,12352.941175922751,9766.523309666725,85.75501121477738,40607.775366763584,80.54394018700624,0
myopic,29,95,3,12,0,1,91.99999988079071,12352.941175922751,9710.655511843213,75.28060060477131,47533.5906134284,80.87617793080689,0
myopic,29,94,3,12,0,1,91.99999988079071,12352.941175922751,9662.869194827066,89.65586182638674,55781.929890768166,80.87617793080689,0
myopic,29,93,3,12,0,1,91.99999988079071,12352.941175922751,9604.283928285595,83.60532796068041,63473.62005318423,81.3639638541496,0
myopic,29,92,3,12,0,1,91.99999988079071,12352.941175922751,9549.325566135258,92.98821308349075,72028.53564578033,81.79418251526724,0
myopic,29,91,3,12,0,1,91.99999988079071,12352.941175922751,9486.844891608542,96.39104324125809,80896.51161248537,81.79418251526724,0
myopic,29,90,3,12,0,1,91.99999988079071,12352.941175922751,9421.59757367976,114.76307607165744,91454.71459739702,82.94060849899128,0
myopic,29,89,3,12,0,1,91.99999988079071,12352.941175922751,9344.656362136811,92.13784455016275,99931.3962850283,82.94060849899128,0
myopic,29,88,3,12,0,1,91.99999988079071,12352.941175922751,9285.649579763538,79.33156240937343,107229.9000172336,82.94060849899128,0
myopic,29,87,3,12,0,1,91.99999988079071,12352.941175922751,9230.621802637828,114.77033824311657,117788.77112191863,84.67522570563183,0
myopic,29,86,3,12,0,1,91.99999988079071,12352.941175922751,9153.169633119183,92.45262430179781,126294.41254666282,84.67522570563183,0
myopic,29,85,3,12,0,1,91.99999988079071,12352.941175922751,9090.576375284852,79.92240400728677,133647.2737058057,84.94058336157,0
myopic,29,84,3,12,0,1,91.99999988079071,12352.941175922751,9037.435312270885,92.96129234467176,142199.71259043366,87.77795801726384,0
myopic,29,83,3,12,0,1,91.99999988079071,12352.941175922751,8973.085623217972,88.27471933285254,150320.98675853293,87.77795801726384,0
myopic,29,82,3,12,0,1,91.99999988079071,12352.941175922751,8913.282220416342,102.39010609356922,159740.87650693546,87.77795801726384,0
myopic,29,81,3,12,0,1,91.99999988079071,12352.941175922751,8842.970610655277,93.16505031009714,168312.06112435827,88.13621104433251,0
myopic,29,80,3,12,0,1,91.99999988079071,12352.941175922751,8780.864008926008,80.70376232717086,175736.80724883734,88.13621104433251,0
myopic,29,79,3,12,0,1,91.99999988079071,12352.941175922751,8725.232151559723,108.0650238426543,185678.7894294792,89.52353529625056,0
myopic,29,78,3,12,0,1,91.99999988079071,12352.941175922751,8652.72757507637,101.81840265687926,195046.08246177438,89.97027704899179,0
myopic,29,77,3,12,0,1,91.99999988079071,12352.941175922751,8585.474431045961,98.29520262874601,204089.24109190132,91.21290293230952,0
myopic,29,76,3,12,0,1,91.99999988079071,12352.941175922751,8517.90866183162,96.1021352828731,212930.63752646936,91.21290293230952,0
myopic,29,75,3,12,0,1,91.99999988079071,12352.941175922751,8452.509138388907,108.76914821150808,222937.39914896182,91.21290293230952,0
myopic,29,74,3,12,0,1,91.99999988079071,12352.941175922751,8377.692373677664,95.61335021536635,231733.82735737754,91.21290293230952,0
myopic,29,73,3,12,0,1,91.99999988079071,12352.941175922751,8310.727467556884,114.71283901143627,242287.40853275484,91.71167850679893,0
myopic,29,72,3,12,0,1,91.99999988079071,12352.941175922751,8231.060634511312,107.38294074818478,252166.63906878678,91.71167850679893,0
myopic,29,71,3,12,0,1,91.99999988079071,12352.941175922751,8156.731663352023,109.63238566852102,262252.8185372215,93.59268972961968,0
myopic,29,70,3,12,0,1,91.99999988079071,12352.941175922751,8083.375001452715,111.21390125026177,272484.4974389879,93.59268972961968,0
myopic,29,69,3,12,0,1,91.99999988079071,12352.941175922751,8008.252219692036,105.96934213608598,282233.67690287525,93.59268972961968,0
myopic,29,68,3,12,0,1,91.99999988079071,12352.941175922751,7935.595779156682,108.16654290500982,292184.99883724167,95.22698613284727,0
myopic,29,67,3,12,0,1,91.99999988079071,12352.941175922751,7859.005582601203,109.92336454003448,302297.94836182095,95.22698613284727,0
myopic,29,66,3,12,0,1,91.99999988079071,12352.941175922751,7783.432163621943,111.01685913811261,312511.4993892931,96.40547190899488,0
myopic,29,65,3,12,0,1,91.99999988079071,12352.941175922751,7706.675282580323,92.4303174432166,321015.08858305047,96.40547190899488,0
myopic,29,64,3,12,0,1,91.99999988079071,12352.941175922751,7644.902410360704,101.39352532433196,330343.292900802,96.40547190899488,0
myopic,29,63,3,12,0,1,91.99999988079071,12352.941175922751,7572.41773581291,103.41242922022496,339857.236376735,96.40547190899488,0
myopic,29,62,3,12,0,1,91.99999988079071,12352.941175922751,7499.922170745429,116.00592715834294,350529.78166147356,96.40547190899488,0
myopic,29,61,3,12,0,1,91.99999988079071,12352.941175922751,7421.282774925718,144.05182062863676,363782.54914213583,96.52103063721071,0
myopic,29,60,3,12,0,1,91.99999988079071,12352.941175922751,7319.648957176725,137.80292342385445,376460.41808070306,121.59600514742525,0
myopic,29,59,3,12,0,1,91.99999988079071,12352.941175922751,7222.09686018056,116.95623354910856,387220.3915532788,121.8300795387339,0
myopic,29,58,3,12,0,1,91.99999988079071,12352.941175922751,7140.253958036261,121.01972909753943,398354.2066158257,121.8300795387339,0
myopic,29,57,3,12,0,1,91.99999988079071,12352.941175922751,7055.182958650195,132.00154747389928,410498.3489676886,121.8300795387339,0
myopic,29,56,3,12,0,1,91.99999988079071,12352.941175922751,6963.468601267327,142.2384540099442,423584.28671964735,121.8300795387339,0
myopic,29,55,3,12,0,1,91.99999988079071,12352.941175922751,6866.897329798459,138.23114179321166,436301.5517481444,125.63667379851404,0
myopic,29,54,3,12,0,1,91.99999988079071,12352.941175922751,6766.383819503908,145.9195982643615,449726.1547710707,125.63667379851404,0
myopic,29,53,3,12,0,1,91.99999988079071,12352.941175922751,6665.4075113535455,141.29216022209755,462725.03349466034,125.63667379851404,0
myopic,29,52,3,12,0,1,91.99999988079071,12352.941175922751,6566.083052850163,143.8881590476545,475962.74410989176,125.88796995465694,0
myopic,29,51,3,12,0,1,91.99999988079071,12352.941175922751,6466.558146046748,143.7093589878602,489184.0051196434,127.68291019733265,0
myopic,29,50,3,12,0,1,91.99999988079071,12352.941175922751,6364.855189199556,130.57095077279527,501196.5325751753,127.68291019733265,0
myopic,29,49,3,12,0,1,91.99999988079071,12352.941175922751,6271.214533253822,150.90349056850596,515079.6536894887,127.67758616935599,0
myopic,29,48,3,12,0,1,91.99999988079071,12352.941175922751,6162.018388062765,118.80985270805287,526010.1601244663,127.67758616935599,0
myopic,29,47,3,12,0,1,91.99999988079071,12352.941175922751,6076.978823868549,146.41799948856126,539480.6160599595,127.67758616935599,0
myopic,29,46,3,12,0,1,91.99999988079071,12352.941175922751,5972.920105993026,142.0947937246007,552553.3370656838,130.9268177108672,0
myopic,29,45,3,12,0,1,91.99999988079071,12352.941175922751,5870.695434112747,149.3489309324001,566293.4386936608,130.9268177108672,0
myopic,29,44,3,12,0,1,91.99999988079071,12352.941175922751,5765.106627283497,145.70562431300698,579698.356113088,131.3462768471955,0
myopic,29,43,3,12,0,1,91.99999988079071,12352.941175922751,5661.01404788437,137.94847046631185,592389.615379544,131.3462768471955,0
myopic,29,42,3,12,0,1,91.99999988079071,12352.941175922751,5561.272001050854,142.57172898662364,605506.2144293175,131.3462768471955,0
myopic,29,41,3,12,0,1,91.99999988079071,12352.941175922751,5461.7407415801235,142.86835253598736,618650.1028455971,134.2844581787016,0
myopic,29,40,3,12,0,1,91.99999988079071,12352.941175922751,5361.807711432845,154.50752366076688,632864.7950039689,134.2844581787016,0
myopic,29,39,3,12,0,1,91.99999988079071,12352.941175922751,5250.596178606869,156.3462852948665,647248.6532324586,134.2844581787016,0
myopic,29,38,3,12,0,1,91.99999988079071,12352.941175922751,5141.281107416426,161.279741166515,662086.3894005519,135.35708426229505,0
myopic,29,37,3,12,0,1,91.99999988079071,12352.941175922751,5023.248134777335,139.3215582940523,674903.9727469963,135.35708426229505,0
myopic,29,36,3,12,0,1,91.99999988079071,12352.941175922751,4918.693258284436,142.73606794552907,688035.6909809696,135.4899713904066,0
myopic,29,35,3,12,0,1,91.99999988079071,12352.941175922751,4816.559573888078,147.19373344345883,701577.5144402209,135.4899713904066,0
myopic,29,34,3,12,0,1,91.99999988079071,12352.941175922751,4708.244737862428,155.45877430256866,715879.721657525,135.4899713904066,0
myopic,29,33,3,12,0,1,91.99999988079071,12352.941175922751,4590.379144429426,144.10666757858493,729137.535057576,135.4899713904066,0
myopic,29,32,3,12,0,1,91.99999988079071,12352.941175922751,4487.7396837725155,163.27521329535955,744158.8546612852,137.78792601608814,0
myopic,29,31,3,12,0,1,91.99999988079071,12352.941175922751,4370.037209012966,150.09802607572402,757967.8730423587,146.71138133961333,0
myopic,29,30,3,12,0,1,91.99999988079071,12352.941175922751,4259.333167584109,174.1137598418197,773986.3389270501,146.79097170826236,0
myopic,29,29,3,12,0,1,91.99999988079071,12352.941175922751,4132.252588449641,157.47413504354208,788473.9593322836,149.1594284653892,0
myopic,29,28,3,12,0,1,91.99999988079071,12352.941175922751,4015.8383164970464,161.08917441767076,803294.1633595059,149.1594284653892,0
myopic,29,27,3,12,0,1,91.99999988079071,12352.941175922751,3894.0274066119628,164.0303211703156,818384.952887621,149.58016666485625,0
myopic,29,26,3,12,0,1,91.99999988079071,12352.941175922751,3774.1577345760998,188.28794952133725,835707.4442211384,149.58016666485625,0
myopic,29,25,3,12,0,1,91.99999988079071,12352.941175922751,3634.7215604931307,156.49309907675269,850104.8093175442,154.29524521730656,0
myopic,29,24,3,12,0,1,91.99999988079071,12352.941175922751,3516.3166671232702,171.17329061380096,865852.7520336085,154.97835501077762,0
myopic,29,23,3,12,0,1,91.99999988079071,12352.941175922751,3386.374721189418,173.4624092211474,881811.2936612758,155.87126491759878,0
myopic,29,22,3,12,0,1,91.99999988079071,12352.941175922751,3255.4616959555015,175.51622853948362,897958.7866659851,158.91581566331308,0
myopic,29,21,3,12,0,1,91.99999988079071,12352.941175922751,3120.9322908839576,156.37939785605155,912345.6912501,158.91581566331308,0
myopic,29,20,3,12,0,1,91.99999988079071,12352.941175922751,3001.9963369379966,174.21828014518138,928373.7730026883,158.91581566331308,0
myopic,29,19,3,12,0,1,91.99999988079071,12352.941175922751,2865.4302672208314,173.32789671802385,944319.9394800842,158.91581566331308,0
myopic,29,18,3,12,0,1,91.99999988079071,12352.941175922751,2730.733090062872,186.85641378882133,961510.7295263808,163.56364604434458,0
myopic,29,17,3,12,0,1,91.99999988079071,12352.941175922751,2588.8927600355673,184.1632192939299,978453.7456794684,163.56364604434458,0
myopic,29,16,3,12,0,1,91.99999988079071,12352.941175922751,2445.468617530265,193.1519742757825,996223.7272898149,163.59817539596523,0
myopic,29,15,3,12,0,1,91.99999988079071,12352.941175922751,2294.453302619624,183.40759270244982,1013097.2257965764,166.74534395337315,0
myopic,29,14,3,12,0,1,91.99999988079071,12352.941175922751,2151.1901525018848,179.40140530628693,1029602.1550633685,167.7158494426866,0
myopic,29,13,3,12,0,1,91.99999988079071,12352.941175922751,2013.2937110140629,181.7962188469146,1046327.4071756129,168.16714252718407,0
myopic,29,12,3,12,0,1,91.99999988079071,12352.941175922751,1872.542775467352,178.7499284097659,1062772.4005680026,169.09384479432455,0
myopic,29,11,3,12,0,1,91.99999988079071,12352.941175922751,1729.3730474083895,172.81166264191907,1078671.0735104585,169.09384479432455,0
myopic,29,10,3,12,0,1,91.99999988079071,12352.941175922751,1592.3921072029552,190.6349249482369,1096209.4865829707,170.63726322604822,0
myopic,29,9,3,12,0,1,91.99999988079071,12352.941175922751,1443.556751858474,198.38487020771584,1114460.8946184313,170.84305227950415,0
myopic,29,8,3,12,0,1,91.99999988079071,12352.941175922751,1287.4248267499715,189.03975638777985,1131852.5521835717,170.84305227950415,0
myopic,29,7,3,12,0,1,91.99999988079071,12352.941175922751,1139.2063065507155,176.16391709583237,1148059.632535388,170.84305227950415,0
myopic,29,6,3,12,0,1,91.99999988079071,12352.941175922751,998.5117240565778,172.7272279507175,1163950.5374862633,170.84305227950415,0
myopic,29,5,3,12,0,1,91.99999988079071,12352.941175922751,856.0276433377403,153.69188708829773,1178090.1910800652,155.39122305741984,0
myopic,29,4,3,12,0,1,91.99999988079071,12352.941175922751,729.1778015450727,151.29043447867394,1192008.911034068,149.0674834074808,0
myopic,29,3,3,12,0,1,91.99999988079071,12352.941175922751,603.3649416464286,154.17132951402988,1206192.6733309801,142.23678861945825,0
myopic,29,2,3,12,0,1,91.99999988079071,10000.0,474.3773193221059,0.0,1206192.6733309801,135.31638940994628,0
myopic,29,1,3,12,0,1,91.99999988079071,10000.0,474.3773193221059,0.0,1206192.6733309801,127.3584148712835,0
