policy,seed,days_prior,dow,month,weekend,peak_month,price,selling_limit,remain,accepted,cum_revenue,base_demand,is_soft
clamp_frozen,0,100,2,12,0,1,91.88748478889465,10393.463224172592,10000.0,75.85211613697494,6969.8601677417555,78.34826956228913,0
clamp_frozen,0,99,2,12,0,1,91.88748478889465,10843.625664710999,9950.192944234366,86.30609574012131,14900.310227251037,78.34826956228913,0
clamp_frozen,0,98,2,12,0,1,91.88748478889465,10803.690254688263,9895.326369694314,86.51135081396001,22849.620659235516,78.34826956228913,0
clamp_frozen,0,97,2,12,0,1,91.88748478889465,10896.61493897438,9839.053192138914,82.40354528779277,30421.475173418563,80.43164846582134,0
clamp_frozen,0,96,2,12,0,1,92.31807231903076,10930.019915103912,9784.663564664888,85.6785529558249,38331.15402138431,80.43164846582134,0
clamp_frozen,0,95,2,12,0,1,93.33111524581909,10987.699627876282,9727.054175520814,95.56725375834439,47250.55239563079,80.76388620962199,0
clamp_frozen,0,94,2,12,0,1,94.31168794631958,11024.56584572792,9663.333014856209,97.72959828906978,56467.595772588706,80.76388620962199,0
clamp_frozen,0,93,2,12,0,1,95.39372205734253,11113.429814577103,9598.730132322782,89.00896525737855,64958.49226496273,81.2516721329647,0
clamp_frozen,0,92,2,12,0,1,96.51087522506714,11040.802597999573,9538.14438366072,85.85396888216526,73244.33394332619,81.68189079408234,0
clamp_frozen,0,91,2,12,0,1,96.88335418701172,11015.448421239853,9481.329998672796,78.55227208792803,80854.74154221543,81.68189079408234,0
clamp_frozen,0,90,2,12,0,1,96.88335418701172,11031.751930713654,9429.002639729535,87.68763608575577,89350.2138469335,82.82831677780638,0
clamp_frozen,0,89,2,12,0,1,96.88335418701172,11094.477623701096,9371.116528434937,84.25267049902168,97512.89516409181,82.82831677780638,0
clamp_frozen,0,88,2,12,0,1,96.88335418701172,11190.755367279053,9314.538114155208,92.05233123157296,106431.23377454041,82.82831677780638,0
clamp_frozen,0,87,2,12,0,1,96.88335418701172,11308.102309703827,9252.226195013907,90.56854822640587,115205.81851056273,84.56293398444693,0
clamp_frozen,0,86,2,12,0,1,96.88335418701172,11481.497585773468,9191.796964862564,86.96393945041041,123631.17665783469,84.56293398444693,0
clamp_frozen,0,85,2,12,0,1,96.88335418701172,11677.666455507278,9132.189809982086,102.89178943949905,133599.6783370371,84.8282916403851,0
clamp_frozen,0,84,2,12,0,1,96.88335418701172,11772.554963827133,9064.139113971496,103.05573047564546,143584.06317371028,87.66566629607894,0
clamp_frozen,0,83,2,12,0,1,96.88335418701172,11823.690533638,8992.648912007346,97.19483148333639,153000.62445745728,87.66566629607894,0
clamp_frozen,0,82,2,12,0,1,96.88335418701172,11785.484254360199,8926.358620209348,88.80460936207186,161604.3128797221,87.66566629607894,0
clamp_frozen,0,81,2,12,0,1,96.88335418701172,11743.209511041641,8864.477519273623,106.998058409963,171970.64366997711,88.02391932314761,0
clamp_frozen,0,80,2,12,0,1,96.88335418701172,11698.265373706818,8789.40713306133,103.27603182800826,181976.37204059912,88.02391932314761,0
clamp_frozen,0,79,2,12,0,1,96.88335418701172,11666.769981384277,8718.564891094382,83.55210243437517,190071.1799738182,89.41124357506565,0
clamp_frozen,0,78,2,12,0,1,96.88335418701172,11732.884645462036,8661.535418970509,99.7595507536372,199736.21986302,89.85798532780689,0
clamp_frozen,0,77,2,12,0,1,96.88335418701172,11856.988668441772,8594.945473165566,97.66872775448257,209198.69380705236,91.10061121112462,0
clamp_frozen,0,76,2,12,0,1,96.88335418701172,12050.594687461853,8527.583787790825,100.07609306472946,218894.40137709488,91.10061121112462,0
clamp_frozen,0,75,2,12,0,1,96.88335418701172,12303.578853607178,8460.454884809844,89.21413069671424,227537.765599871,91.10061121112462,0
clamp_frozen,0,74,2,12,0,1,96.88335418701172,12629.883587360382,8399.684700811222,85.66676566700325,235837.44920004302,91.10061121112462,0
clamp_frozen,0,73,2,12,0,1,96.88335418701172,13143.922090530396,8339.058770055435,91.05789510164895,244659.44350269984,91.59938678561403,0
clamp_frozen,0,72,2,12,0,1,96.88335418701172,13468.939065933228,8276.004037015951,94.90796113723697,253854.44511672592,91.59938678561403,0
clamp_frozen,0,71,2,12,0,1,96.88335418701172,13624.169826507568,8208.811584143174,107.53942939768308,264273.2257441308,93.48039800843478,0
clamp_frozen,0,70,2,12,0,1,96.88335418701172,13680.751919746399,8133.736992686252,79.34846245585516,271960.7709364362,93.48039800843478,0
clamp_frozen,0,69,2,12,0,1,96.88335418701172,13726.357817649841,8078.809800691195,104.14144970697585,282050.34389394603,93.48039800843478,0
clamp_frozen,0,68,2,12,0,1,96.88335418701172,13774.313032627106,8005.44179738748,93.72870382310278,291131.0951039292,95.11469441166237,0
clamp_frozen,0,67,2,12,0,1,96.88335418701172,13799.054026603699,7938.446733583697,89.3310732699236,299785.7891154451,95.11469441166237,0
clamp_frozen,0,66,2,12,0,1,96.88335418701172,13810.393810272217,7877.109503871534,107.37492093494212,310188.6316111875,96.29318018780998,0
clamp_frozen,0,65,2,12,0,1,96.88335418701172,13794.872760772705,7802.3281812003515,115.91366169919199,321418.73595270375,96.29318018780998,0
clamp_frozen,0,64,2,12,0,1,96.88335418701172,13739.876449108124,7721.278760469062,94.82896830849214,330606.0844765243,96.29318018780998,0
clamp_frozen,0,63,2,12,0,1,96.88335418701172,13680.46760559082,7655.520561866336,91.16535208907638,339438.48957255395,96.29318018780998,0
clamp_frozen,0,62,2,12,0,1,96.88335418701172,13605.934381484985,7593.237660835677,105.05769355190901,349616.8313070141,96.29318018780998,0
clamp_frozen,0,61,2,12,0,1,96.88335418701172,13535.617291927338,7518.937600218835,136.3836444633232,362830.13623886975,96.40873891602581,0
clamp_frozen,0,60,2,12,0,1,96.88335418701172,13458.898067474365,7424.541810598246,139.7828622423115,376372.7687907659,121.48371342624034,0
clamp_frozen,0,59,2,12,0,1,96.88335418701172,13371.38682603836,7326.819339724297,138.8652688535188,389826.50181737595,121.717787817549,0
clamp_frozen,0,58,2,12,0,1,96.88335418701172,13294.1934466362,7229.824538895355,120.38613628402392,401489.9144981869,121.717787817549,0
clamp_frozen,0,57,2,12,0,1,96.88335418701172,13304.924070835114,7144.596079710222,134.5216273017179,414522.8209618724,121.717787817549,0
clamp_frozen,0,56,2,12,0,1,96.88335418701172,13316.7964220047,7049.341795795998,125.53473196229342,426685.04686134687,121.717787817549,0
clamp_frozen,0,55,2,12,0,1,96.88335418701172,13312.608003616333,6962.650870402806,119.0068008359407,438214.8248973985,125.52438207732914,0
clamp_frozen,0,54,2,12,0,1,96.88335418701172,13300.797939300537,6877.610084708561,138.13666682156656,451597.9685152855,125.52438207732914,0
clamp_frozen,0,53,2,12,0,1,96.88335418701172,13280.514478683472,6779.8288696444815,121.88473825894991,463406.5707820186,125.52438207732914,0
clamp_frozen,0,52,2,12,0,1,96.88335418701172,13249.237537384033,6691.903370919606,122.0985761256393,475235.89037852874,125.77567823347204,0
clamp_frozen,0,51,2,12,0,1,96.88335418701172,13238.474726676941,6605.991729956173,137.30987051167668,488538.93119668425,127.57061847614774,0
clamp_frozen,0,50,2,12,0,1,96.88335418701172,13224.859833717346,6511.9593956431245,135.42716131859564,501659.5688332553,127.57061847614774,0
clamp_frozen,0,49,2,12,0,1,96.88335418701172,13219.473361968994,6416.092236386596,133.2104421178877,514565.44327837107,127.56529444817109,0
clamp_frozen,0,48,2,12,0,1,96.88335418701172,13197.727501392365,6320.79037947578,133.95311969841688,527543.270818568,127.56529444817109,0
clamp_frozen,0,47,2,12,0,1,96.88335418701172,13174.603879451752,6223.559563911553,129.6399985189405,540103.2287118821,127.56529444817109,0
clamp_frozen,0,46,2,12,0,1,96.88335418701172,13113.994300365448,6128.221064444498,141.5157068377099,553813.7450604653,130.8145259896823,0
clamp_frozen,0,45,2,12,0,1,96.88335418701172,13063.32916021347,6024.869924124318,145.4610151780758,567906.496114365,130.8145259896823,0
clamp_frozen,0,44,2,12,0,1,96.88335418701172,12977.032661437988,5918.526664532859,142.8947327738163,581750.6171211491,131.2339851260106,0
clamp_frozen,0,43,2,12,0,1,96.88335418701172,12889.149785041809,5815.041268109674,124.7279125212697,593834.6756469539,131.2339851260106,0
clamp_frozen,0,42,2,12,0,1,96.88335418701172,12862.762808799744,5724.844752245668,133.0340547858157,606723.4610957024,131.2339851260106,0
clamp_frozen,0,41,2,12,0,1,96.88335418701172,12820.998132228851,5630.586285875812,141.25779423453324,620408.9900062027,134.1721664575167,0
clamp_frozen,0,40,2,12,0,1,96.88335418701172,12743.203043937683,5528.7579826282235,130.95173640313763,633096.0334655521,134.1721664575167,0
clamp_frozen,0,39,2,12,0,1,96.88335418701172,12740.052342414856,5434.933174134784,142.4502505756021,646897.0915460967,134.1721664575167,0
clamp_frozen,0,38,2,12,0,1,96.88335418701172,12720.695734024048,5330.222922886059,150.88257369606544,661515.1013741405,135.24479254111014,0
clamp_frozen,0,37,2,12,0,1,96.88335418701172,12688.364088535309,5219.734370435777,148.77548908508206,675928.9697775163,135.24479254111014,0
clamp_frozen,0,36,2,12,0,1,96.88335418701172,12648.247182369232,5108.164974489804,149.642096100577,690426.7979753154,135.3776796692217,0
clamp_frozen,0,35,2,12,0,1,96.88335418701172,12638.125717639923,5002.579279971979,150.27024076500683,704985.4829351191,135.3776796692217,0
clamp_frozen,0,34,2,12,0,1,96.88335418701172,12657.227516174316,4891.175507972355,143.83094183420624,718920.307015894,135.3776796692217,0
clamp_frozen,0,33,2,12,0,1,96.88335418701172,12697.79086112976,4784.247764838411,145.8867258471779,733054.3023473296,135.3776796692217,0
clamp_frozen,0,32,2,12,0,1,96.88335418701172,12728.966176509857,4675.624157799723,149.21055241628548,747510.3211455162,137.67563429490323,0
clamp_frozen,0,31,2,12,0,1,96.88335418701172,12740.739583969116,4568.347410025964,151.29310808985457,762168.1049226394,146.59908961842842,0
clamp_frozen,0,30,2,12,0,1,96.88335418701172,12773.133218288422,4457.167743719751,163.26276966056795,777985.5496612168,146.67867998707746,0
clamp_frozen,0,29,2,12,0,1,96.88335418701172,12792.684435844421,4335.86780278181,155.28926520912094,793030.4945439128,149.0471367442043,0
clamp_frozen,0,28,2,12,0,1,96.88335418701172,12855.057716369629,4221.242482371214,150.97295631991972,807657.2609437158,149.0471367442043,0
clamp_frozen,0,27,2,12,0,1,96.88335418701172,12987.146377563477,4107.9965643815885,143.17493458899636,821528.5288422038,149.46787494367135,0
clamp_frozen,0,26,2,12,0,1,96.88335418701172,13107.876479625702,3999.803110609324,159.1007793459139,836942.7459990035,149.46787494367135,0
clamp_frozen,0,25,2,12,0,1,96.88335418701172,13219.860792160034,3882.0467751958495,141.47215237911638,850649.0426455484,154.18295349612166,0
clamp_frozen,0,24,2,12,0,1,96.88335418701172,13285.931646823883,3774.219630299217,159.2036475046427,866073.2260146048,154.86606328959272,0
clamp_frozen,0,23,2,12,0,1,96.88335418701172,13359.292149543762,3654.4224209359527,162.85349895908888,881851.0192348524,155.75897319641388,0
clamp_frozen,0,22,2,12,0,1,96.88335418701172,13403.521180152893,3527.3919289666683,164.34432824543526,897773.2489968814,158.80352394212818,0
clamp_frozen,0,21,2,12,0,1,96.88335418701172,13490.90576171875,3401.809307575114,152.84615304050922,912581.4969780273,158.80352394212818,0
clamp_frozen,0,20,2,12,0,1,96.88335418701172,13585.52634716034,3282.1562624037642,172.08263986546675,929253.4403255492,158.80352394212818,0
clamp_frozen,0,19,2,12,0,1,96.88335418701172,13643.351793289185,3148.036548329703,169.9457759217956,945718.357126767,158.80352394212818,0
clamp_frozen,0,18,2,12,0,1,96.88335418701172,13813.090324401855,3015.4223192364716,172.53196875285744,962433.8329640325,163.45135432315968,0
clamp_frozen,0,17,2,12,0,1,96.88335418701172,13773.957192897797,2880.88450277857,168.38267114556632,978747.3109315835,163.45135432315968,0
clamp_frozen,0,16,2,12,0,1,96.88335418701172,13755.253851413727,2753.0861302721105,181.0959214691526,996292.4912331027,163.48588367478033,0
clamp_frozen,0,15,2,12,0,1,96.88335418701172,13719.990849494934,2616.1301616189585,171.9523954684133,1012951.8160665742,166.63305223218825,0
clamp_frozen,0,14,2,12,0,1,96.88335418701172,13695.726990699768,2482.0650273520105,165.99717904352576,1029034.1795578928,167.6035577215017,0
clamp_frozen,0,13,2,12,0,1,96.88335418701172,13685.158491134644,2350.7106364478077,173.81527466361186,1045873.9863762403,168.05485080599917,0
clamp_frozen,0,12,2,12,0,1,96.88335418701172,13587.725162506104,2214.4963012523986,179.57664612270955,1063271.9741862623,169.09384479432455,0
clamp_frozen,0,11,2,12,0,1,96.88335418701172,13553.564548492432,2073.2055128080783,188.13089396843358,1081498.7262201253,169.09384479432455,0
clamp_frozen,0,10,2,12,0,1,96.88335418701172,13475.529849529266,1922.8866561590294,173.43787578760927,1098301.9693694992,170.63726322604822,0
clamp_frozen,0,9,2,12,0,1,96.88335418701172,13462.548851966858,1787.9130552191764,166.77051410707563,1114459.256155685,170.84305227950415,0
clamp_frozen,0,8,2,12,0,1,96.88335418701172,13379.722833633423,1652.2018569305274,176.82770717739405,1131590.9175402296,170.84305227950415,0
clamp_frozen,0,7,2,12,0,1,96.88335418701172,13396.961688995361,1509.7524333877736,190.37855259622637,1150035.4302810205,170.84305227950415,0
clamp_frozen,0,6,2,12,0,1,96.88335418701172,13391.723036766052,1357.3221846618726,156.51755351529337,1165199.375854727,170.84305227950415,0
clamp_frozen,0,5,2,12,0,1,96.88335418701172,13081.827163696289,1229.8142607513182,159.3332682359067,1180636.1173150006,155.39122305741984,0
clamp_frozen,0,4,2,12,0,1,96.88335418701172,12781.495749950409,1099.2418946836897,142.64906613099083,1194456.4373134158,149.0674834074808,0
clamp_frozen,0,3,2,12,0,1,96.88335418701172,12319.872081279755,982.4610591715118,146.21198374388754,1208621.9447208606,142.23678861945825,0
clamp_frozen,0,2,2,12,0,1,96.88335418701172,12071.966528892517,858.5016787143741,128.31057373756312,1221053.1034822157,135.31638940994628,0
clamp_frozen,0,1,2,12,0,1,96.88335418701172,11630.84626197815,748.6478115392238,110.52061918267177,1231760.7117754582,127.3584148712835,0
clamp_frozen,1,100,2,6,0,0,98.71341705322266,11034.304201602936,10000.0,56.98029672598972,5624.719794529001,53.51064944791461,1
clamp_frozen,1,99,2,6,0,0,98.71341705322266,11303.784102201462,9964.108315250802,61.57964704990756,11703.457175756777,53.51064944791461,1
clamp_frozen,1,98,2,6,0,0,98.71341705322266,11498.903036117554,9923.991818599594,52.094511540835924,16845.884419671234,53.51064944791461,1
clamp_frozen,1,97,2,6,0,0,98.71341705322266,11653.04958820343,9889.932916515407,59.63135751394207,22732.29948339482,55.53276728716988,1
clamp_frozen,1,96,2,6,0,0,98.71341705322266,11795.966476202011,9851.094862238173,57.27952343576588,28386.55696891942,55.852472283942966,1
clamp_frozen,1,95,2,6,0,0,98.71341705322266,11849.24304485321,9813.576389812786,51.16051280922618,33436.786006513306,56.18471002774361,1
clamp_frozen,1,94,2,6,0,0,98.71341705322266,11877.508461475372,9780.445231241985,53.195191003799685,38687.86508129722,56.18471002774361,1
clamp_frozen,1,93,2,6,0,0,98.71341705322266,12070.505023002625,9745.483561825971,58.05349689293966,44418.52413148794,56.18471002774361,1
clamp_frozen,1,92,2,6,0,0,98.71341705322266,12277.767211198807,9707.882361846167,51.48045233423165,49500.335492845494,56.85789131285237,1
clamp_frozen,1,91,2,6,0,0,98.71341705322266,12507.612705230713,9674.47439634579,58.818235872544655,55306.48454086682,56.85789131285237,1
clamp_frozen,1,90,2,6,0,0,98.71341705322266,12593.488693237305,9636.268361263126,69.10560894358356,62128.135337231695,57.85980122566746,1
clamp_frozen,1,89,2,6,0,0,98.71341705322266,12689.89473581314,9590.300353673152,37.06379859667015,65786.82954568145,57.85980122566746,1
clamp_frozen,1,88,2,6,0,0,98.71341705322266,12732.234001159668,9566.897660461103,58.56940043627015,71568.41519750419,57.85980122566746,1
clamp_frozen,1,87,2,6,0,0,98.71341705322266,12902.791202068329,9528.806505239541,61.67672115270033,77656.73509512602,59.05581472314141,1
clamp_frozen,1,86,2,6,0,0,98.71341705322266,13056.610822677612,9488.17653970457,77.17974172467711,85275.41112805408,59.05581472314141,1
clamp_frozen,1,85,2,6,0,0,98.71341705322266,13231.145739555359,9438.495103945987,57.216191627252755,90923.41691435219,59.321172379079584,1
clamp_frozen,1,84,2,6,0,0,98.71341705322266,13369.507193565369,9399.539558577404,65.41065565388351,97380.32624563873,59.321172379079584,1
clamp_frozen,1,83,2,6,0,0,98.71341705322266,13440.496325492859,9355.941910580386,56.12498071076903,102920.61487364495,59.321172379079584,1
clamp_frozen,1,82,2,6,0,0,98.71341705322266,13509.495556354523,9320.041792091619,61.94053373194244,109034.9766124254,59.321172379079584,1
clamp_frozen,1,81,2,6,0,0,98.71341705322266,13598.939776420593,9279.041776467575,50.78199934420392,114047.84129248628,59.67942540614826,1
clamp_frozen,1,80,2,6,0,0,98.71341705322266,13651.101887226105,9245.860889851943,60.49696790064071,120019.70371531765,59.67942540614826,1
clamp_frozen,1,79,2,6,0,0,98.71341705322266,13676.467537879944,9206.47010866549,60.74079659223032,126015.63530147144,60.144742931333404,1
clamp_frozen,1,78,2,6,0,0,98.71341705322266,13699.860572814941,9166.106710408892,62.9234157681391,132227.0206846051,60.59148468407464,1
clamp_frozen,1,77,2,6,0,0,98.71341705322266,13724.926710128784,9124.683843900506,67.3887104459818,138879.19056353814,61.68635059106254,1
clamp_frozen,1,76,2,6,0,0,98.71341705322266,13770.455121994019,9079.160360190352,65.20551230822772,145315.84949418926,61.68635059106254,1
clamp_frozen,1,75,2,6,0,0,98.71341705322266,13825.660347938538,9036.358894986271,68.49194414197873,152076.92334106244,61.68635059106254,1
clamp_frozen,1,74,2,6,0,0,98.71341705322266,13809.464573860168,8991.07110347537,69.7989683547251,158967.01801414712,61.68635059106254,1
clamp_frozen,1,73,2,6,0,0,98.71341705322266,13788.866698741913,8945.338092591945,70.08142103345148,165884.9945563047,61.811377832783585,1
clamp_frozen,1,72,2,6,0,0,98.71341705322266,13764.877915382385,8898.4608310867,54.68574443211038,171283.21125329757,61.811377832783585,1
clamp_frozen,1,71,2,6,0,0,98.71341705322266,13743.130266666412,8862.018339002843,65.10855378495805,177710.2990768043,63.69238905560433,1
clamp_frozen,1,70,2,6,0,0,98.71341705322266,13711.791038513184,8818.115035365638,56.818230555257884,183319.02076583164,63.69238905560433,1
clamp_frozen,1,69,2,6,0,0,98.71341705322266,13640.28811454773,8780.687164972442,67.10461841557976,189943.14694968614,63.69238905560433,1
clamp_frozen,1,68,2,6,0,0,98.71341705322266,13571.622371673584,8735.888927470553,67.39198704664493,196595.64027306697,64.51194257070377,1
clamp_frozen,1,67,2,6,0,0,98.71341705322266,13503.282070159912,8689.863821434146,53.85222593839859,201911.5775113685,64.51194257070377,1
clamp_frozen,1,66,2,6,0,0,98.71341705322266,13426.255881786346,8653.341721435869,76.83970060949204,209496.68692387803,66.02319309723785,1
clamp_frozen,1,65,2,6,0,0,98.71341705322266,13346.874117851257,8601.648663709506,60.556008203305616,215474.37741672932,66.02319309723785,1
clamp_frozen,1,64,2,6,0,0,98.71341705322266,13282.858729362488,8560.106499898806,69.0700969988713,222292.52270768545,66.02319309723785,1
clamp_frozen,1,63,2,6,0,0,98.71341705322266,13265.658617019653,8512.537719376833,64.28079918879594,228637.90004652351,66.02319309723785,1
clamp_frozen,1,62,2,6,0,0,98.71341705322266,13261.77567243576,8470.023988565212,66.2077482117537,235173.49310790512,66.02319309723785,1
clamp_frozen,1,61,2,6,0,0,98.71341705322266,13274.859189987183,8425.31495670502,92.69435761516145,244323.66988965112,66.0678136608015,1
clamp_frozen,1,60,2,6,0,0,98.71341705322266,13361.443281173706,8361.915187673998,73.44497317930005,251573.6741575621,85.17672399217258,1
clamp_frozen,1,59,2,6,0,0,98.71341705322266,13478.5795211792,8312.830201113313,93.56207933147891,260809.5067149771,85.17672399217258,1
clamp_frozen,1,58,2,6,0,0,98.71341705322266,13584.587275981903,8248.103385004863,81.36982011151295,268841.79970319057,85.17672399217258,1
clamp_frozen,1,57,2,6,0,0,98.71341705322266,13599.90805387497,8192.356777852341,90.05635546899035,277731.5702788943,85.17672399217258,1
clamp_frozen,1,56,2,6,0,0,98.71341705322266,13543.102741241455,8130.063903241628,96.03819221762771,287211.82840031054,85.17672399217258,1
clamp_frozen,1,55,2,6,0,0,98.71341705322266,13521.579504013062,8063.754427099748,88.26962793696494,295925.2249959849,87.67464619283565,1
clamp_frozen,1,54,2,6,0,0,98.71341705322266,13446.311056613922,8003.237041360742,97.47419705297892,305547.23606160365,87.67464619283565,1
clamp_frozen,1,53,2,6,0,0,98.71341705322266,13344.62583065033,7938.730032030851,88.25489531276556,314259.17834960116,87.67464619283565,1
clamp_frozen,1,52,2,6,0,0,98.71341705322266,13229.561448097229,7877.703654046936,79.3158823139064,322088.72011939815,88.00542260216963,1
clamp_frozen,1,51,2,6,0,0,98.71341705322266,13158.94901752472,7822.484263302803,85.50842590132075,330529.5490269598,89.3393639748758,1
clamp_frozen,1,50,2,6,0,0,98.71341705322266,13090.697526931763,7762.334088892509,90.2554503123074,339438.97293496504,89.3393639748758,1
clamp_frozen,1,49,2,6,0,0,98.71341705322266,12993.049919605255,7698.925342206388,101.0109358259518,349410.1075700885,89.87264365606573,1
clamp_frozen,1,48,2,6,0,0,98.71341705322266,12878.283262252808,7628.157805860383,84.25441783719926,357727.14905662846,89.87264365606573,1
clamp_frozen,1,47,2,6,0,0,98.71341705322266,12807.673811912537,7570.947738289402,107.73685499440148,368362.2221556934,89.87264365606573,1
clamp_frozen,1,46,2,6,0,0,98.71341705322266,12745.997607707977,7495.799619861033,88.24104580423688,377072.7973113796,92.28499445299059,1
clamp_frozen,1,45,2,6,0,0,98.71341705322266,12691.818177700043,7433.8681344002325,92.75832596225081,386229.28862725,92.32417290804567,1
clamp_frozen,1,44,2,6,0,0,98.71341705322266,12628.456056118011,7367.897407967335,94.5610420656088,395563.73220965976,92.85601305134094,1
clamp_frozen,1,43,2,6,0,0,98.71341705322266,12575.257122516632,7301.41130299036,88.5729788378483,404307.07360932656,92.85601305134094,1
clamp_frozen,1,42,2,6,0,0,98.71341705322266,12547.064125537872,7238.548041507069,86.80549921664102,412875.94105601206,92.85601305134094,1
clamp_frozen,1,41,2,6,0,0,98.71341705322266,12557.901442050934,7176.624005782003,107.26793309940194,423464.7252724905,93.6308664821853,1
clamp_frozen,1,40,2,6,0,0,98.71341705322266,12573.297321796417,7102.740342382847,75.34659914467034,430902.4455374004,93.6308664821853,1
clamp_frozen,1,39,2,6,0,0,98.71341705322266,12562.99614906311,7048.810693427438,116.89804614319186,442441.85111904016,93.6308664821853,1
clamp_frozen,1,38,2,6,0,0,98.71341705322266,12597.815692424774,6967.173083835456,86.50929754891094,450981.47948696715,95.04742683727991,1
clamp_frozen,1,37,2,6,0,0,98.71341705322266,12575.240135192871,6905.017675481777,89.78909089886038,459844.86746369605,95.04742683727991,1
clamp_frozen,1,36,2,6,0,0,98.71341705322266,12584.861814975739,6841.492749895782,93.72992388585662,469097.26853060746,95.04742683727991,1
clamp_frozen,1,35,2,6,0,0,98.71341705322266,12622.53612279892,6773.913201485032,93.2724447281819,478304.5102666341,95.04742683727991,1
clamp_frozen,1,34,2,6,0,0,98.71341705322266,12667.488753795624,6706.776343082773,95.10259754817824,487692.4126412522,95.04742683727991,1
clamp_frozen,1,33,2,6,0,0,98.71341705322266,12735.3236079216,6639.406310207829,95.94602309980944,497163.57243410184,95.04742683727991,1
clamp_frozen,1,32,2,6,0,0,98.71341705322266,12675.957977771759,6571.3959029883845,103.32115223611677,507362.75642520515,97.00694341239463,1
clamp_frozen,1,31,2,6,0,0,98.71341705322266,12689.34041261673,6498.193509737093,94.52587739479684,516693.7287827995,101.69890345053383,1
clamp_frozen,1,30,2,6,0,0,98.71341705322266,12705.478072166443,6428.316701795749,106.29363430620342,527186.3366361705,101.69890345053383,1
clamp_frozen,1,29,2,6,0,0,98.71341705322266,12725.222408771515,6351.281302413292,110.8113994279871,538124.9085221566,105.09652333242514,1
clamp_frozen,1,28,2,6,0,0,98.71341705322266,12731.748223304749,6271.230605463952,105.31805910339784,548521.2140136663,105.09652333242514,1
clamp_frozen,1,27,2,6,0,0,98.71341705322266,12738.292217254639,6193.9463123726455,109.40566878117832,559321.0214240495,105.51726153189219,1
clamp_frozen,1,26,2,6,0,0,98.71341705322266,12777.891755104065,6115.4403021041935,117.21329217274526,570891.5460184789,105.51726153189219,1
clamp_frozen,1,25,2,6,0,0,98.71341705322266,12829.010486602783,6030.3006949721685,103.5706066634024,581115.3545084987,108.86577323146005,1
clamp_frozen,1,24,2,6,0,0,98.71341705322266,12938.27623128891,5955.230365032974,109.80157104980397,591954.242784637,110.31606898852215,1
clamp_frozen,1,23,2,6,0,0,98.71341705322266,13082.371950149536,5872.421957210002,105.29093860306902,602347.8711188871,111.20897889534331,1
clamp_frozen,1,22,2,6,0,0,98.71341705322266,13239.339590072632,5794.381645805344,97.59263097771064,611981.5732019111,112.95137016244168,1
clamp_frozen,1,21,2,6,0,0,98.71341705322266,13393.139243125916,5722.000031394198,121.89175718224332,624013.925063992,112.95137016244168,1
clamp_frozen,1,20,2,6,0,0,98.71341705322266,13549.25125837326,5631.627741023997,109.66038645136852,634838.8765259836,112.95137016244168,1
clamp_frozen,1,19,2,6,0,0,98.71341705322266,13689.669668674469,5549.504948752779,124.81806525052424,647160.094256835,112.95137016244168,1
clamp_frozen,1,18,2,6,0,0,98.71341705322266,13838.095366954803,5455.165053544692,134.99664207275737,660486.0740865477,117.40424760711261,1
clamp_frozen,1,17,2,6,0,0,98.71341705322266,13951.599597930908,5353.421567814131,114.51263289341573,671790.0073752181,117.40424760711261,1
clamp_frozen,1,16,2,6,0,0,98.71341705322266,14061.120748519897,5267.215444918863,119.03173763476997,683540.036934929,117.43877695873326,1
clamp_frozen,1,15,2,6,0,0,98.71341705322266,14133.634567260742,5176.981129432245,119.71747084354126,695357.7575628645,117.79311858824813,1
clamp_frozen,1,14,2,6,0,0,98.71341705322266,14185.35590171814,5085.799255245945,106.59089286445584,705879.7088242689,118.13382576143007,1
clamp_frozen,1,13,2,6,0,0,98.71341705322266,14200.928509235382,5003.605822004448,115.88543547043516,717319.1561462563,118.13382576143007,1
clamp_frozen,1,12,2,6,0,0,98.71341705322266,14206.994473934174,4916.274350435402,125.5853588989349,729716.1160550255,118.65148982084473,1
clamp_frozen,1,11,2,6,0,0,98.71341705322266,14184.653759002686,4818.077294313402,125.51509024062399,742106.139504421,118.65148982084473,1
clamp_frozen,1,10,2,6,0,0,98.71341705322266,14142.19856262207,4720.842020105074,114.32206883135048,753391.2615633573,119.72247037978816,1
clamp_frozen,1,9,2,6,0,0,98.71341705322266,14048.801064491272,4629.247259580396,128.82190023961817,766107.7115272994,119.9282594332441,1
clamp_frozen,1,8,2,6,0,0,98.71341705322266,13977.325558662415,4530.097367684691,115.54272794440814,777513.3290183428,119.9282594332441,1
clamp_frozen,1,7,2,6,0,0,98.71341705322266,13898.095190525055,4439.238831622462,109.34198221835821,788306.8497104896,119.9282594332441,1
clamp_frozen,1,6,2,6,0,0,98.71341705322266,13747.712075710297,4352.643019146719,109.68602209841795,799134.3317547997,119.9282594332441,1
clamp_frozen,1,5,2,6,0,0,98.71341705322266,13512.760400772095,4264.24765157513,114.63446001608531,810450.2910150385,111.6350613497792,1
clamp_frozen,1,4,2,6,0,0,98.71341705322266,13246.347308158875,4175.311682262301,102.55114013845731,820573.4644808095,105.31132169984018,1
clamp_frozen,1,3,2,6,0,0,98.71341705322266,12956.664562225342,4093.7327991728935,107.84037116784133,831218.756015075,100.66337802387262,1
clamp_frozen,1,2,2,6,0,0,98.71341705322266,12929.703295230865,4005.3399524233655,96.2710863085182,840722.0039080146,97.45860423514522,1
clamp_frozen,1,1,2,6,0,0,98.71341705322266,12897.718846797943,3926.0007800654193,99.70589949185035,850564.3139472203,90.48681714092218,1
clamp_frozen,2,100,2,6,0,0,98.71341705322266,11034.304201602936,10000.0,68.73445917828984,6785.013334794233,53.51064944791461,1
clamp_frozen,2,99,2,6,0,0,98.71341705322266,11314.845979213715,9953.04173823555,51.73341742158002,11891.795744319115,53.51064944791461,1
clamp_frozen,2,98,2,6,0,0,98.71341705322266,11518.985033035278,9917.878398452905,58.6398227820994,17680.33302653556,53.51064944791461,1
clamp_frozen,2,97,2,6,0,0,98.71341705322266,11655.60930967331,9878.910758975746,64.53531795346174,24050.83478233796,55.53276728716988,1
clamp_frozen,2,96,2,6,0,0,98.71341705322266,11799.014508724213,9835.778476796366,54.42155427277581,29422.97236595107,55.852472283942966,1
clamp_frozen,2,95,2,6,0,0,98.71341705322266,11852.176785469055,9799.685710183927,60.69181007516635,35414.06832561595,56.18471002774361,1
clamp_frozen,2,94,2,6,0,0,98.71341705322266,11879.156231880188,9758.863862447783,61.41445521695696,41476.499056543886,56.18471002774361,1
clamp_frozen,2,93,2,6,0,0,98.71341705322266,12104.941606521606,9717.888331201979,58.75034280998135,47275.94614836537,56.18471002774361,1
clamp_frozen,2,92,2,6,0,0,98.71341705322266,12318.294495344162,9678.85037519123,64.46743981204753,53639.74742088555,56.85789131285237,1
clamp_frozen,2,91,2,6,0,0,98.71341705322266,12546.587884426117,9635.099543317025,61.397666493480514,59700.520879551164,56.85789131285237,1
clamp_frozen,2,90,2,6,0,0,98.71341705322266,12615.79155921936,9593.214937027764,50.66703842717123,64702.03737466418,57.85980122566746,1
clamp_frozen,2,89,2,6,0,0,98.71341705322266,12710.062265396118,9558.382746745116,75.20672097513685,72125.9497874882,57.85980122566746,1
clamp_frozen,2,88,2,6,0,0,98.71341705322266,12761.99221611023,9508.87111612551,46.132285435475595,76679.82531929862,57.85980122566746,1
clamp_frozen,2,87,2,6,0,0,98.71341705322266,12950.039505958557,9478.379607763427,66.69924832034344,83263.93603588114,59.05581472314141,1
clamp_frozen,2,86,2,6,0,0,98.71341705322266,13147.769272327423,9432.867756874335,68.86377121018312,90061.71420320965,59.05581472314141,1
clamp_frozen,2,85,2,6,0,0,98.71341705322266,13326.125144958496,9385.32855092619,61.92160618327098,96174.20753898428,59.321172379079584,1
clamp_frozen,2,84,2,6,0,0,98.71341705322266,13433.243036270142,9342.848286418104,58.87894770248365,101986.34965919443,59.321172379079584,1
clamp_frozen,2,83,2,6,0,0,98.71341705322266,13503.438234329224,9301.993065591247,51.1993039900227,107040.40790679626,59.321172379079584,1
clamp_frozen,2,82,2,6,0,0,98.71341705322266,13569.82409954071,9267.215900035593,62.54432660295039,113214.37210306627,59.321172379079584,1
clamp_frozen,2,81,2,6,0,0,98.71341705322266,13662.041425704956,9223.03275203136,54.48510285239732,118592.7827841227,59.67942540614826,1
clamp_frozen,2,80,2,6,0,0,98.71341705322266,13713.708221912384,9186.373590479721,56.567019750426226,124176.7065962044,59.67942540614826,1
clamp_frozen,2,79,2,6,0,0,98.71341705322266,13734.3630194664,9146.843207905136,59.64691227991345,130064.65712402848,60.144742931333404,1
clamp_frozen,2,78,2,6,0,0,98.71341705322266,13754.923045635223,9104.85863960956,47.65848973084702,134769.1894969563,60.59148468407464,1
clamp_frozen,2,77,2,6,0,0,98.71341705322266,13774.101436138153,9071.373701316954,70.91765579113152,141769.71362950315,61.68635059106254,1
clamp_frozen,2,76,2,6,0,0,98.71341705322266,13811.652958393097,9023.697812608112,63.867380963982875,148074.28104269784,61.68635059106254,1
clamp_frozen,2,75,2,6,0,0,98.71341705322266,13839.654326438904,8978.63476711041,63.342078210171394,154326.99402607634,61.68635059106254,1
clamp_frozen,2,74,2,6,0,0,98.71341705322266,13814.545273780823,8934.037543276829,81.76477871495837,162398.2747276305,61.68635059106254,1
clamp_frozen,2,73,2,6,0,0,98.71341705322266,13793.623447418213,8877.089530921028,60.52262489687772,168372.66984023174,61.811377832783585,1
clamp_frozen,2,72,2,6,0,0,98.71341705322266,13774.436712265015,8835.65659330944,69.86025236714158,175268.8140675928,61.811377832783585,1
clamp_frozen,2,71,2,6,0,0,98.71341705322266,13753.896057605743,8787.258077490771,63.24576458843316,181512.01960426074,63.69238905560433,1
clamp_frozen,2,70,2,6,0,0,98.71341705322266,13718.476593494415,8743.305359448317,69.87469277546965,188409.58929367148,63.69238905560433,1
clamp_frozen,2,69,2,6,0,0,98.71341705322266,13651.614487171173,8695.517022225535,53.26893022743867,193667.94741919165,63.69238905560433,1
clamp_frozen,2,68,2,6,0,0,98.71341705322266,13584.394454956055,8659.998887661619,75.09730934792375,201081.05943642813,64.51194257070377,1
clamp_frozen,2,67,2,6,0,0,98.71341705322266,13512.893319129944,8607.40749684758,79.12348017418495,208891.60853356484,64.51194257070377,1
clamp_frozen,2,66,2,6,0,0,98.71341705322266,13423.710465431213,8551.99098746911,61.10528122761276,214923.51964354064,66.02319309723785,1
clamp_frozen,2,65,2,6,0,0,98.71341705322266,13341.045379638672,8508.768500984808,66.4298175657086,221481.03392967393,66.02319309723785,1
clamp_frozen,2,64,2,6,0,0,98.71341705322266,13319.987654685974,8463.139796385667,59.9619922176,227400.08707479195,66.02319309723785,1
clamp_frozen,2,63,2,6,0,0,98.71341705322266,13315.954506397247,8419.703712533392,69.87732963179438,234297.9170573008,66.02319309723785,1
clamp_frozen,2,62,2,6,0,0,98.71341705322266,13314.073085784912,8370.094251422532,64.87542058287562,240701.99150580142,66.02319309723785,1
clamp_frozen,2,61,2,6,0,0,98.71341705322266,13359.385132789612,8324.84400478122,93.62501356334833,249944.03651629385,66.0678136608015,1
clamp_frozen,2,60,2,6,0,0,98.71341705322266,13443.44675540924,8258.750663564275,80.41890214479743,257882.46114267554,85.17672399217258,1
clamp_frozen,2,59,2,6,0,0,98.71341705322266,13552.663326263428,8201.915289582339,79.24691890500205,265705.19529872795,85.17672399217258,1
clamp_frozen,2,58,2,6,0,0,98.71341705322266,13654.714226722717,8145.501912328542,95.52558807933319,275134.85251405754,85.17672399217258,1
clamp_frozen,2,57,2,6,0,0,98.71341705322266,13606.182336807251,8078.601814268953,97.92011908014713,284800.8820667173,85.17672399217258,1
clamp_frozen,2,56,2,6,0,0,98.71341705322266,13561.924397945404,8009.69680769017,90.25555195050444,293710.31600777624,85.17672399217258,1
clamp_frozen,2,55,2,6,0,0,98.71341705322266,13485.337793827057,7946.267693923079,87.25037331787824,302323.0984971533,87.67464619283565,1
clamp_frozen,2,54,2,6,0,0,98.71341705322266,13380.71882724762,7883.883015937291,85.5507750793255,310768.1078367852,87.67464619283565,1
clamp_frozen,2,53,2,6,0,0,98.71341705322266,13274.424374103546,7823.401185724046,83.94104838818696,319054.21555421303,87.67464619283565,1
clamp_frozen,2,52,2,6,0,0,98.71341705322266,13174.77971315384,7764.076124609675,78.15803405747248,326769.4621661883,88.00542260216963,1
clamp_frozen,2,51,2,6,0,0,98.71341705322266,13095.343112945557,7708.190675571057,93.92793967774901,336041.41004854784,89.3393639748758,1
clamp_frozen,2,50,2,6,0,0,98.71341705322266,13020.657896995544,7639.594962327212,96.43700881295085,345561.036718866,89.3393639748758,1
clamp_frozen,2,49,2,6,0,0,98.71341705322266,12909.912168979645,7567.397388473695,93.80964006520475,354821.3068422352,89.87264365606573,1
clamp_frozen,2,48,2,6,0,0,98.71341705322266,12810.234725475311,7500.171256037966,106.23326408071057,365307.9553443595,89.87264365606573,1
clamp_frozen,2,47,2,6,0,0,98.71341705322266,12745.58961391449,7424.690531515516,101.45760293044825,375323.1820156531,89.87264365606573,1
clamp_frozen,2,46,2,6,0,0,98.71341705322266,12672.2651720047,7352.34187772127,96.58245864612346,384857.16653601354,92.28499445299059,1
clamp_frozen,2,45,2,6,0,0,98.71341705322266,12616.106569766998,7284.6208471660275,101.48380626731687,394874.97982822766,92.32417290804567,1
clamp_frozen,2,44,2,6,0,0,98.71341705322266,12539.215087890625,7210.955169081202,86.54816483231834,403418.4449185114,92.85601305134094,1
clamp_frozen,2,43,2,6,0,0,98.71341705322266,12471.104264259338,7146.174952645953,100.41245407624098,413330.50137507694,92.85601305134094,1
clamp_frozen,2,42,2,6,0,0,98.71341705322266,12446.07925415039,7072.745655144255,89.11288588515987,422127.138844275,92.85601305134094,1
clamp_frozen,2,41,2,6,0,0,98.71341705322266,12453.25118303299,7007.541728566594,93.76500289183932,431383.00267973373,93.6308664821853,1
clamp_frozen,2,40,2,6,0,0,98.71341705322266,12462.870478630066,6937.9444499148285,101.46103444475924,441398.5680875307,93.6308664821853,1
clamp_frozen,2,39,2,6,0,0,98.71341705322266,12433.978021144867,6864.170213418148,92.11989913327044,450492.038109574,93.6308664821853,1
clamp_frozen,2,38,2,6,0,0,98.71341705322266,12437.615692615509,6796.886570709055,85.72032564926363,458953.7843653278,95.04742683727991,1
clamp_frozen,2,37,2,6,0,0,98.71341705322266,12426.000833511353,6734.201900358177,95.7755990976757,468408.1210225789,95.04742683727991,1
clamp_frozen,2,36,2,6,0,0,98.71341705322266,12423.151582479477,6662.54634575411,107.07789953426108,478978.1463764875,95.04742683727991,1
clamp_frozen,2,35,2,6,0,0,98.71341705322266,12478.245347738266,6584.176556941633,100.92267587437726,488940.5685702021,95.04742683727991,1
clamp_frozen,2,34,2,6,0,0,98.71341705322266,12540.533244609833,6509.684385366074,113.11636582984997,500106.671565909,95.04742683727991,1
clamp_frozen,2,33,2,6,0,0,98.71341705322266,12583.813071250916,6425.455796825883,102.52164892502412,510226.933853229,95.04742683727991,1
clamp_frozen,2,32,2,6,0,0,98.71341705322266,12513.01497220993,6350.045869301743,96.78351663476322,519780.76549467386,97.00694341239463,1
clamp_frozen,2,31,2,6,0,0,98.71341705322266,12540.98653793335,6277.348840579954,100.19659674518977,529671.5139364954,101.69890345053383,1
clamp_frozen,2,30,2,6,0,0,98.71341705322266,12555.949091911316,6201.728838268611,94.22451511436022,538972.737793617,101.69890345053383,1
clamp_frozen,2,29,2,6,0,0,98.71341705322266,12568.922340869904,6130.110473233966,99.52326520640828,548797.0193784356,105.09652333242514,1
clamp_frozen,2,28,2,6,0,0,98.71341705322266,12598.187923431396,6053.141875323255,104.83860410667933,559145.9962288958,105.09652333242514,1
clamp_frozen,2,27,2,6,0,0,98.71341705322266,12625.897824764252,5972.5529471424015,95.98647546031896,568621.1492124792,105.51726153189219,1
clamp_frozen,2,26,2,6,0,0,98.71341705322266,12675.01324415207,5899.282946906222,103.44231419303127,578832.2935143664,105.51726153189219,1
clamp_frozen,2,25,2,6,0,0,98.71341705322266,12746.87111377716,5821.205111599443,112.21600932344589,589909.51924276,108.86577323146005,1
clamp_frozen,2,24,2,6,0,0,98.71341705322266,12837.815582752228,5736.036793553463,115.03997880581841,601265.5086484127,110.31606898852215,1
clamp_frozen,2,23,2,6,0,0,98.71341705322266,12969.475984573364,5647.090206053124,119.91748295515413,613102.9731553375,111.20897889534331,1
clamp_frozen,2,22,2,6,0,0,98.71341705322266,13099.691271781921,5555.2193357419355,103.78778176256047,623348.219741494,112.95137016244168,1
clamp_frozen,2,21,2,6,0,0,98.71341705322266,13252.779841423035,5476.335799657872,113.12917617461315,634515.5872901061,112.95137016244168,1
clamp_frozen,2,20,2,6,0,0,98.71341705322266,13412.911593914032,5391.952724222023,120.7118705562015,646431.468511595,112.95137016244168,1
clamp_frozen,2,19,2,6,0,0,98.71341705322266,13561.228513717651,5298.807083427898,117.20629685246395,658001.3025740561,112.95137016244168,1
clamp_frozen,2,18,2,6,0,0,98.71341705322266,13695.459067821503,5206.55665459457,124.56013529131441,670297.0591572735,117.40424760711261,1
clamp_frozen,2,17,2,6,0,0,98.71341705322266,13805.14144897461,5109.149060836234,111.24124499357148,681278.0625678436,117.40424760711261,1
clamp_frozen,2,16,2,6,0,0,98.71341705322266,13912.661373615265,5021.743515385943,122.38114630818227,693358.7237028147,117.43877695873326,1
clamp_frozen,2,15,2,6,0,0,98.71341705322266,13978.35373878479,4926.861367534299,128.30418811094012,706024.068533485,117.79311858824813,1
clamp_frozen,2,14,2,6,0,0,98.71341705322266,14040.020406246185,4825.034468052382,104.2006984172469,716310.0755335839,118.13382576143007,1
clamp_frozen,2,13,2,6,0,0,98.71341705322266,14088.972210884094,4742.428897889607,110.36576567001508,727204.6573885663,118.13382576143007,1
clamp_frozen,2,12,2,6,0,0,98.71341705322266,14102.804064750671,4653.457530428802,126.93957328214408,739735.2964265248,118.65148982084473,1
clamp_frozen,2,11,2,6,0,0,98.71341705322266,14085.035920143127,4553.6464819875555,114.491883447448,751037.1814664816,118.65148982084473,1
clamp_frozen,2,10,2,6,0,0,98.71341705322266,14025.537967681885,4461.699366359085,119.86934472905816,762869.8940846177,119.72247037978816,1
clamp_frozen,2,9,2,6,0,0,98.71341705322266,13966.801762580872,4363.374284685375,127.70762181175952,775476.3498173972,119.9282594332441,1
clamp_frozen,2,8,2,6,0,0,98.71341705322266,13894.118070602417,4260.249487800499,126.39899874373727,787953.6268954974,119.9282594332441,1
clamp_frozen,2,7,2,6,0,0,98.71341705322266,13787.74493932724,4159.973894552502,124.25874877366094,800219.6325857034,119.9282594332441,1
clamp_frozen,2,6,2,6,0,0,98.71341705322266,13565.187156200409,4057.1147673941996,111.92697445551259,811268.3266946358,119.9282594332441,1
clamp_frozen,2,5,2,6,0,0,98.71341705322266,13340.99292755127,3965.4383649451274,111.46389033404786,822271.3081875553,111.6350613497792,1
clamp_frozen,2,4,2,6,0,0,98.71341705322266,13176.289498806,3870.998116014709,103.85647092373245,832523.3353155255,105.31132169984018,1
clamp_frozen,2,3,2,6,0,0,98.71341705322266,13106.278777122498,3784.796018103105,110.52970547720875,843434.1002290671,100.66337802387262,1
clamp_frozen,2,2,2,6,0,0,98.71341705322266,13086.861670017242,3692.6822320028614,95.90948153367644,852901.6528790593,97.45860423514522,1
clamp_frozen,2,1,2,6,0,0,98.71341705322266,13080.314993858337,3610.35542060055,92.52324503659923,862034.9385534746,90.48681714092218,1
clamp_frozen,3,100,2,6,0,0,98.71341705322266,11034.304201602936,10000.0,52.4813410953691,5180.612511059603,53.51064944791461,1
clamp_frozen,3,99,2,6,0,0,98.71341705322266,11303.556561470032,9965.575191018605,80.92079624968167,13168.580819533287,53.51064944791461,1
clamp_frozen,3,98,2,6,0,0,98.71341705322266,11505.36134839058,9911.352461197206,53.56909106898544,18456.568847388113,53.51064944791461,1
clamp_frozen,3,97,2,6,0,0,98.71341705322266,11672.291457653046,9875.741237242506,51.370407575581865,23527.517314590554,55.53276728716988,1
clamp_frozen,3,96,2,6,0,0,98.71341705322266,11799.674332141876,9842.042567054606,53.92573768736227,28850.71114882583,55.852472283942966,1
clamp_frozen,3,95,2,6,0,0,98.71341705322266,11850.94028711319,9805.61074029226,55.14371665265257,34294.13584862386,56.18471002774361,1
clamp_frozen,3,94,2,6,0,0,98.71341705322266,11878.452003002167,9768.002811835979,55.45372847270687,39768.16287450634,56.18471002774361,1
clamp_frozen,3,93,2,6,0,0,98.71341705322266,12088.19404244423,9730.748420072176,70.10228684278889,46688.1991520032,56.18471002774361,1
clamp_frozen,3,92,2,6,0,0,98.71341705322266,12302.553504705429,9683.157682604819,53.69389014817424,51988.50652340985,56.85789131285237,1
clamp_frozen,3,91,2,6,0,0,98.71341705322266,12545.534074306488,9647.12883035239,63.077299482436324,58215.082293810614,56.85789131285237,1
clamp_frozen,3,90,2,6,0,0,98.71341705322266,12604.72297668457,9603.195273507494,56.5961358096626,63801.880251590665,57.85980122566746,1
clamp_frozen,3,89,2,6,0,0,98.71341705322266,12706.30806684494,9565.162987786487,66.77160723860344,70393.13376424891,57.85980122566746,1
clamp_frozen,3,88,2,6,0,0,98.71341705322266,12754.31364774704,9520.767084655083,57.63381531319253,76082.3646116285,57.85980122566746,1
clamp_frozen,3,87,2,6,0,0,98.71341705322266,12941.721081733704,9481.161471194342,64.61037730223863,82460.27573223045,59.05581472314141,1
clamp_frozen,3,86,2,6,0,0,98.71341705322266,13137.350380420685,9437.309371689511,65.59786652289657,88935.66528810677,59.05581472314141,1
clamp_frozen,3,85,2,6,0,0,98.71341705322266,13313.502967357635,9395.195050503582,68.40748622426938,95688.40200532565,59.321172379079584,1
clamp_frozen,3,84,2,6,0,0,98.71341705322266,13421.725332736969,9349.531164558388,46.88807294302098,100316.88390457201,59.321172379079584,1
clamp_frozen,3,83,2,6,0,0,98.71341705322266,13491.9935464859,9317.475652756184,65.84139076706386,106816.3125707254,59.321172379079584,1
clamp_frozen,3,82,2,6,0,0,98.71341705322266,13552.14774608612,9272.979919943522,51.989569057354046,111948.3805835013,59.321172379079584,1
clamp_frozen,3,81,2,6,0,0,98.71341705322266,13653.553426265717,9237.49711071638,60.178837312217475,117888.83924888026,59.67942540614826,1
clamp_frozen,3,80,2,6,0,0,98.71341705322266,13701.153695583344,9195.39449125341,67.05258123829333,124507.828665151,59.67942540614826,1
clamp_frozen,3,79,2,6,0,0,98.71341705322266,13728.201687335968,9149.369001116182,70.42002197683999,131459.2296634479,60.144742931333404,1
clamp_frozen,3,78,2,6,0,0,98.71341705322266,13758.081793785095,9101.306293688385,55.23152928250827,136911.32264799942,60.59148468407464,1
clamp_frozen,3,77,2,6,0,0,98.71341705322266,13785.596489906311,9063.031881049128,67.29903322094074,143554.64018161682,61.68635059106254,1
clamp_frozen,3,76,2,6,0,0,98.71341705322266,13828.667402267456,9016.976703432663,56.37625724798349,149119.7331752368,61.68635059106254,1
clamp_frozen,3,75,2,6,0,0,98.71341705322266,13841.829895973206,8978.037071770385,42.687571644031294,153333.56923792337,61.68635059106254,1
clamp_frozen,3,74,2,6,0,0,98.71341705322266,13815.65511226654,8948.276203537238,66.69662949438116,159917.4214412465,61.68635059106254,1
clamp_frozen,3,73,2,6,0,0,98.71341705322266,13791.330456733704,8903.641807927317,63.256511487126595,166161.6878410072,61.811377832783585,1
clamp_frozen,3,72,2,6,0,0,98.71341705322266,13768.733739852905,8860.69386960131,70.7335039128509,173144.0337123922,61.811377832783585,1
clamp_frozen,3,71,2,6,0,0,98.71341705322266,13748.13973903656,8813.586488831364,57.35977925082899,178806.2135236601,63.69238905560433,1
clamp_frozen,3,70,2,6,0,0,98.71341705322266,13716.181516647339,8773.350357425663,73.92694394224296,186103.79477250093,63.69238905560433,1
clamp_frozen,3,69,2,6,0,0,98.71341705322266,13646.644055843353,8724.087608692487,61.5236233947927,192177.0018672965,63.69238905560433,1
clamp_frozen,3,68,2,6,0,0,98.71341705322266,13580.348491668701,8681.079971351852,60.63421304920416,198162.41222771653,64.51194257070377,1
clamp_frozen,3,67,2,6,0,0,98.71341705322266,13512.505292892456,8637.743464042042,57.512711416263926,203839.68849561183,64.51194257070377,1
clamp_frozen,3,66,2,6,0,0,98.71341705322266,13425.722420215607,8597.398565070753,58.65528072085009,209629.75168378296,66.02319309723785,1
clamp_frozen,3,65,2,6,0,0,98.71341705322266,13337.821364402771,8555.472280132579,66.8693150367617,216230.65026707016,66.02319309723785,1
clamp_frozen,3,64,2,6,0,0,98.71341705322266,13291.600942611694,8509.008751741403,53.29704527134524,221491.78372464495,66.02319309723785,1
clamp_frozen,3,63,2,6,0,0,98.71341705322266,13282.753825187683,8470.63086054329,73.06475361078527,228704.25521971736,66.02319309723785,1
clamp_frozen,3,62,2,6,0,0,98.71341705322266,13275.68531036377,8418.71001030983,76.19088440078596,236225.31776722602,66.02319309723785,1
clamp_frozen,3,61,2,6,0,0,98.71341705322266,13311.538398265839,8364.844896880355,81.3777941541695,244258.39790043785,66.0678136608015,1
clamp_frozen,3,60,2,6,0,0,98.71341705322266,13402.569890022278,8308.368933804702,80.09016720389282,252164.37197749806,85.17672399217258,1
clamp_frozen,3,59,2,6,0,0,98.71341705322266,13506.093621253967,8250.614788843934,74.80871742921757,259548.99610030508,85.17672399217258,1
clamp_frozen,3,58,2,6,0,0,98.71341705322266,13619.62378025055,8198.330700665427,83.92181568449129,267833.205291832,85.17672399217258,1
clamp_frozen,3,57,2,6,0,0,98.71341705322266,13596.253395080566,8138.733318029612,91.09456214684333,276825.46079631406,85.17672399217258,1
clamp_frozen,3,56,2,6,0,0,98.71341705322266,13551.1976480484,8075.606321920211,75.18814703853275,284247.5397123878,85.17672399217258,1
clamp_frozen,3,55,2,6,0,0,98.71341705322266,13521.409630775452,8022.236696891297,98.73676525100157,293994.18319909606,87.67464619283565,1
clamp_frozen,3,54,2,6,0,0,98.71341705322266,13430.48244714737,7951.138119734713,90.7534609183126,302952.76743574877,87.67464619283565,1
clamp_frozen,3,53,2,6,0,0,98.71341705322266,13322.359919548035,7886.8412307897,91.71000747989805,312005.7756520661,87.67464619283565,1
clamp_frozen,3,52,2,6,0,0,98.71341705322266,13210.398852825165,7821.667094833534,97.25632664480867,321606.27998521953,88.00542260216963,1
clamp_frozen,3,51,2,6,0,0,98.71341705322266,13134.850859642029,7753.093648927174,91.79259357755862,330667.44055743807,89.3393639748758,1
clamp_frozen,3,50,2,6,0,0,98.71341705322266,13059.200644493103,7687.4747229261,95.60706210082324,340105.14035183,89.3393639748758,1
clamp_frozen,3,49,2,6,0,0,98.71341705322266,12952.784895896912,7618.616868553454,111.66046407504527,351127.5263104263,89.87264365606573,1
clamp_frozen,3,48,2,6,0,0,98.71341705322266,12835.183441638947,7536.415860559221,103.2340843087301,361318.1155289015,89.87264365606573,1
clamp_frozen,3,47,2,6,0,0,98.71341705322266,12766.573429107666,7464.75665541425,90.98724905665149,370299.7777915562,89.87264365606573,1
clamp_frozen,3,46,2,6,0,0,98.71341705322266,12707.160115242004,7399.779390530564,98.01133818442375,379974.8118936997,92.28499445299059,1
clamp_frozen,3,45,2,6,0,0,98.71341705322266,12644.552886486053,7331.790759442688,103.68560603818551,390209.97236496327,92.32417290804567,1
clamp_frozen,3,44,2,6,0,0,98.71341705322266,12569.336295127869,7255.39222004584,83.87304974014565,398489.367703488,92.85601305134094,1
clamp_frozen,3,43,2,6,0,0,98.71341705322266,12511.682212352753,7195.52673977258,87.88024051986255,407164.3265366627,92.85601305134094,1
clamp_frozen,3,42,2,6,0,0,98.71341705322266,12488.142848014832,7131.564088424617,100.20420151299666,417055.8256711003,92.85601305134094,1
clamp_frozen,3,41,2,6,0,0,98.71341705322266,12492.318153381348,7056.228353098969,93.49686955637952,426285.2211487899,93.6308664821853,1
clamp_frozen,3,40,2,6,0,0,98.71341705322266,12503.966093063354,6987.107944745139,96.31977547595636,435793.27531582076,93.6308664821853,1
clamp_frozen,3,39,2,6,0,0,98.71341705322266,12472.598850727081,6914.700740519596,102.4521265090194,445906.67480789515,93.6308664821853,1
clamp_frozen,3,38,2,6,0,0,98.71341705322266,12490.43732881546,6837.959544446841,87.89346210105914,454582.9387885286,95.04742683727991,1
clamp_frozen,3,37,2,6,0,0,98.71341705322266,12470.26801109314,6773.557439067566,90.00468424459052,463467.60872110847,95.04742683727991,1
clamp_frozen,3,36,2,6,0,0,98.71341705322266,12471.12661600113,6705.723594907065,101.77598284986902,473514.2637621692,95.04742683727991,1
clamp_frozen,3,35,2,6,0,0,98.71341705322266,12514.692544937134,6630.952670280226,92.89512052276363,482684.2585365422,95.04742683727991,1
clamp_frozen,3,34,2,6,0,0,98.71341705322266,12585.484385490417,6561.686534728058,90.90289937789042,491657.594354179,95.04742683727991,1
clamp_frozen,3,33,2,6,0,0,98.71341705322266,12638.796269893646,6495.290169420281,102.35482909992747,501761.3892865315,95.04742683727991,1
clamp_frozen,3,32,2,6,0,0,98.71341705322266,12580.560147762299,6416.460632115661,101.29996391664027,511761.0548721112,97.00694341239463,1
clamp_frozen,3,31,2,6,0,0,98.71341705322266,12591.906487941742,6341.6368202010235,93.89977767695443,521030.2227871413,101.69890345053383,1
clamp_frozen,3,30,2,6,0,0,98.71341705322266,12610.611319541931,6273.017404409485,110.91897394515996,531979.4137213054,101.69890345053383,1
clamp_frozen,3,29,2,6,0,0,98.71341705322266,12627.849876880646,6188.871083694678,106.79250583570607,542521.2668880242,105.09652333242514,1
clamp_frozen,3,28,2,6,0,0,98.71341705322266,12634.332776069641,6108.270739085529,108.07367466327995,553189.5886075348,105.09652333242514,1
clamp_frozen,3,27,2,6,0,0,98.71341705322266,12661.324739456177,6026.730897404183,94.93706962256033,562561.1511549974,105.51726153189219,1
clamp_frozen,3,26,2,6,0,0,98.71341705322266,12696.876525878906,5955.5727947581345,111.43838586010754,573561.6150141441,105.51726153189219,1
clamp_frozen,3,25,2,6,0,0,98.71341705322266,12766.163647174835,5872.248879355197,108.20780031503735,584243.1767350542,108.86577323146005,1
clamp_frozen,3,24,2,6,0,0,98.71341705322266,12861.918807029724,5791.153627610375,110.25796041105902,595127.1167645488,110.31606898852215,1
clamp_frozen,3,23,2,6,0,0,98.71341705322266,12999.562621116638,5706.176897687826,111.44258303719047,606127.9949413874,111.20897889534331,1
clamp_frozen,3,22,2,6,0,0,98.71341705322266,13142.454028129578,5621.2813400037,121.20497271794021,618092.5519622179,112.95137016244168,1
clamp_frozen,3,21,2,6,0,0,98.71341705322266,13295.59326171875,5527.59484602042,128.25688631411234,630753.2274708906,112.95137016244168,1
clamp_frozen,3,20,2,6,0,0,98.71341705322266,13446.987271308899,5432.320937597863,121.55009739862011,642751.8529282605,112.95137016244168,1
clamp_frozen,3,19,2,6,0,0,98.71341705322266,13588.253855705261,5339.303737749053,120.29438579186208,654626.5228020938,112.95137016244168,1
clamp_frozen,3,18,2,6,0,0,98.71341705322266,13723.894953727722,5245.201119800173,127.8828764868498,667250.2785227059,117.40424760711261,1
clamp_frozen,3,17,2,6,0,0,98.71341705322266,13832.375407218933,5144.568638716951,120.4927672200652,679144.531305197,117.40424760711261,1
clamp_frozen,3,16,2,6,0,0,98.71341705322266,13942.196369171143,5048.758999546314,117.34793218199937,690728.346675012,117.43877695873326,1
clamp_frozen,3,15,2,6,0,0,98.71341705322266,13999.28092956543,4957.218568732379,126.35250286052943,703201.033985602,117.79311858824813,1
clamp_frozen,3,14,2,6,0,0,98.71341705322266,14062.199890613556,4858.843038016512,137.2449434189867,716748.9513237664,118.13382576143007,1
clamp_frozen,3,13,2,6,0,0,98.71341705322266,14107.683897018433,4749.30841543026,137.88795220276657,730360.3422561729,118.13382576143007,1
clamp_frozen,3,12,2,6,0,0,98.71341705322266,14104.6342253685,4640.264405378734,117.41864121971295,741951.1375567171,118.65148982084473,1
clamp_frozen,3,11,2,6,0,0,98.71341705322266,14070.359468460083,4546.762904185873,127.44747706547797,754531.9135126628,118.65148982084473,1
clamp_frozen,3,10,2,6,0,0,98.71341705322266,14013.949036598206,4445.801419502693,124.81744525010568,766853.0700411542,119.72247037978816,1
clamp_frozen,3,9,2,6,0,0,98.71341705322266,13957.288265228271,4345.683483526337,134.70528535893766,780150.2890540643,119.9282594332441,1
clamp_frozen,3,8,2,6,0,0,98.71341705322266,13882.625997066498,4237.939933310059,130.14912544815584,792997.7539535403,119.9282594332441,1
clamp_frozen,3,7,2,6,0,0,98.71341705322266,13762.817978858948,4133.194449903034,114.09475772946672,804260.4373568756,119.9282594332441,1
clamp_frozen,3,6,2,6,0,0,98.71341705322266,13539.49636220932,4040.8474851864103,103.83710764938205,814510.5530698694,119.9282594332441,1
clamp_frozen,3,5,2,6,0,0,98.71341705322266,13326.252400875092,3955.3711832543386,115.18730907568865,825881.0859498964,111.6350613497792,1
clamp_frozen,3,4,2,6,0,0,98.71341705322266,13175.400793552399,3859.8021481189435,107.21212034771781,836464.3606989409,105.31132169984018,1
clamp_frozen,3,3,2,6,0,0,98.71341705322266,13115.831017494202,3768.9115471039313,101.12347875128395,846446.6048307891,100.66337802387262,1
clamp_frozen,3,2,2,6,0,0,98.71341705322266,13088.460564613342,3683.3028717906827,89.68335094734003,855299.5548555844,97.45860423514522,1
clamp_frozen,3,1,2,6,0,0,98.71341705322266,13080.045580863953,3607.3520916028074,91.15636904283102,864297.9115299669,90.48681714092218,1
clamp_frozen,4,100,6,12,1,1,102.65682935714722,11351.436078548431,10000.0,128.7270487038682,13214.710672442177,119.21816460837967,0
clamp_frozen,4,99,6,12,1,1,102.65682935714722,10857.7099442482,9906.268823922992,102.28607841606147,23715.07517001158,119.21816460837967,0
clamp_frozen,4,98,6,12,1,1,102.65682935714722,11105.304509401321,9832.353249047774,111.65929656424511,35177.66452354638,119.21816460837967,0
clamp_frozen,4,97,6,12,1,1,102.9896330833435,11160.443872213364,9751.407738873815,103.30031630772129,45816.52619747192,120.48841230422327,0
clamp_frozen,4,96,6,12,1,1,103.22534322738647,11247.50480055809,9676.34504233535,118.72671910309332,58072.13252715023,120.48841230422327,0
clamp_frozen,4,95,6,12,1,1,103.5069727897644,11323.352754116058,9588.51426398435,118.96605348322691,70385.94858794425,121.5480831964681,0
clamp_frozen,4,94,6,12,1,1,103.67844104766846,11310.493350028992,9501.5683499693,104.70411463699847,81241.50796478461,121.5480831964681,0
clamp_frozen,4,93,6,12,1,1,103.67844104766846,11305.822134017944,9423.317466745164,102.27716146738919,91845.44462050419,122.03586911981081,0
clamp_frozen,4,92,6,12,1,1,103.67844104766846,11303.727328777313,9347.838125696155,114.9630933400648,103764.6389160197,123.03316904179233,0
clamp_frozen,4,91,6,12,1,1,103.67844104766846,11232.184767723083,9265.077546284218,113.72846174430988,115555.82853241915,123.03316904179233,0
clamp_frozen,4,90,6,12,1,1,103.67844104766846,11179.557740688324,9182.871229749979,122.02025456973406,128206.69830244883,124.47314745072495,0
clamp_frozen,4,89,6,12,1,1,103.67844104766846,11166.28110408783,9093.895323093942,131.09485068014823,141798.40805034348,124.47314745072495,0
clamp_frozen,4,88,6,12,1,1,103.67844104766846,11162.005364894867,9000.453497502003,120.8484994654347,154327.79207786976,124.74048774082162,0
clamp_frozen,4,87,6,12,1,1,103.67844104766846,11179.89107966423,8913.048526769937,127.08012196242599,167503.26101108166,126.45503592053535,0
clamp_frozen,4,86,6,12,1,1,105.13953447341919,11493.544429540634,8822.628522028008,117.221852529781,179827.91201617464,126.45503592053535,0
clamp_frozen,4,85,6,12,1,1,107.18608140945435,11630.327701568604,8736.381917844594,107.54997611311443,191355.77251141978,127.85690711176491,0
clamp_frozen,4,84,6,12,1,1,108.63929033279419,11827.710419893265,8656.383625494898,118.57471906010485,204237.64584152002,130.6942817674587,0
clamp_frozen,4,83,6,12,1,1,108.99146556854248,11897.507309913635,8568.056178990999,124.26616302264486,217781.5970699375,130.6942817674587,0
clamp_frozen,4,82,6,12,1,1,110.02881288528442,12053.510248661041,8477.728846242246,108.89855253625258,229763.57553042716,130.6942817674587,0
clamp_frozen,4,81,6,12,1,1,110.67528963088989,12128.14211845398,8397.64227507552,120.2479274127062,243072.04972434265,131.0525347945274,0
clamp_frozen,4,80,6,12,1,1,111.19316577911377,12151.54081583023,8307.91305244664,110.92958529231625,255406.6614915595,131.0525347945274,0
clamp_frozen,4,79,6,12,1,1,111.52857065200806,12165.217399597168,8226.561973018885,109.68233390689187,267639.3754179714,134.69965047598188,0
clamp_frozen,4,78,6,12,1,1,111.81607961654663,12189.69851732254,8145.997869608615,114.8527240570438,280481.75675531104,134.69965047598188,0
clamp_frozen,4,77,6,12,1,1,112.12577819824219,12208.516597747803,8061.025741332865,134.0096910756954,295507.6976532794,136.04655404778723,0
clamp_frozen,4,76,6,12,1,1,112.40543365478516,12258.63292813301,7962.236307731203,114.77334345216713,308408.84509602987,137.5612169999776,0
clamp_frozen,4,75,6,12,1,1,112.62355327606201,12326.866686344147,7876.469367677439,109.09848825718846,320695.9045006012,137.5612169999776,0
clamp_frozen,4,74,6,12,1,1,113.32515239715576,12285.650372505188,7795.688233420587,116.31201956718849,333876.9818436738,137.5612169999776,0
clamp_frozen,4,73,6,12,1,1,113.84038925170898,12316.515892744064,7708.213396654795,104.82211934622474,345809.9727122371,138.32368132308972,0
clamp_frozen,4,72,6,12,1,1,114.35346364974976,12365.477234125137,7628.722518632872,111.67893521463044,358580.8457707461,138.32368132308972,0
clamp_frozen,4,71,6,12,1,1,114.83426570892334,12393.808662891388,7545.1335363255475,120.47722484356801,372415.75942030613,138.32368132308972,0
clamp_frozen,4,70,6,12,1,1,115.52575588226318,12444.382756948471,7454.296732861905,123.56647460758956,386690.8698010544,138.32368132308972,0
clamp_frozen,4,69,6,12,1,1,116.18672847747803,12483.395636081696,7361.559500544759,115.96462834450391,400164.42058750894,141.44513027967048,0
clamp_frozen,4,68,6,12,1,1,116.52485847473145,12570.309340953827,7274.2571159721265,107.57105911346058,412699.1230266819,144.11442869521588,0
clamp_frozen,4,67,6,12,1,1,116.62432432174683,12671.50491476059,7192.300520502107,110.39778856038927,425574.19052415236,144.11442869521588,0
clamp_frozen,4,66,6,12,1,1,116.71942472457886,12767.960131168365,7110.629453622099,132.8859225153746,441084.55895414186,145.6585852960098,0
clamp_frozen,4,65,6,12,1,1,116.82835340499878,12863.165438175201,7010.736538337601,106.81125651936927,453563.1421784187,145.6585852960098,0
clamp_frozen,4,64,6,12,1,1,116.89804077148438,12944.357991218567,6928.452900387801,114.84542943100598,466988.34787046304,145.6585852960098,0
clamp_frozen,4,63,6,12,1,1,116.92531108856201,13042.885959148407,6840.636155977352,110.7989962381913,479943.554973914,147.36536096010775,0
clamp_frozen,4,62,6,12,1,1,116.95273876190186,13126.516938209534,6757.110083859827,103.88831651658276,492093.57811589167,147.36536096010775,0
clamp_frozen,4,61,6,12,1,1,116.97113513946533,13220.12722492218,6680.374842703768,129.91743799050442,507290.1683120521,147.3781006109956,0
clamp_frozen,4,60,6,12,1,1,116.97246551513672,13248.28952550888,6581.947126135667,144.2965322190661,524168.8894510006,172.95101534140753,0
clamp_frozen,4,59,6,12,1,1,116.99581146240234,13303.56478691101,6469.364712064293,134.46731272787486,539901.0018187669,173.18520571918685,0
clamp_frozen,4,58,6,12,1,1,117.10562705993652,13382.82197713852,6365.887743740654,137.6512256653307,556020.7349158743,179.28794627762093,0
clamp_frozen,4,57,6,12,1,1,117.21294164657593,13468.579053878784,6261.2357662612085,130.4055378447095,571305.9516136566,179.28794627762093,0
clamp_frozen,4,56,6,12,1,1,117.31070041656494,13541.41503572464,6163.601494020242,137.57618606510982,587445.1103615942,179.28794627762093,0
clamp_frozen,4,55,6,12,1,1,117.42648601531982,13602.522015571594,6060.049080210931,143.5232431948202,604298.5404714842,181.50830068228348,0
clamp_frozen,4,54,6,12,1,1,117.5158429145813,13666.243553161621,5951.173573626354,153.36262668294498,622321.0788177247,181.50830068228348,0
clamp_frozen,4,53,6,12,1,1,117.59983539581299,13742.178976535797,5833.4434790608275,144.49601161655818,639313.7859991834,181.50830068228348,0
clamp_frozen,4,52,6,12,1,1,117.70413398742676,13818.339109420776,5721.1144460459445,148.8498042127525,656834.0232982435,181.50830068228348,0
clamp_frozen,4,51,6,12,1,1,117.82273292541504,13889.736831188202,5606.7498664021105,150.63716139628,674582.5053340801,183.74050410317923,0
clamp_frozen,4,50,6,12,1,1,117.92299032211304,13944.20862197876,5490.943232381167,160.34375235111142,693490.7200907915,192.542564800098,0
clamp_frozen,4,49,6,12,1,1,117.94058799743652,13971.340656280518,5366.206214193073,154.6164996830737,711726.2809775186,193.30528083385084,0
clamp_frozen,4,48,6,12,1,1,117.97345638275146,14012.109637260437,5245.715933696638,150.16875985133885,729442.2086178925,193.30528083385084,0
clamp_frozen,4,47,6,12,1,1,117.97405242919922,14062.1817111969,5128.875769781704,143.2249477544168,746339.0361134413,197.01820323067741,0
clamp_frozen,4,46,6,12,1,1,117.98346996307373,14119.553565979004,5016.258447860823,155.2217380218649,764652.6353789602,197.01820323067741,0
clamp_frozen,4,45,6,12,1,1,118.01800489425659,14171.392321586609,4895.534487408937,159.6772139239901,783497.4215933429,197.01820323067741,0
clamp_frozen,4,44,6,12,1,1,118.01800489425659,14307.328462600708,4771.408220876067,152.84928007829873,801536.3886777072,197.60821190962048,0
clamp_frozen,4,43,6,12,1,1,118.01800489425659,14448.328614234924,4650.841189483752,155.8081485233056,819924.5555126957,197.60821190962048,0
clamp_frozen,4,42,6,12,1,1,118.0182409286499,14586.501717567444,4530.5802026768715,161.06814421719898,838933.5345628517,197.60821190962048,0
clamp_frozen,4,41,6,12,1,1,118.05615425109863,14690.598547458649,4407.241793443689,170.70455868103622,859086.2582738658,201.0148893750271,0
clamp_frozen,4,40,6,12,1,1,118.15716743469238,14770.810902118683,4273.864006172582,157.58362816361668,877705.8934117606,201.0148893750271,0
clamp_frozen,4,39,6,12,1,1,118.23060512542725,14826.851189136505,4147.440394944814,179.84258845701612,898968.7914723568,201.0148893750271,0
clamp_frozen,4,38,6,12,1,1,118.36023569107056,14866.666793823242,4005.9714950074995,167.30376940427996,918770.9050510519,208.16928401824555,0
clamp_frozen,4,37,6,12,1,1,118.51877689361572,14897.069334983826,3872.7906445112058,175.70458255864276,939595.1972705056,208.16928401824555,0
clamp_frozen,4,36,6,12,1,1,118.67779731750488,14910.043478012085,3734.4390427738062,162.93242496595977,958931.6585770653,208.605935944052,0
clamp_frozen,4,35,6,12,1,1,118.79201889038086,14908.611476421356,3604.104270170351,163.72081809779368,978380.3850932871,208.605935944052,0
clamp_frozen,4,34,6,12,1,1,118.9133358001709,14901.2690782547,3473.505125172628,166.1396027546436,998136.599465357,208.605935944052,0
clamp_frozen,4,33,6,12,1,1,119.0145468711853,14897.793233394623,3343.3908773543626,154.1358396901117,1016481.0065826853,208.605935944052,0
clamp_frozen,4,32,6,12,1,1,119.11103248596191,14898.076057434082,3224.638545535101,162.13781139328992,1035793.4087027542,208.605935944052,0
clamp_frozen,4,31,6,12,1,1,119.18270111083984,14897.143244743347,3093.838367612686,156.51816870297782,1054447.6668216973,213.0863875168285,0
clamp_frozen,4,30,6,12,1,1,119.22770023345947,14895.728826522827,2967.453305514914,181.50637872797,1076088.2549351365,214.84826275598544,0
clamp_frozen,4,29,6,12,1,1,119.30341243743896,14893.542528152466,2822.430168814002,173.24419153167955,1096756.8781698311,225.55221352890493,0
clamp_frozen,4,28,6,12,1,1,119.3364667892456,14886.919856071472,2683.5247564094116,166.6500347017781,1116644.3045014464,225.55221352890493,0
clamp_frozen,4,27,6,12,1,1,119.36271667480469,14878.202676773071,2550.11485477081,173.09503438990873,1137305.3980491448,225.97295172837198,0
clamp_frozen,4,26,6,12,1,1,119.40590858459473,14862.422943115234,2410.022203115165,182.92424464181744,1159147.6336827516,225.97295172837198,0
clamp_frozen,4,25,6,12,1,1,119.45521354675293,14851.46164894104,2263.6243711909156,185.72023813573247,1181332.8843892093,230.19559885154544,0
clamp_frozen,4,24,6,12,1,1,119.50327396392822,14856.252372264862,2114.6948891183965,178.8844300398695,1202710.159440145,233.6670386321828,0
clamp_frozen,4,23,6,12,1,1,119.53136920928955,14871.362745761871,1969.284226786188,182.13455053703254,1224480.951646155,235.30679756566138,0
clamp_frozen,4,22,6,12,1,1,119.53136920928955,14895.476698875427,1821.5764596180697,184.47130777642366,1246531.059644499,238.1271749969102,0
clamp_frozen,4,21,6,12,1,1,119.53136920928955,14904.908835887909,1672.2239749306464,177.09444856010572,1267699.4015602525,238.1271749969102,0
clamp_frozen,4,20,6,12,1,1,119.53136920928955,14899.512827396393,1528.0004488203667,190.00594741252166,1290411.0726123794,238.1271749969102,0
clamp_frozen,4,19,6,12,1,1,119.53136920928955,14881.598353385925,1372.7190262482727,202.16791149798544,1314576.4798839162,238.1271749969102,0
clamp_frozen,4,18,6,12,1,1,119.53136920928955,14844.27034854889,1206.5999451723073,163.1365518898112,1334076.4152993876,244.15619931843952,0
clamp_frozen,4,17,6,12,1,1,119.53136920928955,14709.563851356506,1072.976633867309,202.0116246462468,1358223.1413895467,244.15619931843952,0
clamp_frozen,4,16,6,12,1,1,119.53136920928955,14437.023997306824,906.3898791232823,187.21365463046683,1380601.0458622014,246.45447097887347,0
clamp_frozen,4,15,6,12,1,1,119.53136920928955,13653.261661529541,752.7675505112329,202.77281035554762,1404838.7575224156,249.0993376403336,0
clamp_frozen,4,14,6,12,1,1,119.53136920928955,11509.740799665451,583.2554339172202,197.90422714587137,1428494.5207654678,251.01425215790965,0
clamp_frozen,4,13,6,12,1,1,119.53136920928955,10417.645126581192,418.0578976505294,0.0,1428494.5207654678,251.46554524240713,0
clamp_frozen,4,12,6,12,1,1,119.53136920928955,10263.034701347351,418.0578976505294,0.0,1428494.5207654678,252.18470229434556,0
clamp_frozen,4,11,6,12,1,1,119.53136920928955,10259.86224412918,418.0578976505294,0.0,1428494.5207654678,252.18470229434556,0
clamp_frozen,4,10,6,12,1,1,119.53136920928955,10366.322845220566,418.0578976505294,0.0,1428494.5207654678,253.3217479726484,0
clamp_frozen,4,9,6,12,1,1,119.53136920928955,10564.594864845276,418.0578976505294,0.0,1428494.5207654678,253.3217479726484,0
clamp_frozen,4,8,6,12,1,1,119.53136920928955,10785.821676254272,418.0578976505294,27.990074851635654,1431840.2127367542,253.3217479726484,0
clamp_frozen,4,7,6,12,1,1,119.53136920928955,11056.992411613464,394.2874736469239,190.96992787964496,1454667.1096940076,253.3217479726484,0
clamp_frozen,4,6,6,12,1,1,119.53136920928955,10850.012451410294,231.02713520225916,0.0,1454667.1096940076,253.3217479726484,0
clamp_frozen,4,5,6,12,1,1,119.53136920928955,10727.693885564804,231.02713520225916,0.0,1454667.1096940076,227.42353435458372,0
clamp_frozen,4,4,6,12,1,1,119.53136920928955,10979.523956775665,231.02713520225916,94.46653686289574,1465958.8241896892,223.80390014802688,0
clamp_frozen,4,3,6,12,1,1,119.53136920928955,10861.524641513824,149.37064393979563,0.0,1465958.8241896892,212.94074769604768,0
clamp_frozen,4,2,6,12,1,1,119.53136920928955,10890.996158123016,149.37064393979563,0.0,1465958.8241896892,199.91705650403023,0
clamp_frozen,4,1,6,12,1,1,119.53136920928955,11177.614629268646,149.37064393979563,132.10862994166817,1481749.9496109802,192.4570690769313,0
clamp_frozen,5,100,1,6,0,0,83.62133979797363,10323.884636163712,10000.0,73.11621464179747,6114.075829303321,53.51064944791461,1
clamp_frozen,5,99,1,6,0,0,85.35035252571106,10328.113436698914,9952.491697082318,58.496416690011195,11106.765615286666,53.51064944791461,1
clamp_frozen,5,98,1,6,0,0,85.35035252571106,10394.931733608246,9915.058621153566,71.28515902139178,17190.979067613825,53.51064944791461,1
clamp_frozen,5,97,1,6,0,0,85.35035252571106,10457.94352889061,9867.398789915305,67.85325084502783,22982.277947252453,55.53276728716988,1
clamp_frozen,5,96,1,6,0,0,85.35035252571106,10569.244027137756,9824.243016501547,58.395622728473995,27966.364933086134,55.852472283942966,1
clamp_frozen,5,95,1,6,0,0,85.35035252571106,10730.446577072144,9785.128364125636,67.68480389603157,33743.28680624605,56.18471002774361,1
clamp_frozen,5,94,1,6,0,0,85.35035252571106,10930.045247077942,9742.393374307325,65.3921748294265,39324.53198036053,56.18471002774361,1
clamp_frozen,5,93,1,6,0,0,85.35035252571106,11187.811344861984,9700.588287463477,61.8189633267366,44600.8022930715,56.18471002774361,1
clamp_frozen,5,92,1,6,0,0,85.35035252571106,11501.21957063675,9660.508474894876,61.14676110617109,49819.69990928864,56.85789131285237,1
clamp_frozen,5,91,1,6,0,0,85.35035252571106,11870.032399892807,9620.065884697413,67.52662174092666,55583.120879747075,56.85789131285237,1
clamp_frozen,5,90,1,6,0,0,85.35035252571106,12312.392443418503,9576.255481117678,71.3084121287859,61669.31899298764,57.85980122566746,1
clamp_frozen,5,89,1,6,0,0,85.35035252571106,12860.562205314636,9528.746390999011,54.88712254508356,66353.95425133243,57.85980122566746,1
clamp_frozen,5,88,1,6,0,0,85.35035252571106,13325.482606887817,9492.824309801115,61.591598278800646,71610.81887705004,57.85980122566746,1
clamp_frozen,5,87,1,6,0,0,85.35035252571106,13663.935959339142,9452.400209427702,59.122227153121884,76656.92180667416,59.05581472314141,1
clamp_frozen,5,86,1,6,0,0,85.35035252571106,13904.931247234344,9413.410069475673,69.44649760810755,82584.20485920209,59.05581472314141,1
clamp_frozen,5,85,1,6,0,0,85.35035252571106,14024.295210838318,9367.818299236515,61.36617149549812,87821.8292294961,59.321172379079584,1
clamp_frozen,5,84,1,6,0,0,85.35035252571106,14002.888202667236,9327.544775852704,61.01895232289442,93029.8183210047,59.321172379079584,1
clamp_frozen,5,83,1,6,0,0,85.35035252571106,14027.99367904663,9288.163216086421,71.54786939613923,99136.45419642872,59.321172379079584,1
clamp_frozen,5,82,1,6,0,0,85.35035252571106,14052.723348140717,9241.70319130993,79.53318473959295,105924.63955144548,59.321172379079584,1
clamp_frozen,5,81,1,6,0,0,85.35035252571106,14033.476710319519,9188.256386810765,54.188282390568844,110549.6285562433,59.67942540614826,1
clamp_frozen,5,80,1,6,0,0,85.35035252571106,14042.215943336487,9152.069806369142,61.90420128719424,115833.1739589279,59.67942540614826,1
clamp_frozen,5,79,1,6,0,0,85.35035252571106,14072.259664535522,9110.847051391467,71.59226731141568,121943.59921207218,60.144742931333404,1
clamp_frozen,5,78,1,6,0,0,85.35035252571106,14087.1661901474,9064.895781603464,70.66316988254992,127974.72567213202,60.59148468407464,1
clamp_frozen,5,77,1,6,0,0,85.35035252571106,14087.44752407074,9017.950791030158,80.22655432742083,134822.09036590048,61.68635059106254,1
clamp_frozen,5,76,1,6,0,0,85.35035252571106,14093.68634223938,8965.484428604224,78.43488525544156,141516.53547276612,61.68635059106254,1
clamp_frozen,5,75,1,6,0,0,85.35035252571106,14106.62055015564,8914.034531375899,69.88022293107674,147480.8371345088,61.68635059106254,1
clamp_frozen,5,74,1,6,0,0,85.35035252571106,14121.010899543762,8867.905369522054,84.26740688596126,154673.0900186531,61.68635059106254,1
clamp_frozen,5,73,1,6,0,0,85.35035252571106,14133.616089820862,8810.784312629903,92.13141659734958,162536.53890393005,61.811377832783585,1
clamp_frozen,5,72,1,6,0,0,85.35035252571106,14148.46420288086,8748.16407554663,81.6491834828761,169505.32549763,61.811377832783585,1
clamp_frozen,5,71,1,6,0,0,85.35035252571106,14174.168705940247,8692.402415502806,70.03634932584627,175482.9526022048,63.69238905560433,1
clamp_frozen,5,70,1,6,0,0,85.35035252571106,14191.959798336029,8645.24143011693,85.69235255507971,182796.8251015384,63.69238905560433,1
clamp_frozen,5,69,1,6,0,0,85.35035252571106,14160.992801189423,8587.78597103883,77.36326541954116,189399.8070776364,63.69238905560433,1
clamp_frozen,5,68,1,6,0,0,85.35035252571106,14126.476645469666,8535.488916406732,80.72660111187429,196289.85094073732,64.51194257070377,1
clamp_frozen,5,67,1,6,0,0,85.35035252571106,14118.164777755737,8481.16609297336,76.41089603520037,202811.54785414712,64.51194257070377,1
clamp_frozen,5,66,1,6,0,0,85.35035252571106,14097.4161028862,8429.11714776728,78.45397625314962,209507.6223843972,66.02319309723785,1
clamp_frozen,5,65,1,6,0,0,85.35035252571106,14073.880016803741,8376.637369835229,84.7960554907707,216744.99561332422,66.02319309723785,1
clamp_frozen,5,64,1,6,0,0,85.35035252571106,14049.149751663208,8320.283863416415,68.02086675482694,222550.60056995312,66.02319309723785,1
clamp_frozen,5,63,1,6,0,0,85.35035252571106,14022.87483215332,8274.991700025297,85.36556937672087,229836.5820098143,66.02319309723785,1
clamp_frozen,5,62,1,6,0,0,85.35035252571106,13987.671732902527,8217.086913637662,69.91396478696603,235803.763550852,66.02319309723785,1
clamp_frozen,5,61,1,6,0,0,85.35035252571106,13947.511315345764,8170.252001082455,103.51948084587349,244639.18773432588,66.0678136608015,1
clamp_frozen,5,60,1,6,0,0,85.35035252571106,13880.387246608734,8100.684216767686,89.97380606539309,252318.48380008715,85.17672399217258,1
clamp_frozen,5,59,1,6,0,0,85.35035252571106,13785.345256328583,8038.323365887861,90.57676992863367,260049.24304413627,85.17672399217258,1
clamp_frozen,5,58,1,6,0,0,85.35035252571106,13707.857131958008,7976.434925491332,100.09633942340206,268592.50090045686,85.17672399217258,1
clamp_frozen,5,57,1,6,0,0,85.35035252571106,13622.36738204956,7908.0743324830655,99.71768005341065,277103.4400460615,85.17672399217258,1
clamp_frozen,5,56,1,6,0,0,85.35035252571106,13522.529900074005,7837.806960163163,98.95232488201808,285549.05585798045,85.17672399217258,1
clamp_frozen,5,55,1,6,0,0,85.35035252571106,13424.23141002655,7770.988760546708,88.39351246118284,293093.47330752824,87.67464619283565,1
clamp_frozen,5,54,1,6,0,0,85.35035252571106,13313.628733158112,7710.050504257308,100.26942201944243,301651.5038244369,87.67464619283565,1
clamp_frozen,5,53,1,6,0,0,85.35035252571106,13209.700584411621,7640.248988519235,99.76244687244105,310166.2638338273,87.67464619283565,1
clamp_frozen,5,52,1,6,0,0,85.35035252571106,13121.532797813416,7571.55628428497,99.2743202457964,318639.3620635563,88.00542260216963,1
clamp_frozen,5,51,1,6,0,0,85.35035252571106,13037.000298500061,7503.124779771103,106.32665987912463,327714.379967121,89.3393639748758,1
clamp_frozen,5,50,1,6,0,0,85.35035252571106,12955.204248428345,7429.518252359021,106.47540904445084,336802.09366438416,89.3393639748758,1
clamp_frozen,5,49,1,6,0,0,85.35035252571106,12844.274640083313,7352.939932566362,109.50481942816633,346148.36860584246,89.87264365606573,1
clamp_frozen,5,48,1,6,0,0,85.35035252571106,12750.130891799927,7278.474667892803,119.54011090669565,356351.15921269153,89.87264365606573,1
clamp_frozen,5,47,1,6,0,0,85.35035252571106,12598.878741264343,7194.23118306162,100.97699979221899,364969.58174194605,89.87264365606573,1
clamp_frozen,5,46,1,6,0,0,85.35035252571106,12439.144551753998,7122.297415314173,108.6956168328224,374246.79095662705,92.28499445299059,1
clamp_frozen,5,45,1,6,0,0,85.35035252571106,12258.252501487732,7046.638480403632,104.11163593271343,383132.7557855126,92.32417290804567,1
clamp_frozen,5,44,1,6,0,0,85.35035252571106,12185.423374176025,6974.508434893713,109.56465920810106,392484.1380732834,92.85601305134094,1
clamp_frozen,5,43,1,6,0,0,85.35035252571106,12252.351641654968,6895.812667141767,106.57929054573133,401580.71809330175,92.85601305134094,1
clamp_frozen,5,42,1,6,0,0,85.35035252571106,12416.979968547821,6819.880567552698,125.09594515250231,412257.70111160487,92.85601305134094,1
clamp_frozen,5,41,1,6,0,0,85.35035252571106,12573.92406463623,6733.01700503359,112.15095531368802,421829.8246837234,93.6308664821853,1
clamp_frozen,5,40,1,6,0,0,85.36098837852478,12654.474079608917,6653.734247806331,101.6047777943006,430502.90894022526,93.6308664821853,1
clamp_frozen,5,39,1,6,0,0,85.36098837852478,12699.80102777481,6582.6383542136755,111.62195032470409,440031.0689446806,93.6308664821853,1
clamp_frozen,5,38,1,6,0,0,85.36098837852478,12721.809148788452,6502.436995805887,107.49151290408274,449206.65072847606,95.04742683727991,1
clamp_frozen,5,37,1,6,0,0,85.36098837852478,12717.314064502716,6425.502048524528,117.52190070550466,459238.43632882077,95.04742683727991,1
clamp_frozen,5,36,1,6,0,0,85.36098837852478,12724.890112876892,6340.877401097952,118.69359298795413,469370.23874047084,95.04742683727991,1
clamp_frozen,5,35,1,6,0,0,85.36098837852478,12717.736065387726,6254.998648053547,115.64827687547266,479242.08995883446,95.04742683727991,1
clamp_frozen,5,34,1,6,0,0,85.36098837852478,12699.984610080719,6169.451435568867,116.72960645956752,489206.24453925935,95.04742683727991,1
clamp_frozen,5,33,1,6,0,0,85.36098837852478,12615.903913974762,6085.0448550499905,119.72752310366462,499426.30424750084,95.04742683727991,1
clamp_frozen,5,32,1,6,0,0,85.36098837852478,12523.93513917923,5999.74103904289,116.86252231849069,509401.8046570146,97.00694341239463,1
clamp_frozen,5,31,1,6,0,0,85.36098837852478,12415.601909160614,5913.977017027253,124.61045420532872,520038.6761902784,101.69890345053383,1
clamp_frozen,5,30,1,6,0,0,85.36098837852478,12366.420924663544,5821.319955436706,123.64241828105476,530592.9152202602,101.69890345053383,1
clamp_frozen,5,29,1,6,0,0,85.36098837852478,12342.353612184525,5733.380577020985,139.13660949671495,542469.7537265365,105.09652333242514,1
clamp_frozen,5,28,1,6,0,0,85.36098837852478,12329.310327768326,5630.077799792439,115.58338307704298,552336.0655461266,105.09652333242514,1
clamp_frozen,5,27,1,6,0,0,85.36098837852478,12404.088973999023,5543.708748763056,124.31250493610418,562947.5038352826,105.51726153189219,1
clamp_frozen,5,26,1,6,0,0,85.36098837852478,12488.367706537247,5455.110453011917,124.62718969427124,573585.8039264235,105.51726153189219,1
clamp_frozen,5,25,1,6,0,0,85.36098837852478,12581.227421760559,5364.0508412039635,142.42187286260133,585743.0757606957,108.86577323146005,1
clamp_frozen,5,24,1,6,0,0,85.36098837852478,12644.49417591095,5260.162313153437,128.71591458584425,596730.3934497891,110.31606898852215,1
clamp_frozen,5,23,1,6,0,0,85.36098837852478,12707.242965698242,5165.227646136072,129.76154510425798,607806.9671934132,111.20897889534331,1
clamp_frozen,5,22,1,6,0,0,85.36098837852478,12853.309512138367,5070.189569555103,134.5460224802815,619291.9486547292,112.95137016244168,1
clamp_frozen,5,21,1,6,0,0,85.36098837852478,13007.073402404785,4968.413377903196,137.7851484174501,631053.4251075245,112.95137016244168,1
clamp_frozen,5,20,1,6,0,0,85.36098837852478,13135.199546813965,4866.873719090256,123.59480115078256,641603.5994922025,112.95137016244168,1
clamp_frozen,5,19,1,6,0,0,85.36098837852478,13265.748620033264,4774.038499489613,132.37579203969537,652903.327938101,112.95137016244168,1
clamp_frozen,5,18,1,6,0,0,85.36098837852478,13398.527204990387,4675.36865421061,124.5908767179642,663538.5283176934,117.40424760711261,1
clamp_frozen,5,17,1,6,0,0,85.36098837852478,13599.107265472412,4578.9110247762055,145.40198162758915,675950.1851816205,117.40424760711261,1
clamp_frozen,5,16,1,6,0,0,85.36098837852478,13834.751844406128,4470.3155854573415,145.7512987059226,688391.6600966117,117.43877695873326,1
clamp_frozen,5,15,1,6,0,0,85.36098837852478,14075.196385383606,4357.539095184005,119.76974834254781,698615.3241929788,117.79311858824813,1
clamp_frozen,5,14,1,6,0,0,85.36098837852478,14283.714592456818,4266.813599090192,135.78238939495583,710205.8431561299,118.13382576143007,1
clamp_frozen,5,13,1,6,0,0,85.36098837852478,14563.918709754944,4161.8661411149915,138.52305290315053,722030.3078651535,118.13382576143007,1
clamp_frozen,5,12,1,6,0,0,85.36098837852478,14735.819101333618,4055.5802736235537,139.02780516897985,733897.8587264746,118.65148982084473,1
clamp_frozen,5,11,1,6,0,0,85.36098837852478,14829.46753501892,3945.725661787289,158.03373776091755,747387.774778899,118.65148982084473,1
clamp_frozen,5,10,1,6,0,0,85.36098837852478,14876.88958644867,3823.8252612894894,133.58588169027928,758790.7976733979,119.72247037978816,1
clamp_frozen,5,9,1,6,0,0,85.36098837852478,14904.283881187439,3716.481024992614,133.15787657074085,770157.285627862,119.9282594332441,1
clamp_frozen,5,8,1,6,0,0,85.36098837852478,14928.306639194489,3612.7422743051193,141.28848571107267,782217.8104146642,119.9282594332441,1
clamp_frozen,5,7,1,6,0,0,85.36098837852478,14944.230914115906,3500.6213429809977,149.22811803178524,794956.0700637245,119.9282594332441,1
clamp_frozen,5,6,1,6,0,0,85.36098837852478,14960.829615592957,3381.6018907654725,124.26672030177987,805563.6001312422,119.9282594332441,1
clamp_frozen,5,5,1,6,0,0,85.36098837852478,14972.1959233284,3281.7049858136306,125.81050628549248,816302.9092961744,111.6350613497792,1
clamp_frozen,5,4,1,6,0,0,85.36098837852478,14980.344772338867,3178.551077474882,118.22672796760797,826394.8596482484,105.31132169984018,1
clamp_frozen,5,3,1,6,0,0,85.36098837852478,14985.779523849487,3083.7591240798147,106.21881660020605,835461.8028176393,100.66337802387262,1
clamp_frozen,5,2,1,6,0,0,85.36098837852478,14989.2258644104,2995.41513858454,102.0614182968902,844173.8663587759,97.45860423514522,1
clamp_frozen,5,1,1,6,0,0,85.36098837852478,14991.192817687988,2911.7262126380265,93.85764321762859,852185.6475507116,90.48681714092218,1
clamp_frozen,6,100,6,6,1,0,98.50704312324524,11094.016283750534,10000.0,75.48856165855483,7436.154998611018,94.22677816891029,0
clamp_frozen,6,99,6,6,1,0,98.50704312324524,11589.896976947784,9947.387909433328,104.02465163863715,17683.31584345881,94.22677816891029,0
clamp_frozen,6,98,6,6,1,0,98.50704312324524,11646.360158920288,9873.399422174092,102.37584965197328,27768.058079904615,94.22677816891029,0
clamp_frozen,6,97,6,6,1,0,98.50704312324524,11725.363433361053,9800.374186067525,99.79063597362908,37598.13856105496,95.43576480047696,0
clamp_frozen,6,96,6,6,1,0,98.50704312324524,11772.898733615875,9729.95241238892,99.97953215085523,47446.82664608114,95.75546979725004,0
clamp_frozen,6,95,6,6,1,0,98.50704312324524,11816.151440143585,9660.850350753248,91.77659892038504,56487.468033636294,96.81514068949487,0
clamp_frozen,6,94,6,6,1,0,98.50704312324524,11872.95526266098,9596.08047651658,93.9080690374456,65738.07423992864,96.81514068949487,0
clamp_frozen,6,93,6,6,1,0,98.50704312324524,11903.397887945175,9528.981553058467,110.15120584545424,76588.74382422426,96.81514068949487,0
clamp_frozen,6,92,6,6,1,0,98.50704312324524,11937.960982322693,9449.686857197825,99.60352239787119,86400.39230029848,98.05540323546752,0
clamp_frozen,6,91,6,6,1,0,98.50704312324524,12029.614448547363,9378.25980820412,93.88403914254572,95648.63139269767,98.05540323546752,0
clamp_frozen,6,90,6,6,1,0,98.50704312324524,12077.371180057526,9312.748981212773,101.78120871947726,105674.79730916324,99.3508655734912,0
clamp_frozen,6,89,6,6,1,0,98.50704312324524,12150.378376245499,9240.592135353598,88.61100748254415,114403.60564444042,99.3508655734912,0
clamp_frozen,6,88,6,6,1,0,98.50704312324524,12207.865118980408,9179.41050553555,105.4405533979345,124790.2427849496,99.61820586358787,0
clamp_frozen,6,87,6,6,1,0,98.50704312324524,12262.683659791946,9105.614895434188,112.26678260987916,135849.31158080898,100.79415033413501,0
clamp_frozen,6,86,6,6,1,0,98.50704312324524,12320.338189601898,9025.624815873542,106.48438943694616,146338.7739230267,100.79415033413501,0
clamp_frozen,6,85,6,6,1,0,98.50704312324524,12282.511293888092,8949.844139786892,111.19071330082299,157291.84231305527,102.19602152536453,0
clamp_frozen,6,84,6,6,1,0,98.50704312324524,12195.983529090881,8870.988938848213,112.71196047947049,168394.764264512,102.19602152536453,0
clamp_frozen,6,83,6,6,1,0,98.50704312324524,12117.545902729034,8791.351043977593,102.22693082413454,178464.83694756203,102.19602152536453,0
clamp_frozen,6,82,6,6,1,0,98.50704312324524,12057.892829179764,8719.181545140847,109.17287892309162,189219.13443952784,102.19602152536453,0
clamp_frozen,6,81,6,6,1,0,98.50704312324524,12045.8984375,8641.279450879289,97.49344741021007,198822.92566779925,102.5542745524332,0
clamp_frozen,6,80,6,6,1,0,98.50704312324524,12164.076566696167,8569.952639651085,104.25580223228975,209092.85647414395,102.5542745524332,0
clamp_frozen,6,79,6,6,1,0,98.50704312324524,12216.908931732178,8495.519171783222,110.31883264189018,219960.0384785047,105.27938350715478,0
clamp_frozen,6,78,6,6,1,0,98.50704312324524,12277.91741490364,8414.849331625206,107.36299274568047,230536.0494347441,105.27938350715478,0
clamp_frozen,6,77,6,6,1,0,98.50704312324524,12264.710664749146,8337.20874878982,110.88222338389166,241458.72939522244,106.63956259332332,0
clamp_frozen,6,76,6,6,1,0,98.50704312324524,12216.785252094269,8259.16642743846,116.42767876177489,252927.67576774795,108.15422554551367,0
clamp_frozen,6,75,6,6,1,0,98.50704312324524,12321.397513151169,8174.435683631304,108.17197048000861,263583.37672854855,108.15422554551367,0
clamp_frozen,6,74,6,6,1,0,98.50704312324524,12400.268912315369,8096.609629472122,98.31082265485149,273267.6851752917,108.15422554551367,0
clamp_frozen,6,73,6,6,1,0,98.50704312324524,12501.31607055664,8027.193498265292,107.18919219212682,283826.57555290736,108.37967750832935,0
clamp_frozen,6,72,6,6,1,0,98.50704312324524,12534.096240997314,7949.256847801404,106.56475487824163,294323.9544571164,108.37967750832935,0
clamp_frozen,6,71,6,6,1,0,98.59247088432312,12550.911009311676,7871.988841164741,117.9523869257848,305953.17173083324,108.37967750832935,0
clamp_frozen,6,70,6,6,1,0,99.56683874130249,12566.21539592743,7786.558678602125,116.6764489323219,317570.27690658555,108.37967750832935,0
clamp_frozen,6,69,6,6,1,0,100.52491664886475,12540.033161640167,7700.56957351872,103.48304043942336,327972.9009213297,111.50112646491013,0
clamp_frozen,6,68,6,6,1,0,101.426100730896,12502.017319202423,7624.8247911745475,97.13912574436442,337825.34367398877,114.17042488045551,0
clamp_frozen,6,67,6,6,1,0,102.13418006896973,12475.14545917511,7553.893885848282,114.90937857376801,349561.5188368554,114.17042488045551,0
clamp_frozen,6,66,6,6,1,0,102.90056228637695,12475.654780864716,7470.8866149526275,103.5976949239878,360221.7798961063,116.26293387735014,0
clamp_frozen,6,65,6,6,1,0,103.5140323638916,12462.84231543541,7395.488995012812,108.07840405151202,371409.41131093225,116.26293387735014,0
clamp_frozen,6,64,6,6,1,0,104.15897607803345,12459.816485643387,7316.565944974759,104.81969719980448,382327.3236440734,116.26293387735014,0
clamp_frozen,6,63,6,6,1,0,105.32107591629028,12472.419291734695,7239.5021171451735,102.1501982064277,393085.89242423663,117.96970954144811,0
clamp_frozen,6,62,6,6,1,0,106.26344442367554,12489.408254623413,7165.06768294887,106.0354831893625,404353.58809906704,117.96970954144811,0
clamp_frozen,6,61,6,6,1,0,107.22962141036987,12543.90299320221,7086.242970585528,117.66992355419994,416971.2894531711,118.04371025661288,0
clamp_frozen,6,60,6,6,1,0,108.24255466461182,12596.801221370697,7000.369137080173,137.36972333806193,431840.53924085386,141.95045016902438,0
clamp_frozen,6,59,6,6,1,0,109.39948558807373,12650.948762893677,6900.279281108151,120.49462285007709,445022.58899678127,141.95045016902438,0
clamp_frozen,6,58,6,6,1,0,110.5836534500122,12760.839760303497,6811.3366427415185,126.00141930907571,458956.2862838658,146.98995099620282,0
clamp_frozen,6,57,6,6,1,0,111.529221534729,12954.021990299225,6717.5977583884105,119.29067328959803,472260.68221220834,146.98995099620282,0
clamp_frozen,6,56,6,6,1,0,112.32524394989014,13114.874064922333,6629.380388937758,132.2216100722459,487112.5068190206,146.98995099620282,0
clamp_frozen,6,55,6,6,1,0,112.88357734680176,13234.744369983673,6530.506235837876,117.04567889609139,500325.0417657965,148.91799961184566,0
clamp_frozen,6,54,6,6,1,0,113.19944381713867,13336.41767501831,6442.482062107705,118.12480915400099,513696.70446303504,148.91799961184566,0
clamp_frozen,6,53,6,6,1,0,113.5232424736023,13404.136300086975,6356.566968560885,117.11519537447975,526992.0011848754,148.91799961184566,0
clamp_frozen,6,52,6,6,1,0,113.79460096359253,13466.458320617676,6269.469409567322,123.1974859217316,541011.2099350566,148.91799961184566,0
clamp_frozen,6,51,6,6,1,0,114.31835651397705,13491.74678325653,6177.40541441756,131.5065778275548,556044.8257830801,150.72146896463957,0
clamp_frozen,6,50,6,6,1,0,114.89030361175537,13553.003072738647,6079.116159208037,125.51734813908794,570465.5520193223,154.00250483209075,0
clamp_frozen,6,49,6,6,1,0,115.508713722229,13613.616228103638,5983.634815920118,108.67280558508705,583018.2080090416,155.30382457501017,0
clamp_frozen,6,48,6,6,1,0,115.93238830566406,13671.789169311523,5904.168796634369,122.51715970246221,597221.9149417746,155.30382457501017,0
clamp_frozen,6,47,6,6,1,0,116.29626989364624,13735.769987106323,5813.870211254424,105.44151119940804,609484.3693862149,156.4916823109558,0
clamp_frozen,6,46,6,6,1,0,116.58835649490356,13795.520663261414,5735.579639939772,119.61913363903946,623430.5675825347,156.4916823109558,0
clamp_frozen,6,45,6,6,1,0,116.75225257873535,13874.911367893219,5648.485646795683,133.1547877464281,638976.6889935737,156.83230445638512,0
clamp_frozen,6,44,6,6,1,0,116.87831163406372,13923.587799072266,5546.941360730644,135.9205552437127,654862.8540068233,158.05947025224935,0
clamp_frozen,6,43,6,6,1,0,116.97288513183594,13984.639048576355,5445.151727698002,127.04766479454936,669723.9859071041,158.05947025224935,0
clamp_frozen,6,42,6,6,1,0,117.08185195922852,14033.82658958435,5350.534131770568,129.6759334858869,684906.6843541735,158.05947025224935,0
clamp_frozen,6,41,6,6,1,0,117.18837022781372,14082.690477371216,5253.267188783498,131.09766471700493,700269.8060230317,161.03342439189663,0
clamp_frozen,6,40,6,6,1,0,117.30048656463623,14133.358001708984,5154.380107627467,135.87200468490448,716207.6582830836,161.03342439189663,0
clamp_frozen,6,39,6,6,1,0,117.38556385040283,14189.763069152832,5050.402580789638,139.52576559427408,732585.9689490265,161.03342439189663,0
clamp_frozen,6,38,6,6,1,0,117.42167949676514,14231.83798789978,4946.338375913126,114.98636827915223,746087.8614315982,163.78391687365212,0
clamp_frozen,6,37,6,6,1,0,117.42167949676514,14272.289872169495,4858.418540122316,125.27130998030461,760797.4290422455,163.78391687365212,0
clamp_frozen,6,36,6,6,1,0,117.4268102645874,14323.83418083191,4762.467105029941,132.26952734383372,776329.4177334366,164.22056879945856,0
clamp_frozen,6,35,6,6,1,0,117.42866277694702,14360.528588294983,4661.198869503928,137.22885810784678,792444.0190354484,164.22056879945856,0
clamp_frozen,6,34,6,6,1,0,117.42866277694702,14392.434656620026,4555.525631800039,133.65439801681296,808138.8762688206,164.22056879945856,0
clamp_frozen,6,33,6,6,1,0,117.432701587677,14422.463774681091,4453.998143828633,143.66419307738028,825009.750583311,164.22056879945856,0
clamp_frozen,6,32,6,6,1,0,117.47884750366211,14410.614967346191,4343.432566475203,142.17302184551158,841712.0733358347,164.22056879945856,0
clamp_frozen,6,31,6,6,1,0,117.51662015914917,14400.463998317719,4233.57362940612,144.05088241873153,858640.446168627,168.70102037223506,0
clamp_frozen,6,30,6,6,1,0,117.5418472290039,14388.683438301086,4122.236243741635,145.05087214011192,875689.9936221538,169.5313551099291,0
clamp_frozen,6,29,6,6,1,0,117.5558066368103,14373.449087142944,4009.9143003121226,137.61014509395977,891866.8652300828,181.5204308117816,0
clamp_frozen,6,28,6,6,1,0,117.64642715454102,14383.00997018814,3903.9094266624243,142.23823932163583,908600.6858910258,181.5204308117816,0
clamp_frozen,6,27,6,6,1,0,117.81599044799805,14419.021010398865,3793.583230974348,135.1820689515963,924527.2952353677,181.94116901124866,0
clamp_frozen,6,26,6,6,1,0,118.03327560424805,14473.263621330261,3686.134627125196,136.9739049436055,940694.7739081663,181.94116901124866,0
clamp_frozen,6,25,6,6,1,0,118.34015607833862,14534.147679805756,3579.6232463624865,167.0123369660691,960459.039931739,184.81972965388394,0
clamp_frozen,6,24,6,6,1,0,118.6436653137207,14600.398540496826,3449.9206220704846,154.42677270950523,978780.7982685636,189.05835539811233,0
clamp_frozen,6,23,6,6,1,0,118.86027812957764,14662.561416625977,3328.1752264687702,147.03402247730844,996257.3030747271,191.03935136353707,0
clamp_frozen,6,22,6,6,1,0,118.95012855529785,14720.868468284607,3214.3505389319016,136.06676494583638,1012442.4622571378,192.1968114158716,0
clamp_frozen,6,21,6,6,1,0,119.05165672302246,14780.305027961731,3107.2352282625316,151.62332797017731,1030493.4706498455,192.1968114158716,0
clamp_frozen,6,20,6,6,1,0,119.0891981124878,14832.524061203003,2990.1695231743934,149.39300034764918,1048284.5632648657,192.1968114158716,0
clamp_frozen,6,19,6,6,1,0,119.09513473510742,14875.026941299438,2872.6864756376863,159.83464318945914,1067320.091630852,192.1968114158716,0
clamp_frozen,6,18,6,6,1,0,119.09513473510742,14899.765253067017,2745.692658260694,146.26156487678549,1084739.1324064205,198.05584899707483,0
clamp_frozen,6,17,6,6,1,0,119.09513473510742,14914.823174476624,2629.7952678593265,154.8325345521903,1103178.9339702919,198.05584899707483,0
clamp_frozen,6,16,6,6,1,0,119.09513473510742,14935.719966888428,2504.9424233901273,179.12563853906875,1124511.9260266144,200.3541206575088,0
clamp_frozen,6,15,6,6,1,0,119.09513473510742,14953.494668006897,2361.2264633101613,156.88324437773602,1143195.9571534616,200.70846228702368,0
clamp_frozen,6,14,6,6,1,0,119.09513473510742,14962.732791900635,2234.6492340375735,156.21039891369415,1161799.855659113,202.16814556654086,0
clamp_frozen,6,13,6,6,1,0,119.09513473510742,14968.710839748383,2108.249140803675,159.8344605211986,1180835.3622701983,202.16814556654086,0
clamp_frozen,6,12,6,6,1,0,119.09513473510742,14974.732995033264,1979.1381082030302,150.43031026465258,1198750.880339411,202.47826441075347,0
clamp_frozen,6,11,6,6,1,0,119.09513473510742,14979.888200759888,1857.0742982534184,164.54915413167492,1218347.8840212708,202.47826441075347,0
clamp_frozen,6,10,6,6,1,0,119.09513473510742,14985.078573226929,1723.1801763417188,169.4589726271799,1238529.6231983777,203.1428722162761,0
clamp_frozen,6,9,6,6,1,0,119.09513473510742,14988.895058631897,1583.97528679875,156.31644296537746,1257146.151034652,203.1428722162761,0
clamp_frozen,6,8,6,6,1,0,119.09513473510742,14991.51587486267,1454.4927517187298,148.38485056008878,1274818.0648047547,203.1428722162761,0
clamp_frozen,6,7,6,6,1,0,119.09513473510742,14991.984367370605,1331.5310493184497,172.25385903711992,1295332.6613554226,203.1428722162761,0
clamp_frozen,6,6,6,6,1,0,119.09513473510742,14990.367889404297,1189.4309212875887,142.54761413432018,1312309.3886669176,203.1428722162761,0
clamp_frozen,6,5,6,6,1,0,119.09513473510742,14986.290335655212,1070.4623522280726,152.05694459428543,1330418.6309707828,184.9018914663731,0
clamp_frozen,6,4,6,6,1,0,119.09513473510742,14978.803992271423,943.2564340228437,135.89213431380594,1346602.7230163268,181.28225725981625,0
clamp_frozen,6,3,6,6,1,0,119.09513473510742,14968.937933444977,828.6725301167371,128.90195380623103,1361954.3185724984,172.60185591989207,0
clamp_frozen,6,2,6,6,1,0,119.09513473510742,14955.235123634338,720.2976912992981,119.57372724403827,1376194.9677294062,163.29379014865918,0
clamp_frozen,6,1,6,6,1,0,119.09513473510742,14930.866360664368,618.2716981156627,104.16937984326958,1388601.0340571129,155.83380272156026,0
clamp_frozen,7,100,6,12,1,1,102.65682935714722,11351.436078548431,10000.0,113.2241539298409,11623.232649083046,119.21816460837967,0
clamp_frozen,7,99,6,12,1,1,102.65682935714722,10857.09199309349,9919.684555871047,111.77989049136485,23098.20179281569,119.21816460837967,0
clamp_frozen,7,98,6,12,1,1,102.65682935714722,11097.824722528458,9840.415945013956,117.12815531293177,35122.20684569277,119.21816460837967,0
clamp_frozen,7,97,6,12,1,1,102.96871185302734,11160.65576672554,9754.659220712545,112.25841562269271,46681.311297023196,120.48841230422327,0
clamp_frozen,7,96,6,12,1,1,103.22581768035889,11246.220618486404,9674.451820362377,120.76171612848287,59147.03818886922,120.48841230422327,0
clamp_frozen,7,95,6,12,1,1,103.52461338043213,11322.844922542572,9586.93090297137,117.25047718364951,71285.34850797772,121.5480831964681,0
clamp_frozen,7,94,6,12,1,1,103.66995811462402,11310.29337644577,9503.322932512592,116.42745620228729,83355.37801586106,121.5480831964681,0
clamp_frozen,7,93,6,12,1,1,103.66995811462402,11303.665339946747,9418.382373277676,106.86113373839765,94433.66727460198,122.03586911981081,0
clamp_frozen,7,92,6,12,1,1,103.66995811462402,11301.332116127014,9341.502930884872,102.40506819827156,105049.99640544201,123.03316904179233,0
clamp_frozen,7,91,6,12,1,1,103.66995811462402,11226.097792387009,9268.591289389926,104.25753229791613,115858.37041190104,123.03316904179233,0
clamp_frozen,7,90,6,12,1,1,103.66995811462402,11183.425337076187,9193.181965061429,108.85184074870037,127143.03618301853,124.47314745072495,0
clamp_frozen,7,89,6,12,1,1,103.66995811462402,11169.414520263672,9113.83072978637,120.50098805133638,139635.3685670714,124.47314745072495,0
clamp_frozen,7,88,6,12,1,1,103.66995811462402,11168.314516544342,9026.408741625026,100.75194201143157,150080.31817536353,124.74048774082162,0
clamp_frozen,7,87,6,12,1,1,103.66995811462402,11186.07446551323,8953.57024252103,120.49801213478709,162572.34204627236,126.45503592053535,0
clamp_frozen,7,86,6,12,1,1,104.55446004867554,11423.655599355698,8865.594880679877,108.62799088306873,173929.88297922406,126.45503592053535,0
clamp_frozen,7,85,6,12,1,1,106.71695470809937,11601.585149765015,8786.805961000011,112.33171828813043,185917.58187206145,127.85690711176491,0
clamp_frozen,7,84,6,12,1,1,108.27568531036377,11795.57979106903,8705.59517576148,126.20245378128932,199582.23904308007,130.6942817674587,0
clamp_frozen,7,83,6,12,1,1,108.8946795463562,11896.035075187683,8614.241060585848,116.4843030695418,212266.75989801847,130.6942817674587,0
clamp_frozen,7,82,6,12,1,1,109.75547790527344,12028.602659702301,8527.951437718724,111.04197004116389,224454.22438742948,130.6942817674587,0
clamp_frozen,7,81,6,12,1,1,110.4604434967041,12149.70588684082,8446.620220536111,115.4858363167072,237210.84108456073,131.0525347945274,0
clamp_frozen,7,80,6,12,1,1,110.9414792060852,12158.475667238235,8361.736527696523,107.21344276764152,249105.25901597983,131.0525347945274,0
clamp_frozen,7,79,6,12,1,1,111.27402782440186,12177.110016345978,8282.821968294964,127.34694656107308,263275.6666909693,134.69965047598188,0
clamp_frozen,7,78,6,12,1,1,111.59116268157959,12199.6209025383,8190.996284629638,123.99836266912548,277112.7881518292,134.69965047598188,0
clamp_frozen,7,77,6,12,1,1,111.96950435638428,12213.637083768845,8099.44599806192,112.67097881331078,289728.5018049043,136.04655404778723,0
clamp_frozen,7,76,6,12,1,1,112.26004600524902,12251.606434583664,8014.266835278734,123.42121250916206,303583.7727992065,137.5612169999776,0
clamp_frozen,7,75,6,12,1,1,112.44108200073242,12324.956059455872,7924.483365040285,117.62042226034208,316809.1403435424,137.5612169999776,0
clamp_frozen,7,74,6,12,1,1,113.06097030639648,12310.872077941895,7836.811560249831,115.13372638709582,329826.2711638586,137.5612169999776,0
clamp_frozen,7,73,6,12,1,1,113.64673376083374,12303.848713636398,7750.772188052832,115.13954533987899,342911.50441844325,138.32368132308972,0
clamp_frozen,7,72,6,12,1,1,114.174063205719,12372.119724750519,7664.633743177301,126.30455883328447,357332.2091018451,138.32368132308972,0
clamp_frozen,7,71,6,12,1,1,114.71344947814941,12390.575408935547,7571.605585514591,115.52616824485953,370584.614366206,138.32368132308972,0
clamp_frozen,7,70,6,12,1,1,115.39792537689209,12440.786212682724,7486.164589248356,116.32773883782338,384008.5940918757,138.32368132308972,0
clamp_frozen,7,69,6,12,1,1,116.0398006439209,12479.975372552872,7400.83456538606,111.7412154489887,396975.0224562858,141.44513027967048,0
clamp_frozen,7,68,6,12,1,1,116.4473009109497,12556.63126707077,7317.684545895203,122.8610191797013,411281.8565269304,144.11442869521588,0
clamp_frozen,7,67,6,12,1,1,116.5680980682373,12685.876786708832,7224.643920905517,106.11093424815577,423651.00631648174,144.11442869521588,0
clamp_frozen,7,66,6,12,1,1,116.66971206665039,12761.141955852509,7146.0715404436905,121.69677255355573,437849.3337297457,145.6585852960098,0
clamp_frozen,7,65,6,12,1,1,116.76723003387451,12872.907519340515,7057.288600738222,112.64573430358773,451002.66409950744,145.6585852960098,0
clamp_frozen,7,64,6,12,1,1,116.83089256286621,12953.218817710876,6972.89641051542,127.65799408471145,465917.0614912094,145.6585852960098,0
clamp_frozen,7,63,6,12,1,1,116.87386989593506,13048.097789287567,6876.212205800655,114.90816646222979,479346.8235882965,147.36536096010775,0
clamp_frozen,7,62,6,12,1,1,116.91273212432861,13129.604458808899,6790.172157356186,115.46574136733877,492846.23887831316,147.36536096010775,0
clamp_frozen,7,61,6,12,1,1,116.94953441619873,13223.216533660889,6701.648964474363,134.34954555867617,508558.3556804282,147.3781006109956,0
clamp_frozen,7,60,6,12,1,1,116.96091175079346,13249.000310897827,6600.678701210654,140.7573703685153,525021.4660543739,172.95101534140753,0
clamp_frozen,7,59,6,12,1,1,116.97653293609619,13302.31487751007,6494.499460386476,141.18541975357022,541536.8469582739,173.18520571918685,0
clamp_frozen,7,58,6,12,1,1,117.08688974380493,13383.33249092102,6389.16750469137,142.43409408804538,558214.0120285196,179.28794627762093,0
clamp_frozen,7,57,6,12,1,1,117.20227479934692,13467.877209186554,6281.831843747741,151.60704224620451,575982.7022553755,179.28794627762093,0
clamp_frozen,7,56,6,12,1,1,117.32075691223145,13536.348938941956,6165.910751993535,143.58881793416347,592828.6510595441,179.28794627762093,0
clamp_frozen,7,55,6,12,1,1,117.44833469390869,13588.80341053009,6055.939947466404,140.7851333082531,609363.6305162583,181.50830068228348,0
clamp_frozen,7,54,6,12,1,1,117.5341796875,13654.92433309555,5947.493273429114,143.2739142896792,626203.212502913,181.50830068228348,0
clamp_frozen,7,53,6,12,1,1,117.61540412902832,13742.8617477417,5837.5420934286885,132.81304988819625,641824.0730391219,181.50830068228348,0
clamp_frozen,7,52,6,12,1,1,117.70701885223389,13816.82574748993,5735.738940907636,131.19291232335948,657266.399643247,181.50830068228348,0
clamp_frozen,7,51,6,12,1,1,117.80331611633301,13888.380527496338,5637.973329432972,148.97199601457837,674815.7947822335,183.74050410317923,0
clamp_frozen,7,50,6,12,1,1,117.9044771194458,13949.309289455414,5525.118218370907,153.0853434664559,692865.2421582968,192.542564800098,0
clamp_frozen,7,49,6,12,1,1,117.91743755340576,13975.06296634674,5404.841470746722,145.08907180554516,709973.7737226087,193.30528083385084,0
clamp_frozen,7,48,6,12,1,1,117.940673828125,14017.364978790283,5294.1925490175045,156.24576293081708,728401.5042854587,193.30528083385084,0
clamp_frozen,7,47,6,12,1,1,117.940673828125,14071.995913982391,5173.286530359365,153.1912828350534,746468.9874076198,197.01820323067741,0
clamp_frozen,7,46,6,12,1,1,117.96285629272461,14127.734005451202,5055.488706863973,160.16979081144012,765363.0734235455,197.01820323067741,0
clamp_frozen,7,45,6,12,1,1,118.0006217956543,14177.434742450714,4931.10741830196,146.65395701742392,782668.3315403947,197.01820323067741,0
clamp_frozen,7,44,6,12,1,1,118.0006217956543,14295.669198036194,4817.792916499086,155.20565846330524,800982.6957452687,197.60821190962048,0
clamp_frozen,7,43,6,12,1,1,118.0006217956543,14429.5135140419,4699.03713537051,157.00207647940834,819509.0383930478,197.60821190962048,0
clamp_frozen,7,42,6,12,1,1,118.0006217956543,14572.160243988037,4578.407138097719,165.37070705114166,839022.8846518694,197.60821190962048,0
clamp_frozen,7,41,6,12,1,1,118.02068710327148,14680.314660072327,4449.5820473200065,158.26022416686638,857700.8650491608,201.0148893750271,0
clamp_frozen,7,40,6,12,1,1,118.11357021331787,14762.437045574188,4327.164139741712,156.37284303260301,876170.6198241482,201.0148893750271,0
clamp_frozen,7,39,6,12,1,1,118.17527770996094,14818.697571754456,4208.044890665465,153.71560968147693,894336.0046866128,201.0148893750271,0
clamp_frozen,7,38,6,12,1,1,118.27425479888916,14859.278798103333,4087.4440512256697,145.49108523424746,911543.8543725751,208.16928401824555,0
clamp_frozen,7,37,6,12,1,1,118.40192794799805,14887.996912002563,3972.516702211069,148.57214730785506,929135.0830531991,208.16928401824555,0
clamp_frozen,7,36,6,12,1,1,118.54020118713379,14904.649257659912,3855.0522688595365,155.4308074262206,947559.882236182,208.605935944052,0
clamp_frozen,7,35,6,12,1,1,118.62390995025635,14917.368292808533,3731.913947173779,163.03284761139878,966899.4760701704,208.605935944052,0
clamp_frozen,7,34,6,12,1,1,118.7573504447937,14910.712838172913,3605.762061534567,171.6443901961184,987283.5090685737,208.605935944052,0
clamp_frozen,7,33,6,12,1,1,118.85581970214844,14906.701445579529,3468.3994947794326,160.8782656925427,1006404.8272097209,208.605935944052,0
clamp_frozen,7,32,6,12,1,1,118.91923666000366,14904.0687084198,3341.604290458584,163.43027025558987,1025839.8301956537,208.605935944052,0
clamp_frozen,7,31,6,12,1,1,119.02276754379272,14903.84042263031,3213.523431623279,174.59285411890303,1046620.3548862552,213.0863875168285,0
clamp_frozen,7,30,6,12,1,1,119.09180641174316,14902.537763118744,3075.7538345260637,173.46829987016338,1067279.008072967,214.84826275598544,0
clamp_frozen,7,29,6,12,1,1,119.1873836517334,14899.476766586304,2938.9528350876644,168.61054647742185,1087375.2579636998,225.55221352890493,0
clamp_frozen,7,28,6,12,1,1,119.25934553146362,14896.729588508606,2806.40451854205,183.80441234086953,1109295.651885267,225.55221352890493,0
clamp_frozen,7,27,6,12,1,1,119.28022861480713,14890.5611038208,2659.842963688473,181.418602637173,1130935.304282808,225.97295172837198,0
clamp_frozen,7,26,6,12,1,1,119.33045864105225,14877.777695655823,2514.624974511301,171.24293259449763,1151369.8019683482,225.97295172837198,0
clamp_frozen,7,25,6,12,1,1,119.37730312347412,14863.530695438385,2377.7117834961737,174.85114577767547,1172243.0601993366,230.19559885154544,0
clamp_frozen,7,24,6,12,1,1,119.42156314849854,14851.148128509521,2237.1310176759325,177.46435290993625,1193436.130626978,233.6670386321828,0
clamp_frozen,7,23,6,12,1,1,119.4432020187378,14865.732192993164,2094.546484444295,171.53912028842788,1213925.3124257051,235.30679756566138,0
clamp_frozen,7,22,6,12,1,1,119.44924354553223,14884.982109069824,1957.0872083012919,195.7829143314199,1237311.433441733,238.1271749969102,0
clamp_frozen,7,21,6,12,1,1,119.44924354553223,14908.463656902313,1799.5931047486138,174.1177036400285,1258109.6614294196,238.1271749969102,0
clamp_frozen,7,20,6,12,1,1,119.44924354553223,14906.761348247528,1657.8373954880171,193.80863153746873,1281259.9558591652,238.1271749969102,0
clamp_frozen,7,19,6,12,1,1,119.44924354553223,14901.10993385315,1502.3469690751263,185.5041839280793,1303418.2903039055,238.1271749969102,0
clamp_frozen,7,18,6,12,1,1,119.44924354553223,14881.97237253189,1351.8860972931143,173.08420291947024,1324093.0674123177,244.15619931843952,0
clamp_frozen,7,17,6,12,1,1,119.44924354553223,14822.324514389038,1209.415305067425,188.74668328299376,1346638.7159521994,244.15619931843952,0
clamp_frozen,7,16,6,12,1,1,119.44924354553223,14669.95894908905,1054.4978239497432,184.94332164319755,1368730.0558212774,246.45447097887347,0
clamp_frozen,7,15,6,12,1,1,119.44924354553223,14336.59702539444,901.7892930770759,188.11542547858522,1391200.3010939404,249.0993376403336,0
clamp_frozen,7,14,6,12,1,1,119.44924354553223,13407.278656959534,746.7762345468236,183.90968331219946,1413168.173646281,251.01425215790965,0
clamp_frozen,7,13,6,12,1,1,119.44924354553223,11200.063228607178,596.1756036831557,204.01133681618253,1437537.173503687,251.46554524240713,0
clamp_frozen,7,12,6,12,1,1,119.44924354553223,10343.829095363617,427.512167778028,0.0,1437537.173503687,252.18470229434556,0
clamp_frozen,7,11,6,12,1,1,119.44924354553223,10222.601294517517,427.512167778028,0.0,1437537.173503687,252.18470229434556,0
clamp_frozen,7,10,6,12,1,1,119.44924354553223,10306.724607944489,427.512167778028,0.0,1437537.173503687,253.3217479726484,0
clamp_frozen,7,9,6,12,1,1,119.44924354553223,10491.894036531448,427.512167778028,0.0,1437537.173503687,253.3217479726484,0
clamp_frozen,7,8,6,12,1,1,119.44924354553223,10697.808861732483,427.512167778028,0.0,1437537.173503687,253.3217479726484,0
clamp_frozen,7,7,6,12,1,1,119.44924354553223,11000.454127788544,427.512167778028,182.9277709900034,1459387.7573719132,253.3217479726484,0
clamp_frozen,7,6,6,12,1,1,119.44924354553223,10894.01125907898,272.7441502574038,0.0,1459387.7573719132,253.3217479726484,0
clamp_frozen,7,5,6,12,1,1,119.44924354553223,10785.326212644577,272.7441502574038,0.0,1459387.7573719132,227.42353435458372,0
clamp_frozen,7,4,6,12,1,1,119.44924354553223,11055.966168642044,272.7441502574038,125.6296838500748,1474394.128074669,223.80390014802688,0
clamp_frozen,7,3,6,12,1,1,119.44924354553223,10838.659554719925,163.92734611855667,0.0,1474394.128074669,212.94074769604768,0
clamp_frozen,7,2,6,12,1,1,119.44924354553223,10798.82100224495,163.92734611855667,0.0,1474394.128074669,199.91705650403023,0
clamp_frozen,7,1,6,12,1,1,119.44924354553223,11062.460094690323,163.92734611855667,73.12353237113894,1483128.6787017789,192.4570690769313,0
clamp_frozen,8,100,1,12,0,1,81.66937232017517,10350.453555583954,10000.0,92.76940801652036,7576.419323223445,78.34826956228913,0
clamp_frozen,8,99,1,12,0,1,86.0078775882721,10523.016303777695,9940.65053660417,89.99219493516354,15316.45700910691,78.34826956228913,0
clamp_frozen,8,98,1,12,0,1,87.06894993782043,10663.580447435379,9881.428277051577,100.06123802000315,24028.6839329869,78.34826956228913,0
clamp_frozen,8,97,1,12,0,1,87.67858386039734,10842.808187007904,9813.180720776836,103.46209603743345,33100.09399677749,80.43164846582134,0
clamp_frozen,8,96,1,12,0,1,88.0168104171753,10944.297015666962,9742.756023593734,91.95335549831083,41193.53505489544,80.43164846582134,0
clamp_frozen,8,95,1,12,0,1,88.27741026878357,10945.079922676086,9679.988851646374,104.16887829830128,50389.29386167356,80.76388620962199,0
clamp_frozen,8,94,1,12,0,1,88.35926175117493,10969.780534505844,9610.697392030885,97.48443467055655,59002.94654139458,80.76388620962199,0
clamp_frozen,8,93,1,12,0,1,88.59102606773376,10973.833352327347,9545.037297174667,104.38490335109908,68250.51223524967,81.2516721329647,0
clamp_frozen,8,92,1,12,0,1,88.64638209342957,11021.920442581177,9475.665309305597,90.3981376531048,76263.98008618124,81.68189079408234,0
clamp_frozen,8,91,1,12,0,1,88.64638209342957,11059.759259223938,9414.18222843619,96.17801164044944,84789.81285504684,81.68189079408234,0
clamp_frozen,8,90,1,12,0,1,88.64638209342957,11106.086522340775,9351.088130211401,96.99437136218054,93388.0129597307,82.82831677780638,0
clamp_frozen,8,89,1,12,0,1,88.64638209342957,11153.695434331894,9285.51296992918,92.19514671066896,101560.77916220445,82.82831677780638,0
clamp_frozen,8,88,1,12,0,1,88.64638209342957,11242.33290553093,9223.142791660928,97.83585052328809,110233.5733501275,82.82831677780638,0
clamp_frozen,8,87,1,12,0,1,88.64638209342957,11330.70558309555,9158.933304930228,108.50380942663726,119852.04349915385,84.56293398444693,0
clamp_frozen,8,86,1,12,0,1,88.64638209342957,11400.420069694519,9086.290064504916,78.45464490631147,126806.76392852307,84.56293398444693,0
clamp_frozen,8,85,1,12,0,1,88.64638209342957,11449.00530576706,9032.934548286426,111.26937938008132,136670.39184834852,84.8282916403851,0
clamp_frozen,8,84,1,12,0,1,88.64638209342957,11511.832177639008,8957.760362328936,112.01974100713136,146600.5366116737,87.66566629607894,0
clamp_frozen,8,83,1,12,0,1,88.64638209342957,11560.255885124207,8879.213383268368,92.70768070299499,154818.73709826707,87.66566629607894,0
clamp_frozen,8,82,1,12,0,1,88.64638209342957,11568.733155727386,8818.759668196768,90.13513662829043,162808.89085986197,87.66566629607894,0
clamp_frozen,8,81,1,12,0,1,88.64638209342957,11562.052965164185,8755.770238204666,93.48242129378596,171095.7692968899,88.02391932314761,0
clamp_frozen,8,80,1,12,0,1,88.64638209342957,11576.766967773438,8693.450005306411,90.89137933586522,179152.96123849586,88.02391932314761,0
clamp_frozen,8,79,1,12,0,1,88.64638209342957,11606.072187423706,8631.038407779472,101.89167623316685,188185.28970200117,89.41124357506565,0
clamp_frozen,8,78,1,12,0,1,88.64638209342957,11769.91030573845,8559.915069608654,111.42486934381328,198062.7012445633,89.85798532780689,0
clamp_frozen,8,77,1,12,0,1,88.64638209342957,11996.880769729614,8484.483934179638,102.25839999034466,207127.53844237013,91.10061121112462,0
clamp_frozen,8,76,1,12,0,1,88.64638209342957,12110.884189605713,8415.422728795798,104.08759495657206,216354.52715607654,91.10061121112462,0
clamp_frozen,8,75,1,12,0,1,88.64638209342957,12255.824357271194,8345.046390109843,93.9104571364568,224679.34942196353,91.10061121112462,0
clamp_frozen,8,74,1,12,0,1,88.64638209342957,12422.126531600952,8277.793638866477,104.33831114949841,233928.5632191051,91.10061121112462,0
clamp_frozen,8,73,1,12,0,1,88.64638209342957,12638.453543186188,8204.728518554115,124.38398707131702,244954.75366333328,91.59938678561403,0
clamp_frozen,8,72,1,12,0,1,88.64638209342957,12882.797122001648,8117.290826834201,105.30334584188141,254289.51429454924,91.59938678561403,0
clamp_frozen,8,71,1,12,0,1,88.64638209342957,12924.838066101074,8044.0784914388005,100.26055092029772,263177.2494003277,93.48039800843478,0
clamp_frozen,8,70,1,12,0,1,88.64638209342957,12876.893281936646,7973.032378026904,103.57425717370025,272358.7325767907,93.48039800843478,0
clamp_frozen,8,69,1,12,0,1,88.64638209342957,12819.297313690186,7898.744311007777,105.31537685192406,281694.5597135199,93.48039800843478,0
clamp_frozen,8,68,1,12,0,1,88.64638209342957,12759.29570198059,7825.721868618339,104.71842598148206,290977.46931529685,95.11469441166237,0
clamp_frozen,8,67,1,12,0,1,88.64638209342957,12687.26497888565,7751.75891538326,110.90798044157104,300809.06052673096,95.11469441166237,0
clamp_frozen,8,66,1,12,0,1,88.64638209342957,12610.589265823364,7672.346198404277,104.98569490513228,310115.6625516355,96.29318018780998,0
clamp_frozen,8,65,1,12,0,1,88.64638209342957,12538.643479347229,7598.386812226956,124.91618576263535,321189.03048440395,96.29318018780998,0
clamp_frozen,8,64,1,12,0,1,88.64638209342957,12332.464009523392,7511.05693487102,113.67339423843028,331265.7656239209,96.29318018780998,0
clamp_frozen,8,63,1,12,0,1,88.64638209342957,12096.453756093979,7429.033229974855,113.84005812542372,341357.2749140454,96.29318018780998,0
clamp_frozen,8,62,1,12,0,1,88.64638209342957,11911.353766918182,7349.751385777907,93.04499458478224,349605.3770558891,96.29318018780998,0
clamp_frozen,8,61,1,12,0,1,88.64638209342957,11876.40130519867,7281.565881916345,141.47758365263726,362146.85299401596,96.40873891602581,0
clamp_frozen,8,60,1,12,0,1,88.64638209342957,11900.955140590668,7179.497460540407,134.4905264882041,374068.95159303583,121.48371342624034,0
clamp_frozen,8,59,1,12,0,1,88.64638209342957,11911.103129386902,7081.472952018896,142.45734976285496,386697.2802521312,121.717787817549,0
clamp_frozen,8,58,1,12,0,1,88.64638209342957,11898.281276226044,6980.393965183495,131.08649735152466,398317.62398364383,121.717787817549,0
clamp_frozen,8,57,1,12,0,1,88.64638209342957,11884.21219587326,6886.724163630579,134.40879462186223,410232.47734841076,121.717787817549,0
clamp_frozen,8,56,1,12,0,1,88.64638209342957,11863.986253738403,6791.481172357491,129.6461660029631,421725.14091685764,121.717787817549,0
clamp_frozen,8,55,1,12,0,1,88.64638209342957,11852.619647979736,6699.884907846637,143.9052848208052,434481.82378034655,125.52438207732914,0
clamp_frozen,8,54,1,12,0,1,88.64638209342957,11834.730505943298,6599.430912426762,143.217424618635,447177.530325527,125.52438207732914,0
clamp_frozen,8,53,1,12,0,1,88.64638209342957,11805.414259433746,6495.889835011008,140.45770661912616,459628.5978544529,125.52438207732914,0
clamp_frozen,8,52,1,12,0,1,88.64638209342957,11756.598204374313,6396.354237840257,139.99028167466753,472038.2298531523,125.77567823347204,0
clamp_frozen,8,51,1,12,0,1,88.64638209342957,11717.12651848793,6294.338655825529,132.67523481315314,483799.40941273456,127.57061847614774,0
clamp_frozen,8,50,1,12,0,1,88.64638209342957,11685.485541820526,6199.443705938862,141.58998492393502,496350.8493169046,127.57061847614774,0
clamp_frozen,8,49,1,12,0,1,88.64638209342957,11660.656332969666,6097.218641971305,144.38866508797162,509150.3820922532,127.56529444817109,0
clamp_frozen,8,48,1,12,0,1,88.64638209342957,11603.628098964691,5995.029009281077,161.26594168117913,523446.02437717974,127.56529444817109,0
clamp_frozen,8,47,1,12,0,1,88.64638209342957,11622.077822685242,5878.097537736105,137.9008371104763,535670.4346746788,127.56529444817109,0
clamp_frozen,8,46,1,12,0,1,88.64638209342957,11565.456688404083,5779.73682478545,149.41782273031006,548915.7840799983,130.8145259896823,0
clamp_frozen,8,45,1,12,0,1,88.64638209342957,11575.896441936493,5670.213527839369,138.37651089108272,561182.3611372048,130.8145259896823,0
clamp_frozen,8,44,1,12,0,1,88.64638209342957,11523.569971323013,5568.4298609690595,138.12741474445505,573426.8567222194,131.2339851260106,0
clamp_frozen,8,43,1,12,0,1,88.64638209342957,11525.476276874542,5469.142989797251,155.9385615082834,587250.2460287825,131.2339851260106,0
clamp_frozen,8,42,1,12,0,1,88.64638209342957,11494.2666888237,5352.266284349967,151.77457762440758,600704.5132289446,131.2339851260106,0
clamp_frozen,8,41,1,12,0,1,88.64638209342957,11469.175815582275,5241.80202451687,162.59543378649772,615118.0101790294,134.1721664575167,0
clamp_frozen,8,40,1,12,0,1,88.64638209342957,11500.185132026672,5124.765695133789,154.67561524312558,628829.4438684079,134.1721664575167,0
clamp_frozen,8,39,1,12,0,1,88.64638209342957,11537.693440914154,5010.7061255349445,161.74557900317762,643167.6042666466,134.1721664575167,0
clamp_frozen,8,38,1,12,0,1,88.64638209342957,11549.06153678894,4891.055086418844,151.53985024631146,656601.0637339621,135.24479254111014,0
clamp_frozen,8,37,1,12,0,1,88.64638209342957,11621.097177267075,4778.156879334571,144.80947815268922,669437.9000650356,135.24479254111014,0
clamp_frozen,8,36,1,12,0,1,88.64638209342957,11729.932725429535,4669.710067303159,148.44058497212606,682596.6208786468,135.3776796692217,0
clamp_frozen,8,35,1,12,0,1,88.64638209342957,11907.577514648438,4561.353922922716,150.88082592500203,695971.6602241668,135.3776796692217,0
clamp_frozen,8,34,1,12,0,1,88.64638209342957,12053.792923688889,4449.196683602431,159.50668433002477,710111.3507097423,135.3776796692217,0
clamp_frozen,8,33,1,12,0,1,88.64638209342957,12194.260656833649,4330.842690592796,162.31881566859985,724500.326464454,135.3776796692217,0
clamp_frozen,8,32,1,12,0,1,88.64638209342957,12294.4176197052,4207.895533458913,165.72617974262081,739191.3527168027,137.67563429490323,0
clamp_frozen,8,31,1,12,0,1,88.64638209342957,12389.590293169022,4085.8949505479604,174.02069295222893,754617.6575564094,146.59908961842842,0
clamp_frozen,8,30,1,12,0,1,88.64638209342957,12567.94810295105,3954.8310539024515,152.43227935010128,768130.2276350509,146.67867998707746,0
clamp_frozen,8,29,1,12,0,1,88.64638209342957,12792.47760772705,3842.052181885948,170.4991211539748,783244.3578754601,149.0471367442043,0
clamp_frozen,8,28,1,12,0,1,88.64638209342957,13118.841052055359,3716.399639676495,164.3805275009998,797816.0969250331,149.0471367442043,0
clamp_frozen,8,27,1,12,0,1,88.64638209342957,13324.477076530457,3595.649279701229,173.04999753850382,813156.3531280984,149.46787494367135,0
clamp_frozen,8,26,1,12,0,1,88.64638209342957,13546.98359966278,3464.0380704287163,176.59837040756798,828811.1597483247,149.46787494367135,0
clamp_frozen,8,25,1,12,0,1,88.64638209342957,13772.483766078949,3327.0517530528714,173.1447312345472,844159.8137508065,154.18295349612166,0
clamp_frozen,8,24,1,12,0,1,88.64638209342957,14022.853970527649,3195.700528446131,193.13949385930266,861280.9311207898,154.86606328959272,0
clamp_frozen,8,23,1,12,0,1,88.64638209342957,14243.924021720886,3051.1243329280805,186.27276156640784,877793.337516204,155.75897319641388,0
clamp_frozen,8,22,1,12,0,1,88.64638209342957,14391.425251960754,2911.288121171119,182.32950465258045,893956.1884525424,158.80352394212818,0
clamp_frozen,8,21,1,12,0,1,88.64638209342957,14467.203617095947,2767.0902282767174,182.61030653811923,910143.9314601189,158.80352394212818,0
clamp_frozen,8,20,1,12,0,1,88.64638209342957,14533.127546310425,2627.9013126147565,199.5131868115394,927830.0536508923,158.80352394212818,0
clamp_frozen,8,19,1,12,0,1,88.64638209342957,14520.442485809326,2474.7866479449494,184.07095300402415,944147.2776831888,158.80352394212818,0
clamp_frozen,8,18,1,12,0,1,88.64638209342957,14504.315853118896,2331.2900095991426,174.98000342247985,959658.6219252875,163.45135432315968,0
clamp_frozen,8,17,1,12,0,1,88.64638209342957,14451.555013656616,2192.940637639608,198.71035922250962,977273.5763548488,163.45135432315968,0
clamp_frozen,8,16,1,12,0,1,88.64638209342957,14298.223853111267,2036.0141570664146,191.978596514969,994291.7843752751,163.48588367478033,0
clamp_frozen,8,15,1,12,0,1,88.64638209342957,13991.007208824158,1885.7060915512693,197.53232342910601,1011802.3101937745,166.63305223218825,0
clamp_frozen,8,14,1,12,0,1,88.64638209342957,13559.044897556305,1737.7818560989963,189.9530554691723,1028640.9613287091,167.6035577215017,0
clamp_frozen,8,13,1,12,0,1,88.64638209342957,12622.935473918915,1587.0631616692135,176.24752609469883,1044264.6668699215,168.05485080599917,0
clamp_frozen,8,12,1,12,0,1,88.64638209342957,11584.217250347137,1446.3326940067964,191.11172776692646,1061206.030112084,169.09384479432455,0
clamp_frozen,8,11,1,12,0,1,88.64638209342957,11076.449900865555,1293.968706806032,194.6965965436438,1078465.179001582,169.09384479432455,0
clamp_frozen,8,10,1,12,0,1,88.64638209342957,10743.157267570496,1136.8384047525997,197.7829934687982,1095997.9258121995,170.63726322604822,0
clamp_frozen,8,9,1,12,0,1,88.64638209342957,10445.537716150284,979.7204264313477,193.1835973140702,1113122.9527938857,170.84305227950415,0
clamp_frozen,8,8,1,12,0,1,88.64638209342957,10252.623111009598,823.6671813773537,0.0,1113122.9527938857,170.84305227950415,0
clamp_frozen,8,7,1,12,0,1,88.64638209342957,10288.108140230179,823.6671813773537,0.0,1113122.9527938857,170.84305227950415,0
clamp_frozen,8,6,1,12,0,1,88.64638209342957,10483.655035495758,823.6671813773537,184.6492328153181,1129491.439239291,170.84305227950415,0
clamp_frozen,8,5,1,12,0,1,88.64638209342957,10357.307493686676,668.4760368227162,0.0,1129491.439239291,155.39122305741984,0
clamp_frozen,8,4,1,12,0,1,88.64638209342957,10375.075489282608,668.4760368227162,0.0,1129491.439239291,149.0674834074808,0
clamp_frozen,8,3,1,12,0,1,88.64638209342957,10531.324595212936,668.4760368227162,143.27530916063915,1142192.2770396993,142.23678861945825,0
clamp_frozen,8,2,1,12,0,1,88.64638209342957,10422.224700450897,547.0659341917599,0.0,1142192.2770396993,135.31638940994628,0
clamp_frozen,8,1,1,12,0,1,88.64638209342957,10421.442687511444,547.0659341917599,0.0,1142192.2770396993,127.3584148712835,0
clamp_frozen,9,100,4,6,0,0,92.2632086277008,10572.19460606575,10000.0,47.39037606691379,4372.388154006866,55.48941880342484,1
clamp_frozen,9,99,4,6,0,0,92.2632086277008,11112.219393253326,9968.845908168032,69.78876366478836,10811.323415880539,55.48941880342484,1
clamp_frozen,9,98,4,6,0,0,92.2632086277008,11201.716810464859,9923.816649031065,65.54899716539441,16859.084216687894,55.48941880342484,1
clamp_frozen,9,97,4,6,0,0,92.2632086277008,11294.267177581787,9880.92666377643,59.299681644390425,22330.263115800528,56.829019946353895,1
clamp_frozen,9,96,4,6,0,0,92.2632086277008,11524.08391237259,9842.864355784446,47.352130992051755,26699.122656486416,57.148724943126965,1
clamp_frozen,9,95,4,6,0,0,92.2632086277008,11761.116981506348,9811.181429280301,63.23149251416688,32533.063042161895,58.20839583537179,1
clamp_frozen,9,94,4,6,0,0,92.2632086277008,12071.958184242249,9768.063276800796,70.22229640510248,39011.99742570211,58.20839583537179,1
clamp_frozen,9,93,4,6,0,0,92.2632086277008,12426.54800415039,9721.864841226465,59.70851232041016,44520.89635476976,58.20839583537179,1
clamp_frozen,9,92,4,6,0,0,92.2632086277008,12573.51815700531,9681.778078070758,60.91764787262871,50141.354009550916,59.44865838134444,1
clamp_frozen,9,91,4,6,0,0,92.2632086277008,12593.558430671692,9640.709144274027,63.35742344995495,55986.91318742769,59.44865838134444,1
clamp_frozen,9,90,4,6,0,0,92.2632086277008,12614.401578903198,9598.93596909006,54.36295047328885,61002.61342856211,60.89109345881038,1
clamp_frozen,9,89,4,6,0,0,92.2632086277008,12624.517977237701,9561.740001356913,66.08426762510072,67099.75999946559,60.89109345881038,1
clamp_frozen,9,88,4,6,0,0,92.2632086277008,12626.774609088898,9518.50353958133,75.28318185545741,74045.6279131528,61.15843374890705,1
clamp_frozen,9,87,4,6,0,0,92.2632086277008,12622.59989976883,9469.64664264615,74.9372589899051,80959.57987332647,62.95185624470667,1
clamp_frozen,9,86,4,6,0,0,92.2632086277008,12590.670585632324,9421.208765889056,73.89870562282131,87777.71156752188,62.95185624470667,1
clamp_frozen,9,85,4,6,0,0,92.2632086277008,12573.392689228058,9373.26136975099,54.84022657951105,92837.4468336177,63.6293292994672,1
clamp_frozen,9,84,4,6,0,0,92.2632086277008,12558.2954287529,9337.328658288534,57.82545612686591,98172.60895624268,63.6293292994672,1
clamp_frozen,9,83,4,6,0,0,92.2632086277008,12539.10779953003,9298.603798639684,69.71014038685357,104604.29018222126,63.6293292994672,1
clamp_frozen,9,82,4,6,0,0,92.2632086277008,12507.131695747375,9251.892416348988,70.65870782850038,111123.48928396594,63.6293292994672,1
clamp_frozen,9,81,4,6,0,0,92.2632086277008,12481.42883181572,9205.200133406946,70.15331994053955,117596.05967756579,63.98758232653586,1
clamp_frozen,9,80,4,6,0,0,92.2632086277008,12516.610324382782,9157.629379389738,68.97175682480224,123959.61526691157,63.98758232653586,1
clamp_frozen,9,79,4,6,0,0,92.2632086277008,12601.943612098694,9112.267209540953,63.16580841889553,129787.4954272015,64.45289985172099,1
clamp_frozen,9,78,4,6,0,0,92.2632086277008,12634.519338607788,9070.251544694243,65.78818153575816,135857.3241454722,64.89964160446222,1
clamp_frozen,9,77,4,6,0,0,92.2632086277008,12697.845101356506,9024.855802841144,62.35758048127945,141610.63460293514,65.68756414862953,1
clamp_frozen,9,76,4,6,0,0,92.2632086277008,12749.947309494019,8983.914895922277,69.33895740367193,148008.06929589738,65.68756414862953,1
clamp_frozen,9,75,4,6,0,0,92.2632086277008,12779.747545719147,8936.88733969704,69.6413113885099,154433.40013764214,65.68756414862953,1
clamp_frozen,9,74,4,6,0,0,92.2632086277008,12815.942168235779,8890.923788100376,65.15645405672471,160444.94365171893,65.68756414862953,1
clamp_frozen,9,73,4,6,0,0,92.2632086277008,12852.266430854797,8847.373254222812,79.39855893002589,167770.5094590187,65.5279447130899,1
clamp_frozen,9,72,4,6,0,0,92.2632086277008,12882.857024669647,8794.834453361267,72.93668236985849,174499.88180112132,65.5279447130899,1
clamp_frozen,9,71,4,6,0,0,92.2632086277008,12904.146313667297,8746.1713399723,76.26426449166439,181536.2675467539,67.40895593591064,1
clamp_frozen,9,70,4,6,0,0,92.2632086277008,12924.32188987732,8694.293716006303,61.945339972602255,187251.54337215994,67.40895593591064,1
clamp_frozen,9,69,4,6,0,0,92.2632086277008,12951.935529708862,8650.731973682496,76.07977355246817,194270.90739177953,67.40895593591064,1
clamp_frozen,9,68,4,6,0,0,92.2632086277008,12966.974079608917,8599.64417516288,67.41102247759932,200490.4646224369,68.22850945101008,1
clamp_frozen,9,67,4,6,0,0,92.2632086277008,12975.01266002655,8554.104209248135,76.58823963377571,207556.7413541963,68.22850945101008,1
clamp_frozen,9,66,4,6,0,0,92.2632086277008,13047.437965869904,8501.515308349793,76.37867439408839,214603.68292452532,69.84883539218049,1
clamp_frozen,9,65,4,6,0,0,92.2632086277008,13141.878545284271,8449.087458106513,63.45409615369204,220458.1614362356,69.84883539218049,1
clamp_frozen,9,64,4,6,0,0,92.2632086277008,13170.071542263031,8406.399345372341,68.2812447223875,226758.00816341632,69.84883539218049,1
clamp_frozen,9,63,4,6,0,0,92.2632086277008,13214.862644672394,8359.63698521394,79.9976983780603,234138.8524986072,69.84883539218049,1
clamp_frozen,9,62,4,6,0,0,92.2632086277008,13319.08255815506,8306.361158931906,75.03903970885865,241062.19507448794,69.84883539218049,1
clamp_frozen,9,61,4,6,0,0,92.2632086277008,13401.394784450531,8254.319006481384,104.70010764127575,250722.1629491377,69.89345595574414,1
clamp_frozen,9,60,4,6,0,0,92.2632086277008,13481.388688087463,8183.894544750514,101.8828674274915,260122.20320218874,89.10668574861131,1
clamp_frozen,9,59,4,6,0,0,92.2632086277008,13556.264638900757,8113.460244154506,93.8920810844356,268784.987867771,89.10668574861131,1
clamp_frozen,9,58,4,6,0,0,92.2632086277008,13633.653819561005,8046.7473226375605,88.42973770178853,276943.799206244,89.10668574861131,1
clamp_frozen,9,57,4,6,0,0,92.2632086277008,13657.629787921906,7986.052867635481,101.01786239220452,286264.03131926036,89.10668574861131,1
clamp_frozen,9,56,4,6,0,0,92.2632086277008,13678.250312805176,7915.977739405176,98.73937534619458,295374.04290659516,89.10668574861131,1
clamp_frozen,9,55,4,6,0,0,92.2632086277008,13691.925406455994,7846.101209516161,111.67207602513355,305677.2669547905,91.60460794927438,1
clamp_frozen,9,54,4,6,0,0,92.2632086277008,13694.305419921875,7767.513614224014,108.12248113038936,315652.99398866826,91.60460794927438,1
clamp_frozen,9,53,4,6,0,0,92.2632086277008,13684.329986572266,7692.49862310923,91.15243859449714,324063.010447636,91.60460794927438,1
clamp_frozen,9,52,4,6,0,0,92.2632086277008,13671.311140060425,7626.874068043844,94.26841422720337,332760.516816483,91.93538435860836,1
clamp_frozen,9,51,4,6,0,0,92.2632086277008,13700.023889541626,7558.850222232353,100.91174185991896,342070.9579086894,93.26932573131452,1
clamp_frozen,9,50,4,6,0,0,92.2632086277008,13750.362992286682,7488.119910858279,101.9975002090373,351481.57454997976,93.26932573131452,1
clamp_frozen,9,49,4,6,0,0,92.2632086277008,13806.480765342712,7415.655156857067,99.28610009303698,360642.02871669445,94.57064547423397,1
clamp_frozen,9,48,4,6,0,0,92.2632086277008,13848.195374011993,7344.036458399896,107.6309528915213,370572.4057781231,94.57064547423397,1
clamp_frozen,9,47,4,6,0,0,92.2632086277008,13880.278468132019,7268.247576675861,101.42646753624336,379930.33711279026,94.57064547423397,1
clamp_frozen,9,46,4,6,0,0,92.2632086277008,13892.873525619507,7196.567208308811,106.33331380754575,389740.98982869065,96.98299627115883,1
clamp_frozen,9,45,4,6,0,0,92.2632086277008,13895.925283432007,7119.38267224505,114.42942976752863,400298.616180481,97.32361841658812,1
clamp_frozen,9,44,4,6,0,0,92.2632086277008,13890.801072120667,7040.762153739587,119.17328461517562,411293.9258017793,97.85545855988339,1
clamp_frozen,9,43,4,6,0,0,92.2632086277008,13890.318870544434,6959.985973636001,119.26719158260545,422297.8995812052,97.85545855988339,1
clamp_frozen,9,42,4,6,0,0,92.2632086277008,13882.042169570923,6878.203138927451,107.79344026118714,432243.26824872073,97.85545855988339,1
clamp_frozen,9,41,4,6,0,0,92.2632086277008,13858.84165763855,6800.620561359292,107.7254607321483,442182.3649067661,98.63031199072775,1
clamp_frozen,9,40,4,6,0,0,92.2632086277008,13764.885365962982,6725.349182007875,117.65345715123624,453037.4503696809,98.63031199072775,1
clamp_frozen,9,39,4,6,0,0,92.2632086277008,13681.113719940186,6643.981042310015,98.00591952272256,462079.7909693555,98.63031199072775,1
clamp_frozen,9,38,4,6,0,0,92.2632086277008,13613.937199115753,6572.399581327294,102.76788280635033,471561.4855809449,100.36903837561965,1
clamp_frozen,9,37,4,6,0,0,92.2632086277008,13552.919626235962,6498.469493998012,116.50896916727734,482310.9769102238,100.36903837561965,1
clamp_frozen,9,36,4,6,0,0,92.2632086277008,13532.69100189209,6414.944062434302,112.24206112415084,492666.78961252444,100.68255637139985,1
clamp_frozen,9,35,4,6,0,0,92.2632086277008,13528.863787651062,6334.001830262317,111.74323231270135,502976.57876812486,100.68255637139985,1
clamp_frozen,9,34,4,6,0,0,92.2632086277008,13525.0923037529,6251.920563620777,117.50382084773872,513817.85830555175,100.68255637139985,1
clamp_frozen,9,33,4,6,0,0,92.2632086277008,13524.405062198639,6166.523743145033,119.51126614611216,524844.3511873512,100.68255637139985,1
clamp_frozen,9,32,4,6,0,0,92.2632086277008,13517.934679985046,6080.658562605697,111.18446757451187,535102.5869153382,102.64207294651457,1
clamp_frozen,9,31,4,6,0,0,92.2632086277008,13500.791192054749,6001.195323507135,124.47958139201705,546587.4725031987,107.33403298465377,1
clamp_frozen,9,30,4,6,0,0,92.2632086277008,13479.230403900146,5908.35076967015,122.59957173622288,557898.9023679646,108.1643677223478,1
clamp_frozen,9,29,4,6,0,0,92.2632086277008,13472.49984741211,5821.785088847699,117.84995549916741,568772.1173989496,111.5619876042391,1
clamp_frozen,9,28,4,6,0,0,92.2632086277008,13474.587500095367,5734.899254056498,124.75553771191561,580282.4636023251,111.5619876042391,1
clamp_frozen,9,27,4,6,0,0,92.2632086277008,13474.29096698761,5643.2020633300235,130.2898726747863,592303.4253069954,111.98272580370616,1
clamp_frozen,9,26,4,6,0,0,92.2632086277008,13456.757366657257,5546.003999388012,115.3125568085911,602942.5317932201,111.98272580370616,1
clamp_frozen,9,25,4,6,0,0,92.2632086277008,13433.441519737244,5460.356437873343,121.70662520665189,614171.5755460348,115.33123750327402,1
clamp_frozen,9,24,4,6,0,0,92.2632086277008,13393.136262893677,5369.977416086134,138.55087295510862,626954.7236430421,116.78153326033612,1
clamp_frozen,9,23,4,6,0,0,92.2632086277008,13348.82766008377,5264.5179346457335,136.1036539589366,639512.0834632479,117.67444316715728,1
clamp_frozen,9,22,4,6,0,0,92.2632086277008,13296.843469142914,5163.984640031151,127.69359944799105,651293.50466954,119.41683443425565,1
clamp_frozen,9,21,4,6,0,0,92.2632086277008,13251.639604568481,5067.913675026775,122.60013264933649,662604.9862859495,119.41683443425565,1
clamp_frozen,9,20,4,6,0,0,92.2632086277008,13205.588459968567,4976.183517164321,135.34313211394527,675092.1779205049,119.41683443425565,1
clamp_frozen,9,19,4,6,0,0,92.2632086277008,13175.593614578247,4873.189049264536,134.12894733726586,687467.344971697,119.41683443425565,1
clamp_frozen,9,18,4,6,0,0,92.2632086277008,13247.036933898926,4771.5468730012635,147.40563776224897,701067.4620814546,124.90873747636871,1
clamp_frozen,9,17,4,6,0,0,92.2632086277008,13301.391005516052,4659.564911556585,125.0437174910843,712604.3966759178,124.90873747636871,1
clamp_frozen,9,16,4,6,0,0,92.2632086277008,13372.54136800766,4564.355395055338,141.17338571067424,725629.5062144205,126.98521596814824,1
clamp_frozen,9,15,4,6,0,0,92.2632086277008,13278.012871742249,4457.424491324709,140.93679614634144,738632.7872405902,127.33955759766313,1
clamp_frozen,9,14,4,6,0,0,92.2632086277008,13201.379776000977,4351.934447658142,150.56169251431672,752524.0920883784,128.64897873426494,1
clamp_frozen,9,13,4,6,0,0,92.2632086277008,13051.488101482391,4235.664020798351,136.58365434955337,765125.738284765,128.64897873426494,1
clamp_frozen,9,12,4,6,0,0,92.2632086277008,12946.445643901825,4130.004852996448,141.991617967342,778226.3405566707,128.95909757847755,1
clamp_frozen,9,11,4,6,0,0,92.2632086277008,12800.891101360321,4021.2977877770254,120.40702038661371,789335.4785988407,128.95909757847755,1
clamp_frozen,9,10,4,6,0,0,92.2632086277008,12691.537141799927,3931.472644661513,157.9189812192784,803905.5905093489,129.70269371597854,1
clamp_frozen,9,9,4,6,0,0,92.2632086277008,12585.166096687317,3809.7769817415383,139.38917400476114,816766.0829509931,129.70269371597854,1
clamp_frozen,9,8,4,6,0,0,92.2632086277008,12535.544633865356,3699.4403315874206,138.85028860233643,829576.856096327,129.70269371597854,1
clamp_frozen,9,7,4,6,0,0,92.2632086277008,12472.96929359436,3588.189355139859,134.1551288768925,841954.4387403717,129.70269371597854,1
clamp_frozen,9,6,4,6,0,0,92.2632086277008,12569.29636001587,3480.7760963387036,111.48171508631538,852240.0994775543,129.70269371597854,1
clamp_frozen,9,5,4,6,0,0,92.2632086277008,12541.176974773407,3390.7852667965517,126.76927954681558,863936.2399639655,117.28918192833491,1
clamp_frozen,9,4,4,6,0,0,92.2632086277008,12615.348100662231,3288.042487033472,118.5976103963672,874878.4360347122,110.96544227839588,1
clamp_frozen,9,3,4,6,0,0,92.2632086277008,12662.149667739868,3191.161981226006,119.17815252865623,885874.1947853277,106.31749860242833,1
clamp_frozen,9,2,4,6,0,0,92.2632086277008,12714.111506938934,3092.195352004981,96.55763980869548,894782.9124515958,102.72787383917988,1
clamp_frozen,9,1,4,6,0,0,92.2632086277008,12783.453166484833,3010.8399932810253,90.35164315316456,903119.0449536918,95.2678864120809,1
clamp_frozen,10,100,3,12,0,1,90.83253979682922,12452.225089073181,10000.0,81.34221732924486,7388.5201927209655,78.9152323625027,0
clamp_frozen,10,99,3,12,0,1,90.83253979682922,13504.78619337082,9945.69964986935,85.6080135522782,15164.51349063577,78.9152323625027,0
clamp_frozen,10,98,3,12,0,1,90.83253979682922,13365.666568279266,9888.62542999973,96.14888114869231,23897.960563994966,78.9152323625027,0
clamp_frozen,10,97,3,12,0,1,90.83253979682922,13606.14001750946,9823.617847952593,93.20600971784629,32364.09915099489,80.54394018700624,0
clamp_frozen,10,96,3,12,0,1,90.83253979682922,13672.794699668884,9761.976585237002,83.73386938699964,39969.85917443204,80.54394018700624,0
clamp_frozen,10,95,3,12,0,1,90.83253979682922,13806.347250938416,9706.907209171033,87.02248877923557,47874.332849691076,80.87617793080689,0
clamp_frozen,10,94,3,12,0,1,90.83253979682922,13839.832246303558,9648.788552441827,82.53658524241645,55371.34051341726,80.87617793080689,0
clamp_frozen,10,93,3,12,0,1,90.83253979682922,13888.775110244751,9594.700472535504,93.23796322721662,63840.38151882871,81.3639638541496,0
clamp_frozen,10,92,3,12,0,1,90.83253979682922,13877.029418945312,9534.379764938862,89.37589340659703,71958.6209135606,81.79418251526724,0
clamp_frozen,10,91,3,12,0,1,90.83253979682922,13888.308107852936,9473.952666618878,84.18202037947478,79605.08762985673,81.79418251526724,0
clamp_frozen,10,90,3,12,0,1,90.83253979682922,13879.629075527191,9418.54981065721,85.9798569711918,87414.8564099182,82.94060849899128,0
clamp_frozen,10,89,3,12,0,1,90.83253979682922,13777.910470962524,9360.044987993804,91.02621437939446,95682.99865008926,82.94060849899128,0
clamp_frozen,10,88,3,12,0,1,90.83253979682922,13679.590821266174,9300.86743566528,90.60351396934976,103912.7459384428,82.94060849899128,0
clamp_frozen,10,87,3,12,0,1,90.83253979682922,13568.615019321442,9238.67166432929,101.86002960379987,113164.95113113614,84.67522570563183,0
clamp_frozen,10,86,3,12,0,1,90.83253979682922,13449.632227420807,9169.112629664154,92.3803859318423,121556.09621273665,84.67522570563183,0
clamp_frozen,10,85,3,12,0,1,90.83253979682922,13323.196768760681,9108.782514589739,98.79099109203247,130529.53284267189,84.94058336157,0
clamp_frozen,10,84,3,12,0,1,90.83253979682922,13171.127736568451,9042.093204440764,98.04876817523488,139435.551479979,87.77795801726384,0
clamp_frozen,10,83,3,12,0,1,90.83253979682922,13017.656803131104,8973.84260790197,98.90383756852444,148419.23824198113,87.77795801726384,0
clamp_frozen,10,82,3,12,0,1,90.83253979682922,12937.144935131073,8906.356679019917,102.67281342794786,157745.27065372764,87.77795801726384,0
clamp_frozen,10,81,3,12,0,1,90.83253979682922,12897.139191627502,8836.865090104127,92.51718283971405,166148.8413459065,88.13621104433251,0
clamp_frozen,10,80,3,12,0,1,90.83253979682922,12867.308855056763,8774.71123346973,105.5077085399738,175732.37448073592,88.13621104433251,0
clamp_frozen,10,79,3,12,0,1,90.83253979682922,12838.390171527863,8702.136905684998,95.95149248610088,184447.89224054484,89.52353529625056,0
clamp_frozen,10,78,3,12,0,1,90.83253979682922,12808.62808227539,8635.32095023268,102.72184267003118,193778.37810287406,89.97027704899179,0
clamp_frozen,10,77,3,12,0,1,90.83253979682922,12792.728841304779,8566.805942932597,106.09422254767196,203415.18579464912,91.21290293230952,0
clamp_frozen,10,76,3,12,0,1,90.83253979682922,12784.910798072815,8494.342108646482,90.61677622724036,211646.1377275703,91.21290293230952,0
clamp_frozen,10,75,3,12,0,1,90.83253979682922,12775.861024856567,8431.648714081244,98.48865868252373,220592.11273688698,91.21290293230952,0
clamp_frozen,10,74,3,12,0,1,90.83253979682922,12718.444764614105,8364.4914087992,106.52000379383405,230267.5952206488,91.21290293230952,0
clamp_frozen,10,73,3,12,0,1,90.83253979682922,12683.904469013214,8294.222417497247,91.58243467506838,238586.26036296246,91.71167850679893,0
clamp_frozen,10,72,3,12,0,1,90.83253979682922,12617.89321899414,8231.62727565393,105.8820854338954,248203.79910190805,91.71167850679893,0
clamp_frozen,10,71,3,12,0,1,90.83253979682922,12595.39395570755,8159.467850243592,95.91503891107938,256916.0056909131,93.59268972961968,0
clamp_frozen,10,70,3,12,0,1,90.83253979682922,12549.208402633667,8094.4720298361735,102.9504315994602,266267.2548662718,93.59268972961968,0
clamp_frozen,10,69,3,12,0,1,90.83253979682922,12524.896562099457,8022.42694369672,94.10284449689658,274814.855234031,93.59268972961968,0
clamp_frozen,10,68,3,12,0,1,90.83253979682922,12499.775886535645,7959.7291341209675,103.32385198364223,284200.02313129685,95.22698613284727,0
clamp_frozen,10,67,3,12,0,1,90.83253979682922,12495.471388101578,7888.518633426353,99.73914817412894,293259.58327712526,95.22698613284727,0
clamp_frozen,10,66,3,12,0,1,90.83253979682922,12510.202527046204,7818.47813516213,113.44804452801978,303564.35729658906,96.40547190899488,0
clamp_frozen,10,65,3,12,0,1,90.83253979682922,12602.019906044006,7740.30228708876,104.25538057189831,313034.1383014196,96.40547190899488,0
clamp_frozen,10,64,3,12,0,1,90.83253979682922,12702.027559280396,7666.914904163219,103.57729086980564,322442.326696399,96.40547190899488,0
clamp_frozen,10,63,3,12,0,1,90.83253979682922,13052.29276418686,7596.419783388723,106.47044587562962,332113.3077085833,96.40547190899488,0
clamp_frozen,10,62,3,12,0,1,90.83253979682922,13441.231846809387,7523.1541534368835,109.74150353230003,342081.4071955448,96.40547190899488,0
clamp_frozen,10,61,3,12,0,1,90.83253979682922,13880.463540554047,7446.963499209805,133.45950570555385,354203.87305880967,96.52103063721071,0
clamp_frozen,10,60,3,12,0,1,90.83253979682922,14257.848858833313,7352.498939556766,134.23399563434634,366396.6878093538,121.59600514742525,0
clamp_frozen,10,59,3,12,0,1,90.83253979682922,14342.802166938782,7259.210264883239,127.18089321594778,377948.8513537877,121.8300795387339,0
clamp_frozen,10,58,3,12,0,1,90.83253979682922,14343.568086624146,7167.154853614357,144.08541725933952,391036.4957511394,121.8300795387339,0
clamp_frozen,10,57,3,12,0,1,90.83253979682922,14321.932792663574,7068.2835803108555,126.81306494512356,402555.2485195252,121.8300795387339,0
clamp_frozen,10,56,3,12,0,1,90.83253979682922,14286.559522151947,6977.831180666323,134.7509854977407,414795.0227724107,121.8300795387339,0
clamp_frozen,10,55,3,12,0,1,90.83253979682922,14261.208176612854,6882.464544615112,145.96999701074716,428053.84833503247,125.63667379851404,0
clamp_frozen,10,54,3,12,0,1,90.83253979682922,14240.721464157104,6778.778938273683,138.42417326760398,440627.26756220526,125.63667379851404,0
clamp_frozen,10,53,3,12,0,1,90.83253979682922,14176.751971244812,6681.29679665882,139.04546456848735,453257.120256191,125.63667379851404,0
clamp_frozen,10,52,3,12,0,1,90.83253979682922,14078.859984874725,6581.755092787348,155.6073789777634,467391.333699869,125.88796995465694,0
clamp_frozen,10,51,3,12,0,1,90.83253979682922,13981.654644012451,6468.937702604336,140.13366994347675,480120.03085188556,127.68291019733265,0
clamp_frozen,10,50,3,12,0,1,90.83253979682922,13877.692818641663,6367.395501906258,142.66047558580019,493078.2441779673,127.68291019733265,0
clamp_frozen,10,49,3,12,0,1,90.83253979682922,13707.932233810425,6268.021649523602,140.8701243996253,505873.8353586806,127.67758616935599,0
clamp_frozen,10,48,3,12,0,1,90.83253979682922,13465.991020202637,6165.450652439353,136.9524343050762,518313.57279796904,127.67758616935599,0
clamp_frozen,10,47,3,12,0,1,90.83253979682922,13246.698379516602,6065.6399712363645,142.87655097110516,531291.4128000856,127.67758616935599,0
clamp_frozen,10,46,3,12,0,1,90.83253979682922,13024.5041847229,5962.833334635825,135.8008178359344,543626.54599061,130.9268177108672,0
clamp_frozen,10,45,3,12,0,1,90.83253979682922,12825.365364551544,5861.802936217592,149.42311574941922,557199.0270984854,130.9268177108672,0
clamp_frozen,10,44,3,12,0,1,90.83253979682922,12733.60788822174,5752.162838780675,142.17394363707405,570113.0474919721,131.3462768471955,0
clamp_frozen,10,43,3,12,0,1,90.83253979682922,12668.717205524445,5651.903387972897,155.48848660723138,584236.4616396722,131.3462768471955,0
clamp_frozen,10,42,3,12,0,1,90.83253979682922,12583.458423614502,5540.53492749033,162.2734470803321,598976.1709795651,131.3462768471955,0
clamp_frozen,10,41,3,12,0,1,90.83253979682922,12483.415007591248,5422.988857671127,162.05327309711757,613695.8813573655,134.2844581787016,0
clamp_frozen,10,40,3,12,0,1,90.83253979682922,12393.959611654282,5306.46436897641,134.9451166334309,625953.2890343594,134.2844581787016,0
clamp_frozen,10,39,3,12,0,1,90.83253979682922,12341.356873512268,5206.930276799889,149.70326209312626,639551.2165461484,134.2844581787016,0
clamp_frozen,10,38,3,12,0,1,90.83253979682922,12321.366220712662,5097.497600217599,158.63731465311494,653960.6467426396,135.35708426229505,0
clamp_frozen,10,37,3,12,0,1,90.83253979682922,12340.587675571442,4982.982214473649,140.03811592717315,666680.6644806676,135.35708426229505,0
clamp_frozen,10,36,3,12,0,1,90.83253979682922,12330.618053674698,4882.169766736818,136.93782541931606,679119.0749577589,135.4899713904066,0
clamp_frozen,10,35,3,12,0,1,90.83253979682922,12395.865321159363,4784.497872205242,140.1132469185127,691845.9170345477,135.4899713904066,0
clamp_frozen,10,34,3,12,0,1,90.83253979682922,12449.589371681213,4682.813171524554,146.7236773770105,705173.2012990321,135.4899713904066,0
clamp_frozen,10,33,3,12,0,1,90.83253979682922,12466.10939502716,4576.520793100596,151.74858194258184,718956.910407444,135.4899713904066,0
clamp_frozen,10,32,3,12,0,1,90.83253979682922,12467.491328716278,4462.798589973106,160.83711606641532,733566.1541533539,137.78792601608814,0
clamp_frozen,10,31,3,12,0,1,90.83253979682922,12520.648539066315,4342.617891424845,155.2806491653988,747670.6898983475,146.71138133961333,0
clamp_frozen,10,30,3,12,0,1,90.83253979682922,12594.641745090485,4226.559466058527,168.80147791572097,763003.3568588909,146.79097170826236,0
clamp_frozen,10,29,3,12,0,1,90.83253979682922,12668.944597244263,4101.986941782634,152.64645343550586,776868.6219154163,149.1594284653892,0
clamp_frozen,10,28,3,12,0,1,90.83253979682922,12724.830210208893,3988.243490736998,165.0937844539118,791864.5096620354,149.1594284653892,0
clamp_frozen,10,27,3,12,0,1,90.83253979682922,12703.318893909454,3861.983839194003,161.6948421197535,806551.6628438199,149.58016666485625,0
clamp_frozen,10,26,3,12,0,1,90.83253979682922,12652.5217294693,3737.6985454068645,150.94316404253377,820262.2137987727,149.58016666485625,0
clamp_frozen,10,25,3,12,0,1,90.83253979682922,12697.488069534302,3624.634041009079,166.77292921685157,835410.6225288961,154.29524521730656,0
clamp_frozen,10,24,3,12,0,1,90.83253979682922,12707.20899105072,3499.528199371415,167.36212518552287,850612.5494252921,154.97835501077762,0
clamp_frozen,10,23,3,12,0,1,90.83253979682922,12641.486525535583,3372.980163602172,187.9128738406926,867681.1530167633,155.87126491759878,0
clamp_frozen,10,22,3,12,0,1,90.83253979682922,12751.622200012207,3230.702219916311,184.30226916828886,884421.7962156378,158.91581566331308,0
clamp_frozen,10,21,3,12,0,1,90.83253979682922,12753.603756427765,3090.6145087361274,175.71461147097997,900382.40065496,158.91581566331308,0
clamp_frozen,10,20,3,12,0,1,90.83253979682922,12843.737006187439,2961.575731724969,175.53175193540227,916326.3954982396,158.91581566331308,0
clamp_frozen,10,19,3,12,0,1,90.83253979682922,12892.960011959076,2825.9549651374145,170.99581071695386,931858.3792802783,158.91581566331308,0
clamp_frozen,10,18,3,12,0,1,90.83253979682922,13063.398003578186,2695.7160980288754,173.22274221737436,947592.6409064538,163.56364604434458,0
clamp_frozen,10,17,3,12,0,1,90.83253979682922,13182.13701248169,2558.4122374011176,172.24197929979144,963237.8173458867,163.56364604434458,0
clamp_frozen,10,16,3,12,0,1,90.83253979682922,13175.576329231262,2426.497552102229,162.03013442989283,977955.4259797756,163.59817539596523,0
clamp_frozen,10,15,3,12,0,1,90.83253979682922,13014.010488986969,2303.581110131063,186.15358848724404,994864.2292143658,166.74534395337315,0
clamp_frozen,10,14,3,12,0,1,90.83253979682922,12794.658243656158,2161.106118443706,163.19245321513023,1009687.4142155714,167.7158494426866,0
clamp_frozen,10,13,3,12,0,1,90.83253979682922,12556.459605693817,2033.8443878198004,186.80339378463628,1026655.2409156971,168.16714252718407,0
clamp_frozen,10,12,3,12,0,1,90.83253979682922,12314.603626728058,1886.452670155284,188.88929782196863,1043812.5355773062,169.09384479432455,0
clamp_frozen,10,11,3,12,0,1,90.83253979682922,11684.757471084595,1738.496035121516,209.79915487212796,1062869.1256615699,169.09384479432455,0
clamp_frozen,10,10,3,12,0,1,90.83253979682922,10807.480067014694,1573.2416212629905,191.40175885095377,1080254.6335395821,170.63726322604822,0
clamp_frozen,10,9,3,12,0,1,90.83253979682922,10467.854142189026,1423.188959430301,183.00658496382357,1096877.5864513905,170.84305227950415,0
clamp_frozen,10,8,3,12,0,1,90.83253979682922,10310.806930065155,1279.4164360155773,189.61128818485412,1114100.4613313694,170.84305227950415,0
clamp_frozen,10,7,3,12,0,1,90.83253979682922,10183.445513248444,1127.2486085408782,81.07227922893799,1121464.4623608515,170.84305227950415,0
clamp_frozen,10,6,3,12,0,1,90.83253979682922,10145.16532421112,1063.1378550589125,0.0,1121464.4623608515,170.84305227950415,0
clamp_frozen,10,5,3,12,0,1,90.83253979682922,10179.09899353981,1063.1378550589125,62.13811474328395,1127108.6251411708,155.39122305741984,0
clamp_frozen,10,4,3,12,0,1,90.83253979682922,10195.15722990036,1011.9974327622203,47.675867689187726,1131439.1452903973,149.0674834074808,0
clamp_frozen,10,3,3,12,0,1,90.83253979682922,10207.814574241638,972.0234835351184,43.036188432073686,1135348.2315888575,142.23678861945825,0
clamp_frozen,10,2,3,12,0,1,90.83253979682922,10236.748605966568,935.4139191024333,58.360213501448015,1140649.2380042793,135.31638940994628,0
clamp_frozen,10,1,3,12,0,1,90.83253979682922,10261.871069669724,885.4893223997242,54.58251241121252,1145607.1062350818,127.3584148712835,0
clamp_frozen,11,100,0,6,0,0,85.80898404121399,10201.658606529236,10000.0,67.18090607185461,5764.725296994068,53.51064944791461,1
clamp_frozen,11,99,0,6,0,0,88.88551592826843,10416.851341724396,9956.007552104207,66.62265350944926,11686.51422669173,53.51064944791461,1
clamp_frozen,11,98,0,6,0,0,88.88551592826843,10459.781289100647,9913.79875529113,75.47177417443515,18394.861812208164,53.51064944791461,1
clamp_frozen,11,97,0,6,0,0,88.88551592826843,10518.492609262466,9864.292421588183,68.74475687293669,24505.27499422252,55.53276728716988,1
clamp_frozen,11,96,0,6,0,0,88.88551592826843,10574.212968349457,9819.17592727993,60.64549026728334,29895.78068535278,55.852472283942966,1
clamp_frozen,11,95,0,6,0,0,88.88551592826843,10633.342117071152,9778.896907683049,70.27438702412307,36142.15583253477,56.18471002774361,1
clamp_frozen,11,94,0,6,0,0,88.88551592826843,10705.949366092682,9732.716852992437,62.4559893753206,41693.588670970596,56.18471002774361,1
clamp_frozen,11,93,0,6,0,0,88.88551592826843,10845.821499824524,9690.97085218914,57.478519705462304,46802.59654978375,56.18471002774361,1
clamp_frozen,11,92,0,6,0,0,88.88551592826843,11001.4408826828,9654.03371240829,67.60109974303592,52811.355177761834,56.85789131285237,1
clamp_frozen,11,91,0,6,0,0,88.88551592826843,11111.90527677536,9609.824483874221,50.214058574118056,57274.65768097461,56.85789131285237,1
clamp_frozen,11,90,0,6,0,0,88.88551592826843,11211.537569761276,9577.031988230432,61.83600282392031,62770.98269492063,57.85980122566746,1
clamp_frozen,11,89,0,6,0,0,88.88551592826843,11309.213936328888,9536.888604467305,53.63707222255802,67538.5415323045,57.85980122566746,1
clamp_frozen,11,88,0,6,0,0,88.88551592826843,11361.351907253265,9501.216522071361,74.11030772196521,74125.87446977412,57.85980122566746,1
clamp_frozen,11,87,0,6,0,0,88.88551592826843,11394.447684288025,9452.103078805374,60.983545432072475,79546.42836863888,59.05581472314141,1
clamp_frozen,11,86,0,6,0,0,88.88551592826843,11366.846561431885,9411.187951955511,72.97094954291933,86032.4888665369,59.05581472314141,1
clamp_frozen,11,85,0,6,0,0,88.88551592826843,11306.0662150383,9362.760099520581,71.5904055487314,92395.83899924987,59.321172379079584,1
clamp_frozen,11,84,0,6,0,0,88.88551592826843,11255.617439746857,9314.058006807838,65.57741159569765,98224.72106217386,59.321172379079584,1
clamp_frozen,11,83,0,6,0,0,88.88551592826843,11304.040253162384,9270.831530682968,70.01426787348832,104447.97538444886,59.321172379079584,1
clamp_frozen,11,82,0,6,0,0,88.88551592826843,11403.392553329468,9223.71950361436,76.42959983050424,111241.45979757432,59.321172379079584,1
clamp_frozen,11,81,0,6,0,0,88.88551592826843,11526.132225990295,9173.651681528438,62.346194240344595,116783.1334387914,59.67942540614826,1
clamp_frozen,11,80,0,6,0,0,88.88551592826843,11688.075512647629,9132.40380624622,54.29435760917494,121609.11542687682,59.67942540614826,1
clamp_frozen,11,79,0,6,0,0,88.88551592826843,11845.054626464844,9095.796953624038,72.8952354808834,128088.44604130776,60.144742931333404,1
clamp_frozen,11,78,0,6,0,0,88.88551592826843,11979.07030582428,9047.344340600339,80.99887072008318,135288.07245486946,60.59148468407464,1
clamp_frozen,11,77,0,6,0,0,88.88551592826843,12142.487615346909,8991.92184722955,74.93270595479818,141948.50468356293,61.68635059106254,1
clamp_frozen,11,76,0,6,0,0,88.88551592826843,12307.026535272598,8940.943526687344,77.55905063970299,148842.38091457964,61.68635059106254,1
clamp_frozen,11,75,0,6,0,0,88.88551592826843,12470.510452985764,8889.746216867188,74.82513139011282,155493.25132259028,61.68635059106254,1
clamp_frozen,11,74,0,6,0,0,88.88551592826843,12671.836912631989,8838.52036217687,55.913648108130836,160463.16478211313,61.68635059106254,1
clamp_frozen,11,73,0,6,0,0,88.88551592826843,12885.669469833374,8800.353370386523,68.05202595159489,166512.00421878457,61.811377832783585,1
clamp_frozen,11,72,0,6,0,0,88.88551592826843,13078.592717647552,8753.4892938709,68.67478807829151,172616.19818838802,61.811377832783585,1
clamp_frozen,11,71,0,6,0,0,88.88551592826843,13219.551146030426,8706.771684038486,74.9300977179341,179276.39858260215,63.69238905560433,1
clamp_frozen,11,70,0,6,0,0,88.88551592826843,13272.27920293808,8656.508433737094,76.97605876483594,186118.4552800393,63.69238905560433,1
clamp_frozen,11,69,0,6,0,0,88.88551592826843,13282.444477081299,8604.066894218551,77.05600705780029,192967.61822274418,63.69238905560433,1
clamp_frozen,11,68,0,6,0,0,88.88551592826843,13292.27328300476,8551.881225095613,81.80575841458649,200238.96526532798,64.51194257070377,1
clamp_frozen,11,67,0,6,0,0,88.88551592826843,13300.873041152954,8495.29352013845,73.40475763601243,206763.58501939444,64.51194257070377,1
clamp_frozen,11,66,0,6,0,0,88.88551592826843,13339.177370071411,8444.416870273155,84.90699912463613,214310.58744250875,66.02319309723785,1
clamp_frozen,11,65,0,6,0,0,88.88551592826843,13388.716578483582,8384.372687332947,62.240346870245375,219842.8527856249,66.02319309723785,1
clamp_frozen,11,64,0,6,0,0,88.88551592826843,13404.356837272644,8340.921037822918,78.54950590187418,226824.76614362356,66.02319309723785,1
clamp_frozen,11,63,0,6,0,0,88.88551592826843,13402.83751487732,8286.896437127732,66.77563835395057,232760.15321015392,66.02319309723785,1
clamp_frozen,11,62,0,6,0,0,88.88551592826843,13330.341577529907,8239.850506013498,64.78562566429022,238518.65697206004,66.02319309723785,1
clamp_frozen,11,61,0,6,0,0,88.88551592826843,13245.861530303955,8194.643626191506,106.95201206691344,248025.14174419403,66.0678136608015,1
clamp_frozen,11,60,0,6,0,0,88.88551592826843,13134.548366069794,8122.73679004007,94.11692537342583,256390.77321359332,85.17672399217258,1
clamp_frozen,11,59,0,6,0,0,88.88551592826843,13052.408993244171,8058.999768284796,98.48950096157913,265145.063320081,85.17672399217258,1
clamp_frozen,11,58,0,6,0,0,88.88551592826843,12959.394454956055,7988.88555458684,112.7255163306695,275164.728997413,85.17672399217258,1
clamp_frozen,11,57,0,6,0,0,88.88551592826843,12856.181263923645,7912.9684730585595,91.93747605152345,283336.6389893955,85.17672399217258,1
clamp_frozen,11,56,0,6,0,0,88.88551592826843,12749.830484390259,7848.140722696313,112.00312891284109,293292.09488839377,85.17672399217258,1
clamp_frozen,11,55,0,6,0,0,88.88551592826843,12724.149525165558,7769.395800850518,93.39893171536964,301593.9071210635,87.67464619283565,1
clamp_frozen,11,54,0,6,0,0,88.88551592826843,12751.179337501526,7703.752989542914,99.23519408824865,310414.4785458393,87.67464619283565,1
clamp_frozen,11,53,0,6,0,0,88.88551592826843,12777.687013149261,7634.476761634092,93.8672722266441,318757.9194664838,87.67464619283565,1
clamp_frozen,11,52,0,6,0,0,88.88551592826843,12811.541557312012,7568.174154588934,103.71793224033091,327976.9413846788,88.00542260216963,1
clamp_frozen,11,51,0,6,0,0,88.88551592826843,12846.553027629852,7495.370370823912,99.48139171179906,336819.39621224423,89.3393639748758,1
clamp_frozen,11,50,0,6,0,0,88.88551592826843,12874.937057495117,7426.877932358644,97.96989511573126,345527.50088504434,89.3393639748758,1
clamp_frozen,11,49,0,6,0,0,88.88551592826843,12904.778718948364,7356.392446426738,100.3348343979345,354445.81440608215,89.87264365606573,1
clamp_frozen,11,48,0,6,0,0,88.88551592826843,12909.418940544128,7287.247662682827,112.53484290847325,364448.53197790845,89.87264365606573,1
clamp_frozen,11,47,0,6,0,0,88.88551592826843,12914.490699768066,7206.845534188554,121.4580918928842,375244.3971394705,89.87264365606573,1
clamp_frozen,11,46,0,6,0,0,88.88551592826843,12893.359661102295,7120.565394328261,100.9467228662993,384217.09868270945,92.28499445299059,1
clamp_frozen,11,45,0,6,0,0,88.88551592826843,12853.141725063324,7050.595585015749,115.8312801481355,394512.82177930826,92.32417290804567,1
clamp_frozen,11,44,0,6,0,0,88.88551592826843,12824.323773384094,6964.821602114646,98.67309368983346,403283.43062016746,92.85601305134094,1
clamp_frozen,11,43,0,6,0,0,88.88551592826843,12784.74897146225,6895.155021052698,110.0100835770032,413061.7336562213,92.85601305134094,1
clamp_frozen,11,42,0,6,0,0,88.88551592826843,12741.113007068634,6817.573077540015,103.95430483591187,422301.7656745258,92.85601305134094,1
clamp_frozen,11,41,0,6,0,0,88.88551592826843,12697.694301605225,6743.49896150667,107.65444287018583,431870.6863710126,93.6308664821853,1
clamp_frozen,11,40,0,6,0,0,88.88551592826843,12667.283713817596,6664.841047625765,106.29531248956074,441318.8000624037,93.6308664821853,1
clamp_frozen,11,39,0,6,0,0,88.88551592826843,12618.035972118378,6587.223516405903,104.36515300898019,450595.3505325396,93.6308664821853,1
clamp_frozen,11,38,0,6,0,0,88.88551592826843,12568.174004554749,6511.551257769606,90.61845946087863,458650.0190543447,95.04742683727991,1
clamp_frozen,11,37,0,6,0,0,88.88551592826843,12533.893585205078,6447.657118588244,114.09157147843833,468791.1072482726,95.04742683727991,1
clamp_frozen,11,36,0,6,0,0,88.88551592826843,12510.134279727936,6365.805376270367,112.36358356476539,478778.60234497586,95.04742683727991,1
clamp_frozen,11,35,0,6,0,0,88.88551592826843,12472.01383113861,6283.524214725769,118.30249504287865,489293.98065246356,95.04742683727991,1
clamp_frozen,11,34,0,6,0,0,88.88551592826843,12444.169074296951,6196.344955084805,115.86019497831703,499592.27385866106,95.04742683727991,1
clamp_frozen,11,33,0,6,0,0,88.88551592826843,12405.737191438675,6111.984104920255,104.3588475287447,508868.26386293303,95.04742683727991,1
clamp_frozen,11,32,0,6,0,0,88.88551592826843,12370.939403772354,6036.586379897533,111.35852203838625,518766.42354732443,97.00694341239463,1
clamp_frozen,11,31,0,6,0,0,88.88551592826843,12333.25570821762,5956.476966048504,110.88332490373325,528622.3450892345,101.69890345053383,1
clamp_frozen,11,30,0,6,0,0,88.88551592826843,12297.901809215546,5875.126271044004,121.1265426041429,539388.7403212112,101.69890345053383,1
clamp_frozen,11,29,0,6,0,0,88.88551592826843,12283.047139644623,5786.383744354552,103.72418401647013,548608.3179317538,105.09652333242514,1
clamp_frozen,11,28,0,6,0,0,88.88551592826843,12286.767959594727,5709.872911932953,121.39326689917732,559398.4210903052,105.09652333242514,1
clamp_frozen,11,27,0,6,0,0,88.88551592826843,12278.952598571777,5618.549741673298,124.21341176788619,570439.1942805042,105.51726153189219,1
clamp_frozen,11,26,0,6,0,0,88.88551592826843,12269.894480705261,5527.263770464776,117.59540358091596,580891.7223985869,105.51726153189219,1
clamp_frozen,11,25,0,6,0,0,88.88551592826843,12245.157808065414,5437.2375243255765,131.08244692020767,592543.0533222294,108.86577323146005,1
clamp_frozen,11,24,0,6,0,0,88.88551592826843,12177.14473605156,5336.855228335517,143.07690023989042,605260.5174174695,110.31606898852215,1
clamp_frozen,11,23,0,6,0,0,88.88551592826843,12118.18739771843,5231.090367951357,131.0982790352699,616913.2555868276,111.20897889534331,1
clamp_frozen,11,22,0,6,0,0,88.88551592826843,12066.54742360115,5131.992666143164,132.49302240954535,628689.9662405957,112.95137016244168,1
clamp_frozen,11,21,0,6,0,0,88.88551592826843,12068.294435739517,5031.4234818021205,129.6325617123429,640212.4233695003,112.95137016244168,1
clamp_frozen,11,20,0,6,0,0,88.88551592826843,12104.08017039299,4933.236073129144,115.99612508829473,650522.7987936534,112.95137016244168,1
clamp_frozen,11,19,0,6,0,0,88.88551592826843,12154.366970062256,4845.527680004681,127.08194167876694,661818.5427449367,112.95137016244168,1
clamp_frozen,11,18,0,6,0,0,88.88551592826843,12181.797623634338,4748.710988545286,129.3225292063986,673313.442474596,117.40424760711261,1
clamp_frozen,11,17,0,6,0,0,88.88551592826843,12085.44597029686,4649.182591007409,139.65463962711053,685726.7171696281,117.40424760711261,1
clamp_frozen,11,16,0,6,0,0,88.88551592826843,12036.844789981842,4541.776640136077,136.03298062647926,697818.0788358729,117.43877695873326,1
clamp_frozen,11,15,0,6,0,0,88.88551592826843,12052.01432108879,4437.081112723525,130.30740091482997,709400.5193954593,117.79311858824813,1
clamp_frozen,11,14,0,6,0,0,88.88551592826843,12033.14408659935,4336.761648181148,129.92461555207043,720948.9358805871,118.13382576143007,1
clamp_frozen,11,13,0,6,0,0,88.88551592826843,12052.754163742065,4235.591295159825,134.58939823999248,732911.983981624,118.13382576143007,1
clamp_frozen,11,12,0,6,0,0,88.88551592826843,11919.445544481277,4130.09968682396,123.8473044524719,743920.2155342073,118.65148982084473,1
clamp_frozen,11,11,0,6,0,0,88.88551592826843,11873.028874397278,4032.251012692246,129.5887423657563,755438.777757883,118.65148982084473,1
clamp_frozen,11,10,0,6,0,0,88.88551592826843,11833.275109529495,3931.4975922880276,134.34400430500557,767380.0138924029,119.72247037978816,1
clamp_frozen,11,9,0,6,0,0,88.88551592826843,11775.858402252197,3826.266318266933,138.25254974788578,779668.6631051423,119.9282594332441,1
clamp_frozen,11,8,0,6,0,0,88.88551592826843,11847.96690940857,3717.3938874673277,127.36772777974807,790989.8093014564,119.9282594332441,1
clamp_frozen,11,7,0,6,0,0,88.88551592826843,11747.51728773117,3616.847066764414,146.41941478603957,804004.3745266286,119.9282594332441,1
clamp_frozen,11,6,0,6,0,0,88.88551592826843,11866.326332092285,3499.2570304263936,117.1840124048491,814420.3359277783,119.9282594332441,1
clamp_frozen,11,5,0,6,0,0,88.88551592826843,11724.902838468552,3404.5346480682883,106.90952247346738,823923.0439904772,111.6350613497792,1
clamp_frozen,11,4,0,6,0,0,88.88551592826843,11959.059536457062,3315.9930233590185,101.89341088138112,832979.8923863599,105.31132169984018,1
clamp_frozen,11,3,0,6,0,0,88.88551592826843,11712.879687547684,3231.8647590369437,114.80603480275558,843184.4860214816,100.66337802387262,1
clamp_frozen,11,2,0,6,0,0,88.88551592826843,12058.29530954361,3137.7706571844383,104.95760074204209,852513.6965140312,97.45860423514522,1
clamp_frozen,11,1,0,6,0,0,88.88551592826843,11778.669953346252,3048.5951418141813,98.7002167669937,861286.7162035974,90.48681714092218,1
clamp_frozen,12,100,3,12,0,1,90.83253979682922,12452.225089073181,10000.0,93.38831172098924,8482.697540955447,78.9152323625027,0
clamp_frozen,12,99,3,12,0,1,90.83253979682922,13503.367602825165,9937.245423743412,77.95219424661869,15563.293327111602,78.9152323625027,0
clamp_frozen,12,98,3,12,0,1,90.83253979682922,13369.11678314209,9886.825853630799,78.83923488941662,22724.4612677561,78.9152323625027,0
clamp_frozen,12,97,3,12,0,1,90.83253979682922,13606.928288936615,9835.278325608078,97.39464982479379,31571.06467396493,80.54394018700624,0
clamp_frozen,12,96,3,12,0,1,90.83253979682922,13666.363954544067,9771.420961060474,93.74036817330344,40085.74039663594,80.54394018700624,0
clamp_frozen,12,95,3,12,0,1,90.83253979682922,13808.460533618927,9712.06552953824,90.94984096861629,48346.945445933074,80.87617793080689,0
clamp_frozen,12,94,3,12,0,1,90.83253979682922,13838.868141174316,9653.25690519233,104.51788975938044,57840.57082698261,80.87617793080689,0
clamp_frozen,12,93,3,12,0,1,90.83253979682922,13884.155750274658,9583.368193799115,98.3871173380467,66777.32257808604,81.3639638541496,0
clamp_frozen,12,92,3,12,0,1,90.83253979682922,13868.742287158966,9518.577941107043,95.69521966622318,75469.56242678457,81.79418251526724,0
clamp_frozen,12,91,3,12,0,1,90.83253979682922,13879.574537277222,9454.678925666345,89.30964389932201,83581.78421051038,81.79418251526724,0
clamp_frozen,12,90,3,12,0,1,90.83253979682922,13862.23018169403,9396.18701375381,91.14668296343156,91860.86891813525,82.94060849899128,0
clamp_frozen,12,89,3,12,0,1,90.83253979682922,13755.677938461304,9336.53419076909,87.3101498906477,99791.47158274463,82.94060849899128,0
clamp_frozen,12,88,3,12,0,1,90.83253979682922,13655.044436454773,9278.977161227067,88.16296503037479,107799.53761247262,82.94060849899128,0
clamp_frozen,12,87,3,12,0,1,90.83253979682922,13546.638488769531,9219.69483959252,81.22161617747895,115177.10329627627,84.67522570563183,0
clamp_frozen,12,86,3,12,0,1,90.83253979682922,13433.514833450317,9164.955562009069,89.28032461071804,123286.66193455315,84.67522570563183,0
clamp_frozen,12,85,3,12,0,1,90.83253979682922,13313.255310058594,9106.14972328226,86.62759212440386,131155.26614369656,84.94058336157,0
clamp_frozen,12,84,3,12,0,1,90.83253979682922,13166.579604148865,9048.594328076004,95.45307718519125,139825.51157585025,87.77795801726384,0
clamp_frozen,12,83,3,12,0,1,90.83253979682922,13023.588955402374,8984.709265095402,93.16417489193071,148287.8501993603,87.77795801726384,0
clamp_frozen,12,82,3,12,0,1,90.83253979682922,12944.10228729248,8922.37936155999,112.38956823585141,158496.48012889174,87.77795801726384,0
clamp_frozen,12,81,3,12,0,1,90.83253979682922,12902.894020080566,8846.66796973892,93.24251323357292,166965.93442293664,88.13621104433251,0
clamp_frozen,12,80,3,12,0,1,90.83253979682922,12866.28544330597,8783.18451072833,98.34156758940367,175898.54877468373,88.13621104433251,0
clamp_frozen,12,79,3,12,0,1,90.83253979682922,12840.968668460846,8716.54330844447,104.76984369235194,185415.05977137687,89.52353529625056,0
clamp_frozen,12,78,3,12,0,1,90.83253979682922,12814.69076871872,8646.670305123323,85.80489084387315,193208.93593371555,89.97027704899179,0
clamp_frozen,12,77,3,12,0,1,90.83253979682922,12791.268825531006,8589.319269504103,105.6588342144776,202806.19619738866,91.21290293230952,0
clamp_frozen,12,76,3,12,0,1,90.83253979682922,12795.226573944092,8518.638950907007,104.75894534314526,212321.71726934376,91.21290293230952,0
clamp_frozen,12,75,3,12,0,1,90.83253979682922,12788.946628570557,8446.787520413885,96.89428350356833,221122.87113176688,91.21290293230952,0
clamp_frozen,12,74,3,12,0,1,90.83253979682922,12718.265056610107,8379.960720308907,114.7752721548289,231548.2006074623,91.21290293230952,0
clamp_frozen,12,73,3,12,0,1,90.83253979682922,12687.309086322784,8300.885831917978,111.12453918634195,241641.92473551,91.71167850679893,0
clamp_frozen,12,72,3,12,0,1,90.83253979682922,12607.805728912354,8224.193835751179,121.92508931503687,252716.69026295003,91.71167850679893,0
clamp_frozen,12,71,3,12,0,1,90.83253979682922,12572.318315505981,8141.208167719264,103.90544949327781,262154.6861391556,93.59268972961968,0
clamp_frozen,12,70,3,12,0,1,90.83253979682922,12505.841553211212,8069.875556333477,96.62321588131633,270931.21824099286,93.59268972961968,0
clamp_frozen,12,69,3,12,0,1,90.83253979682922,12476.406693458557,8005.986347331935,98.64679761952272,279891.5574115979,93.59268972961968,0
clamp_frozen,12,68,3,12,0,1,90.83253979682922,12448.959201574326,7938.326000838728,109.48728812652298,289836.56586759724,95.22698613284727,0
clamp_frozen,12,67,3,12,0,1,90.83253979682922,12449.420392513275,7865.681134008206,91.94328216578349,298188.0077039719,95.22698613284727,0
clamp_frozen,12,66,3,12,0,1,90.83253979682922,12483.849376440048,7803.179593582798,105.506539705519,307771.4346705992,96.40547190899488,0
clamp_frozen,12,65,3,12,0,1,90.83253979682922,12577.406167984009,7731.006951864034,112.38189140721447,317979.36729428795,96.40547190899488,0
clamp_frozen,12,64,3,12,0,1,90.83253979682922,12709.17147397995,7652.350430928582,108.85816327338011,327867.230742027,96.40547190899488,0
clamp_frozen,12,63,3,12,0,1,90.83253979682922,13056.422770023346,7576.803734683015,98.24937829165948,336791.4713057179,96.40547190899488,0
clamp_frozen,12,62,3,12,0,1,90.83253979682922,13482.184410095215,7510.636276103853,109.02916979880423,346694.867710483,96.40547190899488,0
clamp_frozen,12,61,3,12,0,1,90.83253979682922,13900.766372680664,7434.6649698738,140.78267125136477,359482.51529962657,96.52103063721071,0
clamp_frozen,12,60,3,12,0,1,90.83253979682922,14278.76591682434,7336.526469961384,141.50593807918978,372335.85905169224,121.59600514742525,0
clamp_frozen,12,59,3,12,0,1,90.83253979682922,14323.267936706543,7237.371036385401,121.21506549587833,383346.1313123219,121.8300795387339,0
clamp_frozen,12,58,3,12,0,1,90.83253979682922,14314.540922641754,7154.517068043773,138.87382634583028,395960.3936706174,121.8300795387339,0
clamp_frozen,12,57,3,12,0,1,90.83253979682922,14294.75724697113,7057.224292119641,123.13580913138131,407145.13195395836,121.8300795387339,0
clamp_frozen,12,56,3,12,0,1,90.83253979682922,14262.052178382874,6970.008783114548,135.94724889302165,419493.5658493032,121.8300795387339,0
clamp_frozen,12,55,3,12,0,1,90.83253979682922,14240.77570438385,6875.770505837452,141.6484534418764,432359.85463372176,125.63667379851404,0
clamp_frozen,12,54,3,12,0,1,90.83253979682922,14223.183393478394,6775.779942878544,127.9929683366608,443985.7810238758,125.63667379851404,0
clamp_frozen,12,53,3,12,0,1,90.83253979682922,14155.775308609009,6684.925166949629,140.35519315183336,456734.5996915314,125.63667379851404,0
clamp_frozen,12,52,3,12,0,1,90.83253979682922,14064.818322658539,6588.036344676753,139.52706103942043,469408.19701612915,125.88796995465694,0
clamp_frozen,12,51,3,12,0,1,90.83253979682922,13976.466357707977,6494.083871971599,136.54829797482486,481811.22572611674,127.68291019733265,0
clamp_frozen,12,50,3,12,0,1,90.83253979682922,13887.894749641418,6397.908541001415,136.0509326481355,494169.07748027425,127.68291019733265,0
clamp_frozen,12,49,3,12,0,1,90.83253979682922,13730.705380439758,6302.7323971097085,140.5492375097108,506935.5216897891,127.67758616935599,0
clamp_frozen,12,48,3,12,0,1,90.83253979682922,13501.30558013916,6203.593900102642,149.88842977270747,520550.2684522028,127.67758616935599,0
clamp_frozen,12,47,3,12,0,1,90.83253979682922,13287.620544433594,6097.798158776891,143.25027091432707,533562.054385935,127.67758616935599,0
clamp_frozen,12,46,3,12,0,1,90.83253979682922,13060.162663459778,5995.555704416291,161.94295088565912,548271.7439170725,130.9268177108672,0
clamp_frozen,12,45,3,12,0,1,90.83253979682922,12848.374843597412,5881.424341930287,149.89855605895855,561887.4104757851,130.9268177108672,0
clamp_frozen,12,44,3,12,0,1,90.83253979682922,12738.299667835236,5777.879468925904,156.55956900021334,576108.1137575714,131.3462768471955,0
clamp_frozen,12,43,3,12,0,1,90.83253979682922,12655.770778656006,5665.273085652584,156.45801538123547,590319.5926662204,131.3462768471955,0
clamp_frozen,12,42,3,12,0,1,90.83253979682922,12559.343576431274,5553.813525793661,140.714502781695,603101.0483401298,131.3462768471955,0
clamp_frozen,12,41,3,12,0,1,90.83253979682922,12474.291920661926,5451.842537326426,155.0852953590562,617187.8396027343,134.2844581787016,0
clamp_frozen,12,40,3,12,0,1,90.83253979682922,12405.511289834976,5342.414495063164,137.27354643022343,629656.7444719095,134.2844581787016,0
clamp_frozen,12,39,3,12,0,1,90.83253979682922,12356.568574905396,5243.203623824548,148.8765165079131,643179.5765824278,134.2844581787016,0
clamp_frozen,12,38,3,12,0,1,90.83253979682922,12330.687195062637,5131.9677084610685,145.33368084118868,656380.6039312548,135.35708426229505,0
clamp_frozen,12,37,3,12,0,1,90.83253979682922,12350.010573863983,5028.144315063015,149.50904434341862,669960.8901515643,135.35708426229505,0
clamp_frozen,12,36,3,12,0,1,90.83253979682922,12336.29360795021,4923.218044420616,143.2824622067063,682975.6001021425,135.4899713904066,0
clamp_frozen,12,35,3,12,0,1,90.83253979682922,12391.274720430374,4816.907636940203,149.34413905764944,696540.9075565197,135.4899713904066,0
clamp_frozen,12,34,3,12,0,1,90.83253979682922,12445.499449968338,4709.62935981112,140.2199745032186,709277.4439708937,135.4899713904066,0
clamp_frozen,12,33,3,12,0,1,90.83253979682922,12462.658733129501,4606.737083974395,158.21229113299407,723648.268201579,135.4899713904066,0
clamp_frozen,12,32,3,12,0,1,90.83253979682922,12463.60257267952,4490.9468618038345,159.73742003076413,738157.6237635663,137.78792601608814,0
clamp_frozen,12,31,3,12,0,1,90.83253979682922,12514.578402042389,4373.6718743312085,165.99208984166043,753235.1068700678,146.71138133961333,0
clamp_frozen,12,30,3,12,0,1,90.83253979682922,12590.763866901398,4253.409930153027,170.54704602325367,768726.3282152066,146.79097170826236,0
clamp_frozen,12,29,3,12,0,1,90.83253979682922,12666.463255882263,4132.607704785826,155.25618041205905,782828.6414011887,149.1594284653892,0
clamp_frozen,12,28,3,12,0,1,90.83253979682922,12734.14820432663,4018.8481803526483,165.16741663739495,797831.2173460444,149.1594284653892,0
clamp_frozen,12,27,3,12,0,1,90.83253979682922,12701.554000377655,3899.205242216276,168.66518515081268,813151.5044885952,149.58016666485625,0
clamp_frozen,12,26,3,12,0,1,90.83253979682922,12635.62023639679,3772.4307885134986,174.87758703935867,829036.0798729212,149.58016666485625,0
clamp_frozen,12,25,3,12,0,1,90.83253979682922,12676.989138126373,3642.2042669789735,178.6533551542819,845263.6178648096,154.29524521730656,0
clamp_frozen,12,24,3,12,0,1,90.83253979682922,12661.592364311218,3508.442835618106,163.8795173671904,860149.2106479501,154.97835501077762,0
clamp_frozen,12,23,3,12,0,1,90.83253979682922,12615.80765247345,3386.49800372127,186.72869046658363,877110.2518559658,155.87126491759878,0
clamp_frozen,12,22,3,12,0,1,90.83253979682922,12709.17922258377,3249.1774866725345,176.89644363689416,893178.2051125315,158.91581566331308,0
clamp_frozen,12,21,3,12,0,1,90.83253979682922,12723.099291324615,3117.122693559486,169.21398304412563,908548.3409615671,158.91581566331308,0
clamp_frozen,12,20,3,12,0,1,90.83253979682922,12812.361419200897,2991.623641033976,177.2062380419326,924644.4336307574,158.91581566331308,0
clamp_frozen,12,19,3,12,0,1,90.83253979682922,12855.235934257507,2857.1139684699883,184.02935528310726,941360.287368295,158.91581566331308,0
clamp_frozen,12,18,3,12,0,1,90.83253979682922,13035.597503185272,2720.648895131457,179.24727740369542,957641.7728265395,163.56364604434458,0
clamp_frozen,12,17,3,12,0,1,90.83253979682922,13138.617873191833,2583.6233874484105,189.16999421513972,974824.5638544521,163.56364604434458,0
clamp_frozen,12,16,3,12,0,1,90.83253979682922,13114.900588989258,2437.8718387109257,191.7418794599409,992240.965751216,163.59817539596523,0
clamp_frozen,12,15,3,12,0,1,90.83253979682922,12859.270572662354,2288.809047563768,192.75756483385507,1009749.624930127,166.74534395337315,0
clamp_frozen,12,14,3,12,0,1,90.83253979682922,12553.821504116058,2142.2341313928164,187.1314559268724,1026747.2503478433,167.7158494426866,0
clamp_frozen,12,13,3,12,0,1,90.83253979682922,12267.145812511444,1999.1299580442774,168.64398163336924,1042065.6115210521,168.16714252718407,0
clamp_frozen,12,12,3,12,0,1,90.83253979682922,11890.267729759216,1871.4606737898139,204.4071257707245,1060632.4299073769,169.09384479432455,0
clamp_frozen,12,11,3,12,0,1,90.83253979682922,11161.05243563652,1714.6486453902016,171.47215888813128,1076207.6816036312,169.09384479432455,0
clamp_frozen,12,10,3,12,0,1,90.83253979682922,10585.168302059174,1581.4651437028788,201.79974869862463,1094537.6653082892,170.63726322604822,0
clamp_frozen,12,9,3,12,0,1,90.83253979682922,10426.06920003891,1422.821853212081,192.90208128919812,1112059.4512838814,170.84305227950415,0
clamp_frozen,12,8,3,12,0,1,90.83253979682922,10241.88831448555,1270.7889847499828,147.00006107247464,1125411.8401813833,170.84305227950415,0
clamp_frozen,12,7,3,12,0,1,90.83253979682922,10162.808299064636,1152.2443794455066,0.0,1125411.8401813833,170.84305227950415,0
clamp_frozen,12,6,3,12,0,1,90.83253979682922,10175.5852997303,1152.2443794455066,4.641821880331918,1125833.4686520584,170.84305227950415,0
clamp_frozen,12,5,3,12,0,1,90.83253979682922,10233.989804983139,1148.462676085479,88.19703960119296,1133844.6297615962,155.39122305741984,0
clamp_frozen,12,4,3,12,0,1,90.83253979682922,10228.23691368103,1076.6425800189463,26.398448038084098,1136242.46784359,149.0674834074808,0
clamp_frozen,12,3,3,12,0,1,90.83253979682922,10254.884660243988,1055.1553073765317,55.90362289946461,1141320.3358953926,142.23678861945825,0
clamp_frozen,12,2,3,12,0,1,90.83253979682922,10293.30924153328,1008.9007890854391,68.01901822598302,1147498.6760753454,135.31638940994628,0
clamp_frozen,12,1,3,12,0,1,90.83253979682922,10301.838219165802,952.4598533263324,38.30396458352152,1150977.9224627544,127.3584148712835,0
clamp_frozen,13,100,5,12,1,1,116.2159013748169,14492.48343706131,10000.0,101.84535387628864,11836.049601570086,122.62129846453644,0
clamp_frozen,13,99,5,12,1,1,116.2159013748169,13931.846618652344,9926.004933963368,99.01426994951565,23343.082232722496,122.62129846453644,0
clamp_frozen,13,98,5,12,1,1,116.2159013748169,13985.397815704346,9856.12438886795,104.53246653352413,35491.41705384888,122.62129846453644,0
clamp_frozen,13,97,5,12,1,1,116.2159013748169,13975.493907928467,9781.322781694398,97.03387230357959,46768.29598749826,124.02216067174243,0
clamp_frozen,13,96,5,12,1,1,116.2159013748169,13985.67259311676,9712.430807461704,106.49758125639295,59145.00838744777,124.02216067174243,0
clamp_frozen,13,95,5,12,1,1,116.2159013748169,14030.595421791077,9635.78324195994,96.7905819890289,70393.61311789587,125.08183156398725,0
clamp_frozen,13,94,5,12,1,1,116.2159013748169,14093.341529369354,9567.017298339735,86.6805999764614,80467.27717587027,125.08183156398725,0
clamp_frozen,13,93,5,12,1,1,116.2159013748169,14124.542474746704,9503.736011393894,100.1438305818806,92105.58271407048,125.56961748732996,0
clamp_frozen,13,92,5,12,1,1,116.2159013748169,14172.97899723053,9430.84464328617,105.2778823594811,104340.5467073095,126.56691740931149,0
clamp_frozen,13,91,5,12,1,1,116.2159013748169,14155.219793319702,9353.573011169938,115.39480925264812,117751.25847858106,126.56691740931149,0
clamp_frozen,13,90,5,12,1,1,116.2159013748169,14101.680517196655,9270.455284161071,114.94403680249029,131109.5833232426,128.0068958182441,0
clamp_frozen,13,89,5,12,1,1,116.2159013748169,13982.886672019958,9188.961477398298,113.38219291229892,144286.3970723988,128.0068958182441,0
clamp_frozen,13,88,5,12,1,1,116.2159013748169,13859.12835597992,9109.078600744991,107.44005155847933,156772.63950802427,128.27423610834077,0
clamp_frozen,13,87,5,12,1,1,116.2159013748169,13731.441497802734,9030.686653202363,106.48321775107539,169147.6826402564,129.9887842880545,0
clamp_frozen,13,86,5,12,1,1,116.2159013748169,13578.33445072174,8954.311294629066,99.37876019195315,180697.07483347598,129.9887842880545,0
clamp_frozen,13,85,5,12,1,1,116.2159013748169,13392.837345600128,8882.92152986676,116.51748929414624,194238.25987772577,131.39065547928402,0
clamp_frozen,13,84,5,12,1,1,116.2159013748169,13167.668282985687,8797.786328860448,106.01143645040212,206558.47452084837,134.22803013497784,0
clamp_frozen,13,83,5,12,1,1,116.2159013748169,12971.41045331955,8722.37906664143,113.50046608920313,219749.03349386694,134.22803013497784,0
clamp_frozen,13,82,5,12,1,1,116.2159013748169,12791.471481323242,8641.774483226902,104.15018919516643,231852.94160954093,134.22803013497784,0
clamp_frozen,13,81,5,12,1,1,116.2159013748169,12642.80378818512,8566.97871536527,114.34315011404033,245141.43386608013,134.58628316204653,0
clamp_frozen,13,80,5,12,1,1,116.2159013748169,12521.45141363144,8483.707497727055,114.23835763055335,258417.74756969357,134.58628316204653,0
clamp_frozen,13,79,5,12,1,1,116.2159013748169,12385.585457086563,8400.370434811304,105.12007884261966,270634.37228498043,137.25137735790267,0
clamp_frozen,13,78,5,12,1,1,116.2159013748169,12266.946583986282,8323.336458416477,122.72423866825565,284896.8803023499,137.25137735790267,0
clamp_frozen,13,77,5,12,1,1,116.2159013748169,12266.663610935211,8233.934814097813,117.71323488825873,298577.0299986345,138.34527592112582,0
clamp_frozen,13,76,5,12,1,1,116.2159013748169,12273.24590086937,8148.171814491314,120.87292259145899,312624.3856494094,139.8599388733162,0
clamp_frozen,13,75,5,12,1,1,116.2159013748169,12173.402458429337,8059.11549152266,119.65103493895452,326529.73852526967,139.8599388733162,0
clamp_frozen,13,74,5,12,1,1,116.2159013748169,12029.214352369308,7971.191008915042,126.37860599743792,341216.94213575474,139.8599388733162,0
clamp_frozen,13,73,5,12,1,1,116.2159013748169,11842.081844806671,7879.034059414767,110.58524632280768,354068.70621591597,140.6224031964283,0
clamp_frozen,13,72,5,12,1,1,116.2159013748169,11909.058690071106,7798.529079441789,118.14627655629988,367799.18223998474,140.6224031964283,0
clamp_frozen,13,71,5,12,1,1,116.2159013748169,11872.017085552216,7712.4386179750845,108.102313848551,380362.39008459746,140.6224031964283,0
clamp_frozen,13,70,5,12,1,1,116.2159013748169,11904.06933426857,7632.217616262473,125.06938477242107,394897.4413703182,140.6224031964283,0
clamp_frozen,13,69,5,12,1,1,116.2159013748169,11928.181052207947,7539.453752078618,96.45766760966887,406107.35615608835,143.74385215300907,0
clamp_frozen,13,68,5,12,1,1,116.2159013748169,11974.9054312706,7469.185951105259,109.33458020835188,418813.77294643916,146.41315056855447,0
clamp_frozen,13,67,5,12,1,1,116.2159013748169,12020.28214931488,7389.696700280563,115.90403277455118,432283.66458830994,146.41315056855447,0
clamp_frozen,13,66,5,12,1,1,116.2159013748169,12063.491195440292,7302.149957893727,116.70698553032138,445846.87210845394,147.95730716934838,0
clamp_frozen,13,65,5,12,1,1,116.2159013748169,12077.705413103104,7216.526965320698,124.75675591916023,460345.5909501972,147.95730716934838,0
clamp_frozen,13,64,5,12,1,1,116.2159013748169,12122.372686862946,7123.9339068666,121.50627578377689,474466.5523131059,147.95730716934838,0
clamp_frozen,13,63,5,12,1,1,116.2159013748169,12232.059091329575,7034.478881218278,120.5287910181879,488473.91440290154,149.66408283344634,0
clamp_frozen,13,62,5,12,1,1,116.2159013748169,12375.753670930862,6944.377056557999,105.47070185886216,500731.2870880638,149.66408283344634,0
clamp_frozen,13,61,5,12,1,1,116.2159013748169,12518.067359924316,6867.446729142699,150.30447286267005,518199.05688246567,149.93764281533836,0
clamp_frozen,13,60,5,12,1,1,116.2159013748169,12663.370966911316,6754.232130198061,137.76335373233374,534209.3492128865,175.84600634426346,0
clamp_frozen,13,59,5,12,1,1,116.2159013748169,12790.583968162537,6652.6504388475205,145.24743775742334,551089.4111142481,176.08019672204279,0
clamp_frozen,13,58,5,12,1,1,116.2159013748169,12896.353006362915,6545.6311020383,144.0110348382511,567825.7833358956,182.18293728047686,0
clamp_frozen,13,57,5,12,1,1,116.2159013748169,13038.815557956696,6435.7204509813155,147.78838551115317,585001.1437708032,182.18293728047686,0
clamp_frozen,13,56,5,12,1,1,116.2159013748169,13102.56153345108,6323.358752143077,146.73914036157092,602054.5652348889,182.18293728047686,0
clamp_frozen,13,55,5,12,1,1,116.2159013748169,12965.916395187378,6212.633259457743,159.60674853524003,620603.4073814156,184.4032916851394,0
clamp_frozen,13,54,5,12,1,1,116.2159013748169,12848.343551158905,6094.521393304245,145.74028063404705,637540.7454619202,184.4032916851394,0
clamp_frozen,13,53,5,12,1,1,116.2159013748169,12730.660736560822,5984.897357591021,150.77595402616856,655063.3088647192,184.4032916851394,0
clamp_frozen,13,52,5,12,1,1,116.2159013748169,12649.394273757935,5869.113944810092,155.80215775451904,673169.9970643021,184.4032916851394,0
clamp_frozen,13,51,5,12,1,1,116.2159013748169,12544.232308864594,5753.502698862225,155.2394259154874,691211.2868759796,186.63549510603517,0
clamp_frozen,13,50,5,12,1,1,116.2159013748169,12623.860538005829,5637.227155935298,150.66912450320797,708721.4349894745,195.43755580295394,0
clamp_frozen,13,49,5,12,1,1,116.2159013748169,12703.869640827179,5520.449044616304,149.5177352729304,726097.7733657394,196.20027183670678,0
clamp_frozen,13,48,5,12,1,1,116.2159013748169,12761.344611644745,5406.575626276618,155.2902246823165,744144.9668018926,196.20027183670678,0
clamp_frozen,13,47,5,12,1,1,116.2159013748169,12796.929776668549,5287.295993465867,163.84154844727706,763185.9600373387,199.91319423353335,0
clamp_frozen,13,46,5,12,1,1,116.2159013748169,12878.493964672089,5162.2630516880445,160.4025854184726,781827.2910845975,199.91319423353335,0
clamp_frozen,13,45,5,12,1,1,116.2159013748169,12915.387749671936,5038.300716555833,154.03352186619964,799728.4356702154,199.91319423353335,0
clamp_frozen,13,44,5,12,1,1,116.2159013748169,12916.843891143799,4921.523611383214,152.55427256954871,817457.667965465,200.5032029124764,0
clamp_frozen,13,43,5,12,1,1,116.2159013748169,12857.141494750977,4803.006368581631,159.13858991175388,835952.1026355769,200.5032029124764,0
clamp_frozen,13,42,5,12,1,1,116.2159013748169,12842.018008232117,4682.38554488948,160.8783030605578,854648.7196374106,200.5032029124764,0
clamp_frozen,13,41,5,12,1,1,116.2159013748169,12790.045738220215,4555.581588108619,163.3711066267168,873635.0400526358,203.90988037788304,0
clamp_frozen,13,40,5,12,1,1,116.2159013748169,12744.439244270325,4428.657858895674,167.95234487501753,893153.7732003,203.90988037788304,0
clamp_frozen,13,39,5,12,1,1,116.2159013748169,12687.81840801239,4299.144300775799,164.45146580044104,912265.6485307082,203.90988037788304,0
clamp_frozen,13,38,5,12,1,1,116.2159013748169,12658.851146697998,4172.553788949437,167.15748609044516,931692.0064482577,211.06427502110148,0
clamp_frozen,13,37,5,12,1,1,116.2159013748169,12651.90064907074,4046.515892422479,190.96667300662023,953885.370484272,211.06427502110148,0
clamp_frozen,13,36,5,12,1,1,116.2159013748169,12535.543739795685,3896.996380363057,171.1759077383599,973778.732895738,211.3777930168817,0
clamp_frozen,13,35,5,12,1,1,116.2159013748169,12455.292791128159,3764.2960359752688,163.92846063039235,992829.8267088853,211.3777930168817,0
clamp_frozen,13,34,5,12,1,1,116.2159013748169,12370.786517858505,3635.447276755185,168.75076780050082,1012441.3492965129,211.3777930168817,0
clamp_frozen,13,33,5,12,1,1,116.2159013748169,12354.19049859047,3503.1819444234625,159.1456543394234,1030936.6049654541,211.3777930168817,0
clamp_frozen,13,32,5,12,1,1,116.2159013748169,12400.450855493546,3378.3322359834965,189.85662180851025,1053000.9634009078,211.3777930168817,0
clamp_frozen,13,31,5,12,1,1,116.2159013748169,12446.251213550568,3230.124859335905,181.67288261401833,1074114.2412092572,215.8582445896582,0
clamp_frozen,13,30,5,12,1,1,116.2159013748169,12389.451712369919,3087.5338996442515,192.7358275998055,1096513.20914099,217.62011982881515,0
clamp_frozen,13,29,5,12,1,1,116.2159013748169,12300.469726324081,2934.4181053927305,184.38747424626803,1117941.9656627458,228.32407060173463,0
clamp_frozen,13,28,5,12,1,1,116.2159013748169,12212.398201227188,2789.985670835141,186.52720297848234,1139619.3926878136,228.32407060173463,0
clamp_frozen,13,27,5,12,1,1,116.2159013748169,12121.106088161469,2642.6536580399197,179.2899432419011,1160455.7350491108,228.74480880120169,0
clamp_frozen,13,26,5,12,1,1,116.2159013748169,11982.338726520538,2500.1592435893035,191.09271135364463,1182663.7467452323,228.74480880120169,0
clamp_frozen,13,25,5,12,1,1,116.2159013748169,11706.704199314117,2349.9874759532313,189.5381547546117,1204691.094244959,232.96745592437514,0
clamp_frozen,13,24,5,12,1,1,116.2159013748169,11474.23729300499,2195.5368996854468,198.2854107397243,1227735.011983552,236.4388957050125,0
clamp_frozen,13,23,5,12,1,1,116.2159013748169,11284.864842891693,2037.4277336422374,214.11095171537633,1252618.1092313745,238.0786546384911,0
clamp_frozen,13,22,5,12,1,1,116.2159013748169,11108.73356461525,1867.206393156157,174.20745977201918,1272863.786194997,240.89903206973992,0
clamp_frozen,13,21,5,12,1,1,116.2159013748169,11039.301007986069,1730.4482694838644,181.86620461543643,1293999.5310939967,240.89903206973992,0
clamp_frozen,13,20,5,12,1,1,116.2159013748169,10985.047519207,1584.1683639002458,201.83314308849805,1317455.751745339,240.89903206973992,0
clamp_frozen,13,19,5,12,1,1,116.2159013748169,10971.405655145645,1425.307872541789,207.81607404936804,1341607.284111162,240.89903206973992,0
clamp_frozen,13,18,5,12,1,1,116.2159013748169,11052.461415529251,1259.6315208427877,200.92960306770559,1364958.4990445594,246.92805639126922,0
clamp_frozen,13,17,5,12,1,1,116.2159013748169,10894.237607717514,1096.487624336538,204.1878120528978,1388688.3696720386,246.92805639126922,0
clamp_frozen,13,16,5,12,1,1,116.2159013748169,10680.004507303238,930.8923686653743,144.23045117997026,1405450.2415616154,249.22632805170318,0
clamp_frozen,13,15,5,12,1,1,116.2159013748169,10558.667331933975,814.789702140868,0.0,1405450.2415616154,251.8711947131633,0
clamp_frozen,13,14,5,12,1,1,116.2159013748169,10735.716670751572,814.789702140868,111.19074289049786,1418372.37397117,253.63584708782395,0
clamp_frozen,13,13,5,12,1,1,116.2159013748169,10975.960940122604,722.108721603021,213.8891921341302,1443229.6992293694,254.08714017232143,0
clamp_frozen,13,12,5,12,1,1,116.2159013748169,10735.774785280228,545.5892821378948,0.0,1443229.6992293694,254.80629722425985,0
clamp_frozen,13,11,5,12,1,1,116.2159013748169,10794.580578804016,545.5892821378948,0.0,1443229.6992293694,254.80629722425985,0
clamp_frozen,13,10,5,12,1,1,116.2159013748169,11361.849457025528,545.5892821378948,216.3516861610306,1468373.205450535,255.9433429025627,0
clamp_frozen,13,9,5,12,1,1,116.2159013748169,11174.73229765892,365.4552120459284,142.8058054885023,1484969.510856938,255.9433429025627,0
clamp_frozen,13,8,5,12,1,1,116.2159013748169,10859.137624502182,246.8552728304694,0.0,1484969.510856938,255.9433429025627,0
clamp_frozen,13,7,5,12,1,1,116.2159013748169,11252.833902835846,246.8552728304694,130.2464636840159,1500106.2210348584,255.9433429025627,0
clamp_frozen,13,6,5,12,1,1,116.2159013748169,11366.509050130844,138.33240116999332,140.01527065394293,1516378.2219201452,255.9433429025627,0
clamp_frozen,13,5,5,12,1,1,116.2159013748169,11076.600700616837,19.313521691809,0.0,1516378.2219201452,230.04512928449802,0
clamp_frozen,13,4,5,12,1,1,116.2159013748169,11510.124504566193,19.313521691809,155.26424886463303,1534422.3965532323,226.42549507794118,0
clamp_frozen,13,3,5,12,1,1,116.2159013748169,11315.317153930664,-112.17454335839466,0.0,1534422.3965532323,215.56234262596197,0
clamp_frozen,13,2,5,12,1,1,116.2159013748169,11686.20079755783,-112.17454335839466,152.10101920924666,1552098.9536006632,203.8312723170848,0
clamp_frozen,13,1,5,12,1,1,116.2159013748169,11120.928525924683,-243.4429011229422,0.0,1552098.9536006632,196.37128488998587,0
clamp_frozen,14,100,0,6,0,0,85.80898404121399,10201.658606529236,10000.0,83.8413887886353,7194.344392557224,53.51064944791461,1
clamp_frozen,14,99,0,6,0,0,88.90523910522461,10417.86327958107,9945.711982541749,63.623328276802646,12850.79160567656,53.51064944791461,1
clamp_frozen,14,98,0,6,0,0,88.90523910522461,10465.289205312729,9901.833407714881,62.01222128847301,18364.00296677435,53.51064944791461,1
clamp_frozen,14,97,0,6,0,0,88.90523910522461,10521.837919950485,9860.837506758848,59.19347383198995,23626.612911276272,55.53276728716988,1
clamp_frozen,14,96,0,6,0,0,88.90523910522461,10574.302226305008,9821.50310241889,46.65151154109569,27774.17669945753,55.852472283942966,1
clamp_frozen,14,95,0,6,0,0,88.90523910522461,10630.029290914536,9791.013636896483,77.21772672956813,34639.23715751168,56.18471002774361,1
clamp_frozen,14,94,0,6,0,0,88.90523910522461,10698.614120483398,9739.686672455236,61.74179297386023,40128.406024637996,56.18471002774361,1
clamp_frozen,14,93,0,6,0,0,88.90523910522461,10840.314477682114,9698.477680843132,67.74464233381592,46151.259649423824,56.18471002774361,1
clamp_frozen,14,92,0,6,0,0,88.90523910522461,10997.120290994644,9653.381611400491,69.05649075194698,52290.743471493406,56.85789131285237,1
clamp_frozen,14,91,0,6,0,0,88.90523910522461,11112.843751907349,9608.896875044891,70.29313138500964,58540.17112473266,56.85789131285237,1
clamp_frozen,14,90,0,6,0,0,88.90523910522461,11210.627406835556,9562.68585790671,71.8495102420893,64927.96901239889,57.85980122566746,1
clamp_frozen,14,89,0,6,0,0,88.90523910522461,11312.146335840225,9514.821747801454,57.57762642769314,70046.92165706425,57.85980122566746,1
clamp_frozen,14,88,0,6,0,0,88.90523910522461,11358.799636363983,9476.450391159666,58.86169527717642,75280.03474982048,57.85980122566746,1
clamp_frozen,14,87,0,6,0,0,88.90523910522461,11394.197046756744,9436.424498005468,66.68955035883617,81209.08517029273,59.05581472314141,1
clamp_frozen,14,86,0,6,0,0,88.90523910522461,11361.888647079468,9391.138795477711,58.29857452701424,86392.13387811069,59.05581472314141,1
clamp_frozen,14,85,0,6,0,0,88.90523910522461,11303.20519208908,9350.994154427744,64.81053262199589,92154.1297774062,59.321172379079584,1
clamp_frozen,14,84,0,6,0,0,88.90523910522461,11257.946193218231,9306.49112300909,74.05143381968824,98737.69020723029,59.321172379079584,1
clamp_frozen,14,83,0,6,0,0,88.90523910522461,11304.765045642853,9257.74933596003,69.80425894291156,104943.65453911286,59.321172379079584,1
clamp_frozen,14,82,0,6,0,0,88.90523910522461,11409.290134906769,9211.255283203569,70.8998887718189,111247.02610290525,59.321172379079584,1
clamp_frozen,14,81,0,6,0,0,88.90523910522461,11535.696536302567,9162.323362229185,73.1343395508829,117749.05204747918,59.67942540614826,1
clamp_frozen,14,80,0,6,0,0,88.90523910522461,11694.665402173996,9112.082569678885,58.77968533000109,122974.8740262728,59.67942540614826,1
clamp_frozen,14,79,0,6,0,0,88.90523910522461,11859.477162361145,9072.2385787412,71.53103527863092,129334.35782116374,60.144742931333404,1
clamp_frozen,14,78,0,6,0,0,88.90523910522461,11998.56013059616,9022.947619569328,64.9437076972217,135108.19368236506,60.59148468407464,1
clamp_frozen,14,77,0,6,0,0,88.90523910522461,12157.908082008362,8978.523273358429,73.33486478677186,141628.04737098233,61.68635059106254,1
clamp_frozen,14,76,0,6,0,0,88.90523910522461,12311.948984861374,8930.171924262191,61.58130742781934,147102.94823226496,61.68635059106254,1
clamp_frozen,14,75,0,6,0,0,88.90523910522461,12475.900650024414,8888.018118349293,60.48655021071971,152480.51944139917,61.68635059106254,1
clamp_frozen,14,74,0,6,0,0,88.90523910522461,12668.161392211914,8847.7906107873,77.20268746325813,159344.24282988606,61.68635059106254,1
clamp_frozen,14,73,0,6,0,0,88.90523910522461,12867.382764816284,8794.936470537179,68.15951741572674,165403.98102302797,61.811377832783585,1
clamp_frozen,14,72,0,6,0,0,88.90523910522461,13071.411550045013,8748.351270959543,68.93600438110366,171532.7529754888,61.811377832783585,1
clamp_frozen,14,71,0,6,0,0,88.90523910522461,13216.179609298706,8701.703012844197,68.48750350434901,177621.65085026287,63.69238905560433,1
clamp_frozen,14,70,0,6,0,0,88.90523910522461,13272.306025028229,8654.527114422472,82.74264045840587,184977.90508441508,63.69238905560433,1
clamp_frozen,14,69,0,6,0,0,88.90523910522461,13279.394805431366,8598.299550542324,72.55161927945407,191428.12414392616,63.69238905560433,1
clamp_frozen,14,68,0,6,0,0,88.90523910522461,13291.384875774384,8548.698300098878,63.02065542044616,197030.9905826489,64.51194257070377,1
clamp_frozen,14,67,0,6,0,0,88.90523910522461,13305.94927072525,8505.191601982628,81.7474547033811,204298.7675892965,64.51194257070377,1
clamp_frozen,14,66,0,6,0,0,88.90523910522461,13334.755599498749,8449.761186499509,81.47811048264775,211542.5984835982,66.02319309723785,1
clamp_frozen,14,65,0,6,0,0,88.90523910522461,13389.846384525299,8394.150463187798,84.02373562279732,219012.74878965717,66.02319309723785,1
clamp_frozen,14,64,0,6,0,0,88.90523910522461,13403.642177581787,8334.938583373108,71.74874767239321,225391.5883569717,66.02319309723785,1
clamp_frozen,14,63,0,6,0,0,88.90523910522461,13403.284549713135,8287.12579073411,72.02942360658635,231795.38148532677,66.02319309723785,1
clamp_frozen,14,62,0,6,0,0,88.90523910522461,13333.224952220917,8238.472029069488,64.34612695957438,237516.08928816288,66.02319309723785,1
clamp_frozen,14,61,0,6,0,0,88.90523910522461,13247.838616371155,8194.019255106623,107.40050816405811,247064.5571465111,66.0678136608015,1
clamp_frozen,14,60,0,6,0,0,88.90523910522461,13135.560750961304,8119.492275989892,94.76026752395369,255489.24138840326,85.17672399217258,1
clamp_frozen,14,59,0,6,0,0,88.90523910522461,13052.358329296112,8055.730053844668,91.6679129453037,263638.9991070824,85.17672399217258,1
clamp_frozen,14,58,0,6,0,0,88.90523910522461,12963.756918907166,7993.397582408961,100.67953058966793,272589.9368471586,85.17672399217258,1
clamp_frozen,14,57,0,6,0,0,88.90523910522461,12868.803143501282,7923.718652574743,96.16563363727529,281139.565499386,85.17672399217258,1
clamp_frozen,14,56,0,6,0,0,88.90523910522461,12763.289213180542,7856.451576338955,97.84519842791161,289838.51626091765,85.17672399217258,1
clamp_frozen,14,55,0,6,0,0,88.90523910522461,12725.6441116333,7786.785885569479,103.24173671744398,299017.24754942063,87.67464619283565,1
clamp_frozen,14,54,0,6,0,0,88.90523910522461,12757.494151592255,7714.696591841404,100.5774699578579,307959.11156462255,87.67464619283565,1
clamp_frozen,14,53,0,6,0,0,88.90523910522461,12781.765162944794,7643.301221751253,110.6929739121506,317800.2968775507,87.67464619283565,1
clamp_frozen,14,52,0,6,0,0,88.90523910522461,12822.08502292633,7565.1360482139,112.81470209375014,327830.1149417803,88.00542260216963,1
clamp_frozen,14,51,0,6,0,0,88.90523910522461,12847.186028957367,7486.317708059053,99.36309691692318,336664.01483141497,89.3393639748758,1
clamp_frozen,14,50,0,6,0,0,88.90523910522461,12873.620390892029,7417.891703554193,108.41319691561543,346302.51602535957,89.3393639748758,1
clamp_frozen,14,49,0,6,0,0,88.90523910522461,12905.029356479645,7342.460425724501,93.57831921561353,354622.1188702887,89.87264365606573,1
clamp_frozen,14,48,0,6,0,0,88.90523910522461,12897.492349147797,7275.125020170042,97.57676034062791,363297.20407948544,89.87264365606573,1
clamp_frozen,14,47,0,6,0,0,88.90523910522461,12912.105917930603,7206.630553804991,112.19591915281963,373272.00909839734,89.87264365606573,1
clamp_frozen,14,46,0,6,0,0,88.90523910522461,12901.803851127625,7126.940954039502,111.97865629859848,383227.498311306,92.28499445299059,1
clamp_frozen,14,45,0,6,0,0,88.90523910522461,12862.688899040222,7047.546310520238,111.03192329968945,393098.81800057786,92.32417290804567,1
clamp_frozen,14,44,0,6,0,0,88.90523910522461,12824.52642917633,6966.754612581336,105.87693112971954,402511.83187839296,92.85601305134094,1
clamp_frozen,14,43,0,6,0,0,88.90523910522461,12792.576551437378,6888.737423923618,102.04947195739105,411584.56458332675,92.85601305134094,1
clamp_frozen,14,42,0,6,0,0,88.90523910522461,12737.462222576141,6815.710209593158,106.73157934713826,421073.5611652623,92.85601305134094,1
clamp_frozen,14,41,0,6,0,0,88.90523910522461,12707.797586917877,6737.676835868983,103.79586274643313,430301.557160867,93.6308664821853,1
clamp_frozen,14,40,0,6,0,0,88.90523910522461,12668.07734966278,6663.372279966932,108.12651027922459,439914.570410855,93.6308664821853,1
clamp_frozen,14,39,0,6,0,0,88.90523910522461,12627.910077571869,6583.707545594123,104.3692450429018,449193.54309662594,93.6308664821853,1
clamp_frozen,14,38,0,6,0,0,88.90523910522461,12571.728527545929,6509.759784229464,106.65495735967208,458675.72758244514,95.04742683727991,1
clamp_frozen,14,37,0,6,0,0,88.90523910522461,12532.02199935913,6431.59056034607,103.35943356523205,467864.92273734265,95.04742683727991,1
clamp_frozen,14,36,0,6,0,0,88.90523910522461,12500.300407409668,6356.262874121578,92.749871830854,476110.87226944364,95.04742683727991,1
clamp_frozen,14,35,0,6,0,0,88.90523910522461,12483.355104923248,6288.6270684314,108.52367221202358,485759.1952960306,95.04742683727991,1
clamp_frozen,14,34,0,6,0,0,88.90523910522461,12466.419339179993,6208.562217397817,110.17596293308233,495554.41562424466,95.04742683727991,1
clamp_frozen,14,33,0,6,0,0,88.90523910522461,12433.135062456131,6126.910100591336,101.96716461480844,504619.830775206,95.04742683727991,1
clamp_frozen,14,32,0,6,0,0,88.90523910522461,12409.011423587799,6051.292709769032,102.0287479444787,513690.72100681654,97.00694341239463,1
clamp_frozen,14,31,0,6,0,0,88.90523910522461,12380.949556827545,5976.933506307266,124.08566324578456,524722.5865672134,101.69890345053383,1
clamp_frozen,14,30,0,6,0,0,88.90523910522461,12348.974347114563,5884.214049652531,104.26466102425206,533992.2611857997,101.69890345053383,1
clamp_frozen,14,29,0,6,0,0,88.90523910522461,12326.040714979172,5806.415299544753,115.64235459796464,544273.4723720229,105.09652333242514,1
clamp_frozen,14,28,0,6,0,0,88.90523910522461,12339.225709438324,5721.736115476335,121.20115263043836,555048.8898264609,105.09652333242514,1
clamp_frozen,14,27,0,6,0,0,88.90523910522461,12312.531471252441,5631.461031748184,130.7201043577555,566670.591960247,105.51726153189219,1
clamp_frozen,14,26,0,6,0,0,88.90523910522461,12304.207384586334,5536.288920600978,119.93284061380434,577333.2498315861,105.51726153189219,1
clamp_frozen,14,25,0,6,0,0,88.90523910522461,12274.753600358963,5446.845306377202,110.27818314463028,587137.5580721493,108.86577323146005,1
clamp_frozen,14,24,0,6,0,0,88.90523910522461,12219.906598329544,5362.790330304976,140.06371035855582,599589.9557315416,110.31606898852215,1
clamp_frozen,14,23,0,6,0,0,88.90523910522461,12165.464162826538,5258.517225668808,131.04181741848203,611240.259841915,111.20897889534331,1
clamp_frozen,14,22,0,6,0,0,88.90523910522461,12114.969044923782,5160.1247813895025,130.1526013378147,622811.5079840204,112.95137016244168,1
clamp_frozen,14,21,0,6,0,0,88.90523910522461,12132.678925991058,5062.710324400733,134.64182157458623,634781.871324672,112.95137016244168,1
clamp_frozen,14,20,0,6,0,0,88.90523910522461,12160.046249628067,4962.39604300953,138.89650346030118,647130.4981756897,112.95137016244168,1
clamp_frozen,14,19,0,6,0,0,88.90523910522461,12192.332446575165,4856.159515237883,152.4330193827508,660682.5922114445,112.95137016244168,1
clamp_frozen,14,18,0,6,0,0,88.90523910522461,12185.35840511322,4742.711928001121,132.27096368502174,672442.1738645398,117.40424760711261,1
clamp_frozen,14,17,0,6,0,0,88.90523910522461,12085.425555706024,4643.315953085887,131.95484578303234,684173.6509799734,117.40424760711261,1
clamp_frozen,14,16,0,6,0,0,88.90523910522461,12041.95111989975,4541.250996674199,126.11964239604447,695386.3479430592,117.43877695873326,1
clamp_frozen,14,15,0,6,0,0,88.90523910522461,12064.19974565506,4445.971736366461,119.99168093566551,706054.2370272824,117.79311858824813,1
clamp_frozen,14,14,0,6,0,0,88.90523910522461,12048.078328371048,4352.736485888409,144.07535075586938,718863.290535402,118.13382576143007,1
clamp_frozen,14,13,0,6,0,0,88.90523910522461,12052.734047174454,4238.995189056804,134.7184375263734,730840.4654355665,118.13382576143007,1
clamp_frozen,14,12,0,6,0,0,88.90523910522461,11927.704513072968,4135.163702360997,131.5420333171971,742535.2413600193,118.65148982084473,1
clamp_frozen,14,11,0,6,0,0,88.90523910522461,11874.879598617554,4034.1265384443013,123.05120636063637,753475.138283698,118.65148982084473,1
clamp_frozen,14,10,0,6,0,0,88.90523910522461,11840.45895934105,3935.882137029732,133.6699735230332,765359.0992409523,119.72247037978816,1
clamp_frozen,14,9,0,6,0,0,88.90523910522461,11765.35964012146,3829.5883368104815,133.70711834892407,777246.362567834,119.9282594332441,1
clamp_frozen,14,8,0,6,0,0,88.90523910522461,11860.324144363403,3721.5064351941564,147.39536852978645,790350.5830499773,119.9282594332441,1
clamp_frozen,14,7,0,6,0,0,88.90523910522461,11728.899776935577,3604.5779944026463,132.96641344760047,802171.9938305004,119.9282594332441,1
clamp_frozen,14,6,0,6,0,0,88.90523910522461,11893.85935664177,3498.270881713731,137.03991945733043,814355.560636815,119.9282594332441,1
clamp_frozen,14,5,0,6,0,0,88.90523910522461,11696.533560752869,3385.6512529964975,117.009866290065,824758.3507770037,111.6350613497792,1
clamp_frozen,14,4,0,6,0,0,88.90523910522461,12011.790573596954,3287.9572651015596,114.27667041740813,834918.1454846123,105.31132169984018,1
clamp_frozen,14,3,0,6,0,0,88.90523910522461,11663.974523544312,3194.84131977761,94.16735710151289,843290.1168836294,100.66337802387262,1
clamp_frozen,14,2,0,6,0,0,88.90523910522461,12139.566540718079,3116.3605701480647,105.10453239941259,852634.4604676419,97.45860423514522,1
clamp_frozen,14,1,0,6,0,0,88.90523910522461,11704.857647418976,3027.699679880595,97.84454866017288,861333.3534614174,90.48681714092218,1
clamp_frozen,15,100,1,12,0,1,81.66937232017517,10350.453555583954,10000.0,84.13536088387494,6871.282113317485,78.34826956228913,0
clamp_frozen,15,99,1,12,0,1,85.99644064903259,10522.507280111313,9945.991135850833,94.66563213102549,15012.189528376372,78.34826956228913,0
clamp_frozen,15,98,1,12,0,1,87.03044533729553,10658.210813999176,9884.672623960365,97.15453003862822,23467.59154417384,78.34826956228913,0
clamp_frozen,15,97,1,12,0,1,87.66919136047363,10834.958255290985,9820.145573808413,80.78484454894861,30549.93353996173,80.43164846582134,0
clamp_frozen,15,96,1,12,0,1,87.96086192131042,10941.245406866074,9766.232682381744,87.66662796353258,38261.16569736891,80.43164846582134,0
clamp_frozen,15,95,1,12,0,1,88.2775866985321,10933.749973773956,9706.612396705095,97.9543695897523,46908.34105132832,80.76388620962199,0
clamp_frozen,15,94,1,12,0,1,88.34104657173157,10962.435156106949,9642.86496009568,94.23128799118102,55232.831652271496,80.76388620962199,0
clamp_frozen,15,93,1,12,0,1,88.54378342628479,10964.336693286896,9580.616117225209,95.54722084248851,63692.9440815322,81.2516721329647,0
clamp_frozen,15,92,1,12,0,1,88.67258787155151,11002.8275847435,9516.131584526367,97.04757620930121,72298.40381067255,81.68189079408234,0
clamp_frozen,15,91,1,12,0,1,88.67258787155151,11043.086647987366,9450.265463516207,99.16084345163586,81091.25241505489,81.68189079408234,0
clamp_frozen,15,90,1,12,0,1,88.67258787155151,11084.257811307907,9384.971315476203,81.89181946477325,88352.81197250623,82.82831677780638,0
clamp_frozen,15,89,1,12,0,1,88.67258787155151,11150.717735290527,9332.373277825141,95.72538235250906,96841.02935069695,82.82831677780638,0
clamp_frozen,15,88,1,12,0,1,88.67258787155151,11220.691353082657,9268.202446037434,107.603929163021,106382.54821472913,82.82831677780638,0
clamp_frozen,15,87,1,12,0,1,88.67258787155151,11324.80338215828,9197.6376220541,96.67967604114361,114955.38528388058,84.56293398444693,0
clamp_frozen,15,86,1,12,0,1,88.67258787155151,11403.85016798973,9134.389148301167,92.98024493299172,123200.18422301966,84.56293398444693,0
clamp_frozen,15,85,1,12,0,1,88.67258787155151,11452.42840051651,9075.213605978179,105.49270751215036,132554.4955996987,84.8282916403851,0
clamp_frozen,15,84,1,12,0,1,88.67258787155151,11510.459780693054,9005.89664500335,99.00040576477434,141333.11777919493,87.66566629607894,0
clamp_frozen,15,83,1,12,0,1,88.67258787155151,11561.8996322155,8939.374155918333,102.29467573130401,150403.85140177087,87.66566629607894,0
clamp_frozen,15,82,1,12,0,1,88.67258787155151,11585.758328437805,8872.728632876862,112.13425984947494,160347.0864116848,87.66566629607894,0
clamp_frozen,15,81,1,12,0,1,88.67258787155151,11606.293618679047,8796.773243260068,103.98999788309364,169568.1486367359,88.02391932314761,0
clamp_frozen,15,80,1,12,0,1,88.67258787155151,11602.665781974792,8727.987107543078,88.73061531770367,177436.1219203918,88.02391932314761,0
clamp_frozen,15,79,1,12,0,1,88.67258787155151,11626.172959804535,8670.292597164358,100.40493752242611,186339.28756558677,89.41124357506565,0
clamp_frozen,15,78,1,12,0,1,88.67258787155151,11775.652766227722,8602.699750096725,97.8569370262981,195016.51541289207,89.85798532780689,0
clamp_frozen,15,77,1,12,0,1,88.67258787155151,12023.83041381836,8534.876718694242,105.89295213850424,204406.31751637158,91.10061121112462,0
clamp_frozen,15,76,1,12,0,1,88.67258787155151,12155.789881944656,8462.361168224772,110.73637428821368,214225.5983960202,91.10061121112462,0
clamp_frozen,15,75,1,12,0,1,88.67258787155151,12287.768423557281,8389.155091282239,111.434858094345,224106.81564234488,91.10061121112462,0
clamp_frozen,15,74,1,12,0,1,88.67258787155151,12453.75245809555,8313.33121120217,93.90135664942244,232433.2919410987,91.10061121112462,0
clamp_frozen,15,73,1,12,0,1,88.67258787155151,12657.731473445892,8249.048674386142,112.62619832897646,242420.14840906364,91.59938678561403,0
clamp_frozen,15,72,1,12,0,1,88.67258787155151,12905.254364013672,8171.510434101665,114.60191946819013,252582.1971833552,91.59938678561403,0
clamp_frozen,15,71,1,12,0,1,88.67258787155151,12973.96332025528,8095.791038217562,104.20711638315947,261822.5118676819,93.48039800843478,0
clamp_frozen,15,70,1,12,0,1,88.67258787155151,12928.42835187912,8025.709367643721,106.62141600354838,271276.9087472458,93.48039800843478,0
clamp_frozen,15,69,1,12,0,1,88.67258787155151,12870.305180549622,7953.0581968919,117.05215799963345,281656.226513023,93.48039800843478,0
clamp_frozen,15,68,1,12,0,1,88.67258787155151,12806.940376758575,7872.29761798568,101.4119448075786,290648.68610019796,95.11469441166237,0
clamp_frozen,15,67,1,12,0,1,88.67258787155151,12717.070579528809,7802.049654193981,122.39123022627435,301501.4332171446,95.11469441166237,0
clamp_frozen,15,66,1,12,0,1,88.67258787155151,12637.912631034851,7717.981956037451,97.33727346151397,310132.5811513379,96.29318018780998,0
clamp_frozen,15,65,1,12,0,1,88.67258787155151,12571.519017219543,7652.131874636102,107.94614453253526,319704.4451377943,96.29318018780998,0
clamp_frozen,15,64,1,12,0,1,88.67258787155151,12389.839589595795,7580.321271038883,108.2758461392499,329305.54461894353,96.29318018780998,0
clamp_frozen,15,63,1,12,0,1,88.67258787155151,12166.541814804077,7507.687227778082,115.72315001145479,339567.015807107,96.29318018780998,0
clamp_frozen,15,62,1,12,0,1,88.67258787155151,11967.701613903046,7427.192041563323,108.90172768865641,349223.61382494314,96.29318018780998,0
clamp_frozen,15,61,1,12,0,1,88.67258787155151,11895.771324634552,7353.872711467728,140.310549497995,361665.31335460977,96.40873891602581,0
clamp_frozen,15,60,1,12,0,1,88.67258787155151,11911.157965660095,7258.166286362733,132.76079426413781,373437.5565498935,121.48371342624034,0
clamp_frozen,15,59,1,12,0,1,88.67258787155151,11919.495165348053,7164.732721174276,132.20556289598431,385160.5659428956,121.717787817549,0
clamp_frozen,15,58,1,12,0,1,88.67258787155151,11919.492036104202,7075.477793984792,144.5857238980592,397981.3562502181,121.717787817549,0
clamp_frozen,15,57,1,12,0,1,88.67258787155151,11897.387206554413,6972.328675446914,151.13702403895056,411383.06729495677,121.717787817549,0
clamp_frozen,15,56,1,12,0,1,88.67258787155151,11874.895989894867,6865.998347361204,159.32354175149868,425510.69805092335,121.717787817549,0
clamp_frozen,15,55,1,12,0,1,88.67258787155151,11862.249970436096,6755.844886876664,159.98962582847005,439697.392205735,125.52438207732914,0
clamp_frozen,15,54,1,12,0,1,88.67258787155151,11837.87152171135,6640.59543674151,139.8481810705085,452098.09233038634,125.52438207732914,0
clamp_frozen,15,53,1,12,0,1,88.67258787155151,11807.426810264587,6542.292567610628,132.57765571816398,463854.09615685954,125.52438207732914,0
clamp_frozen,15,52,1,12,0,1,88.67258787155151,11762.561202049255,6451.238158839899,149.4378029108766,477105.1328668058,125.77567823347204,0
clamp_frozen,15,51,1,12,0,1,88.67258787155151,11723.903566598892,6348.6739610330715,146.6301427874919,490107.20708774787,127.57061847614774,0
clamp_frozen,15,50,1,12,0,1,88.67258787155151,11686.730086803436,6244.968144532987,146.02561055179166,503055.6758708986,127.57061847614774,0
clamp_frozen,15,49,1,12,0,1,88.67258787155151,11662.229895591736,6140.647399830417,160.5633867303912,517293.2468897031,127.56529444817109,0
clamp_frozen,15,48,1,12,0,1,88.67258787155151,11594.994515180588,6027.168103214952,153.08258143471423,530867.4755435768,127.56529444817109,0
clamp_frozen,15,47,1,12,0,1,88.67258787155151,11606.529951095581,5916.505126039733,145.0989706113841,543733.7767651863,127.56529444817109,0
clamp_frozen,15,46,1,12,0,1,88.67258787155151,11563.212275505066,5815.032904199101,129.28847442017903,555198.1203739885,130.8145259896823,0
clamp_frozen,15,45,1,12,0,1,88.67258787155151,11568.989157676697,5722.751237064119,157.6869654578275,569180.631674746,130.8145259896823,0
clamp_frozen,15,44,1,12,0,1,88.67258787155151,11533.416509628296,5609.965414039128,166.0903552679942,583908.2932968645,131.2339851260106,0
clamp_frozen,15,43,1,12,0,1,88.67258787155151,11499.615907669067,5488.920675341487,155.8361431139122,597726.6873906965,131.2339851260106,0
clamp_frozen,15,42,1,12,0,1,88.67258787155151,11471.789479255676,5377.864964222912,145.6023002170157,610637.6201509899,131.2339851260106,0
clamp_frozen,15,41,1,12,0,1,88.67258787155151,11437.491476535797,5273.637594681039,156.66381728041375,624529.40625508,134.1721664575167,0
clamp_frozen,15,40,1,12,0,1,88.67258787155151,11477.776765823364,5161.581492957108,150.20929379607597,637848.8530583363,134.1721664575167,0
clamp_frozen,15,39,1,12,0,1,88.67258787155151,11518.498361110687,5054.48163198885,159.47436599978752,651989.8577907124,134.1721664575167,0
clamp_frozen,15,38,1,12,0,1,88.67258787155151,11541.202068328857,4943.158004811389,151.32385290945297,665408.1354348876,135.24479254111014,0
clamp_frozen,15,37,1,12,0,1,88.67258787155151,11605.375111103058,4833.979962824485,159.59079227483713,679559.4639863686,135.24479254111014,0
clamp_frozen,15,36,1,12,0,1,88.67258787155151,11712.05535531044,4717.442128176711,152.19898495576953,693055.34185382,135.3776796692217,0
clamp_frozen,15,35,1,12,0,1,88.67258787155151,11869.425773620605,4608.320673311843,144.6418475814754,705881.108793392,135.3776796692217,0
clamp_frozen,15,34,1,12,0,1,88.67258787155151,12029.151022434235,4501.499828652276,158.71578910478615,719954.8485493887,135.3776796692217,0
clamp_frozen,15,33,1,12,0,1,88.67258787155151,12174.281626939774,4385.703631042613,150.82064172997468,733328.5051560337,135.3776796692217,0
clamp_frozen,15,32,1,12,0,1,88.67258787155151,12309.51726436615,4277.796267224516,176.1365111243167,748946.9854160931,137.67563429490323,0
clamp_frozen,15,31,1,12,0,1,88.67258787155151,12398.349642753601,4149.113925856638,170.65780967242003,764079.6550402374,146.59908961842842,0
clamp_frozen,15,30,1,12,0,1,88.67258787155151,12579.350769519806,4020.7942188201323,157.29239769093283,778027.1789960136,146.67867998707746,0
clamp_frozen,15,29,1,12,0,1,88.67258787155151,12785.726487636566,3906.7153733571868,172.5153601286559,793324.5624262142,149.0471367442043,0
clamp_frozen,15,28,1,12,0,1,88.67258787155151,13110.153675079346,3778.502333741142,161.6958134850733,807662.5486559314,149.0471367442043,0
clamp_frozen,15,27,1,12,0,1,88.67258787155151,13304.717540740967,3659.2915687242394,165.1939273942659,822310.7216986461,149.46787494367135,0
clamp_frozen,15,26,1,12,0,1,88.67258787155151,13532.230854034424,3538.1296469843637,178.47478308258562,838136.5425843927,149.46787494367135,0
clamp_frozen,15,25,1,12,0,1,88.67258787155151,13758.478164672852,3405.2787124140486,185.60563294467576,854594.6743811344,154.18295349612166,0
clamp_frozen,15,24,1,12,0,1,88.67258787155151,14000.895917415619,3265.908898346762,189.16085711368555,871368.0571054057,154.86606328959272,0
clamp_frozen,15,23,1,12,0,1,88.67258787155151,14226.781129837036,3126.507041040806,183.91415846482752,887676.2014827005,155.75897319641388,0
clamp_frozen,15,22,1,12,0,1,88.67258787155151,14387.57985830307,2991.9109412074877,167.20995361843933,902503.1407879296,158.80352394212818,0
clamp_frozen,15,21,1,12,0,1,88.67258787155151,14469.184875488281,2869.1062763760156,186.2111598702176,919014.9662241851,158.80352394212818,0
clamp_frozen,15,20,1,12,0,1,88.67258787155151,14541.769325733185,2728.48219956519,167.339435446282,933853.3870181714,158.80352394212818,0
clamp_frozen,15,19,1,12,0,1,88.67258787155151,14556.975960731506,2599.8051980295095,193.46699992207306,951008.6065690068,158.80352394212818,0
clamp_frozen,15,18,1,12,0,1,88.67258787155151,14556.881189346313,2453.575237400897,183.73223001899152,967300.618880202,163.45135432315968,0
clamp_frozen,15,17,1,12,0,1,88.67258787155151,14529.280066490173,2313.885945267146,175.92059261299795,982899.9530870934,163.45135432315968,0
clamp_frozen,15,16,1,12,0,1,88.67258787155151,14457.97175168991,2175.62494701954,185.51857737973143,999350.3654416029,163.48588367478033,0
clamp_frozen,15,15,1,12,0,1,88.67258787155151,14275.934100151062,2033.9162144830443,187.75712152524403,1015999.2752985597,166.63305223218825,0
clamp_frozen,15,14,1,12,0,1,88.67258787155151,13997.707962989807,1890.9148277267986,183.589367363099,1032278.6196083466,167.6035577215017,0
clamp_frozen,15,13,1,12,0,1,88.67258787155151,13566.678762435913,1748.5635917878135,182.12564376044776,1048428.1717583578,168.05485080599917,0
clamp_frozen,15,12,1,12,0,1,88.67258787155151,12720.205783843994,1609.4311819735522,185.54333081637128,1064880.7790641529,169.09384479432455,0
clamp_frozen,15,11,1,12,0,1,88.67258787155151,11770.550608634949,1463.5045677740145,185.79269043713305,1081355.4977328314,169.09384479432455,0
clamp_frozen,15,10,1,12,0,1,88.67258787155151,11192.612200975418,1320.1047727911773,196.6199001363427,1098790.2931049669,170.63726322604822,0
clamp_frozen,15,9,1,12,0,1,88.67258787155151,10856.450498104095,1167.845922296081,191.37917741463255,1115760.380031051,170.84305227950415,0
clamp_frozen,15,8,1,12,0,1,88.67258787155151,10517.219603061676,1015.0297030512884,140.23932764912388,1128195.7641350653,170.84305227950415,0
clamp_frozen,15,7,1,12,0,1,88.67258787155151,10382.812470197678,903.5232833784012,0.0,1128195.7641350653,170.84305227950415,0
clamp_frozen,15,6,1,12,0,1,88.67258787155151,10482.073426246643,903.5232833784012,36.410966258841654,1131424.4187401405,170.84305227950415,0
clamp_frozen,15,5,1,12,0,1,88.67258787155151,10625.31664967537,874.8222678595193,169.50111982149645,1146454.5216818384,155.39122305741984,0
clamp_frozen,15,4,1,12,0,1,88.67258787155151,10467.15721487999,736.3865143854364,0.0,1146454.5216818384,149.0674834074808,0
clamp_frozen,15,3,1,12,0,1,88.67258787155151,10507.627874612808,736.3865143854364,0.0,1146454.5216818384,142.23678861945825,0
clamp_frozen,15,2,1,12,0,1,88.67258787155151,10709.068775177002,736.3865143854364,134.89906295960003,1158416.3706959134,135.31638940994628,0
clamp_frozen,15,1,1,12,0,1,88.67258787155151,10555.06244301796,622.7130856749227,0.0,1158416.3706959134,127.3584148712835,0
clamp_frozen,16,100,1,6,0,0,83.62133979797363,10323.884636163712,10000.0,72.27521633818873,6043.750424387735,53.51064944791461,1
clamp_frozen,16,99,1,6,0,0,85.35014629364014,10328.303873538971,9951.991577117027,59.83621263484376,11150.779926429008,53.51064944791461,1
clamp_frozen,16,98,1,6,0,0,85.35014629364014,10395.217686891556,9913.041523755513,62.36555683230837,16473.689325750856,53.51064944791461,1
clamp_frozen,16,97,1,6,0,0,85.35014629364014,10456.966906785965,9873.852405607071,60.0403658968114,21598.14333856739,55.53276728716988,1
clamp_frozen,16,96,1,6,0,0,85.35014629364014,10561.66335940361,9834.955111259515,58.74048558391259,26611.65237651379,55.852472283942966,1
clamp_frozen,16,95,1,6,0,0,85.35014629364014,10713.984221220016,9797.077360219442,75.02388402301523,33014.95185339523,56.18471002774361,1
clamp_frozen,16,94,1,6,0,0,85.35014629364014,10911.89906001091,9747.977829906169,70.64063265847668,39044.140185071505,56.18471002774361,1
clamp_frozen,16,93,1,6,0,0,85.35014629364014,11174.121052026749,9701.871229434551,65.45120245449597,44630.40988965739,56.18471002774361,1
clamp_frozen,16,92,1,6,0,0,85.35014629364014,11491.268277168274,9660.845159151168,74.78507726736407,51013.3271750081,56.85789131285237,1
clamp_frozen,16,91,1,6,0,0,85.35014629364014,11865.118145942688,9613.568707215853,69.76013305218628,56967.364736475996,56.85789131285237,1
clamp_frozen,16,90,1,6,0,0,85.35014629364014,12326.439023017883,9568.230990330923,69.12963211508797,62867.588950724275,57.85980122566746,1
clamp_frozen,16,89,1,6,0,0,85.35014629364014,12886.694371700287,9522.95445951587,65.36071212704704,68446.13529262424,57.85980122566746,1
clamp_frozen,16,88,1,6,0,0,85.35014629364014,13355.318009853363,9479.607902851125,59.15691271997508,73495.18644755421,57.85980122566746,1
clamp_frozen,16,87,1,6,0,0,85.35014629364014,13696.147799491882,9440.397578536518,55.90214785063427,78266.44294473455,59.05581472314141,1
clamp_frozen,16,86,1,6,0,0,85.35014629364014,13916.970491409302,9403.049670619435,65.67798811285464,83872.06883843864,59.05581472314141,1
clamp_frozen,16,85,1,6,0,0,85.35014629364014,14022.0907330513,9359.715934056849,81.81417241525754,90854.92042297397,59.321172379079584,1
clamp_frozen,16,84,1,6,0,0,85.35014629364014,13995.170593261719,9308.194462956628,67.23270491950302,96593.24162357069,59.321172379079584,1
clamp_frozen,16,83,1,6,0,0,85.35014629364014,14016.807079315186,9263.56284751617,76.94395532119219,103160.41946664575,59.321172379079584,1
clamp_frozen,16,82,1,6,0,0,85.35014629364014,14038.055539131165,9211.73952132565,75.02012945434774,109563.39849054215,59.321172379079584,1
clamp_frozen,16,81,1,6,0,0,85.35014629364014,14016.509056091309,9161.854744053167,71.02166733479928,115625.10818758552,59.67942540614826,1
clamp_frozen,16,80,1,6,0,0,85.35014629364014,14023.376107215881,9114.767499144671,71.28592929315272,121709.3726814342,59.67942540614826,1
clamp_frozen,16,79,1,6,0,0,85.35014629364014,14043.828845024109,9066.850489067006,72.51803202581964,127898.79732376478,60.144742931333404,1
clamp_frozen,16,78,1,6,0,0,85.35014629364014,14059.965014457703,9018.302305608593,85.45981258580072,135192.80483018994,60.59148468407464,1
clamp_frozen,16,77,1,6,0,0,85.35014629364014,14060.653448104858,8960.529491865023,69.77770388543875,141148.34206484645,61.68635059106254,1
clamp_frozen,16,76,1,6,0,0,85.35014629364014,14064.268469810486,8914.309004327746,78.40929222557784,147840.5866270803,61.68635059106254,1
clamp_frozen,16,75,1,6,0,0,85.35014629364014,14066.911339759827,8862.801403267853,57.883353843986555,152780.9393456311,61.68635059106254,1
clamp_frozen,16,74,1,6,0,0,85.35014629364014,14086.583256721497,8824.983008442983,76.9869633093511,159351.78792678734,61.68635059106254,1
clamp_frozen,16,73,1,6,0,0,85.35014629364014,14113.305807113647,8773.864004264522,69.82239914149154,165311.13990808657,61.811377832783585,1
clamp_frozen,16,72,1,6,0,0,85.35014629364014,14136.90984249115,8726.658923136558,66.47581916339276,170984.8607986717,61.811377832783585,1
clamp_frozen,16,71,1,6,0,0,85.35014629364014,14167.529940605164,8680.552337051382,75.07369968993717,177392.41205001264,63.69238905560433,1
clamp_frozen,16,70,1,6,0,0,85.35014629364014,14187.731146812439,8630.58277922591,91.18532012050888,185175.09246213047,63.69238905560433,1
clamp_frozen,16,69,1,6,0,0,85.35014629364014,14148.816168308258,8570.645557425285,71.87476623162452,191309.6142748208,63.69238905560433,1
clamp_frozen,16,68,1,6,0,0,85.35014629364014,14115.294814109802,8522.45978300653,68.17072552490316,197127.9956713149,64.51194257070377,1
clamp_frozen,16,67,1,6,0,0,85.35014629364014,14114.319682121277,8476.890082205002,82.29093806442886,204151.53927375478,64.51194257070377,1
clamp_frozen,16,66,1,6,0,0,85.35014629364014,14093.835949897766,8421.301738503984,77.24172788396895,210744.13204862506,66.02319309723785,1
clamp_frozen,16,65,1,6,0,0,85.35014629364014,14067.700803279877,8368.322408694215,92.72252589550249,218658.01319852204,66.02319309723785,1
clamp_frozen,16,64,1,6,0,0,85.35014629364014,14040.805101394653,8304.041213812232,60.883088854687486,223854.3937390783,66.02319309723785,1
clamp_frozen,16,63,1,6,0,0,85.35014629364014,14014.539420604706,8261.895633012211,83.83574840659634,231009.78713021812,66.02319309723785,1
clamp_frozen,16,62,1,6,0,0,85.35014629364014,13982.182741165161,8204.675179904332,69.81702422889984,236968.68036194134,66.02319309723785,1
clamp_frozen,16,61,1,6,0,0,85.35014629364014,13940.49882888794,8157.65174798704,98.47355199000947,245373.412430343,66.0678136608015,1
clamp_frozen,16,60,1,6,0,0,85.35014629364014,13874.541223049164,8092.358475512667,110.02406598363254,254763.98255786716,85.17672399217258,1
clamp_frozen,16,59,1,6,0,0,85.35014629364014,13775.175511837006,8016.296886154709,100.04384862337164,263302.7396736507,85.17672399217258,1
clamp_frozen,16,58,1,6,0,0,85.35014629364014,13687.286972999573,7949.181801374089,110.91758456575731,272769.57174287527,85.17672399217258,1
clamp_frozen,16,57,1,6,0,0,85.35014629364014,13601.351976394653,7872.561641687644,108.65623202322003,282043.3970417728,85.17672399217258,1
clamp_frozen,16,56,1,6,0,0,85.35014629364014,13497.977554798126,7798.718121568993,122.25407654324154,292477.80035973235,85.17672399217258,1
clamp_frozen,16,55,1,6,0,0,85.35014629364014,13386.898636817932,7715.082741055441,118.72573114106628,302611.0588814418,87.67464619283565,1
clamp_frozen,16,54,1,6,0,0,85.35014629364014,13220.772743225098,7636.468551323102,105.55410295476051,311620.11701052455,87.67464619283565,1
clamp_frozen,16,53,1,6,0,0,85.35014629364014,13146.898746490479,7563.730602252863,83.30289887427897,318730.0316161286,87.67464619283565,1
clamp_frozen,16,52,1,6,0,0,85.35014629364014,13056.251406669617,7506.943908942596,95.24214267716714,326858.9624269445,88.00542260216963,1
clamp_frozen,16,51,1,6,0,0,85.35014629364014,12981.26220703125,7442.797020039325,99.01462138837574,335309.8748476518,89.3393639748758,1
clamp_frozen,16,50,1,6,0,0,85.35014629364014,12895.30724287033,7375.690658144872,108.27626992413765,344551.27032580663,89.3393639748758,1
clamp_frozen,16,49,1,6,0,0,85.35014629364014,12791.42141342163,7300.061137161507,107.82121744659923,353753.82700843224,89.87264365606573,1
clamp_frozen,16,48,1,6,0,0,85.35014629364014,12660.166025161743,7226.253454088678,101.81417101375318,362443.68139922176,89.87264365606573,1
clamp_frozen,16,47,1,6,0,0,85.35014629364014,12511.42144203186,7153.522988132574,105.75084414078192,371469.53141731344,89.87264365606573,1
clamp_frozen,16,46,1,6,0,0,85.35014629364014,12358.489483594894,7079.832621239254,103.85258876803911,380333.3650616388,92.28499445299059,1
clamp_frozen,16,45,1,6,0,0,85.35014629364014,12172.684520483017,7006.673084196511,116.2625829425258,390256.39352425985,92.32417290804567,1
clamp_frozen,16,44,1,6,0,0,85.35014629364014,12161.759734153748,6924.2650116150335,112.58617946235653,399865.640412014,92.85601305134094,1
clamp_frozen,16,43,1,6,0,0,85.35014629364014,12255.91316819191,6844.41355749672,107.47438353674185,409038.5947696937,92.85601305134094,1
clamp_frozen,16,42,1,6,0,0,85.35014629364014,12419.08684372902,6768.143414478942,102.17632925016781,417759.35941894265,92.85601305134094,1
clamp_frozen,16,41,1,6,0,0,85.35014629364014,12541.894316673279,6696.088181233517,117.01056142133967,427746.22795415495,93.6308664821853,1
clamp_frozen,16,40,1,6,0,0,85.35014629364014,12620.956003665924,6614.95203533643,116.3222099804455,437674.3455931855,93.6308664821853,1
clamp_frozen,16,39,1,6,0,0,85.35014629364014,12660.515308380127,6532.291560131597,101.95517247009317,446376.23447890126,93.6308664821853,1
clamp_frozen,16,38,1,6,0,0,85.35014629364014,12686.092257499695,6462.163295343943,98.53768187982001,454786.4400427801,95.04742683727991,1
clamp_frozen,16,37,1,6,0,0,85.35014629364014,12698.731124401093,6393.420635699098,114.30728310048683,464542.58337783517,95.04742683727991,1
clamp_frozen,16,36,1,6,0,0,85.35014629364014,12701.537311077118,6311.755491462315,121.58268176959722,474919.6830536434,95.04742683727991,1
clamp_frozen,16,35,1,6,0,0,85.35014629364014,12698.460817337036,6222.108477977174,107.92749302510674,484131.31037244207,95.04742683727991,1
clamp_frozen,16,34,1,6,0,0,85.35014629364014,12687.721252441406,6147.641910214439,99.83744459989305,492652.4508746261,95.04742683727991,1
clamp_frozen,16,33,1,6,0,0,85.35014629364014,12594.84887123108,6078.576051360176,108.53606164831383,501916.0196144452,95.04742683727991,1
clamp_frozen,16,32,1,6,0,0,85.35014629364014,12530.511021614075,6001.303038754325,129.78862743835882,512993.4979535599,97.00694341239463,1
clamp_frozen,16,31,1,6,0,0,85.35014629364014,12398.022711277008,5910.19703249282,117.58172328811122,523029.1152376585,101.69890345053383,1
clamp_frozen,16,30,1,6,0,0,85.35014629364014,12368.132472038269,5825.67695039053,122.50622825584396,533485.0397411769,101.69890345053383,1
clamp_frozen,16,29,1,6,0,0,85.35014629364014,12337.577790021896,5737.848911625134,140.4524226348596,545472.6745603583,105.09652333242514,1
clamp_frozen,16,28,1,6,0,0,85.35014629364014,12327.083945274353,5636.264919299878,124.33903717172186,556085.0295729751,105.09652333242514,1
clamp_frozen,16,27,1,6,0,0,85.35014629364014,12403.491288423538,5544.879065564771,125.80330987491124,566822.3604750229,105.51726153189219,1
clamp_frozen,16,26,1,6,0,0,85.35014629364014,12485.931068658829,5450.804840935796,118.33577436679255,576922.3361289998,105.51726153189219,1
clamp_frozen,16,25,1,6,0,0,85.35014629364014,12572.96234369278,5364.538434862155,125.60940733646648,587643.1174210247,108.86577323146005,1
clamp_frozen,16,24,1,6,0,0,85.35014629364014,12638.440132141113,5272.544501471027,137.88628703178122,599411.732191074,110.31606898852215,1
clamp_frozen,16,23,1,6,0,0,85.35014629364014,12707.065045833588,5172.089185059708,117.0666925317316,609403.39152477,111.20897889534331,1
clamp_frozen,16,22,1,6,0,0,85.35014629364014,12848.250269889832,5085.657671972341,124.38662671858765,620019.8083121738,112.95137016244168,1
clamp_frozen,16,21,1,6,0,0,85.35014629364014,12999.809384346008,4992.822220974505,134.58476345140153,631506.6375616459,112.95137016244168,1
clamp_frozen,16,20,1,6,0,0,85.35014629364014,13130.119442939758,4890.127268247933,137.0973704981679,643207.918190138,112.95137016244168,1
clamp_frozen,16,19,1,6,0,0,85.35014629364014,13267.542719841003,4789.321761008358,140.94740224476487,655237.7995914372,112.95137016244168,1
clamp_frozen,16,18,1,6,0,0,85.35014629364014,13395.501375198364,4682.495868254191,138.6822968767883,667074.3539182091,117.40424760711261,1
clamp_frozen,16,17,1,6,0,0,85.35014629364014,13599.039912223816,4578.590530392909,135.91429229019613,678674.6586485739,117.40424760711261,1
clamp_frozen,16,16,1,6,0,0,85.35014629364014,13834.417164325714,4476.94788841598,131.12398862913307,689866.110260676,117.43877695873326,1
clamp_frozen,16,15,1,6,0,0,85.35014629364014,14063.146710395813,4376.373371214027,142.0772282456548,701992.4224764375,117.79311858824813,1
clamp_frozen,16,14,1,6,0,0,85.35014629364014,14280.52842617035,4270.921249437824,147.4915174469677,714580.8450676072,118.13382576143007,1
clamp_frozen,16,13,1,6,0,0,85.35014629364014,14568.517208099365,4158.646291975586,141.32384965935125,726642.8563108132,118.13382576143007,1
clamp_frozen,16,12,1,6,0,0,85.35014629364014,14739.072322845459,4050.4259649116457,149.02383102520164,739362.0620900529,118.65148982084473,1
clamp_frozen,16,11,1,6,0,0,85.35014629364014,14832.477569580078,3939.6981978698213,140.62901493606196,751364.7690879763,118.65148982084473,1
clamp_frozen,16,10,1,6,0,0,85.35014629364014,14879.373908042908,3830.4989497493216,139.98434429605092,763312.4533524635,119.72247037978816,1
clamp_frozen,16,9,1,6,0,0,85.35014629364014,14906.229376792908,3724.41476970217,130.88355824378687,774483.384196003,119.9282594332441,1
clamp_frozen,16,8,1,6,0,0,85.35014629364014,14931.12564086914,3622.1723020204363,152.42795801176618,787493.132711548,119.9282594332441,1
clamp_frozen,16,7,1,6,0,0,85.35014629364014,14946.529269218445,3505.730541934001,136.36362212222795,799131.7878088108,119.9282594332441,1
clamp_frozen,16,6,1,6,0,0,85.35014629364014,14962.4702334404,3397.8173392402214,133.26907526467312,810506.3228790688,119.9282594332441,1
clamp_frozen,16,5,1,6,0,0,85.35014629364014,14973.072409629822,3291.3813579442403,133.27836692166724,821881.6509936105,111.6350613497792,1
clamp_frozen,16,4,1,6,0,0,85.35014629364014,14981.399774551392,3183.9011677843564,106.79039973077268,830996.2272333882,105.31132169984018,1
clamp_frozen,16,3,1,6,0,0,85.35014629364014,14986.44769191742,3097.907417940057,106.05204486526095,840047.784777378,100.66337802387262,1
clamp_frozen,16,2,1,6,0,0,85.35014629364014,14989.48872089386,3011.3076945628945,118.73072701376333,850181.469697553,97.45860423514522,1
clamp_frozen,16,1,1,6,0,0,85.35014629364014,14991.710782051086,2912.175816306205,117.357731920476,860197.9692856554,90.48681714092218,1
clamp_frozen,17,100,4,6,0,0,92.2632086277008,10572.19460606575,10000.0,45.4841693245376,4196.515403647482,55.48941880342484,1
clamp_frozen,17,99,4,6,0,0,92.2632086277008,11112.194061279297,9969.928181059706,54.15660268715882,9193.17733594032,55.48941880342484,1
clamp_frozen,17,98,4,6,0,0,92.2632086277008,11200.785338878632,9934.665700028992,60.329355144288805,14759.357215992492,55.48941880342484,1
clamp_frozen,17,97,4,6,0,0,92.2632086277008,11288.076788187027,9894.73230870116,44.24023556185493,18841.103299374543,56.829019946353895,1
clamp_frozen,17,96,4,6,0,0,92.2632086277008,11514.670848846436,9864.905263341789,47.39778556442535,23214.175077396147,57.148724943126965,1
clamp_frozen,17,95,4,6,0,0,92.2632086277008,11744.76146697998,9832.411481966492,68.33709530450446,29519.174758486715,58.20839583537179,1
clamp_frozen,17,94,4,6,0,0,92.2632086277008,12039.091885089874,9787.35625035287,74.35652271075175,36379.54612617918,58.20839583537179,1
clamp_frozen,17,93,4,6,0,0,92.2632086277008,12403.637617826462,9737.82744818719,70.49532852944529,42883.6713295697,58.20839583537179,1
clamp_frozen,17,92,4,6,0,0,92.2632086277008,12563.925087451935,9690.738373759714,73.7402118295012,49687.17987784582,59.44865838134444,1
clamp_frozen,17,91,4,6,0,0,92.2632086277008,12591.594457626343,9640.597226833916,59.28564056592972,55157.063302007075,59.44865838134444,1
clamp_frozen,17,90,4,6,0,0,92.2632086277008,12615.33409357071,9601.412161316246,69.2901301139737,61549.99303255316,60.89109345881038,1
clamp_frozen,17,89,4,6,0,0,92.2632086277008,12623.177766799927,9555.214390996187,48.55716052733395,66030.03246465533,60.89109345881038,1
clamp_frozen,17,88,4,6,0,0,92.2632086277008,12626.69324874878,9521.546624591489,51.39658179292741,70772.04601336688,61.15843374890705,1
clamp_frozen,17,87,4,6,0,0,92.2632086277008,12631.318867206573,9488.404237538698,58.58750142601435,76177.51688041096,62.95185624470667,1
clamp_frozen,17,86,4,6,0,0,92.2632086277008,12609.71486568451,9448.647403922143,83.90487150390099,83918.8495448558,62.95185624470667,1
clamp_frozen,17,85,4,6,0,0,92.2632086277008,12591.303884983063,9392.436270890523,66.40815264650278,90045.87878706028,63.6293292994672,1
clamp_frozen,17,84,4,6,0,0,92.2632086277008,12571.174502372742,9347.560096778649,66.60189350482663,96190.78318249602,63.6293292994672,1
clamp_frozen,17,83,4,6,0,0,92.2632086277008,12541.521489620209,9302.565446340373,60.416999775954764,101765.04943748469,63.6293292994672,1
clamp_frozen,17,82,4,6,0,0,92.2632086277008,12512.70204782486,9261.43840681202,73.0689204103227,108506.62248550316,63.6293292994672,1
clamp_frozen,17,81,4,6,0,0,92.2632086277008,12486.286908388138,9214.276292293067,69.04647766248394,114877.0720590848,63.98758232653586,1
clamp_frozen,17,80,4,6,0,0,92.2632086277008,12517.77321100235,9167.372480533773,74.92660160773488,121790.04073498388,63.98758232653586,1
clamp_frozen,17,79,4,6,0,0,92.2632086277008,12599.073052406311,9117.300375196872,60.300747337130815,127353.58116695585,64.45289985172099,1
clamp_frozen,17,78,4,6,0,0,92.2632086277008,12633.79842042923,9077.047415116078,76.17042361702654,134381.3088523939,64.89964160446222,1
clamp_frozen,17,77,4,6,0,0,92.2632086277008,12693.243324756622,9026.033737562839,65.67294541131051,140440.50551607326,65.68756414862953,1
clamp_frozen,17,76,4,6,0,0,92.2632086277008,12748.929262161255,8980.419658261208,65.49683518766624,146483.45368544705,65.68756414862953,1
clamp_frozen,17,75,4,6,0,0,92.2632086277008,12778.587341308594,8936.466355880593,71.05619539539217,153039.32626550278,65.68756414862953,1
clamp_frozen,17,74,4,6,0,0,92.2632086277008,12813.979387283325,8887.757371382053,79.91269443006867,160412.3278637059,65.68756414862953,1
clamp_frozen,17,73,4,6,0,0,92.2632086277008,12849.062979221344,8833.953165517676,59.06642040521632,165861.98533244384,65.5279447130899,1
clamp_frozen,17,72,4,6,0,0,92.2632086277008,12881.953418254852,8793.573468830687,78.8163988061538,173133.8391787801,65.5279447130899,1
clamp_frozen,17,71,4,6,0,0,92.2632086277008,12901.482582092285,8740.954739037445,69.76920015404086,179570.96944838017,67.40895593591064,1
clamp_frozen,17,70,4,6,0,0,92.2632086277008,12922.243475914001,8692.75754987064,75.51549868049547,186538.2716577636,67.40895593591064,1
clamp_frozen,17,69,4,6,0,0,92.2632086277008,12948.348224163055,8640.713663256258,72.50783023117458,193228.07672552438,67.40895593591064,1
clamp_frozen,17,68,4,6,0,0,92.2632086277008,12964.593768119812,8591.452323725582,67.13784236250541,199422.4294822299,68.22850945101008,1
clamp_frozen,17,67,4,6,0,0,92.2632086277008,12973.495721817017,8544.20011092191,67.39602807742504,205640.60328141574,68.22850945101008,1
clamp_frozen,17,66,4,6,0,0,92.2632086277008,13046.842217445374,8496.639837700888,65.81323830958628,211712.74381803768,69.84883539218049,1
clamp_frozen,17,65,4,6,0,0,92.2632086277008,13136.643469333649,8448.932921960775,62.42881836544177,217472.62691126927,69.84883539218049,1
clamp_frozen,17,64,4,6,0,0,92.2632086277008,13162.755072116852,8404.480522749349,69.15712853418728,223853.2854893117,69.84883539218049,1
clamp_frozen,17,63,4,6,0,0,92.2632086277008,13204.854130744934,8356.540257631439,75.8092852291909,230847.6933883294,69.84883539218049,1
clamp_frozen,17,62,4,6,0,0,92.2632086277008,13308.2315325737,8304.404192877475,94.20961007854613,239539.77429774066,69.84883539218049,1
clamp_frozen,17,61,4,6,0,0,92.2632086277008,13398.476243019104,8238.647561055363,86.81089385481685,247549.22590862482,69.89345595574414,1
clamp_frozen,17,60,4,6,0,0,92.2632086277008,13480.703234672546,8177.3910289700325,103.07869777168474,257059.59730620548,89.10668574861131,1
clamp_frozen,17,59,4,6,0,0,92.2632086277008,13547.948598861694,8106.793104517152,101.6643881345808,266439.4799586739,89.10668574861131,1
clamp_frozen,17,58,4,6,0,0,92.2632086277008,13630.655407905579,8035.513752798263,103.94216908092451,276029.517989803,89.10668574861131,1
clamp_frozen,17,57,4,6,0,0,92.2632086277008,13662.903308868408,7961.727576564692,97.31194454614854,285007.8302314315,89.10668574861131,1
clamp_frozen,17,56,4,6,0,0,92.2632086277008,13680.22233247757,7893.832532421786,107.39229829978474,294916.18825447286,89.10668574861131,1
clamp_frozen,17,55,4,6,0,0,92.2632086277008,13693.532347679138,7817.840862748148,88.19509784954936,303053.3509673063,91.60460794927438,1
clamp_frozen,17,54,4,6,0,0,92.2632086277008,13688.938021659851,7756.240354044792,96.24281764574428,311933.02213067334,91.60460794927438,1
clamp_frozen,17,53,4,6,0,0,92.2632086277008,13685.12213230133,7688.56527353451,118.74513953713405,322888.8297133134,91.60460794927438,1
clamp_frozen,17,52,4,6,0,0,92.2632086277008,13678.852617740631,7605.084854311463,105.74728283014144,332645.4133308832,91.93538435860836,1
clamp_frozen,17,51,4,6,0,0,92.2632086277008,13708.824217319489,7528.121513697386,105.95781777462145,342421.421577959,93.26932573131452,1
clamp_frozen,17,50,4,6,0,0,92.2632086277008,13762.176036834717,7452.33311650387,113.7343953854106,352914.92182754853,93.26932573131452,1
clamp_frozen,17,49,4,6,0,0,92.2632086277008,13821.556270122528,7371.14772930564,104.8385847690609,362587.6660463293,94.57064547423397,1
clamp_frozen,17,48,4,6,0,0,92.2632086277008,13861.134946346283,7295.572866304843,106.6473408106053,372427.29190112767,94.57064547423397,1
clamp_frozen,17,47,4,6,0,0,92.2632086277008,13879.373967647552,7220.296163182167,96.65991609372519,381345.44590561907,94.57064547423397,1
clamp_frozen,17,46,4,6,0,0,92.2632086277008,13889.30857181549,7151.266733647392,117.54338505910894,392190.3757641338,96.98299627115883,1
clamp_frozen,17,45,4,6,0,0,92.2632086277008,13896.594047546387,7067.32036825403,116.127941705424,402904.7122772068,97.32361841658812,1
clamp_frozen,17,44,4,6,0,0,92.2632086277008,13893.505334854126,6983.341956769511,104.46932952979904,412543.3878228107,97.85545855988339,1
clamp_frozen,17,43,4,6,0,0,92.2632086277008,13894.715011119843,6911.693878583745,108.71757501777958,422574.0201281738,97.85545855988339,1
clamp_frozen,17,42,4,6,0,0,92.2632086277008,13891.624808311462,6833.649485982602,94.98314369868741,431337.4697313607,97.85545855988339,1
clamp_frozen,17,41,4,6,0,0,92.2632086277008,13864.684104919434,6764.438242152584,107.58391761177283,441263.50716696103,98.63031199072775,1
clamp_frozen,17,40,4,6,0,0,92.2632086277008,13765.228390693665,6686.057614781737,102.95197058596584,450762.18630776694,98.63031199072775,1
clamp_frozen,17,39,4,6,0,0,92.2632086277008,13683.880865573883,6611.102071502119,105.9015946091384,460533.00722519605,98.63031199072775,1
clamp_frozen,17,38,4,6,0,0,92.2632086277008,13616.070747375488,6532.7979333267585,110.6820554292406,470744.8887966068,100.36903837561965,1
clamp_frozen,17,37,4,6,0,0,92.2632086277008,13561.929166316986,6454.043445787373,111.74460395083976,481054.80450394296,100.36903837561965,1
clamp_frozen,17,36,4,6,0,0,92.2632086277008,13556.92207813263,6372.33224253673,108.40252038050852,491056.3688575784,100.68255637139985,1
clamp_frozen,17,35,4,6,0,0,92.2632086277008,13551.77104473114,6294.76768799401,118.50637781412313,501990.147517556,100.68255637139985,1
clamp_frozen,17,34,4,6,0,0,92.2632086277008,13548.310101032257,6208.853512573254,122.69115910868308,513310.02752717485,100.68255637139985,1
clamp_frozen,17,33,4,6,0,0,92.2632086277008,13547.898530960083,6119.5860108879715,112.43133147423801,523683.3029192727,100.68255637139985,1
clamp_frozen,17,32,4,6,0,0,92.2632086277008,13543.537259101868,6036.759521241907,118.50848064964846,534617.275593603,102.64207294651457,1
clamp_frozen,17,31,4,6,0,0,92.2632086277008,13519.796133041382,5945.850933250948,114.22020705039647,545155.5983861929,107.33403298465377,1
clamp_frozen,17,30,4,6,0,0,92.2632086277008,13483.60925912857,5858.681092374887,126.90723527571465,556864.4671108009,108.1643677223478,1
clamp_frozen,17,29,4,6,0,0,92.2632086277008,13465.431332588196,5765.475194158584,131.96405316939592,569039.8940797258,111.5619876042391,1
clamp_frozen,17,28,4,6,0,0,92.2632086277008,13467.923104763031,5665.975638287446,130.01486446180357,581035.4826442675,111.5619876042391,1
clamp_frozen,17,27,4,6,0,0,92.2632086277008,13469.494581222534,5571.003804910765,126.40186248666139,592697.7240538043,111.98272580370616,1
clamp_frozen,17,26,4,6,0,0,92.2632086277008,13438.226580619812,5476.978579565807,124.90143738845403,604221.5314294749,111.98272580370616,1
clamp_frozen,17,25,4,6,0,0,92.2632086277008,13397.774398326874,5383.417291467201,127.94905234696904,616026.52153988,115.33123750327402,1
clamp_frozen,17,24,4,6,0,0,92.2632086277008,13359.061777591705,5284.931540615213,131.62703609996478,628170.854232617,116.78153326033612,1
clamp_frozen,17,23,4,6,0,0,92.2632086277008,13316.76572561264,5188.50911784935,140.47861375641102,641131.8618813549,117.67444316715728,1
clamp_frozen,17,22,4,6,0,0,92.2632086277008,13261.021971702576,5082.015031983417,131.55589110684116,653269.6305087485,119.41683443425565,1
clamp_frozen,17,21,4,6,0,0,92.2632086277008,13208.145499229431,4984.993353872355,133.7016986293957,665605.3782232704,119.41683443425565,1
clamp_frozen,17,20,4,6,0,0,92.2632086277008,13165.796995162964,4883.898998403889,138.14863171317,678351.4142526541,119.41683443425565,1
clamp_frozen,17,19,4,6,0,0,92.2632086277008,13205.945491790771,4777.637349455619,143.12720581132328,691556.7895027241,119.41683443425565,1
clamp_frozen,17,18,4,6,0,0,92.2632086277008,13263.206481933594,4668.485960664713,121.87066182134618,702800.9677999429,124.90873747636871,1
clamp_frozen,17,17,4,6,0,0,92.2632086277008,13325.931131839752,4573.480242764403,142.1375129257066,715915.0308088299,124.90873747636871,1
clamp_frozen,17,16,4,6,0,0,92.2632086277008,13373.420536518097,4464.242962247022,134.70543736320593,728343.386679557,126.98521596814824,1
clamp_frozen,17,15,4,6,0,0,92.2632086277008,13293.207287788391,4361.171107795905,126.49264961363707,740014.0044007307,127.33955759766313,1
clamp_frozen,17,14,4,6,0,0,92.2632086277008,13168.556690216064,4264.421624252321,140.03204447011007,752933.81013424,128.64897873426494,1
clamp_frozen,17,13,4,6,0,0,92.2632086277008,13049.4025349617,4152.833158471334,144.5571743072059,766271.1188659766,128.64897873426494,1
clamp_frozen,17,12,4,6,0,0,92.2632086277008,12930.1118850708,4037.199608196571,132.85326775819453,778528.5876260226,128.95909757847755,1
clamp_frozen,17,11,4,6,0,0,92.2632086277008,12790.690958499908,3930.9121952524138,138.41542070430876,791299.2384637552,128.95909757847755,1
clamp_frozen,17,10,4,6,0,0,92.2632086277008,12676.973342895508,3819.4351650279696,151.57164726386432,805283.7249773054,129.70269371597854,1
clamp_frozen,17,9,4,6,0,0,92.2632086277008,12606.351673603058,3698.8051553073774,142.8204618697771,818460.7990471012,129.70269371597854,1
clamp_frozen,17,8,4,6,0,0,92.2632086277008,12530.967891216278,3582.9966975433135,135.37837082134405,830951.2419178691,129.70269371597854,1
clamp_frozen,17,7,4,6,0,0,92.2632086277008,12553.547620773315,3477.2067976970047,148.27992319954947,844632.0234073285,129.70269371597854,1
clamp_frozen,17,6,4,6,0,0,92.2632086277008,12631.715536117554,3354.5397761975364,113.00901681296041,855058.5979023541,129.70269371597854,1
clamp_frozen,17,5,4,6,0,0,92.2632086277008,12649.064660072327,3262.2361297609395,111.81040538514719,865374.5846611517,117.28918192833491,1
clamp_frozen,17,4,4,6,0,0,92.2632086277008,12698.69327545166,3170.6866654320593,108.1879811475715,875356.35493678,110.96544227839588,1
clamp_frozen,17,3,4,6,0,0,92.2632086277008,12742.89458990097,3080.3059270973927,107.90381124594172,885311.9067854884,106.31749860242833,1
clamp_frozen,17,2,4,6,0,0,92.2632086277008,12818.802893161774,2990.0339757990505,95.44253985563502,894117.7417521465,102.72787383917988,1
clamp_frozen,17,1,4,6,0,0,92.2632086277008,12875.092923641205,2908.409089644124,93.85319880666441,902776.9390140228,95.2678864120809,1
clamp_frozen,18,100,5,12,1,1,116.2159013748169,14492.48343706131,10000.0,95.88621637163287,11143.50306505004,122.62129846453644,0
clamp_frozen,18,99,5,12,1,1,116.2159013748169,13931.891322135925,9931.111035621625,111.65303259544244,24119.360889361196,122.62129846453644,0
clamp_frozen,18,98,5,12,1,1,116.2159013748169,13986.180424690247,9848.583072502059,92.5024698403801,34869.618801257784,122.62129846453644,0
clamp_frozen,18,97,5,12,1,1,116.2159013748169,13973.665833473206,9781.557437907784,104.03051219639183,46959.618546645346,124.02216067174243,0
clamp_frozen,18,96,5,12,1,1,116.2159013748169,13985.59182882309,9707.402075103355,109.47964129556708,59682.8937420013,124.02216067174243,0
clamp_frozen,18,95,5,12,1,1,116.2159013748169,14030.69019317627,9628.457968189217,109.35198251719564,72391.33295736041,125.08183156398725,0
clamp_frozen,18,94,5,12,1,1,116.2159013748169,14094.520807266235,9550.590354561864,101.11499128005603,84142.50281147887,125.08183156398725,0
clamp_frozen,18,93,5,12,1,1,116.2159013748169,14126.953482627869,9477.616446539,102.09497646013934,96007.56252663468,125.56961748732996,0
clamp_frozen,18,92,5,12,1,1,116.2159013748169,14170.521199703217,9404.213455401365,95.79082562462389,107139.97967003824,126.56691740931149,0
clamp_frozen,18,91,5,12,1,1,116.2159013748169,14148.510098457336,9335.162988954839,104.5991006287217,119296.05843260032,126.56691740931149,0
clamp_frozen,18,90,5,12,1,1,116.2159013748169,14096.969962120056,9259.86049661055,102.97994591089197,131263.9656701645,128.0068958182441,0
clamp_frozen,18,89,5,12,1,1,116.2159013748169,13978.922665119171,9184.90818009058,98.04442305620867,142658.28667041566,128.0068958182441,0
clamp_frozen,18,88,5,12,1,1,116.2159013748169,13858.585357666016,9113.464534241099,103.46629436516113,154682.715331975,128.27423610834077,0
clamp_frozen,18,87,5,12,1,1,116.2159013748169,13735.669255256653,9038.596197772564,103.1670283930077,166672.3645288297,129.9887842880545,0
clamp_frozen,18,86,5,12,1,1,116.2159013748169,13586.767613887787,8963.052474745191,111.90779989308756,179677.8303642775,129.9887842880545,0
clamp_frozen,18,85,5,12,1,1,116.2159013748169,13404.960930347443,8881.93337729994,104.60032003632918,191834.05084139382,131.39065547928402,0
clamp_frozen,18,84,5,12,1,1,116.2159013748169,13172.893524169922,8804.277924581238,112.4206335366191,204899.11610097997,134.22803013497784,0
clamp_frozen,18,83,5,12,1,1,116.2159013748169,12983.254194259644,8723.84432336732,108.07343816232384,217458.96813168997,134.22803013497784,0
clamp_frozen,18,82,5,12,1,1,116.2159013748169,12798.125445842743,8645.337420028138,114.17218802324429,230727.59187474637,134.22803013497784,0
clamp_frozen,18,81,5,12,1,1,116.2159013748169,12647.37755060196,8562.420895537616,102.48241060205417,242637.67759792818,134.58628316204653,0
clamp_frozen,18,80,5,12,1,1,116.2159013748169,12524.288296699524,8486.437238502156,94.60317753646491,253632.07114825028,134.58628316204653,0
clamp_frozen,18,79,5,12,1,1,116.2159013748169,12407.193779945374,8418.658857464497,106.36131515651778,265992.94726057595,137.25137735790267,0
clamp_frozen,18,78,5,12,1,1,116.2159013748169,12275.686711072922,8341.414446071245,110.40622572844015,278823.9063009981,137.25137735790267,0
clamp_frozen,18,77,5,12,1,1,116.2159013748169,12267.345786094666,8260.602571336012,120.62688595569391,292842.6685823763,138.34527592112582,0
clamp_frozen,18,76,5,12,1,1,116.2159013748169,12275.07084608078,8173.966878950086,136.51331243398877,308707.68623655435,139.8599388733162,0
clamp_frozen,18,75,5,12,1,1,116.2159013748169,12194.385677576065,8073.0081123458185,106.45984294978534,321080.0128451851,139.8599388733162,0
clamp_frozen,18,74,5,12,1,1,116.2159013748169,12063.01525235176,7995.347639631149,109.3953725995222,333793.4946780725,139.8599388733162,0
clamp_frozen,18,73,5,12,1,1,116.2159013748169,11909.836679697037,7917.261008757222,116.46473309510823,347328.548613098,140.6224031964283,0
clamp_frozen,18,72,5,12,1,1,116.2159013748169,11922.2953915596,7832.687392238817,108.92101815483207,359986.90291662456,140.6224031964283,0
clamp_frozen,18,71,5,12,1,1,116.2159013748169,11942.051351070404,7753.467804670348,108.47472856131711,372593.39127276663,140.6224031964283,0
clamp_frozen,18,70,5,12,1,1,116.2159013748169,11940.635293722153,7673.305678411217,105.48596578972298,384852.5378694124,140.6224031964283,0
clamp_frozen,18,69,5,12,1,1,116.2159013748169,12010.84852218628,7593.85079188137,107.71867923178323,397371.1612712389,143.74385215300907,0
clamp_frozen,18,68,5,12,1,1,116.2159013748169,12037.978619337082,7514.55919531594,117.717529620551,411051.8100837079,146.41315056855447,0
clamp_frozen,18,67,5,12,1,1,116.2159013748169,12072.687149047852,7426.576538216526,120.8507249592725,425096.58601664985,146.41315056855447,0
clamp_frozen,18,66,5,12,1,1,116.2159013748169,12111.935168504715,7336.774899533988,123.04997016584859,439396.9492136183,147.95730716934838,0
clamp_frozen,18,65,5,12,1,1,116.2159013748169,12116.49864912033,7244.843384501875,111.32154496717295,452334.2829044155,147.95730716934838,0
clamp_frozen,18,64,5,12,1,1,116.2159013748169,12186.974436044693,7161.355145781342,115.21321775367048,465723.89085595135,147.95730716934838,0
clamp_frozen,18,63,5,12,1,1,116.2159013748169,12302.396297454834,7076.691515633477,119.61122677592172,479624.6173902627,149.66408283344634,0
clamp_frozen,18,62,5,12,1,1,116.2159013748169,12463.37205171585,6987.932937432651,122.48503870733207,493859.32656856463,149.66408283344634,0
clamp_frozen,18,61,5,12,1,1,116.2159013748169,12604.973018169403,6896.018781826698,136.5512319697922,509728.75107577577,149.93764281533836,0
clamp_frozen,18,60,5,12,1,1,116.2159013748169,12748.815715312958,6793.379834759761,141.05831863247525,526121.970722065,175.84600634426346,0
clamp_frozen,18,59,5,12,1,1,116.2159013748169,12888.665199279785,6689.795529695581,158.8049073730146,544577.6261751641,176.08019672204279,0
clamp_frozen,18,58,5,12,1,1,116.2159013748169,12967.385351657867,6570.550584937614,145.1958303719251,561451.6904777024,182.18293728047686,0
clamp_frozen,18,57,5,12,1,1,116.2159013748169,13105.261325836182,6460.265384107603,135.18149085400336,577161.9292864919,182.18293728047686,0
clamp_frozen,18,56,5,12,1,1,116.2159013748169,13198.433816432953,6359.315114753601,155.6353541617741,595249.2322561914,182.18293728047686,0
clamp_frozen,18,55,5,12,1,1,116.2159013748169,13073.702454566956,6244.775435307925,141.29694719843894,611670.1843363679,184.4032916851394,0
clamp_frozen,18,54,5,12,1,1,116.2159013748169,12956.96496963501,6136.0443937841355,152.91949970799183,629441.8618327182,184.4032916851394,0
clamp_frozen,18,53,5,12,1,1,116.2159013748169,12854.126393795013,6021.747478964286,148.55938493809512,646706.8246609874,184.4032916851394,0
clamp_frozen,18,52,5,12,1,1,116.2159013748169,12771.036028862,5908.220623353353,143.61577456104965,663397.2613532422,184.4032916851394,0
clamp_frozen,18,51,5,12,1,1,116.2159013748169,12683.966755867004,5799.208315407953,159.84413013455935,681973.6910163036,186.63549510603517,0
clamp_frozen,18,50,5,12,1,1,116.2159013748169,12677.483856678009,5677.65055180804,169.92005669503848,701721.1035667775,195.43755580295394,0
clamp_frozen,18,49,5,12,1,1,116.2159013748169,12735.997438430786,5548.112764242524,156.47509343327948,719905.9975928348,196.20027183670678,0
clamp_frozen,18,48,5,12,1,1,116.2159013748169,12794.744968414307,5428.478123669148,157.67499335383224,738230.3390697186,196.20027183670678,0
clamp_frozen,18,47,5,12,1,1,116.2159013748169,12837.783992290497,5309.191999342121,158.84859364882539,756691.0715627389,199.91319423353335,0
clamp_frozen,18,46,5,12,1,1,116.2159013748169,12914.125621318817,5188.571005960481,175.52921410903798,777090.357398034,199.91319423353335,0
clamp_frozen,18,45,5,12,1,1,116.2159013748169,12962.294220924377,5050.967048921521,158.25989203402986,795482.6734022499,199.91319423353335,0
clamp_frozen,18,44,5,12,1,1,116.2159013748169,12943.405210971832,4933.677754914841,158.3966908886027,813890.8876086571,200.5032029124764,0
clamp_frozen,18,43,5,12,1,1,116.2159013748169,12892.791032791138,4810.956968122844,156.3153624658807,832057.2183563607,200.5032029124764,0
clamp_frozen,18,42,5,12,1,1,116.2159013748169,12863.004207611084,4689.621241635174,169.18425434762315,851719.118973796,200.5032029124764,0
clamp_frozen,18,41,5,12,1,1,116.2159013748169,12827.066481113434,4559.965672046309,162.17805760869098,870566.788122007,203.90988037788304,0
clamp_frozen,18,40,5,12,1,1,116.2159013748169,12769.007980823517,4435.983135834411,160.74471324659345,889247.8798631964,203.90988037788304,0
clamp_frozen,18,39,5,12,1,1,116.2159013748169,12736.415565013885,4313.049173589916,165.66515492736366,908500.8051694786,203.90988037788304,0
clamp_frozen,18,38,5,12,1,1,116.2159013748169,12691.128551959991,4182.5215517191855,167.4291793300602,927958.7381617675,211.06427502110148,0
clamp_frozen,18,37,5,12,1,1,116.2159013748169,12675.365209579468,4050.8695430929747,172.8021493137501,948041.0957037706,211.06427502110148,0
clamp_frozen,18,36,5,12,1,1,116.2159013748169,12583.503425121307,3918.5662154850925,169.44648646292845,967733.4718628556,211.3777930168817,0
clamp_frozen,18,35,5,12,1,1,116.2159013748169,12520.132064819336,3786.998622623845,160.3834987954609,986372.584741017,211.3777930168817,0
clamp_frozen,18,34,5,12,1,1,116.2159013748169,12428.653687238693,3662.2399648486107,179.97184321056423,1007288.1747218199,211.3777930168817,0
clamp_frozen,18,33,5,12,1,1,116.2159013748169,12404.46761250496,3519.5291230386038,166.8861725350472,1026683.0016899736,211.3777930168817,0
clamp_frozen,18,32,5,12,1,1,116.2159013748169,12437.495738267899,3389.5502980213705,173.4706357881992,1046843.0479901618,211.3777930168817,0
clamp_frozen,18,31,5,12,1,1,116.2159013748169,12481.983453035355,3252.649358072038,185.71583610287948,1068426.1812824358,215.8582445896582,0
clamp_frozen,18,30,5,12,1,1,116.2159013748169,12451.945841312408,3107.1927974382706,176.326440112784,1088918.1174563556,217.62011982881515,0
clamp_frozen,18,29,5,12,1,1,116.2159013748169,12365.906089544296,2968.0321836547355,167.969535173258,1108438.8483900249,228.32407060173463,0
clamp_frozen,18,28,5,12,1,1,116.2159013748169,12302.646934986115,2835.297729888599,187.54547885996038,1130234.6152645068,228.32407060173463,0
clamp_frozen,18,27,5,12,1,1,116.2159013748169,12224.818915128708,2689.6192439384076,191.26238902071026,1152462.3462036494,228.74480880120169,0
clamp_frozen,18,26,5,12,1,1,116.2159013748169,12127.398401498795,2538.588671670642,185.91638638315865,1174068.7866275168,228.74480880120169,0
clamp_frozen,18,25,5,12,1,1,116.2159013748169,11857.31515288353,2390.9266167123897,189.1258364699219,1196048.216186135,232.96745592437514,0
clamp_frozen,18,24,5,12,1,1,116.2159013748169,11617.08652973175,2240.00784984,186.83460136597677,1217761.3677918867,236.4388957050125,0
clamp_frozen,18,23,5,12,1,1,116.2159013748169,11432.593017816544,2093.6107565974353,200.84709203798164,1241102.9936315916,238.0786546384911,0
clamp_frozen,18,22,5,12,1,1,116.2159013748169,11280.426979064941,1932.7316881923398,198.12743339691096,1264128.5518908927,240.89903206973992,0
clamp_frozen,18,21,5,12,1,1,116.2159013748169,11220.934391021729,1773.1012671242079,203.6007663151375,1287790.19846881,240.89903206973992,0
clamp_frozen,18,20,5,12,1,1,116.2159013748169,11125.850230455399,1609.0592836212982,189.68758886149288,1309834.912587964,240.89903206973992,0
clamp_frozen,18,19,5,12,1,1,116.2159013748169,11029.63387966156,1452.4388356334002,210.833903915733,1334337.1647719024,240.89903206973992,0
clamp_frozen,18,18,5,12,1,1,116.2159013748169,11130.170822143555,1280.3723911075049,208.34325366091997,1358549.9637914684,246.92805639126922,0
clamp_frozen,18,17,5,12,1,1,116.2159013748169,10978.71333360672,1109.1911927090532,183.7312044388951,1379902.4513260154,246.92805639126922,0
clamp_frozen,18,16,5,12,1,1,116.2159013748169,10788.857489824295,960.2644069861963,204.00551155915875,1403611.1357372936,249.22632805170318,0
clamp_frozen,18,15,5,12,1,1,116.2159013748169,10599.927604198456,792.7824347915357,0.0,1403611.1357372936,251.8711947131633,0
clamp_frozen,18,14,5,12,1,1,116.2159013748169,10693.294405937195,792.7824347915357,75.86173592590603,1412427.4757577812,253.63584708782395,0
clamp_frozen,18,13,5,12,1,1,116.2159013748169,11013.986468315125,730.5941224234975,189.3674777658571,1434434.987877416,254.08714017232143,0
clamp_frozen,18,12,5,12,1,1,116.2159013748169,10890.340209007263,575.0715576529001,62.92798679971747,1441748.2205850477,254.80629722425985,0
clamp_frozen,18,11,5,12,1,1,116.2159013748169,10848.133862018585,523.5693932015674,0.0,1441748.2205850477,254.80629722425985,0
clamp_frozen,18,10,5,12,1,1,116.2159013748169,11271.94195985794,523.5693932015674,197.482364698931,1464698.8116041643,255.9433429025627,0
clamp_frozen,18,9,5,12,1,1,116.2159013748169,11176.645010709763,356.61857241139296,167.697715807004,1484187.9528051731,255.9433429025627,0
clamp_frozen,18,8,5,12,1,1,116.2159013748169,10805.44725060463,216.5295440767186,0.0,1484187.9528051731,255.9433429025627,0
clamp_frozen,18,7,5,12,1,1,116.2159013748169,11128.401309251785,216.5295440767186,4.727897587425105,1484737.4096849035,255.9433429025627,0
clamp_frozen,18,6,5,12,1,1,116.2159013748169,11831.582635641098,212.52684077778758,174.46086825972748,1505012.5367443408,255.9433429025627,0
clamp_frozen,18,5,5,12,1,1,116.2159013748169,11322.801560163498,65.9815418002454,70.41234935134344,1513195.5713921257,230.04512928449802,0
clamp_frozen,18,4,5,12,1,1,116.2159013748169,11616.447567939758,5.86373299450679,165.9819949368017,1532485.3185456963,226.42549507794118,0
clamp_frozen,18,3,5,12,1,1,116.2159013748169,11162.3615026474,-136.9061766473278,0.0,1532485.3185456963,215.56234262596197,0
clamp_frozen,18,2,5,12,1,1,116.2159013748169,11648.292243480682,-136.9061766473278,146.87406906408788,1549554.4208705665,203.8312723170848,0
clamp_frozen,18,1,5,12,1,1,116.2159013748169,11042.43353009224,-264.7911695249113,0.0,1549554.4208705665,196.37128488998587,0
clamp_frozen,19,100,4,6,0,0,92.2632086277008,10572.19460606575,10000.0,63.96799932842221,5901.892867534843,55.48941880342484,1
clamp_frozen,19,99,4,6,0,0,92.2632086277008,11112.48403787613,9959.255795799989,66.01826589580895,11992.94990711889,55.48941880342484,1
clamp_frozen,19,98,4,6,0,0,92.2632086277008,11209.759414196014,9917.821810062038,66.85298828711478,18161.0211128382,55.48941880342484,1
clamp_frozen,19,97,4,6,0,0,92.2632086277008,11301.092803478241,9875.090264528775,67.5061228636661,24389.352610255828,56.829019946353895,1
clamp_frozen,19,96,4,6,0,0,92.2632086277008,11530.902981758118,9831.098052927116,57.474559964411554,29692.13992703763,57.148724943126965,1
clamp_frozen,19,95,4,6,0,0,92.2632086277008,11769.86962556839,9793.538316789012,66.34797179981896,35813.61669122914,58.20839583537179,1
clamp_frozen,19,94,4,6,0,0,92.2632086277008,12095.746845006943,9751.037502495463,79.62175485341089,43159.77527057304,58.20839583537179,1
clamp_frozen,19,93,4,6,0,0,92.2632086277008,12445.155680179596,9698.627849850816,55.51143872626368,48281.43872299814,58.20839583537179,1
clamp_frozen,19,92,4,6,0,0,92.2632086277008,12583.888173103333,9663.207822869328,67.50261427187719,54509.44650647956,59.44865838134444,1
clamp_frozen,19,91,4,6,0,0,92.2632086277008,12586.094737052917,9619.040620377089,60.72946531034307,60112.54183425646,59.44865838134444,1
clamp_frozen,19,90,4,6,0,0,92.2632086277008,12609.40045118332,9578.634216896948,67.3204506258348,66323.74261525868,60.89109345881038,1
clamp_frozen,19,89,4,6,0,0,92.2632086277008,12611.438930034637,9535.40933930868,63.83969257874048,72213.79749037931,60.89109345881038,1
clamp_frozen,19,88,4,6,0,0,92.2632086277008,12613.524794578552,9493.84294479826,56.36991603633155,77414.66681396535,61.15843374890705,1
clamp_frozen,19,87,4,6,0,0,92.2632086277008,12610.74274778366,9457.532896905292,54.317104779648204,82426.13718430272,62.95185624470667,1
clamp_frozen,19,86,4,6,0,0,92.2632086277008,12585.363686084747,9422.14733594823,74.43788773646851,89294.01555033788,62.95185624470667,1
clamp_frozen,19,85,4,6,0,0,92.2632086277008,12572.408318519592,9374.485514431773,72.11346153066458,95947.43489640726,63.6293292994672,1
clamp_frozen,19,84,4,6,0,0,92.2632086277008,12551.653981208801,9328.157248448397,68.22776583644254,102242.34748997688,63.6293292994672,1
clamp_frozen,19,83,4,6,0,0,92.2632086277008,12530.81738948822,9283.71163685586,59.8393058775832,107763.31385229714,63.6293292994672,1
clamp_frozen,19,82,4,6,0,0,92.2632086277008,12500.673234462738,9244.70099622032,60.12453121957724,113310.59601985171,63.6293292994672,1
clamp_frozen,19,81,4,6,0,0,92.2632086277008,12479.670941829681,9204.852906541351,70.29768942777396,119796.48640557173,63.98758232653586,1
clamp_frozen,19,80,4,6,0,0,92.2632086277008,12517.019212245941,9157.47701798084,58.73077720926422,125215.1763560971,63.98758232653586,1
clamp_frozen,19,79,4,6,0,0,92.2632086277008,12604.60615158081,9117.912571458575,70.29496272563726,131700.815167529,64.45289985172099,1
clamp_frozen,19,78,4,6,0,0,92.2632086277008,12635.504603385925,9071.04004929612,70.27836159060654,138184.92230497615,64.89964160446222,1
clamp_frozen,19,77,4,6,0,0,92.2632086277008,12701.327800750732,9023.214408798363,82.87423825747658,145831.1654391875,65.68756414862953,1
clamp_frozen,19,76,4,6,0,0,92.2632086277008,12748.391926288605,8967.176083453443,73.86175001959175,152645.88749085215,65.68756414862953,1
clamp_frozen,19,75,4,6,0,0,92.2632086277008,12779.966294765472,8920.208086697485,76.23672102134299,159679.73198753616,65.68756414862953,1
clamp_frozen,19,74,4,6,0,0,92.2632086277008,12817.521095275879,8869.474030306748,70.53990044781094,166187.9695391298,65.68756414862953,1
clamp_frozen,19,73,4,6,0,0,92.2632086277008,12853.503823280334,8822.079463690874,81.15933379790064,173675.9900854107,65.5279447130899,1
clamp_frozen,19,72,4,6,0,0,92.2632086277008,12887.983322143555,8767.62734547251,69.93589733224773,180128.50037154136,65.5279447130899,1
clamp_frozen,19,71,4,6,0,0,92.2632086277008,12907.742857933044,8721.505745119726,76.62787137112923,187198.43365455247,67.40895593591064,1
clamp_frozen,19,70,4,6,0,0,92.2632086277008,12929.152846336365,8669.218686222808,78.05112202449241,194399.68060952434,67.40895593591064,1
clamp_frozen,19,69,4,6,0,0,92.2632086277008,12955.299019813538,8616.44705969463,70.95498900152944,200946.21556294867,67.40895593591064,1
clamp_frozen,19,68,4,6,0,0,92.2632086277008,12974.717020988464,8569.840907652902,82.13132147676167,208523.91481122788,68.22850945101008,1
clamp_frozen,19,67,4,6,0,0,92.2632086277008,12991.255819797516,8514.00331939932,61.712770046858026,214217.73298905446,68.22850945101008,1
clamp_frozen,19,66,4,6,0,0,92.2632086277008,13094.923496246338,8472.945746961286,84.34466578965046,221999.64248543867,69.84883539218049,1
clamp_frozen,19,65,4,6,0,0,92.2632086277008,13168.173730373383,8414.989736192629,71.20668834072535,228569.4000275067,69.84883539218049,1
clamp_frozen,19,64,4,6,0,0,92.2632086277008,13190.74034690857,8365.077004551353,87.54753550047786,236646.81656022833,69.84883539218049,1
clamp_frozen,19,63,4,6,0,0,92.2632086277008,13271.759450435638,8304.843828108229,75.31227747438888,243595.36892907516,69.84883539218049,1
clamp_frozen,19,62,4,6,0,0,92.2632086277008,13386.54488325119,8255.046473068864,82.86653623382593,251240.90144987157,69.84883539218049,1
clamp_frozen,19,61,4,6,0,0,92.2632086277008,13462.685942649841,8197.10932719373,104.69118458392403,260900.04605461928,69.89345595574414,1
clamp_frozen,19,60,4,6,0,0,92.2632086277008,13544.913530349731,8127.244868729626,106.48918262725384,270725.0797279509,89.10668574861131,1
clamp_frozen,19,59,4,6,0,0,92.2632086277008,13634.533882141113,8055.520749128885,79.79502052934453,278087.2243545015,89.10668574861131,1
clamp_frozen,19,58,4,6,0,0,92.2632086277008,13664.143085479736,8000.754832367188,75.69726468019478,285071.29687823664,89.10668574861131,1
clamp_frozen,19,57,4,6,0,0,92.2632086277008,13662.774562835693,7948.896140335686,105.47550706157635,294802.8055913714,89.10668574861131,1
clamp_frozen,19,56,4,6,0,0,92.2632086277008,13674.632906913757,7875.4059518717,121.87643599298485,306047.51663219277,89.10668574861131,1
clamp_frozen,19,55,4,6,0,0,92.2632086277008,13676.920533180237,7790.847825691381,92.24272416938496,314558.1263366202,91.60460794927438,1
clamp_frozen,19,54,4,6,0,0,92.2632086277008,13664.086759090424,7726.796592638213,105.54282163743459,324295.845708511,91.60460794927438,1
clamp_frozen,19,53,4,6,0,0,92.2632086277008,13662.086725234985,7654.861428940578,86.47124977583775,332273.96066687716,91.60460794927438,1
clamp_frozen,19,52,4,6,0,0,92.2632086277008,13671.435713768005,7595.601869994294,96.3735876640243,341165.69709172304,91.93538435860836,1
clamp_frozen,19,51,4,6,0,0,92.2632086277008,13712.425827980042,7529.462703126077,100.42551864956063,350431.2776704325,93.26932573131452,1
clamp_frozen,19,50,4,6,0,0,92.2632086277008,13767.127990722656,7459.08046841205,108.11564076561726,360406.37359030824,93.26932573131452,1
clamp_frozen,19,49,4,6,0,0,92.2632086277008,13822.977542877197,7382.375857755227,99.14947183665133,369554.22199569957,94.57064547423397,1
clamp_frozen,19,48,4,6,0,0,92.2632086277008,13857.01596736908,7312.468481491737,89.39644168777141,377802.2245457125,94.57064547423397,1
clamp_frozen,19,47,4,6,0,0,92.2632086277008,13872.901201248169,7250.212619782705,93.30749949821046,386411.073838445,94.57064547423397,1
clamp_frozen,19,46,4,6,0,0,92.2632086277008,13885.98620891571,7186.122301008558,114.7089210108781,396994.4869491301,96.98299627115883,1
clamp_frozen,19,45,4,6,0,0,92.2632086277008,13895.065784454346,7107.270005990766,118.45916675474142,407923.9097652864,97.32361841658812,1
clamp_frozen,19,44,4,6,0,0,92.2632086277008,13892.936110496521,7022.086846381329,111.23676628441713,418186.97074005636,97.85545855988339,1
clamp_frozen,19,43,4,6,0,0,92.2632086277008,13893.352746963501,6944.438182569106,99.08132519118125,427328.5317172794,97.85545855988339,1
clamp_frozen,19,42,4,6,0,0,92.2632086277008,13892.347514629364,6875.772382090829,107.22324745402618,437221.2925668698,97.85545855988339,1
clamp_frozen,19,41,4,6,0,0,92.2632086277008,13870.430886745453,6801.511252332651,107.05773116298654,447098.78235236875,98.63031199072775,1
clamp_frozen,19,40,4,6,0,0,92.2632086277008,13777.020871639252,6726.92882156497,112.70422867071548,457497.2361154391,98.63031199072775,1
clamp_frozen,19,39,4,6,0,0,92.2632086277008,13692.33101606369,6649.728261431902,113.5491326768121,467973.6434330943,98.63031199072775,1
clamp_frozen,19,38,4,6,0,0,92.2632086277008,13625.612556934357,6568.024329738977,101.65943100552306,477353.0687249302,100.36903837561965,1
clamp_frozen,19,37,4,6,0,0,92.2632086277008,13572.729229927063,6494.164143433409,122.28814413384231,488635.7652798453,100.36903837561965,1
clamp_frozen,19,36,4,6,0,0,92.2632086277008,13568.302989006042,6406.150051840132,98.09224069956772,497686.07014826813,100.68255637139985,1
clamp_frozen,19,35,4,6,0,0,92.2632086277008,13567.199110984802,6335.8514450586135,97.14964895487883,506649.4084779,100.68255637139985,1
clamp_frozen,19,34,4,6,0,0,92.2632086277008,13551.463782787323,6266.880906261027,99.95212095735545,515871.3118665697,100.68255637139985,1
clamp_frozen,19,33,4,6,0,0,92.2632086277008,13532.464504241943,6195.048807342401,106.20214058519986,525669.8621200904,100.68255637139985,1
clamp_frozen,19,32,4,6,0,0,92.2632086277008,13509.695827960968,6118.3304074346015,124.66507949316427,537171.8623579572,102.64207294651457,1
clamp_frozen,19,31,4,6,0,0,92.2632086277008,13482.666909694672,6029.551388193695,122.53030164384035,548476.9011417379,107.33403298465377,1
clamp_frozen,19,30,4,6,0,0,92.2632086277008,13480.90410232544,5941.649018105483,120.14444601276293,559561.8132296731,108.1643677223478,1
clamp_frozen,19,29,4,6,0,0,92.2632086277008,13475.815653800964,5855.091430883281,115.91550007971013,570256.5491967116,111.5619876042391,1
clamp_frozen,19,28,4,6,0,0,92.2632086277008,13477.835655212402,5771.7198415436205,129.65482773853526,582218.9196179407,111.5619876042391,1
clamp_frozen,19,27,4,6,0,0,92.2632086277008,13476.029932498932,5675.915996782917,122.07923193401163,593482.3412629778,111.98272580370616,1
clamp_frozen,19,26,4,6,0,0,92.2632086277008,13465.792834758759,5585.742961948759,133.94733660082798,605840.7523249049,111.98272580370616,1
clamp_frozen,19,25,4,6,0,0,92.2632086277008,13440.939784049988,5486.798598621953,110.75950363158863,616059.7795159668,115.33123750327402,1
clamp_frozen,19,24,4,6,0,0,92.2632086277008,13404.631614685059,5405.638845388335,138.69013278156473,628855.7761713958,116.78153326033612,1
clamp_frozen,19,23,4,6,0,0,92.2632086277008,13363.236784934998,5303.127817339574,129.68750271093867,640821.1612904207,117.67444316715728,1
clamp_frozen,19,22,4,6,0,0,92.2632086277008,13312.949240207672,5207.933595691794,132.7214776046949,653066.4706680394,119.41683443425565,1
clamp_frozen,19,21,4,6,0,0,92.2632086277008,13267.167806625366,5110.23271282983,137.24844423242683,665729.4525120831,119.41683443425565,1
clamp_frozen,19,20,4,6,0,0,92.2632086277008,13210.836052894592,5008.46282637025,130.4328102691932,677763.602097847,119.41683443425565,1
clamp_frozen,19,19,4,6,0,0,92.2632086277008,13177.725374698639,4910.6386101274065,146.25835103074616,691257.8668525403,119.41683443425565,1
clamp_frozen,19,18,4,6,0,0,92.2632086277008,13244.615197181702,4801.567107087004,140.0753803457964,704181.670892989,124.90873747636871,1
clamp_frozen,19,17,4,6,0,0,92.2632086277008,13304.128050804138,4696.93257213484,129.1355305745572,716096.1292916383,124.90873747636871,1
clamp_frozen,19,16,4,6,0,0,92.2632086277008,13369.84097957611,4599.744104506647,143.48248732886717,729334.283954483,126.98521596814824,1
clamp_frozen,19,15,4,6,0,0,92.2632086277008,13284.159302711487,4490.8276906633455,139.86288254863592,742238.4822663394,127.33955759766313,1
clamp_frozen,19,14,4,6,0,0,92.2632086277008,13210.017085075378,4385.14240185646,130.76316123184867,754303.1110918911,128.64897873426494,1
clamp_frozen,19,13,4,6,0,0,92.2632086277008,13065.626919269562,4285.756655685907,153.57352488946287,768472.297258459,128.64897873426494,1
clamp_frozen,19,12,4,6,0,0,92.2632086277008,12945.32835483551,4168.69633824809,140.61044179751985,781445.4677852568,128.95909757847755,1
clamp_frozen,19,11,4,6,0,0,92.2632086277008,12815.059423446655,4058.884631561654,142.66334835538004,794608.0460580955,128.95909757847755,1
clamp_frozen,19,10,4,6,0,0,92.2632086277008,12686.451077461243,3948.4611686277485,132.52866104200515,806835.5655609639,129.70269371597854,1
clamp_frozen,19,9,4,6,0,0,92.2632086277008,12606.04977607727,3844.6936808723276,152.749374768775,820928.7129930063,129.70269371597854,1
clamp_frozen,19,8,4,6,0,0,92.2632086277008,12528.438866138458,3725.707238347758,150.11715733908716,834779.0035991799,129.70269371597854,1
clamp_frozen,19,7,4,6,0,0,92.2632086277008,12484.910935163498,3606.7330060530185,119.88777507318339,845840.2344026678,129.70269371597854,1
clamp_frozen,19,6,4,6,0,0,92.2632086277008,12572.557032108307,3510.8068308308484,116.95812220330777,856631.1660322158,129.70269371597854,1
clamp_frozen,19,5,4,6,0,0,92.2632086277008,12536.925673484802,3417.4760576063672,124.87713953227299,868152.7316097125,117.28918192833491,1
clamp_frozen,19,4,4,6,0,0,92.2632086277008,12616.429924964905,3317.7536694234486,113.30016213104072,878606.168105961,110.96544227839588,1
clamp_frozen,19,3,4,6,0,0,92.2632086277008,12651.036977767944,3226.5715164635303,108.4846612769938,888615.3110422657,106.31749860242833,1
clamp_frozen,19,2,4,6,0,0,92.2632086277008,12693.3753490448,3138.316393153492,98.30658535880323,897685.3920367019,102.72787383917988,1
clamp_frozen,19,1,4,6,0,0,92.2632086277008,12734.521925449371,3056.8357887159245,98.72595496752024,906794.1654168392,95.2678864120809,1
clamp_frozen,20,100,5,6,1,0,110.69660186767578,14195.73187828064,10000.0,86.95157836869372,9625.244252445298,96.84458680514814,0
clamp_frozen,20,99,5,6,1,0,110.69660186767578,13692.251741886139,9938.687568513433,80.4972925199755,18536.020993954862,96.84458680514814,0
clamp_frozen,20,98,5,6,1,0,110.69660186767578,13854.210674762726,9882.877043702312,78.3784568976497,27212.249832156776,96.84458680514814,0
clamp_frozen,20,97,5,6,1,0,110.69660186767578,13811.425566673279,9828.53761381734,93.29364843463529,37539.539689708516,98.1841879480772,0
clamp_frozen,20,96,5,6,1,0,110.69660186767578,13803.088068962097,9762.938689745279,87.80989496217437,47259.79667237876,98.50389294485028,0
clamp_frozen,20,95,5,6,1,0,110.69660186767578,13718.329668045044,9701.612437797425,78.08112453387189,55903.11182828519,99.5635638370951,0
clamp_frozen,20,94,5,6,1,0,110.69660186767578,13671.068549156189,9647.445811799998,80.05110872656911,64764.49754005624,99.5635638370951,0
clamp_frozen,20,93,5,6,1,0,110.69660186767578,13604.094088077545,9590.479626392806,88.01224626807772,74507.15412467347,99.5635638370951,0
clamp_frozen,20,92,5,6,1,0,110.69660186767578,13539.286851882935,9528.641026368812,85.95049839744865,84021.58222610415,100.80382638306776,0
clamp_frozen,20,91,5,6,1,0,110.69660186767578,13429.857790470123,9468.994255155623,98.83936291362794,94962.76383140874,100.80382638306776,0
clamp_frozen,20,90,5,6,1,0,110.69660186767578,13283.509612083435,9400.112790890456,89.33295765734087,104851.61867886534,102.09928872109144,0
clamp_frozen,20,89,5,6,1,0,110.69660186767578,13111.90128326416,9335.050796724228,68.81740601846907,112469.47167445801,102.09928872109144,0
clamp_frozen,20,88,5,6,1,0,110.69660186767578,13081.55357837677,9287.105052234881,84.4622813910812,121819.15921044213,102.36662901118811,0
clamp_frozen,20,87,5,6,1,0,110.69660186767578,13002.980351448059,9226.951307953597,76.5329185529183,130291.09322526578,103.54257348173525,0
clamp_frozen,20,86,5,6,1,0,110.69660186767578,12916.030287742615,9172.63035951432,91.24643594260027,140391.76361664818,103.54257348173525,0
clamp_frozen,20,85,5,6,1,0,110.69660186767578,12826.10148191452,9107.443115470809,72.36687100382177,148402.5303245677,104.94444467296476,0
clamp_frozen,20,84,5,6,1,0,110.69660186767578,12745.866477489471,9055.368072482237,104.24880313731096,159942.51858064032,104.94444467296476,0
clamp_frozen,20,83,5,6,1,0,110.69660186767578,12680.755257606506,8980.457583566205,85.68892659393056,169427.99157227715,104.94444467296476,0
clamp_frozen,20,82,5,6,1,0,110.69660186767578,12631.073594093323,8919.645225256603,70.61565947767552,177244.90511510076,104.94444467296476,0
clamp_frozen,20,81,5,6,1,0,110.69660186767578,12610.97639799118,8868.753379313555,103.81066514747233,188736.3929845491,105.30269770003343,0
clamp_frozen,20,80,5,6,1,0,110.69660186767578,12591.034770011902,8793.683930590983,69.48735539331327,196428.4070993604,105.30269770003343,0
clamp_frozen,20,79,5,6,1,0,110.69660186767578,12527.156472206116,8744.05878352142,92.48262000895906,206665.91886617168,107.04578516915666,0
clamp_frozen,20,78,5,6,1,0,110.69660186767578,12386.398315429688,8677.977259679366,102.53632705352825,218016.34183898987,107.04578516915666,0
clamp_frozen,20,77,5,6,1,0,110.69660186767578,12112.456858158112,8605.878382264025,89.84872525401667,227962.29040675194,108.15295924674302,0
clamp_frozen,20,76,5,6,1,0,110.69660186767578,11841.003745794296,8540.624510495947,103.51819759487422,239421.40311197113,109.66762219893337,0
clamp_frozen,20,75,5,6,1,0,110.97175359725952,11857.632398605347,8465.744734795626,103.67090005403577,250925.9446879737,109.66762219893337,0
clamp_frozen,20,74,5,6,1,0,111.48464679718018,11950.89042186737,8390.330206063585,86.27393276609752,260544.16361020575,109.66762219893337,0
clamp_frozen,20,73,5,6,1,0,112.19917297363281,12112.113535404205,8326.908559063651,89.76047642343997,270615.214830635,109.89307416174906,0
clamp_frozen,20,72,5,6,1,0,112.86061763763428,12401.42360329628,8263.263014615768,96.43784853749852,281499.24998022174,109.89307416174906,0
clamp_frozen,20,71,5,6,1,0,113.58652353286743,12624.352872371674,8191.768178123055,99.64967779989787,292818.1104526825,109.89307416174906,0
clamp_frozen,20,70,5,6,1,0,114.4048547744751,12698.5764503479,8118.485409171482,95.00413853447898,303687.04512469366,109.89307416174906,0
clamp_frozen,20,69,5,6,1,0,115.18489360809326,13019.111156463623,8051.646262009599,100.04429244435921,315210.6363059941,113.01452311832983,0
clamp_frozen,20,68,5,6,1,0,115.69562196731567,13175.884783267975,7978.619744631501,72.76605621015713,323629.3504373369,115.68382153387522,0
clamp_frozen,20,67,5,6,1,0,116.06109380722046,13385.327756404877,7925.97428127227,88.03945289574034,333847.3056386058,115.68382153387522,0
clamp_frozen,20,66,5,6,1,0,116.14661693572998,13434.80110168457,7860.839473697222,95.94307083750034,344990.76873480657,117.77633053076984,0
clamp_frozen,20,65,5,6,1,0,116.24322891235352,13555.262684822083,7790.398790402338,96.76124073105682,356238.60779095016,117.77633053076984,0
clamp_frozen,20,64,5,6,1,0,116.24322891235352,13558.470010757446,7720.720950610746,80.48302889713581,365594.2149425995,117.77633053076984,0
clamp_frozen,20,63,5,6,1,0,116.24322891235352,13666.086494922638,7661.6398680392285,93.84656839180683,376503.2430748071,119.48310619486782,0
clamp_frozen,20,62,5,6,1,0,116.24322891235352,13693.179190158844,7592.711681688647,95.13220231955617,387561.7174459756,119.48310619486782,0
clamp_frozen,20,61,5,6,1,0,116.24322891235352,13768.873810768127,7523.159394726552,120.42159391411377,401559.91235332435,119.81792724103677,0
clamp_frozen,20,60,5,6,1,0,116.24322891235352,13748.496770858765,7434.237798979905,110.99702742723257,414462.56522113894,144.0601159519614,0
clamp_frozen,20,59,5,6,1,0,116.24484300613403,13786.715865135193,7354.336403669769,99.3141979752679,426007.32857305405,144.0601159519614,0
clamp_frozen,20,58,5,6,1,0,116.35900497436523,13794.726729393005,7282.287032804164,118.60419518745704,439807.9947108519,149.09961677913984,0
clamp_frozen,20,57,5,6,1,0,116.52148246765137,13876.636922359467,7193.590691050078,116.17972708525329,453345.4287435128,149.09961677913984,0
clamp_frozen,20,56,5,6,1,0,116.67370557785034,13874.368071556091,7106.811790394008,130.09577358670458,468524.18472789065,149.09961677913984,0
clamp_frozen,20,55,5,6,1,0,116.79629802703857,13947.308659553528,7007.708908500859,122.88373236915646,482876.5497563535,151.02766539478267,0
clamp_frozen,20,54,5,6,1,0,116.95395469665527,13911.554217338562,6914.8219551115435,122.17644891345878,497165.56862757634,151.02766539478267,0
clamp_frozen,20,53,5,6,1,0,117.09014415740967,13996.664881706238,6825.253360598829,101.88950463810693,509095.82541377936,151.02766539478267,0
clamp_frozen,20,52,5,6,1,0,117.27587938308716,13963.398337364197,6749.023663623818,128.2553920011024,524137.0892963312,151.02766539478267,0
clamp_frozen,20,51,5,6,1,0,117.41465091705322,14051.165878772736,6650.681701403375,118.14238381899503,538008.736050947,152.83113474757658,0
clamp_frozen,20,50,5,6,1,0,117.57816791534424,13995.483219623566,6561.8237689973175,123.28215534822294,552504.0260134459,156.11217061502776,0
clamp_frozen,20,49,5,6,1,0,117.67561435699463,14105.054140090942,6472.207790918246,127.0233780003077,567451.5800573329,157.41349035794718,0
clamp_frozen,20,48,5,6,1,0,117.86041259765625,14045.929312705994,6377.259242843474,114.39783630304117,580934.5562442885,157.41349035794718,0
clamp_frozen,20,47,5,6,1,0,117.93476581573486,14138.030111789703,6289.704666663452,119.53104997135142,595031.4226303687,158.60134809389282,0
clamp_frozen,20,46,5,6,1,0,118.07481288909912,14110.252261161804,6199.251128586995,122.34440021151875,609477.2147933729,158.60134809389282,0
clamp_frozen,20,45,5,6,1,0,118.17255973815918,14183.860421180725,6107.772572100932,123.89787142413974,624118.5434056728,158.94197023932213,0
clamp_frozen,20,44,5,6,1,0,118.32639217376709,14177.759885787964,6013.377107400411,119.42562770510337,638249.7470651051,160.16913603518637,0
clamp_frozen,20,43,5,6,1,0,118.39860200881958,14232.324063777924,5924.798982250843,139.17745496105684,654728.1631636397,160.16913603518637,0
clamp_frozen,20,42,5,6,1,0,118.47286701202393,14228.16276550293,5818.811664723797,119.3061410556901,668862.7037466483,160.16913603518637,0
clamp_frozen,20,41,5,6,1,0,118.47411632537842,14271.183013916016,5728.330939508109,114.45781157766015,682422.9918298483,163.14309017483365,0
clamp_frozen,20,40,5,6,1,0,118.49162101745605,14292.528331279755,5641.348322649423,133.82677120147815,698280.3428850436,163.14309017483365,0
clamp_frozen,20,39,5,6,1,0,118.50071907043457,14323.697686195374,5541.7039663311725,136.00006401162764,714396.4482640466,163.14309017483365,0
clamp_frozen,20,38,5,6,1,0,118.51449489593506,14334.461987018585,5437.01337295861,126.86139507158072,729431.3624227486,165.89358265658913,0
clamp_frozen,20,37,5,6,1,0,118.53937149047852,14353.83141040802,5339.904308791416,126.56311938114739,744434.0750480642,165.89358265658913,0
clamp_frozen,20,36,5,6,1,0,118.5940432548523,14392.662346363068,5243.424893339061,114.22724459445053,757980.7458343811,166.20710065236935,0
clamp_frozen,20,35,5,6,1,0,118.65954160690308,14396.482110023499,5154.312551484268,123.61908732079165,772649.33006973,166.20710065236935,0
clamp_frozen,20,34,5,6,1,0,118.68841886520386,14398.787319660187,5059.120959873027,127.1105348777314,787735.8784754783,166.20710065236935,0
clamp_frozen,20,33,5,6,1,0,118.68841886520386,14398.691952228546,4960.728432033287,133.47015160128907,803577.2397347343,166.20710065236935,0
clamp_frozen,20,32,5,6,1,0,118.68841886520386,14393.500685691833,4858.839241224161,135.30731509240056,819636.6510239473,166.20710065236935,0
clamp_frozen,20,31,5,6,1,0,118.68841886520386,14352.259635925293,4754.4774868651,125.98483147105692,834589.5914722462,170.68755222514585,0
clamp_frozen,20,30,5,6,1,0,118.68841886520386,14332.589507102966,4655.59074370137,151.78199682584932,852604.3566877097,171.5178869628399,0
clamp_frozen,20,29,5,6,1,0,118.68841886520386,14332.249760627747,4538.834016716106,139.9355826126924,869213.0897309913,183.5069626646924,0
clamp_frozen,20,28,5,6,1,0,118.68841886520386,14322.192668914795,4431.08082620189,133.58086224565275,885067.5910615784,183.5069626646924,0
clamp_frozen,20,27,5,6,1,0,118.68841886520386,14310.002326965332,4327.959284518499,147.1172307037899,902528.7025616386,183.92770086415945,0
clamp_frozen,20,26,5,6,1,0,118.68841886520386,14315.42456150055,4214.671582796539,133.21159863692333,918339.3765783611,183.92770086415945,0
clamp_frozen,20,25,5,6,1,0,118.68841886520386,14319.180250167847,4110.027509565947,142.44389888172586,935245.8177136282,186.80626150679473,0
clamp_frozen,20,24,5,6,1,0,118.68841886520386,14318.28498840332,3996.920220891071,142.0510858293417,952105.6364887981,191.0448872510231,0
clamp_frozen,20,23,5,6,1,0,118.68841886520386,14320.41585445404,3885.663993658526,144.43063074758402,969247.8796879329,193.02588321644785,0
clamp_frozen,20,22,5,6,1,0,118.68841886520386,14308.021664619446,3774.477072991658,153.418349371235,987456.8609997142,194.18334326878238,0
clamp_frozen,20,21,5,6,1,0,118.68841886520386,14287.692904472351,3652.402027057856,158.27656904084847,1006242.4567225818,194.18334326878238,0
clamp_frozen,20,20,5,6,1,0,118.68841886520386,14256.52801990509,3527.1610568451224,155.9782469002522,1024755.2682245391,194.18334326878238,0
clamp_frozen,20,19,5,6,1,0,118.68841886520386,14226.732850074768,3403.3839431382094,154.42680049309376,1043083.9410054768,194.18334326878238,0
clamp_frozen,20,18,5,6,1,0,118.68841886520386,14212.613701820374,3281.2576840609054,153.91742737885957,1061352.1570968735,200.04238084998562,0
clamp_frozen,20,17,5,6,1,0,118.68841886520386,14235.559105873108,3159.3591333120894,161.76089443441322,1080551.3018915153,200.04238084998562,0
clamp_frozen,20,16,5,6,1,0,118.68841886520386,14272.534549236298,3030.554221176266,148.8728399429804,1098220.78387632,202.34065251041957,0
clamp_frozen,20,15,5,6,1,0,118.68841886520386,14310.405254364014,2911.065911700166,157.78343664227592,1116947.85049451,202.69499413993447,0
clamp_frozen,20,14,5,6,1,0,118.68841886520386,14354.0158867836,2785.863802798639,149.68900853378904,1134714.2022388855,204.00441527653624,0
clamp_frozen,20,13,5,6,1,0,118.68841886520386,14391.798377037048,2665.4801715071817,161.5432307959408,1153887.5128804324,204.00441527653624,0
clamp_frozen,20,12,5,6,1,0,118.68841886520386,14420.492053031921,2533.9837809259707,164.756065684769,1173442.1498150092,204.31453412074885,0
clamp_frozen,20,11,5,6,1,0,118.68841886520386,14474.766850471497,2400.2483013524507,152.31719799479205,1191520.4372109892,204.31453412074885,0
clamp_frozen,20,10,5,6,1,0,118.68841886520386,14541.946649551392,2277.364478482493,159.79949244232975,1210486.7863044315,204.97914192627147,0
clamp_frozen,20,9,5,6,1,0,118.68841886520386,14600.945115089417,2146.8637434201555,162.331911850337,1229753.7042533136,204.97914192627147,0
clamp_frozen,20,8,5,6,1,0,118.68841886520386,14630.831182003021,2012.4934079987306,174.85958719214764,1250507.512180572,204.97914192627147,0
clamp_frozen,20,7,5,6,1,0,118.68841886520386,14676.963686943054,1869.005768390558,163.43840721479233,1269905.758314743,204.97914192627147,0
clamp_frozen,20,6,5,6,1,0,118.68841886520386,14720.109403133392,1735.03123131561,153.1348906330042,1288081.0963570701,204.97914192627147,0
clamp_frozen,20,5,5,6,1,0,118.68841886520386,14755.927920341492,1608.4255294941759,140.9448260200844,1304809.614904625,186.73816117636846,0
clamp_frozen,20,4,5,6,1,0,118.68841886520386,14801.194965839386,1491.127295184695,147.73167759517574,1322343.6541347005,183.11852696981163,0
clamp_frozen,20,3,5,6,1,0,118.68841886520386,14837.118983268738,1366.2942338577232,136.26048297900246,1338516.1954132873,174.43812562988745,0
clamp_frozen,20,2,5,6,1,0,118.68841886520386,14869.405031204224,1250.7140871337342,126.36238397136758,1353513.9469708866,166.42268074179484,0
clamp_frozen,20,1,5,6,1,0,118.68841886520386,14888.938963413239,1142.9065364627058,114.50415390814696,1367104.2639517426,158.9626933146959,0
clamp_frozen,21,100,0,6,0,0,85.80898404121399,10201.658606529236,10000.0,62.24455751402983,5341.142242373812,53.51064944791461,1
clamp_frozen,21,99,0,6,0,0,88.87558817863464,10416.137278079987,9960.803682120237,54.23028971623954,10160.891138002364,53.51064944791461,1
clamp_frozen,21,98,0,6,0,0,88.87558817863464,10457.15406537056,9926.796426704335,61.15683689450057,15596.240988145926,53.51064944791461,1
clamp_frozen,21,97,0,6,0,0,88.87558817863464,10512.21787929535,9887.036064571876,67.98089297222245,21638.082835961006,55.53276728716988,1
clamp_frozen,21,96,0,6,0,0,88.87558817863464,10564.20385837555,9842.934082612088,50.1265051225429,26093.10546206635,55.852472283942966,1
clamp_frozen,21,95,0,6,0,0,88.87558817863464,10621.27873301506,9811.681988026716,76.11539765101222,32857.90619775072,56.18471002774361,1
clamp_frozen,21,94,0,6,0,0,88.87558817863464,10687.199831008911,9761.899440865089,81.15068426847613,40070.22099321021,56.18471002774361,1
clamp_frozen,21,93,0,6,0,0,88.87558817863464,10826.214849948883,9708.541861651356,56.252887811519145,45069.72948420572,56.18471002774361,1
clamp_frozen,21,92,0,6,0,0,88.87558817863464,10989.576429128647,9671.462281780665,69.47517260611825,51244.376313386645,56.85789131285237,1
clamp_frozen,21,91,0,6,0,0,88.87558817863464,11109.87976193428,9626.443638227225,59.024689725932376,56490.2303298403,56.85789131285237,1
clamp_frozen,21,90,0,6,0,0,88.87558817863464,11208.92509818077,9588.292237831834,64.40768669226402,62214.50136784048,57.85980122566746,1
clamp_frozen,21,89,0,6,0,0,88.87558817863464,11306.536346673965,9545.956070365595,66.57965185849716,68131.80708749314,57.85980122566746,1
clamp_frozen,21,88,0,6,0,0,88.87558817863464,11359.840333461761,9501.630343047436,60.74346313851395,73530.41810193578,57.85980122566746,1
clamp_frozen,21,87,0,6,0,0,88.87558817863464,11395.500004291534,9461.887966360471,70.93008818387878,79834.37140884042,59.05581472314141,1
clamp_frozen,21,86,0,6,0,0,88.87558817863464,11367.776989936829,9416.529997988115,57.79000182256448,84970.49181166521,59.05581472314141,1
clamp_frozen,21,85,0,6,0,0,88.87558817863464,11308.474242687225,9378.26849870938,71.37965396538412,91314.40054182614,59.321172379079584,1
clamp_frozen,21,84,0,6,0,0,88.87558817863464,11256.704926490784,9331.904231348299,70.39506938316902,97570.80373813107,59.321172379079584,1
clamp_frozen,21,83,0,6,0,0,88.87558817863464,11296.893656253815,9286.545628563385,69.14691581072117,103716.27655154745,59.321172379079584,1
clamp_frozen,21,82,0,6,0,0,88.87558817863464,11395.836770534515,9241.872206678923,69.15651520514339,109862.60251678925,59.321172379079584,1
clamp_frozen,21,81,0,6,0,0,88.87558817863464,11515.53601026535,9195.86214074058,64.92916551181625,115633.22029159984,59.67942540614826,1
clamp_frozen,21,80,0,6,0,0,88.87558817863464,11672.154366970062,9152.704650381054,59.90004687619187,120956.87218964918,59.67942540614826,1
clamp_frozen,21,79,0,6,0,0,88.87558817863464,11829.185783863068,9113.618678497922,57.762079454796954,126090.51097561528,60.144742931333404,1
clamp_frozen,21,78,0,6,0,0,88.87558817863464,11966.936737298965,9075.74740409883,70.55027567044965,132360.7082219913,60.59148468407464,1
clamp_frozen,21,77,0,6,0,0,88.87558817863464,12122.730314731598,9029.506433269697,67.77963727018843,138384.66335091382,61.68635059106254,1
clamp_frozen,21,76,0,6,0,0,88.87558817863464,12286.42538189888,8983.83733439091,81.31138569858706,145611.26058049555,61.68635059106254,1
clamp_frozen,21,75,0,6,0,0,88.87558817863464,12444.305419921875,8931.388395698184,79.31395894989495,152660.33533294356,61.68635059106254,1
clamp_frozen,21,74,0,6,0,0,88.87558817863464,12639.437317848206,8880.655576670964,64.186926493182,158364.9861784039,61.68635059106254,1
clamp_frozen,21,73,0,6,0,0,88.87558817863464,12854.402661323547,8838.324570917193,70.95124532124878,164670.81983833647,61.811377832783585,1
clamp_frozen,21,72,0,6,0,0,88.87558817863464,13059.414625167847,8792.208121587162,66.41512320924426,170573.50297751452,61.811377832783585,1
clamp_frozen,21,71,0,6,0,0,88.87558817863464,13218.87493133545,8748.084285832489,66.6474916574366,176496.83799919984,63.69238905560433,1
clamp_frozen,21,70,0,6,0,0,88.87558817863464,13296.670913696289,8704.305613759867,77.5249810622901,183386.9162896484,63.69238905560433,1
clamp_frozen,21,69,0,6,0,0,88.87558817863464,13302.870690822601,8651.893446273485,72.64339132069647,189843.14042056602,63.69238905560433,1
clamp_frozen,21,68,0,6,0,0,88.87558817863464,13314.635157585144,8603.463566615079,72.96704663201919,196328.1296076446,64.51194257070377,1
clamp_frozen,21,67,0,6,0,0,88.87558817863464,13326.036930084229,8555.149963199874,70.74567766180792,202615.69332093387,64.51194257070377,1
clamp_frozen,21,66,0,6,0,0,88.87558817863464,13347.9043841362,8508.73362457903,80.02393315049417,209727.86744805178,66.02319309723785,1
clamp_frozen,21,65,0,6,0,0,88.87558817863464,13403.388559818268,8455.231660265868,73.73730818976667,216281.31408412656,66.02319309723785,1
clamp_frozen,21,64,0,6,0,0,88.87558817863464,13426.804542541504,8405.611322718814,79.08222211491577,223309.7930890631,66.02319309723785,1
clamp_frozen,21,63,0,6,0,0,88.87558817863464,13438.83067369461,8351.232288719862,72.64845681782586,229766.4674190175,66.02319309723785,1
clamp_frozen,21,62,0,6,0,0,88.87558817863464,13384.05817747116,8302.701163497853,76.4919884962209,236564.7378875725,66.02319309723785,1
clamp_frozen,21,61,0,6,0,0,88.87558817863464,13297.117352485657,8251.92805810318,106.72665639682116,246050.132249179,66.0678136608015,1
clamp_frozen,21,60,0,6,0,0,88.87558817863464,13188.450038433075,8178.771389466731,102.09861355846829,255124.206581411,85.17672399217258,1
clamp_frozen,21,59,0,6,0,0,88.87558817863464,13078.595697879791,8109.890226835359,102.4638728524589,264230.7435482341,85.17672399217258,1
clamp_frozen,21,58,0,6,0,0,88.87558817863464,12994.635701179504,8039.287018309487,100.54646345105805,273166.86962672847,85.17672399217258,1
clamp_frozen,21,57,0,6,0,0,88.87558817863464,12896.480560302734,7971.414602512919,83.06663149007062,280549.4653584264,85.17672399217258,1
clamp_frozen,21,56,0,6,0,0,88.87558817863464,12789.848446846008,7914.0821408949505,96.55258491412638,289130.63313283696,85.17672399217258,1
clamp_frozen,21,55,0,6,0,0,88.87558817863464,12721.064984798431,7849.332815601369,106.50337969578328,298596.18364631216,87.67464619283565,1
clamp_frozen,21,54,0,6,0,0,88.87558817863464,12764.021158218384,7776.302043475792,88.02790102843501,306419.71512634493,87.67464619283565,1
clamp_frozen,21,53,0,6,0,0,88.87558817863464,12784.107029438019,7716.278632934016,97.5996531072364,315093.9417022813,87.67464619283565,1
clamp_frozen,21,52,0,6,0,0,88.87558817863464,12820.665836334229,7648.404567929527,86.10456386059538,322746.5354602565,88.00542260216963,1
clamp_frozen,21,51,0,6,0,0,88.87558817863464,12858.892381191254,7589.771888991068,100.15954555182587,331648.27398287976,89.3393639748758,1
clamp_frozen,21,50,0,6,0,0,88.87558817863464,12900.944650173187,7519.409972920206,93.2028883771656,339931.73550734797,89.3393639748758,1
clamp_frozen,21,49,0,6,0,0,88.87558817863464,12931.351065635681,7458.737085538589,90.79778059744102,348001.44166326016,89.87264365606573,1
clamp_frozen,21,48,0,6,0,0,88.87558817863464,12966.17329120636,7395.879514979931,108.34674404208234,357630.8222672402,89.87264365606573,1
clamp_frozen,21,47,0,6,0,0,88.87558817863464,12975.313663482666,7318.996193332867,107.81187083604138,367212.6657004324,89.87264365606573,1
clamp_frozen,21,46,0,6,0,0,88.87558817863464,12971.93855047226,7245.425241973755,111.72391507489489,377142.1943663335,92.28499445299059,1
clamp_frozen,21,45,0,6,0,0,88.87558817863464,12946.129143238068,7167.989776005356,103.64397184577771,386353.61332529684,92.32417290804567,1
clamp_frozen,21,44,0,6,0,0,88.87558817863464,12900.395691394806,7095.979239803647,115.44824380990013,396614.14389809215,92.85601305134094,1
clamp_frozen,21,43,0,6,0,0,88.87558817863464,12874.095737934113,7016.86118464354,97.06021717751403,405240.42778848973,92.85601305134094,1
clamp_frozen,21,42,0,6,0,0,88.87558817863464,12836.361527442932,6949.248347450265,105.59736668501337,414625.4558627353,92.85601305134094,1
clamp_frozen,21,41,0,6,0,0,88.87558817863464,12811.318933963776,6876.4685780340915,99.09427422634775,423432.5177697369,93.6308664821853,1
clamp_frozen,21,40,0,6,0,0,88.87558817863464,12768.15265417099,6806.653694082761,116.83260737211087,433816.0844683767,93.6308664821853,1
clamp_frozen,21,39,0,6,0,0,88.87558817863464,12731.354832649231,6723.736780986761,113.21655634939901,443878.27250548906,93.6308664821853,1
clamp_frozen,21,38,0,6,0,0,88.87558817863464,12677.890956401825,6642.570472602243,91.80780564805804,452037.74523185,95.04742683727991,1
clamp_frozen,21,37,0,6,0,0,88.87558817863464,12639.94425535202,6579.525983143356,102.0924019102355,461111.26750019175,95.04742683727991,1
clamp_frozen,21,36,0,6,0,0,88.87558817863464,12607.469260692596,6508.858327919891,99.820405666525,469982.86476603406,95.04742683727991,1
clamp_frozen,21,35,0,6,0,0,88.87558817863464,12581.663727760315,6438.115307130756,97.46047019888465,478644.72137912625,95.04742683727991,1
clamp_frozen,21,34,0,6,0,0,88.87558817863464,12571.727931499481,6369.460992088334,91.39035000607268,486767.09248976724,95.04742683727991,1
clamp_frozen,21,33,0,6,0,0,88.87558817863464,12556.995451450348,6305.504848499142,120.72106875642359,497496.2484810478,95.04742683727991,1
clamp_frozen,21,32,0,6,0,0,88.87558817863464,12554.273009300232,6220.198995264161,117.86810019298633,507971.8452131977,97.00694341239463,1
clamp_frozen,21,31,0,6,0,0,88.87558817863464,12532.791197299957,6135.054732264677,111.34777041382024,517867.94380110555,101.69890345053383,1
clamp_frozen,21,30,0,6,0,0,88.87558817863464,12519.167363643646,6054.5813714077685,120.8424496943792,528607.8875946406,101.69890345053383,1
clamp_frozen,21,29,0,6,0,0,88.87558817863464,12525.177597999573,5966.877946113724,114.04174528617486,538743.4147838674,105.09652333242514,1
clamp_frozen,21,28,0,6,0,0,88.87558817863464,12516.683340072632,5886.693133073924,111.42611204760897,548646.4760305571,105.09652333242514,1
clamp_frozen,21,27,0,6,0,0,88.87558817863464,12502.427995204926,5806.956542114455,123.88970074764131,559657.2460537787,105.51726153189219,1
clamp_frozen,21,26,0,6,0,0,88.87558817863464,12475.098073482513,5717.564790538894,120.20813505542219,570340.8147606861,105.51726153189219,1
clamp_frozen,21,25,0,6,0,0,88.87558817863464,12449.5330452919,5630.556570016168,133.84054050424322,582235.9715201472,108.86577323146005,1
clamp_frozen,21,24,0,6,0,0,88.87558817863464,12385.975867509842,5534.004669323146,138.1452460002479,594513.7115125014,110.31606898852215,1
clamp_frozen,21,23,0,6,0,0,88.87558817863464,12325.828969478607,5435.105761605972,123.29169940642309,605471.3338147906,111.20897889534331,1
clamp_frozen,21,22,0,6,0,0,88.87558817863464,12275.644987821579,5343.7337153916105,132.1721958442668,617218.2154613115,112.95137016244168,1
clamp_frozen,21,21,0,6,0,0,88.87558817863464,12315.924614667892,5247.939360587389,127.15730894522102,628519.3960850304,112.95137016244168,1
clamp_frozen,21,20,0,6,0,0,88.87558817863464,12330.458164215088,5155.268293831713,134.8377510676743,640503.1805198543,112.95137016244168,1
clamp_frozen,21,19,0,6,0,0,88.87558817863464,12342.600524425507,5054.861695709526,127.37201163379608,651823.4429713038,112.95137016244168,1
clamp_frozen,21,18,0,6,0,0,88.87558817863464,12334.339320659637,4959.891935306445,130.13971771002392,663389.6869281837,117.40424760711261,1
clamp_frozen,21,17,0,6,0,0,88.87558817863464,12225.423455238342,4863.165460955083,133.63294354317918,675266.393385626,117.40424760711261,1
clamp_frozen,21,16,0,6,0,0,88.87558817863464,12168.429791927338,4764.193062462526,136.91772678181758,687435.0368854416,117.43877695873326,1
clamp_frozen,21,15,0,6,0,0,88.87558817863464,12132.818549871445,4660.942928590743,137.31131094163445,699638.6604089588,117.79311858824813,1
clamp_frozen,21,14,0,6,0,0,88.87558817863464,12132.111191749573,4556.157359937544,131.7299285548836,711346.2352900036,118.13382576143007,1
clamp_frozen,21,13,0,6,0,0,88.87558817863464,12061.253190040588,4458.771927570947,130.57805020979447,722951.4363056184,118.13382576143007,1
clamp_frozen,21,12,0,6,0,0,88.87558817863464,12043.249011039734,4359.46524577798,134.6665119628828,734920.0017642847,118.65148982084473,1
clamp_frozen,21,11,0,6,0,0,88.87558817863464,11907.77838230133,4256.114530214381,142.15591753671876,747554.192548434,118.65148982084473,1
clamp_frozen,21,10,0,6,0,0,88.87558817863464,11898.814886808395,4147.465747247845,135.05487448040833,759557.273954272,119.72247037978816,1
clamp_frozen,21,9,0,6,0,0,88.87558817863464,11772.041618824005,4044.9135493660533,144.2025997606347,772373.3648248867,119.9282594332441,1
clamp_frozen,21,8,0,6,0,0,88.87558817863464,11827.388405799866,3933.758207631139,127.27137410455214,783684.6830567318,119.9282594332441,1
clamp_frozen,21,7,0,6,0,0,88.87558817863464,11723.326593637466,3836.1457462815824,132.61970938367512,795471.3377322855,119.9282594332441,1
clamp_frozen,21,6,0,6,0,0,88.87558817863464,11839.753538370132,3730.6603013156227,132.71792426463458,807266.7213131523,119.9282594332441,1
clamp_frozen,21,5,0,6,0,0,88.87558817863464,11665.253341197968,3628.1949375487093,118.38072431708947,817787.8778158465,111.6350613497792,1
clamp_frozen,21,4,0,6,0,0,88.87558817863464,11913.37376832962,3533.9259531435764,119.11368709148545,828374.1768162281,105.31132169984018,1
clamp_frozen,21,3,0,6,0,0,88.87558817863464,11642.60670542717,3438.157751148692,105.34270792812708,837736.5719436705,100.66337802387262,1
clamp_frozen,21,2,0,6,0,0,88.87558817863464,12027.751803398132,3352.4941620869286,98.13296407926792,846458.1968459283,97.45860423514522,1
clamp_frozen,21,1,0,6,0,0,88.87558817863464,11607.623845338821,3273.299017120873,89.29868820684072,854394.6702838918,90.48681714092218,1
clamp_frozen,22,100,6,12,1,1,102.65682935714722,11351.436078548431,10000.0,126.99549769588775,13036.95513609273,119.21816460837967,0
clamp_frozen,22,99,6,12,1,1,102.65682935714722,10857.201665639877,9909.918220449897,122.96901248687394,25660.56406717465,119.21816460837967,0
clamp_frozen,22,98,6,12,1,1,102.65682935714722,11104.64483499527,9819.147372736032,113.80332148646384,37343.25222128713,119.21816460837967,0
clamp_frozen,22,97,6,12,1,1,103.03585052490234,11162.885874509811,9737.18705827563,119.87591155288854,49694.76872558697,120.48841230422327,0
clamp_frozen,22,96,6,12,1,1,103.27257871627808,11248.558908700943,9648.556101252163,134.01902538280055,63535.259073911104,120.48841230422327,0
clamp_frozen,22,95,6,12,1,1,103.64278793334961,11312.928795814514,9549.755879668879,128.98553783295168,76903.67981800076,121.5480831964681,0
clamp_frozen,22,94,6,12,1,1,103.64278793334961,11294.620335102081,9456.216065903793,109.70752375245686,88274.07343696957,121.5480831964681,0
clamp_frozen,22,93,6,12,1,1,103.64278793334961,11294.398605823517,9377.981472004441,108.42534342477794,99511.57831214444,122.03586911981081,0
clamp_frozen,22,92,6,12,1,1,103.64278793334961,11288.807094097137,9299.07479808206,119.19892189541913,111865.68689603527,123.03316904179233,0
clamp_frozen,22,91,6,12,1,1,103.64278793334961,11187.138259410858,9213.363126411437,125.56068300745686,124879.14613774366,123.03316904179233,0
clamp_frozen,22,90,6,12,1,1,103.64278793334961,11151.166409254074,9121.451145957733,113.894387494969,136683.4779876835,124.47314745072495,0
clamp_frozen,22,89,6,12,1,1,103.64278793334961,11155.402213335037,9038.722674810935,135.45315620137677,150722.22073076566,124.47314745072495,0
clamp_frozen,22,88,6,12,1,1,103.64278793334961,11144.712716341019,8938.978925575513,113.74383705888064,162510.9491137847,124.74048774082162,0
clamp_frozen,22,87,6,12,1,1,103.64278793334961,11237.0166182518,8856.374706983563,135.62984481671785,176568.0043575569,126.45503592053535,0
clamp_frozen,22,86,6,12,1,1,106.19397163391113,11552.349030971527,8757.246592310896,127.86323517649178,190146.3091269094,126.45503592053535,0
clamp_frozen,22,85,6,12,1,1,107.75323390960693,11676.56809091568,8661.273752420182,99.93943087039804,200915.10599828037,127.85690711176491,0
clamp_frozen,22,84,6,12,1,1,108.88810157775879,11841.322630643845,8586.236642860196,115.08733608466012,213446.7475401805,130.6942817674587,0
clamp_frozen,22,83,6,12,1,1,109.39572334289551,11933.411210775375,8502.392590856214,111.60793441569223,225656.1782563916,130.6942817674587,0
clamp_frozen,22,82,6,12,1,1,110.31291723251343,12079.071253538132,8419.19911282548,117.82593990405975,238653.90141287126,130.6942817674587,0
clamp_frozen,22,81,6,12,1,1,110.98203659057617,12099.60550069809,8331.412059167873,107.98268187342735,250638.03936369653,131.0525347945274,0
clamp_frozen,22,80,6,12,1,1,111.48623704910278,12137.220352888107,8250.017024468607,128.15038891757374,264925.04400049587,131.0525347945274,0
clamp_frozen,22,79,6,12,1,1,111.8555212020874,12151.896953582764,8152.677190593625,123.54013688611684,278743.6904012697,134.69965047598188,0
clamp_frozen,22,78,6,12,1,1,112.20474243164062,12171.721756458282,8058.661962808622,132.87301187278888,293652.6724745723,134.69965047598188,0
clamp_frozen,22,77,6,12,1,1,112.53030300140381,12199.583351612091,7958.827607036926,123.9263091396242,307598.13759189984,136.04655404778723,0
clamp_frozen,22,76,6,12,1,1,112.75123596191406,12271.52019739151,7865.737407182807,120.92370577075398,321232.4348746472,137.5612169999776,0
clamp_frozen,22,75,6,12,1,1,113.31284523010254,12265.835106372833,7774.476982530914,101.91338748873386,332780.53077803354,137.5612169999776,0
clamp_frozen,22,74,6,12,1,1,113.86773347854614,12260.54385304451,7698.597000634445,119.2077039794081,346354.4418433502,137.5612169999776,0
clamp_frozen,22,73,6,12,1,1,114.36001062393188,12333.194613456726,7611.871596558109,102.95300252814532,358128.14830623457,138.32368132308972,0
clamp_frozen,22,72,6,12,1,1,114.83710527420044,12345.967143774033,7533.218945978077,105.22250405054838,370211.5960811024,138.32368132308972,0
clamp_frozen,22,71,6,12,1,1,115.35032749176025,12397.592961788177,7454.7059274574995,115.84486882147696,383574.3396378998,138.32368132308972,0
clamp_frozen,22,70,6,12,1,1,116.00597381591797,12444.28887963295,7368.163335924067,107.39113506082725,396032.3528398278,138.32368132308972,0
clamp_frozen,22,69,6,12,1,1,116.55070781707764,12501.407265663147,7287.8687432276765,112.06649891400474,409093.78261083685,141.44513027967048,0
clamp_frozen,22,68,6,12,1,1,116.67346954345703,12588.70393037796,7204.03277584465,116.7386912505704,422714.0907490033,144.11442869521588,0
clamp_frozen,22,67,6,12,1,1,116.76939010620117,12645.535469055176,7114.249342604847,119.19775576896181,436632.73999217286,144.11442869521588,0
clamp_frozen,22,66,6,12,1,1,116.87475681304932,12762.42196559906,7022.439398656808,122.0804642234988,450900.86455991847,145.6585852960098,0
clamp_frozen,22,65,6,12,1,1,116.96458339691162,12835.326790809631,6929.124827918735,120.69944190182929,465018.42449820566,145.6585852960098,0
clamp_frozen,22,64,6,12,1,1,117.05390930175781,12924.088537693024,6837.999718439859,120.58061531410765,479132.85690673336,145.6585852960098,0
clamp_frozen,22,63,6,12,1,1,117.08718776702881,13013.515770435333,6746.159530739825,108.25001635171434,491807.54689709045,147.36536096010775,0
clamp_frozen,22,62,6,12,1,1,117.11641311645508,13100.79962015152,6663.1605066034945,121.72882941936571,506063.9907715514,147.36536096010775,0
clamp_frozen,22,61,6,12,1,1,117.14020252227783,13173.317909240723,6570.111855549685,132.91030816954185,521633.1311878299,147.3781006109956,0
clamp_frozen,22,60,6,12,1,1,117.14020252227783,13181.982934474945,6472.317039840651,149.30373603579997,539122.6010643962,172.95101534140753,0
clamp_frozen,22,59,6,12,1,1,117.15539932250977,13256.486058235168,6358.463999718517,124.95954763150019,553762.2867663248,173.18520571918685,0
clamp_frozen,22,58,6,12,1,1,117.25948333740234,13332.078754901886,6262.2199311884115,136.5597580063391,569775.2134348288,179.28794627762093,0
clamp_frozen,22,57,6,12,1,1,117.3525333404541,13410.305380821228,6156.844405508682,141.13986670675754,586338.3343482008,179.28794627762093,0
clamp_frozen,22,56,6,12,1,1,117.46062517166138,13506.972789764404,6047.227597171754,145.34478081888963,603410.6231686256,179.28794627762093,0
clamp_frozen,22,55,6,12,1,1,117.6139783859253,13596.930503845215,5935.271139505445,144.34284279101817,620387.3591608114,181.50830068228348,0
clamp_frozen,22,54,6,12,1,1,117.72881507873535,13684.02123451233,5822.72245696472,132.52579948360997,635989.4645013789,181.50830068228348,0
clamp_frozen,22,53,6,12,1,1,117.79906034469604,13758.653998374939,5719.296398832966,148.250627793655,653453.2491509828,181.50830068228348,0
clamp_frozen,22,52,6,12,1,1,117.86088943481445,13810.076117515564,5605.713333067581,144.34059045083313,670465.3595230643,181.50830068228348,0
clamp_frozen,22,51,6,12,1,1,117.9652738571167,13870.962262153625,5494.804998127659,151.50840940216176,688338.0905298465,183.74050410317923,0
clamp_frozen,22,50,6,12,1,1,118.03795337677002,13920.38106918335,5376.335082516132,146.02888135846936,705575.0408192994,192.542564800098,0
clamp_frozen,22,49,6,12,1,1,118.05071353912354,13951.264917850494,5262.219761059723,158.959241312102,724340.2926798308,193.30528083385084,0
clamp_frozen,22,48,6,12,1,1,118.07259321212769,13999.596238136292,5137.949994934093,166.79370937538562,744034.0584772526,193.30528083385084,0
clamp_frozen,22,47,6,12,1,1,118.09248447418213,14047.80238866806,5008.38726387848,159.7864725340738,762903.6400041671,197.01820323067741,0
clamp_frozen,22,46,6,12,1,1,118.11895847320557,14096.488952636719,4880.7004490837935,154.4092836583236,781142.3037684821,197.01820323067741,0
clamp_frozen,22,45,6,12,1,1,118.11895847320557,14239.840805530548,4760.453370441231,154.67764210426455,799412.665752929,197.01820323067741,0
clamp_frozen,22,44,6,12,1,1,118.11895847320557,14379.244446754456,4638.8153944223595,149.6970944010388,817094.7306300449,197.60821190962048,0
clamp_frozen,22,43,6,12,1,1,118.11895847320557,14525.827169418335,4521.983837923369,140.60414153735832,833702.7453854568,197.60821190962048,0
clamp_frozen,22,42,6,12,1,1,118.13522577285767,14639.344215393066,4413.094863694106,149.10051921674787,851316.7688859777,197.60821190962048,0
clamp_frozen,22,41,6,12,1,1,118.20989608764648,14728.140234947205,4297.5726102147255,153.53612476298431,869466.25823991,201.0148893750271,0
clamp_frozen,22,40,6,12,1,1,118.29040050506592,14794.623255729675,4175.877649924016,153.8296939092028,887662.8343420014,201.0148893750271,0
clamp_frozen,22,39,6,12,1,1,118.37208271026611,14843.193292617798,4056.486799056296,164.21355246788212,907101.1345568761,201.0148893750271,0
clamp_frozen,22,38,6,12,1,1,118.49430084228516,14879.424571990967,3926.5950622444498,150.75609051133796,924964.8720997334,208.16928401824555,0
clamp_frozen,22,37,6,12,1,1,118.64402770996094,14901.013970375061,3807.1586217920494,153.3478996353083,943158.6845533293,208.16928401824555,0
clamp_frozen,22,36,6,12,1,1,118.74547958374023,14911.425113677979,3686.485484850542,155.77855516513753,961656.6837952756,208.605935944052,0
clamp_frozen,22,35,6,12,1,1,118.84307384490967,14906.066060066223,3561.752341048721,154.8280232555138,980056.9219962921,208.605935944052,0
clamp_frozen,22,34,6,12,1,1,118.94412040710449,14898.947477340698,3439.0202178643203,162.6310858731457,999400.9334563257,208.605935944052,0
clamp_frozen,22,33,6,12,1,1,119.04561519622803,14895.854592323303,3308.046960955763,170.37227852800177,1019683.0061660748,208.605935944052,0
clamp_frozen,22,32,6,12,1,1,119.15663242340088,14895.954132080078,3173.5032339626987,173.56991272811018,1040365.01245678,208.605935944052,0
clamp_frozen,22,31,6,12,1,1,119.23562526702881,14894.156455993652,3034.1984986851303,174.80868221505207,1061208.4349827971,213.0863875168285,0
clamp_frozen,22,30,6,12,1,1,119.29147720336914,14890.879392623901,2892.583206810058,169.0731047948202,1081377.4154091312,214.84826275598544,0
clamp_frozen,22,29,6,12,1,1,119.35582876205444,14888.21655511856,2756.694454561545,170.80510481455045,1101764.0002510615,225.55221352890493,0
clamp_frozen,22,28,6,12,1,1,119.37093734741211,14881.442785263062,2618.6680347142565,186.6712945667309,1124047.1276593471,225.55221352890493,0
clamp_frozen,22,27,6,12,1,1,119.41044092178345,14867.973923683167,2467.97610528766,168.0263191592665,1144111.2245166195,225.97295172837198,0
clamp_frozen,22,26,6,12,1,1,119.4600248336792,14853.296279907227,2329.0197578355846,168.4870558599612,1164238.692393804,225.97295172837198,0
clamp_frozen,22,25,6,12,1,1,119.50345993041992,14849.304258823395,2192.482530176495,178.86124093464144,1185613.2295329422,230.19559885154544,0
clamp_frozen,22,24,6,12,1,1,119.53866481781006,14859.660863876343,2049.0919267805575,186.4710866635209,1207903.7342598257,233.6670386321828,0
clamp_frozen,22,23,6,12,1,1,119.56281185150146,14875.933527946472,1895.8091617965365,181.57186218626148,1229612.9766559284,235.30679756566138,0
clamp_frozen,22,22,6,12,1,1,119.56281185150146,14900.467097759247,1747.566973933328,180.922899403774,1251244.62723697,238.1271749969102,0
clamp_frozen,22,21,6,12,1,1,119.56281185150146,14901.85797214508,1602.1951266645829,184.17400864923786,1273264.9895810357,238.1271749969102,0
clamp_frozen,22,20,6,12,1,1,119.56281185150146,14894.500076770782,1452.995831395614,174.57187750819534,1294137.2941261113,238.1271749969102,0
clamp_frozen,22,19,6,12,1,1,119.56281185150146,14873.606860637665,1308.977603930638,194.23896247794508,1317361.0506510928,238.1271749969102,0
clamp_frozen,22,18,6,12,1,1,119.56281185150146,14817.80469417572,1150.1718354860532,195.96089380004008,1340790.686126759,244.15619931843952,0
clamp_frozen,22,17,6,12,1,1,119.56281185150146,14628.103971481323,985.8958244301302,189.97179919224007,1363504.248610672,244.15619931843952,0
clamp_frozen,22,16,6,12,1,1,119.56281185150146,14180.623888969421,828.5710703917011,192.2517210077829,1386490.404957653,246.45447097887347,0
clamp_frozen,22,15,6,12,1,1,119.56281185150146,13007.103204727173,669.3518728800027,185.27372141418377,1408642.2520521246,249.0993376403336,0
clamp_frozen,22,14,6,12,1,1,119.56281185150146,10944.778174161911,514.1230044639615,198.1998916348854,1432339.5884046543,251.01425215790965,0
clamp_frozen,22,13,6,12,1,1,119.56281185150146,10278.40718626976,349.106573850273,0.0,1432339.5884046543,251.46554524240713,0
clamp_frozen,22,12,6,12,1,1,119.56281185150146,10164.154320955276,349.106573850273,0.0,1432339.5884046543,252.18470229434556,0
clamp_frozen,22,11,6,12,1,1,119.56281185150146,10186.246782541275,349.106573850273,0.0,1432339.5884046543,252.18470229434556,0
clamp_frozen,22,10,6,12,1,1,119.56281185150146,10255.701094865799,349.106573850273,0.0,1432339.5884046543,253.3217479726484,0
clamp_frozen,22,9,6,12,1,1,119.56281185150146,10407.930314540863,349.106573850273,0.0,1432339.5884046543,253.3217479726484,0
clamp_frozen,22,8,6,12,1,1,119.56281185150146,10635.700672864914,349.106573850273,0.0,1432339.5884046543,253.3217479726484,0
clamp_frozen,22,7,6,12,1,1,119.56281185150146,10908.01626443863,349.106573850273,153.48242948994266,1450690.3792442717,253.3217479726484,0
clamp_frozen,22,6,6,12,1,1,119.56281185150146,10823.111832141876,216.87161558798107,0.0,1450690.3792442717,253.3217479726484,0
clamp_frozen,22,5,6,12,1,1,119.56281185150146,10773.724019527435,216.87161558798107,0.0,1450690.3792442717,227.42353435458372,0
clamp_frozen,22,4,6,12,1,1,119.56281185150146,11011.858135461807,216.87161558798107,155.4965371114165,1469281.9824544839,223.80390014802688,0
clamp_frozen,22,3,6,12,1,1,119.56281185150146,10713.537335395813,80.87090417509171,0.0,1469281.9824544839,212.94074769604768,0
clamp_frozen,22,2,6,12,1,1,119.56281185150146,10635.389685630798,80.87090417509171,0.0,1469281.9824544839,199.91705650403023,0
clamp_frozen,22,1,6,12,1,1,119.56281185150146,10872.433185577393,80.87090417509171,0.0,1469281.9824544839,192.4570690769313,0
clamp_frozen,23,100,5,6,1,0,110.69660186767578,14195.73187828064,10000.0,65.86220219024477,7290.721973981889,96.84458680514814,0
clamp_frozen,23,99,5,6,1,0,110.69660186767578,13693.60864162445,9952.77642293377,67.40345267241024,14752.055138966412,96.84458680514814,0
clamp_frozen,23,98,5,6,1,0,110.69660186767578,13859.112858772278,9904.096030531744,90.42906651394891,24762.24551212659,96.84458680514814,0
clamp_frozen,23,97,5,6,1,0,110.69660186767578,13815.973401069641,9838.779402967082,92.48159659160673,34999.64399011468,98.1841879480772,0
clamp_frozen,23,96,5,6,1,0,110.69660186767578,13811.930418014526,9772.360991969425,82.50365089251575,44132.51778559321,98.50389294485028,0
clamp_frozen,23,95,5,6,1,0,110.69660186767578,13724.319338798523,9713.51648769051,98.84824037496423,55074.68209570094,99.5635638370951,0
clamp_frozen,23,94,5,6,1,0,110.69660186767578,13676.962554454803,9643.196891520174,84.95867177157689,64479.31836000573,99.5635638370951,0
clamp_frozen,23,93,5,6,1,0,110.69660186767578,13601.20415687561,9582.805888606632,83.72673091244565,73747.58295750275,99.5635638370951,0
clamp_frozen,23,92,5,6,1,0,110.69660186767578,13536.149263381958,9522.879780274356,89.91713877931207,83701.1046700368,100.80382638306776,0
clamp_frozen,23,91,5,6,1,0,110.69660186767578,13425.686359405518,9458.436229914712,86.15623569211255,93238.30719086423,100.80382638306776,0
clamp_frozen,23,90,5,6,1,0,110.69660186767578,13279.909789562225,9396.884663844392,89.7105791472714,103168.96345404835,102.09928872109144,0
clamp_frozen,23,89,5,6,1,0,110.69660186767578,13124.294579029083,9333.365171244684,89.64440730482534,113092.29471913437,102.09928872109144,0
clamp_frozen,23,88,5,6,1,0,110.69660186767578,13070.735335350037,9267.560579946676,84.11662623240017,122403.71940363446,102.36662901118811,0
clamp_frozen,23,87,5,6,1,0,110.69660186767578,12983.095645904541,9206.786656030221,112.78960139494495,134889.14500406454,103.54257348173525,0
clamp_frozen,23,86,5,6,1,0,110.69660186767578,12879.133820533752,9126.234085223185,78.50472516457742,143579.3513103391,103.54257348173525,0
clamp_frozen,23,85,5,6,1,0,110.69660186767578,12767.26484298706,9069.663584588961,105.92936120129772,155305.37163333636,104.94444467296476,0
clamp_frozen,23,84,5,6,1,0,110.69660186767578,12696.973979473114,8990.875693123004,81.74595925322821,164354.3715390822,104.94444467296476,0
clamp_frozen,23,83,5,6,1,0,110.69660186767578,12613.812685012817,8931.05942612723,91.51002880901744,174484.22076505356,104.94444467296476,0
clamp_frozen,23,82,5,6,1,0,110.69660186767578,12567.813396453857,8865.015117522558,76.22054276652163,182921.57584181736,104.94444467296476,0
clamp_frozen,23,81,5,6,1,0,110.69660186767578,12540.13478755951,8808.79355319538,84.90181885151908,192319.9186810655,105.30269770003343,0
clamp_frozen,23,80,5,6,1,0,110.69660186767578,12516.728639602661,8746.651302801378,93.96062312771458,202721.04037067285,105.30269770003343,0
clamp_frozen,23,79,5,6,1,0,110.69660186767578,12440.28627872467,8676.484567403264,102.71342973765869,214091.06800880595,107.04578516915666,0
clamp_frozen,23,78,5,6,1,0,110.69660186767578,12230.837345123291,8602.54831263365,92.17136824924167,224294.12526349118,107.04578516915666,0
clamp_frozen,23,77,5,6,1,0,110.69660186767578,11928.14975976944,8534.217007061083,84.92665177544258,233695.21702303208,108.15295924674302,0
clamp_frozen,23,76,5,6,1,0,110.69660186767578,11692.043542861938,8472.293278651328,97.4113778953098,244478.3255392909,109.66762219893337,0
clamp_frozen,23,75,5,6,1,0,111.32127285003662,11767.578125,8402.34655829407,84.88503214269278,253927.83536333175,109.66762219893337,0
clamp_frozen,23,74,5,6,1,0,111.65076732635498,11887.712180614471,8341.388422436805,96.82481753800117,264738.40053768386,109.66762219893337,0
clamp_frozen,23,73,5,6,1,0,112.40746974945068,12052.830308675766,8270.667973075522,100.96032054288052,276087.0947150026,109.89307416174906,0
clamp_frozen,23,72,5,6,1,0,113.07863235473633,12284.578531980515,8196.187386389507,97.22219880524149,287080.84799041954,109.89307416174906,0
clamp_frozen,23,71,5,6,1,0,113.82571220397949,12502.720654010773,8124.547883414759,97.67626432486335,298198.91834262124,109.89307416174906,0
clamp_frozen,23,70,5,6,1,0,114.57696437835693,12636.390328407288,8052.495543642976,85.38800657897555,307982.41693075944,109.89307416174906,0
clamp_frozen,23,69,5,6,1,0,115.2675724029541,12922.02353477478,7988.436789976193,102.32935326168848,319777.6730667986,113.01452311832983,0
clamp_frozen,23,68,5,6,1,0,115.84136962890625,13083.29313993454,7910.637760624935,92.55513195790844,330499.3863189869,115.68382153387522,0
clamp_frozen,23,67,5,6,1,0,116.3117527961731,13278.558254241943,7842.499513155717,83.14632984263689,340170.28168155276,115.68382153387522,0
clamp_frozen,23,66,5,6,1,0,116.32408142089844,13321.614861488342,7784.039555953366,84.23805890160408,349969.1965039614,117.77633053076984,0
clamp_frozen,23,65,5,6,1,0,116.35579586029053,13458.40185880661,7721.022717045538,87.57617396778724,360159.1919243825,117.77633053076984,0
clamp_frozen,23,64,5,6,1,0,116.35579586029053,13461.437225341797,7658.046619448314,100.89828833353819,371899.2925643724,117.77633053076984,0
clamp_frozen,23,63,5,6,1,0,116.35579586029053,13562.897145748138,7583.357413613818,93.14417792252492,382737.1575163003,119.48310619486782,0
clamp_frozen,23,62,5,6,1,0,116.35579586029053,13559.217154979706,7514.168507291091,95.22372937591685,393816.99033262004,119.48310619486782,0
clamp_frozen,23,61,5,6,1,0,116.35579586029053,13667.27888584137,7442.547169239056,101.90936856581288,405674.7360177149,119.81792724103677,0
clamp_frozen,23,60,5,6,1,0,116.35579586029053,13651.53819322586,7366.434446293613,111.71678888878182,418673.6318998252,144.0601159519614,0
clamp_frozen,23,59,5,6,1,0,116.35579586029053,13723.743259906769,7281.52797929121,111.55352321403696,431653.53087441385,144.0601159519614,0
clamp_frozen,23,58,5,6,1,0,116.35579586029053,13723.772764205933,7196.160002057754,124.70016762067242,446163.1181218288,149.09961677913984,0
clamp_frozen,23,57,5,6,1,0,116.4245343208313,13803.361654281616,7100.610849856388,114.07703250218474,459444.483507598,149.09961677913984,0
clamp_frozen,23,56,5,6,1,0,116.56699657440186,13800.846338272095,7013.860806461019,123.90759961333193,473888.0202472676,149.09961677913984,0
clamp_frozen,23,55,5,6,1,0,116.68836832046509,13882.500529289246,6922.119171462811,118.69545853669992,487738.39963096456,151.02766539478267,0
clamp_frozen,23,54,5,6,1,0,116.83476209640503,13871.632814407349,6832.917525125745,112.7882574616423,500915.9888587636,151.02766539478267,0
clamp_frozen,23,53,5,6,1,0,116.98561668395996,13925.125002861023,6748.353940688501,108.7254745183909,513635.30554455373,151.02766539478267,0
clamp_frozen,23,52,5,6,1,0,117.17057704925537,13921.336829662323,6666.404281624718,124.0138398749119,528166.0787247911,151.02766539478267,0
clamp_frozen,23,51,5,6,1,0,117.32296943664551,13978.411555290222,6573.140561716667,111.15503840091377,541207.1178978307,152.83113474757658,0
clamp_frozen,23,50,5,6,1,0,117.4789023399353,13962.440490722656,6487.6278257874765,121.42999316034178,555472.5802054534,156.11217061502776,0
clamp_frozen,23,49,5,6,1,0,117.61305332183838,14033.52439403534,6395.124110699378,122.27155665960663,569853.3113186039,157.41349035794718,0
clamp_frozen,23,48,5,6,1,0,117.79099702835083,14008.376896381378,6302.451443862819,129.5553046606335,585113.7598248917,157.41349035794718,0
clamp_frozen,23,47,5,6,1,0,117.90235996246338,14078.09853553772,6204.0838070012005,124.7591053589931,599823.1527735225,158.60134809389282,0
clamp_frozen,23,46,5,6,1,0,118.03544282913208,14057.180881500244,6110.26389070507,111.4327780931842,612976.170081432,158.60134809389282,0
clamp_frozen,23,45,5,6,1,0,118.12556743621826,14124.528169631958,6025.23095526583,140.61663034689218,629586.5893321276,158.94197023932213,0
clamp_frozen,23,44,5,6,1,0,118.26271533966064,14123.322367668152,5917.043114072071,140.53669646489715,646206.840660932,160.16913603518637,0
clamp_frozen,23,43,5,6,1,0,118.33501815795898,14147.313237190247,5808.411582962212,128.55636228749054,661419.5601265434,160.16913603518637,0
clamp_frozen,23,42,5,6,1,0,118.37740898132324,14159.777462482452,5710.026374319241,126.98598215525045,676451.8316710305,160.16913603518637,0
clamp_frozen,23,41,5,6,1,0,118.4007978439331,14204.710125923157,5610.1803000206555,136.60105055539165,692625.5050431082,163.14309017483365,0
clamp_frozen,23,40,5,6,1,0,118.43318462371826,14220.786392688751,5505.316791530123,123.29759407967542,707228.0317664067,163.14309017483365,0
clamp_frozen,23,39,5,6,1,0,118.44082117080688,14252.121150493622,5408.4794074179,125.06473385503249,722040.8015437052,163.14309017483365,0
clamp_frozen,23,38,5,6,1,0,118.46137046813965,14278.305768966675,5310.4958049499555,121.86561010455897,736477.1687296272,165.89358265658913,0
clamp_frozen,23,37,5,6,1,0,118.50051403045654,14310.300350189209,5215.134757976024,141.51771575873587,753247.0907914534,165.89358265658913,0
clamp_frozen,23,36,5,6,1,0,118.57613325119019,14336.910247802734,5103.962125281378,131.10482961494114,768792.9945377492,166.20710065236935,0
clamp_frozen,23,35,5,6,1,0,118.63570928573608,14296.67353630066,5001.517595395817,128.36200450048702,784021.3119870033,166.20710065236935,0
clamp_frozen,23,34,5,6,1,0,118.63855600357056,14324.086606502533,4901.19984331293,138.46335589249503,800448.4045894974,166.20710065236935,0
clamp_frozen,23,33,5,6,1,0,118.63865852355957,14284.18219089508,4791.485548514534,132.2950692901328,816143.7141393601,166.20710065236935,0
clamp_frozen,23,32,5,6,1,0,118.63865852355957,14276.937246322632,4689.096685950577,128.34563909112322,831370.4685884799,166.20710065236935,0
clamp_frozen,23,31,5,6,1,0,118.63865852355957,14226.334691047668,4587.866879199671,133.5674912061387,847216.7365675336,170.68755222514585,0
clamp_frozen,23,30,5,6,1,0,118.63865852355957,14216.511845588684,4484.166046551945,147.77515395593628,864748.5825959784,171.5178869628399,0
clamp_frozen,23,29,5,6,1,0,118.63865852355957,14243.782758712769,4364.682572947124,132.65075194108226,880486.0898584098,183.5069626646924,0
clamp_frozen,23,28,5,6,1,0,118.63865852355957,14201.301336288452,4259.661800517641,155.74802208067706,898963.8262657591,183.5069626646924,0
clamp_frozen,23,27,5,6,1,0,118.63865852355957,14223.588705062866,4136.694754516534,139.52777955844013,915517.2148593434,183.92770086415945,0
clamp_frozen,23,26,5,6,1,0,118.63865852355957,14196.45607471466,4025.639181095311,149.56029699827627,933260.847863604,183.92770086415945,0
clamp_frozen,23,25,5,6,1,0,118.63865852355957,14208.657145500183,3907.0208309963464,156.1535570915567,951786.6964006283,186.80626150679473,0
clamp_frozen,23,24,5,6,1,0,118.63865852355957,14174.799919128418,3784.8638368146894,155.09633579264855,970187.1176209877,191.0448872510231,0
clamp_frozen,23,23,5,6,1,0,118.63865852355957,14150.331914424896,3660.3520705405863,149.48026704999975,987921.2559795431,193.02588321644785,0
clamp_frozen,23,22,5,6,1,0,118.63865852355957,14127.35790014267,3540.0504307603514,151.13456130045282,1005851.6575887755,194.18334326878238,0
clamp_frozen,23,21,5,6,1,0,118.63865852355957,14097.531735897064,3417.1329446849722,147.05784568961238,1023298.4031267557,194.18334326878238,0
clamp_frozen,23,20,5,6,1,0,118.63865852355957,14080.7443857193,3298.6746031061557,139.6502999038834,1039866.3273697653,194.18334326878238,0
clamp_frozen,23,19,5,6,1,0,118.63865852355957,14070.121049880981,3187.0627324950337,153.37225791214746,1058062.2063031918,194.18334326878238,0
clamp_frozen,23,18,5,6,1,0,118.63865852355957,14072.42864370346,3064.6817449482514,148.52181659163764,1075682.6353851059,200.04238084998562,0
clamp_frozen,23,17,5,6,1,0,118.63865852355957,14084.87856388092,2945.550281989018,153.13553699394998,1093850.430066353,200.04238084998562,0
clamp_frozen,23,16,5,6,1,0,118.63865852355957,14118.441343307495,2820.713539886796,164.90773669171497,1113414.8627276144,202.34065251041957,0
clamp_frozen,23,15,5,6,1,0,118.63865852355957,14144.958853721619,2688.450872510539,156.77327990919815,1132014.2343483802,202.69499413993447,0
clamp_frozen,23,14,5,6,1,0,118.63865852355957,14167.409837245941,2559.150277628889,169.4170339462659,1152113.6439868056,204.00441527653624,0
clamp_frozen,23,13,5,6,1,0,118.63865852355957,14186.955690383911,2418.4679576591807,147.14213545025504,1169570.3895489157,204.00441527653624,0
clamp_frozen,23,12,5,6,1,0,118.63865852355957,14222.676157951355,2297.698759584501,163.13024804130222,1188923.9433411513,204.31453412074885,0
clamp_frozen,23,11,5,6,1,0,118.63865852355957,14283.205270767212,2161.8684557506103,161.38885778279712,1208070.900929152,204.31453412074885,0
clamp_frozen,23,10,5,6,1,0,118.63865852355957,14337.05747127533,2027.6879610164106,161.0614957279303,1227179.0207221117,204.97914192627147,0
clamp_frozen,23,9,5,6,1,0,118.63865852355957,14392.032623291016,1894.3320793826915,160.42303056216093,1246211.3938642906,204.97914192627147,0
clamp_frozen,23,8,5,6,1,0,118.63865852355957,14452.139735221863,1759.4889528267977,156.42014408633142,1264768.8699247548,204.97914192627147,0
clamp_frozen,23,7,5,6,1,0,118.63865852355957,14502.93242931366,1627.2181061889405,136.3956307109977,1280950.6645807824,204.97914192627147,0
clamp_frozen,23,6,5,6,1,0,118.63865852355957,14561.26481294632,1512.4644973384893,158.57333722661252,1299763.5925869518,204.97914192627147,0
clamp_frozen,23,5,5,6,1,0,118.63865852355957,14621.921181678772,1377.4605561926965,153.71490547047256,1318000.1227670445,186.73816117636846,0
clamp_frozen,23,4,5,6,1,0,118.63865852355957,14667.148888111115,1246.4470110504335,125.968820575137,1332944.8946558738,183.11852696981163,0
clamp_frozen,23,3,5,6,1,0,118.63865852355957,14721.352756023407,1138.8100692108383,141.37751203181003,1349717.7330287262,174.43812562988745,0
clamp_frozen,23,2,5,6,1,0,118.63865852355957,14752.628207206726,1017.9304782690524,115.77942321445992,1363453.648483521,166.42268074179484,0
clamp_frozen,23,1,5,6,1,0,118.63865852355957,14783.25217962265,917.7685420430225,114.19345875638717,1377001.4072425442,158.9626933146959,0
clamp_frozen,24,100,3,6,0,0,86.45157814025879,13257.066011428833,10000.0,61.231391451459665,5293.5504227026395,53.96532052694327,1
clamp_frozen,24,99,3,6,0,0,86.45157814025879,13489.982783794403,9958.955041769294,68.04847490234093,11176.448468047805,53.96532052694327,1
clamp_frozen,24,98,3,6,0,0,86.45157814025879,13360.643088817596,9914.561023970378,78.71227251519883,17981.248645992862,53.96532052694327,1
clamp_frozen,24,97,3,6,0,0,86.45157814025879,13350.72934627533,9862.147324772432,57.297490291012295,22934.707105127032,55.53276728716988,1
clamp_frozen,24,96,3,6,0,0,86.45157814025879,13311.86294555664,9824.165672539408,58.670860800910326,28006.89561221318,55.852472283942966,1
clamp_frozen,24,95,3,6,0,0,86.45157814025879,13305.214643478394,9784.953674318867,54.58473763806554,32725.832323395927,56.18471002774361,1
clamp_frozen,24,94,3,6,0,0,86.45157814025879,13289.78180885315,9748.39790852697,51.155056358822044,37148.26767546997,56.18471002774361,1
clamp_frozen,24,93,3,6,0,0,86.45157814025879,13280.905783176422,9713.73182451644,68.2794096973866,43051.130398294335,56.18471002774361,1
clamp_frozen,24,92,3,6,0,0,86.45157814025879,13268.994688987732,9667.202347021957,60.41820019385744,48274.3791534474,56.85789131285237,1
clamp_frozen,24,91,3,6,0,0,86.45157814025879,13224.873840808868,9628.515321152317,56.309987968166844,53142.46647835441,56.85789131285237,1
clamp_frozen,24,90,3,6,0,0,86.45157814025879,13187.798261642456,9591.098067889576,82.97742624545374,60315.99592729081,57.85980122566746,1
clamp_frozen,24,89,3,6,0,0,86.45157814025879,13143.867552280426,9535.085665373726,77.76169815687925,67038.61745181947,57.85980122566746,1
clamp_frozen,24,88,3,6,0,0,86.45157814025879,13074.458837509155,9483.886436528455,64.40423361984945,72606.46508716937,57.85980122566746,1
clamp_frozen,24,87,3,6,0,0,86.45157814025879,13017.748296260834,9440.993771373096,78.01226218475018,79350.74826733266,59.05581472314141,1
clamp_frozen,24,86,3,6,0,0,86.45157814025879,12951.870560646057,9389.190843972772,66.63835699183394,85111.73939395066,59.05581472314141,1
clamp_frozen,24,85,3,6,0,0,86.45157814025879,12886.000275611877,9343.175345401674,61.98373561371844,90470.33115678518,59.321172379079584,1
clamp_frozen,24,84,3,6,0,0,86.45157814025879,12826.767563819885,9301.504382969633,58.21001396325618,95502.67872747517,59.321172379079584,1
clamp_frozen,24,83,3,6,0,0,86.45157814025879,12766.943573951721,9262.460432314718,75.60110890762994,102038.51390169335,59.321172379079584,1
clamp_frozen,24,82,3,6,0,0,86.45157814025879,12703.872919082642,9210.414238737052,58.248409389013645,107074.18081753344,59.321172379079584,1
clamp_frozen,24,81,3,6,0,0,86.45157814025879,12691.037356853485,9172.943938787626,73.69105673030342,113444.88896669152,59.67942540614826,1
clamp_frozen,24,80,3,6,0,0,86.45157814025879,12680.732905864716,9121.68330465736,64.31742190837917,119005.23159258376,59.67942540614826,1
clamp_frozen,24,79,3,6,0,0,86.45157814025879,12681.439518928528,9077.918628067693,70.65666186241357,125113.61151671204,60.144742931333404,1
clamp_frozen,24,78,3,6,0,0,86.45157814025879,12708.09531211853,9031.92338957513,50.35198713512145,129466.6202670413,60.59148468407464,1
clamp_frozen,24,77,3,6,0,0,86.45157814025879,12728.29532623291,8997.765531134412,75.60406667369675,136002.71114480373,61.68635059106254,1
clamp_frozen,24,76,3,6,0,0,86.45157814025879,12744.398415088654,8947.773090747602,69.09837626951547,141976.37482023274,61.68635059106254,1
clamp_frozen,24,75,3,6,0,0,86.45157814025879,12744.04376745224,8901.380410765825,64.00459591950975,147509.6731457039,61.68635059106254,1
clamp_frozen,24,74,3,6,0,0,86.45157814025879,12748.511135578156,8858.747651895856,81.2211972942006,154531.37383022887,61.68635059106254,1
clamp_frozen,24,73,3,6,0,0,86.45157814025879,12774.125933647156,8803.255375293453,69.99178486550328,160582.2740887051,61.811377832783585,1
clamp_frozen,24,72,3,6,0,0,86.45157814025879,12800.250947475433,8755.7913887935,77.08059068288341,167246.0127972237,61.811377832783585,1
clamp_frozen,24,71,3,6,0,0,86.45157814025879,12831.297814846039,8703.466110966732,75.24357543906103,173750.93863884613,63.69238905560433,1
clamp_frozen,24,70,3,6,0,0,86.45157814025879,12883.456349372864,8652.562634869366,76.69895359200945,180381.68421858182,63.69238905560433,1
clamp_frozen,24,69,3,6,0,0,86.45157814025879,12940.816879272461,8600.162647794064,79.31745779788254,187238.80361928215,63.69238905560433,1
clamp_frozen,24,68,3,6,0,0,86.45157814025879,13013.06664943695,8547.163762200249,68.33783773897896,193146.7175385098,64.51194257070377,1
clamp_frozen,24,67,3,6,0,0,86.45157814025879,13203.634917736053,8501.14809706157,88.9403096300661,200835.74766631227,64.51194257070377,1
clamp_frozen,24,66,3,6,0,0,86.45157814025879,13448.25804233551,8440.47555695707,75.77031202690213,207386.2107172178,66.02319309723785,1
clamp_frozen,24,65,3,6,0,0,86.45157814025879,13826.721906661987,8389.793969253838,68.57944274175341,213315.0117702219,66.02319309723785,1
clamp_frozen,24,64,3,6,0,0,86.45157814025879,14172.45328426361,8343.846301019814,75.1991353163668,219816.09569310467,66.02319309723785,1
clamp_frozen,24,63,3,6,0,0,86.45157814025879,14376.887083053589,8292.674097285704,88.272260105505,227447.37188523298,66.02319309723785,1
clamp_frozen,24,62,3,6,0,0,86.45157814025879,14415.616691112518,8232.419079556425,84.05017236284974,234713.6419289621,66.02319309723785,1
clamp_frozen,24,61,3,6,0,0,86.45157814025879,14433.473944664001,8174.182768296612,102.32234481587626,243559.57011730634,66.0678136608015,1
clamp_frozen,24,60,3,6,0,0,86.45157814025879,14451.861381530762,8104.162554841886,97.79016344421615,252013.68407365266,85.17672399217258,1
clamp_frozen,24,59,3,6,0,0,86.45157814025879,14457.447528839111,8036.20764073931,91.86947019538948,259955.94475495355,85.17672399217258,1
clamp_frozen,24,58,3,6,0,0,86.45157814025879,14457.599222660065,7971.476893850402,86.22521389670473,267410.25057180505,85.17672399217258,1
clamp_frozen,24,57,3,6,0,0,86.537104845047,14434.540867805481,7911.372214746363,96.46989128149272,275758.4756680219,85.17672399217258,1
clamp_frozen,24,56,3,6,0,0,86.5810477733612,14391.621947288513,7843.705644897152,91.73000027085263,283700.555203723,85.17672399217258,1
clamp_frozen,24,55,3,6,0,0,86.5810477733612,14352.408945560455,7778.628074320585,93.75409668575101,291817.8831278203,87.67464619283565,1
clamp_frozen,24,54,3,6,0,0,86.5810477733612,14305.522441864014,7713.428596857249,93.27279260556506,299893.5392403576,87.67464619283565,1
clamp_frozen,24,53,3,6,0,0,86.5810477733612,14181.280434131622,7648.1992737817,104.37227022098828,308930.19975457515,87.67464619283565,1
clamp_frozen,24,52,3,6,0,0,86.5810477733612,14075.781106948853,7571.21838829608,81.7265336422565,316006.16866820655,88.00542260216963,1
clamp_frozen,24,51,3,6,0,0,86.5810477733612,14058.626890182495,7512.591243520065,110.04165880617883,325533.69078636426,89.3393639748758,1
clamp_frozen,24,50,3,6,0,0,86.5810477733612,14053.218364715576,7432.813566458614,105.70005053178815,334685.3119111037,89.3393639748758,1
clamp_frozen,24,49,3,6,0,0,86.5810477733612,14066.771268844604,7357.246353443365,118.05139448247529,344906.3253365028,89.87264365606573,1
clamp_frozen,24,48,3,6,0,0,86.5810477733612,14077.841639518738,7273.179938999575,105.2645093085743,354020.2368457879,89.87264365606573,1
clamp_frozen,24,47,3,6,0,0,86.5810477733612,14089.660048484802,7198.201585127688,110.23462246865716,363564.46596002515,89.87264365606573,1
clamp_frozen,24,46,3,6,0,0,86.5810477733612,14096.88651561737,7117.300609510732,99.62620753917024,372190.2073944528,92.28499445299059,1
clamp_frozen,24,45,3,6,0,0,86.5810477733612,14119.95679140091,7044.700144583831,88.8409522205192,379882.1501228885,92.32417290804567,1
clamp_frozen,24,44,3,6,0,0,86.5810477733612,14149.066805839539,6980.5478218182725,104.00225323919533,388886.77417912846,92.85601305134094,1
clamp_frozen,24,43,3,6,0,0,86.5810477733612,14184.324741363525,6904.346081571941,113.84447793098745,398743.5483616047,92.85601305134094,1
clamp_frozen,24,42,3,6,0,0,86.5810477733612,14231.222867965698,6821.396934589998,112.84078710021254,408513.42194031185,92.85601305134094,1
clamp_frozen,24,41,3,6,0,0,86.5810477733612,14265.000820159912,6739.604995852951,91.99635011903703,416478.5623249431,93.6308664821853,1
clamp_frozen,24,40,3,6,0,0,86.5810477733612,14294.118881225586,6672.829341271322,97.33704548493816,424906.10571019235,93.6308664821853,1
clamp_frozen,24,39,3,6,0,0,86.5810477733612,14322.717487812042,6601.1965556625255,104.45800870859111,433950.1895525011,93.6308664821853,1
clamp_frozen,24,38,3,6,0,0,86.5810477733612,14335.699379444122,6525.424141438842,105.76571121695955,443107.49564816017,95.04742683727991,1
clamp_frozen,24,37,3,6,0,0,86.5810477733612,14321.967661380768,6448.457864859212,111.21302374326682,452736.4357698959,95.04742683727991,1
clamp_frozen,24,36,3,6,0,0,86.5810477733612,14305.71734905243,6366.792067074788,99.68353744596152,461367.1408877223,95.04742683727991,1
clamp_frozen,24,35,3,6,0,0,86.5810477733612,14283.93691778183,6292.29357169466,100.97202960561893,470109.40500677965,95.04742683727991,1
clamp_frozen,24,34,3,6,0,0,86.5810477733612,14261.425137519836,6218.642382038433,87.9044282499955,477720.2625085825,95.04742683727991,1
clamp_frozen,24,33,3,6,0,0,86.5810477733612,14243.480563163757,6153.898460023864,119.53109749618321,488069.39017130184,95.04742683727991,1
clamp_frozen,24,32,3,6,0,0,86.5810477733612,14222.00620174408,6064.441132786042,121.33444082501131,498574.6531889262,97.00694341239463,1
clamp_frozen,24,31,3,6,0,0,86.5810477733612,14218.811988830566,5974.392855412041,111.85652990730856,508259.3087485933,101.69890345053383,1
clamp_frozen,24,30,3,6,0,0,86.5810477733612,14206.023216247559,5892.336139955957,119.48665390148236,518604.58843831666,101.69890345053383,1
clamp_frozen,24,29,3,6,0,0,86.5810477733612,14217.02265739441,5803.683499561668,112.47127889358892,528342.4696093336,105.09652333242514,1
clamp_frozen,24,28,3,6,0,0,86.5810477733612,14294.99238729477,5720.700178765044,125.80925086140617,539235.1663684958,105.09652333242514,1
clamp_frozen,24,27,3,6,0,0,86.5810477733612,14287.58978843689,5626.850221061623,120.53843618411803,549671.5104702791,105.51726153189219,1
clamp_frozen,24,26,3,6,0,0,86.5810477733612,14254.706501960754,5538.081191336247,127.81467475145752,560737.8389310717,105.51726153189219,1
clamp_frozen,24,25,3,6,0,0,86.5810477733612,14209.155440330505,5442.183222288714,139.0659205845144,572778.312044846,108.86577323146005,1
clamp_frozen,24,24,3,6,0,0,86.5810477733612,14158.73646736145,5337.816430031409,136.0600546920156,584558.5341401815,110.31606898852215,1
clamp_frozen,24,23,3,6,0,0,86.5810477733612,14116.356074810028,5237.580123070803,144.46102004102113,597066.1206177416,111.20897889534331,1
clamp_frozen,24,22,3,6,0,0,86.5810477733612,14045.51386833191,5130.917861360342,129.4989058768489,608278.2715740631,112.95137016244168,1
clamp_frozen,24,21,3,6,0,0,86.5810477733612,14005.17076253891,5033.449427534213,125.3490498289831,619131.1236456517,112.95137016244168,1
clamp_frozen,24,20,3,6,0,0,86.5810477733612,13891.092538833618,4938.757126866716,125.63304410489023,630008.56423921,112.95137016244168,1
clamp_frozen,24,19,3,6,0,0,86.5810477733612,13791.842460632324,4842.954767135107,137.22532000817912,641889.6762265529,112.95137016244168,1
clamp_frozen,24,18,3,6,0,0,86.5810477733612,13666.388988494873,4736.464352155029,144.9588798616152,654440.3679290244,117.40424760711261,1
clamp_frozen,24,17,3,6,0,0,86.5810477733612,13546.938300132751,4622.725811812671,138.93990239969762,666469.9302563188,117.40424760711261,1
clamp_frozen,24,16,3,6,0,0,86.5810477733612,13490.734100341797,4517.0879117573895,154.15696748703274,679817.00202291,117.43877695873326,1
clamp_frozen,24,15,3,6,0,0,86.5810477733612,13450.846672058105,4397.124132401249,115.74437968933637,689838.2716902905,117.79311858824813,1
clamp_frozen,24,14,3,6,0,0,86.5810477733612,13432.09445476532,4306.465659968078,134.89928946604374,701517.9935161426,118.13382576143007,1
clamp_frozen,24,13,3,6,0,0,86.5810477733612,13397.671580314636,4202.495568037075,131.7950989245794,712928.9512724265,118.13382576143007,1
clamp_frozen,24,12,3,6,0,0,86.5810477733612,13358.871340751648,4099.381722479738,130.11553100752434,724194.4902786453,118.65148982084473,1
clamp_frozen,24,11,3,6,0,0,86.5810477733612,13394.603729248047,3996.8910729161944,136.51468838189996,736014.0750352041,118.65148982084473,1
clamp_frozen,24,10,3,6,0,0,86.5810477733612,13415.402173995972,3889.434669135674,141.7475688728555,748286.7280675425,119.72247037978816,1
clamp_frozen,24,9,3,6,0,0,86.5810477733612,13610.508143901825,3776.5685158472415,150.99292494956532,761359.8537160404,119.9282594332441,1
clamp_frozen,24,8,3,6,0,0,86.5810477733612,13527.89580821991,3655.4953242321426,130.59260637854294,772666.6984077487,119.9282594332441,1
clamp_frozen,24,7,3,6,0,0,86.5810477733612,13548.449277877808,3550.738100907125,151.87068846605942,785815.8217412019,119.9282594332441,1
clamp_frozen,24,6,3,6,0,0,86.5810477733612,13457.528352737427,3425.959343007159,122.32891870398403,796407.1876955752,119.9282594332441,1
clamp_frozen,24,5,3,6,0,0,86.5810477733612,13302.48236656189,3325.8231359532383,117.67447453413749,806595.5669969205,111.6350613497792,1
clamp_frozen,24,4,3,6,0,0,86.5810477733612,13201.624751091003,3229.704526739377,103.70573694606274,815574.5183618192,105.31132169984018,1
clamp_frozen,24,3,3,6,0,0,86.5810477733612,13101.155757904053,3145.4850131042995,109.88273961600274,825088.2810899802,100.66337802387262,1
clamp_frozen,24,2,3,6,0,0,86.5810477733612,12980.86553812027,3053.430864481008,108.12666354765086,834450.0009121734,97.45860423514522,1
clamp_frozen,24,1,3,6,0,0,86.5810477733612,12848.21480512619,2962.261280185012,94.46476735565551,842628.8594474929,90.48681714092218,1
clamp_frozen,25,100,2,12,0,1,91.88748478889465,10393.463224172592,10000.0,103.81039850643015,9538.876413688693,78.34826956228913,0
clamp_frozen,25,99,2,12,0,1,91.88748478889465,10852.26684808731,9928.857921245646,84.14967871013386,17271.17873615649,78.34826956228913,0
clamp_frozen,25,98,2,12,0,1,91.88748478889465,10846.235603094101,9873.158214299126,95.93340415177721,26086.257950899802,78.34826956228913,0
clamp_frozen,25,97,2,12,0,1,91.88748478889465,10926.161259412766,9809.696270711487,90.05981250837581,34361.627602853885,80.43164846582134,0
clamp_frozen,25,96,2,12,0,1,92.69951343536377,10979.585200548172,9748.485731272742,97.35703829323114,43386.57768214449,80.43164846582134,0
clamp_frozen,25,95,2,12,0,1,93.74951601028442,11037.860214710236,9684.248868697261,83.17667838794999,51184.351024357886,80.76388620962199,0
clamp_frozen,25,94,2,12,0,1,94.65627431869507,11082.949936389923,9629.319040306342,86.34864618741018,59357.792164921324,80.76388620962199,0
clamp_frozen,25,93,2,12,0,1,95.68792819976807,11123.916059732437,9571.568450905643,82.79901158951385,67280.6580409105,81.2516721329647,0
clamp_frozen,25,92,2,12,0,1,96.6676414012909,11047.630608081818,9515.438381088748,85.34510434264655,75530.7679828612,81.68189079408234,0
clamp_frozen,25,91,2,12,0,1,96.90103769302368,11033.287793397903,9458.277104556939,70.15845011091683,82329.19460154328,81.68189079408234,0
clamp_frozen,25,90,2,12,0,1,96.90103769302368,11052.876114845276,9412.44298762109,80.34669535649553,90114.87275679295,82.82831677780638,0
clamp_frozen,25,89,2,12,0,1,96.90103769302368,11114.82098698616,9358.1581463793,78.97918474482313,97768.03771471533,82.82831677780638,0
clamp_frozen,25,88,2,12,0,1,96.90103769302368,11206.95784687996,9303.636645698643,88.88866734233028,106381.44181933712,82.82831677780638,0
clamp_frozen,25,87,2,12,0,1,96.90103769302368,11320.40187716484,9243.533691146566,88.66732356014664,114973.39748177842,84.56293398444693,0
clamp_frozen,25,86,2,12,0,1,96.90103769302368,11491.003334522247,9183.254330773028,95.37467466724493,124215.30242666899,84.56293398444693,0
clamp_frozen,25,85,2,12,0,1,96.90103769302368,11686.629354953766,9119.530708300108,103.4740067828586,134242.04105818295,84.8282916403851,0
clamp_frozen,25,84,2,12,0,1,96.90103769302368,11773.45871925354,9050.59594478753,95.0650071762207,143453.9389018535,87.66566629607894,0
clamp_frozen,25,83,2,12,0,1,96.90103769302368,11823.224425315857,8986.505651113333,89.59445252795852,152135.734323351,87.66566629607894,0
clamp_frozen,25,82,2,12,0,1,96.90103769302368,11784.326285123825,8925.08412337023,92.91182288768462,161138.98637511808,87.66566629607894,0
clamp_frozen,25,81,2,12,0,1,96.90103769302368,11742.921620607376,8860.306126968657,87.23458866755881,169592.10853972862,88.02391932314761,0
clamp_frozen,25,80,2,12,0,1,96.90103769302368,11699.72226023674,8800.497548535146,97.40721320359425,179030.9685779425,88.02391932314761,0
clamp_frozen,25,79,2,12,0,1,96.90103769302368,11669.083684682846,8731.859628424354,106.0741229551928,189309.66116467805,89.41124357506565,0
clamp_frozen,25,78,2,12,0,1,96.90103769302368,11732.693463563919,8658.69938029968,107.86857334102264,199762.23785588917,89.85798532780689,0
clamp_frozen,25,77,2,12,0,1,96.90103769302368,11858.901679515839,8584.015680330018,88.23381540894748,208312.18612863088,91.10061121112462,0
clamp_frozen,25,76,2,12,0,1,96.90103769302368,12053.642719984055,8523.378144519376,104.30830720777486,218419.76933706697,91.10061121112462,0
clamp_frozen,25,75,2,12,0,1,96.90103769302368,12306.67531490326,8452.672121495447,106.70142757823155,228759.24839272464,91.10061121112462,0
clamp_frozen,25,74,2,12,0,1,96.90103769302368,12650.722563266754,8379.102536903374,89.9746663360582,237477.88692677225,91.10061121112462,0
clamp_frozen,25,73,2,12,0,1,96.90103769302368,13156.28468990326,8316.86180757625,82.4471872464902,245467.10492582817,91.59938678561403,0
clamp_frozen,25,72,2,12,0,1,96.90103769302368,13480.73422908783,8260.899748916214,88.59453900276942,254052.0076891316,91.59938678561403,0
clamp_frozen,25,71,2,12,0,1,96.90103769302368,13627.203106880188,8199.39701589181,88.7707820201974,262653.9885837099,93.48039800843478,0
clamp_frozen,25,70,2,12,0,1,96.90103769302368,13678.377270698547,8139.954594932996,99.38862395089276,272284.84937943314,93.48039800843478,0
clamp_frozen,25,69,2,12,0,1,96.90103769302368,13729.064166545868,8071.929315566345,92.85199380067426,281282.3039305847,93.48039800843478,0
clamp_frozen,25,68,2,12,0,1,96.90103769302368,13773.371875286102,8008.4150202887495,107.02473803300622,291653.112104807,95.11469441166237,0
clamp_frozen,25,67,2,12,0,1,96.90103769302368,13801.023662090302,7934.089083619008,93.86738787204908,300748.9593951421,95.11469441166237,0
clamp_frozen,25,66,2,12,0,1,96.90103769302368,13809.993267059326,7866.034527179154,103.78650297299087,310805.979231755,96.29318018780998,0
clamp_frozen,25,65,2,12,0,1,96.90103769302368,13793.76232624054,7791.661960974662,108.28853282738216,321299.2504329834,96.29318018780998,0
clamp_frozen,25,64,2,12,0,1,96.90103769302368,13738.248646259308,7714.605161192028,92.86640490408448,330298.1014350097,96.29318018780998,0
clamp_frozen,25,63,2,12,0,1,96.90103769302368,13679.516017436981,7650.550277046367,105.02753541904295,340475.3786034557,96.29318018780998,0
clamp_frozen,25,62,2,12,0,1,96.90103769302368,13605.264127254486,7577.36174720208,100.61940035147715,350225.50290956366,96.29318018780998,0
clamp_frozen,25,61,2,12,0,1,96.90103769302368,13531.438112258911,7505.74377077162,107.58119646739247,360650.23248351103,96.40873891602581,0
clamp_frozen,25,60,2,12,0,1,96.90103769302368,13453.999757766724,7430.85841314505,138.53498929168072,374074.41670266684,121.48371342624034,0
clamp_frozen,25,59,2,12,0,1,96.90103769302368,13369.123935699463,7334.496237352034,126.58011228160379,386340.1609340537,121.717787817549,0
clamp_frozen,25,58,2,12,0,1,96.90103769302368,13288.096189498901,7245.0001780514785,128.80086327887804,398821.09824153426,121.717787817549,0
clamp_frozen,25,57,2,12,0,1,96.90103769302368,13290.322422981262,7153.8831298592495,118.78388468492159,410331.3799287116,121.717787817549,0
clamp_frozen,25,56,2,12,0,1,96.90103769302368,13312.076330184937,7069.685307360121,125.37442647429681,422480.29195423867,121.717787817549,0
clamp_frozen,25,55,2,12,0,1,96.90103769302368,13302.49011516571,6978.8801692617535,125.18213206421984,434610.5704518867,125.52438207732914,0
clamp_frozen,25,54,2,12,0,1,96.90103769302368,13288.424015045166,6889.95909159932,128.59735807172203,447071.7878936179,125.52438207732914,0
clamp_frozen,25,53,2,12,0,1,96.90103769302368,13277.297616004944,6797.148033610618,131.42123750954835,459806.64218319446,125.52438207732914,0
clamp_frozen,25,52,2,12,0,1,96.90103769302368,13248.552680015564,6702.767800366841,127.79652946984287,472190.2585023893,125.77567823347204,0
clamp_frozen,25,51,2,12,0,1,96.90103769302368,13246.61910533905,6612.488118753541,124.74820638496614,484278.489151436,127.57061847614774,0
clamp_frozen,25,50,2,12,0,1,96.90103769302368,13232.743740081787,6523.88062187879,130.04674837621465,496880.15401769476,127.57061847614774,0
clamp_frozen,25,49,2,12,0,1,96.90103769302368,13223.326802253723,6432.8982820461115,122.25779923610882,508727.06162973907,127.56529444817109,0
clamp_frozen,25,48,2,12,0,1,96.90103769302368,13199.044466018677,6345.251188674981,130.9396863521755,521415.2531124639,127.56529444817109,0
clamp_frozen,25,47,2,12,0,1,96.90103769302368,13177.659511566162,6252.585376703398,128.314409013078,533849.0524967982,127.56529444817109,0
clamp_frozen,25,46,2,12,0,1,96.90103769302368,13130.400776863098,6162.250454062674,136.45681890172662,547071.8598486645,130.8145259896823,0
clamp_frozen,25,45,2,12,0,1,96.90103769302368,13074.760138988495,6065.0091112416,131.01941207226312,559767.7768363967,130.8145259896823,0
clamp_frozen,25,44,2,12,0,1,96.90103769302368,12997.925579547882,5971.5039907835835,132.32501350531984,572590.2079578055,131.2339851260106,0
clamp_frozen,25,43,2,12,0,1,96.90103769302368,12915.720641613007,5876.465101152147,136.79026393817844,585845.3264797176,131.2339851260106,0
clamp_frozen,25,42,2,12,0,1,96.90103769302368,12879.912555217743,5780.534257106273,137.07588768272726,599128.1222388663,131.2339851260106,0
clamp_frozen,25,41,2,12,0,1,96.90103769302368,12848.798632621765,5683.204590902325,136.1702678301328,612323.1624945431,134.1721664575167,0
clamp_frozen,25,40,2,12,0,1,96.90103769302368,12795.746326446533,5582.3522746218705,123.8376681069391,624323.1610395898,134.1721664575167,0
clamp_frozen,25,39,2,12,0,1,96.90103769302368,12779.07133102417,5494.184190816997,136.1128232170462,637512.6348526486,134.1721664575167,0
clamp_frozen,25,38,2,12,0,1,96.90103769302368,12773.994207382202,5398.875188914799,159.355230330652,652954.3220334996,135.24479254111014,0
clamp_frozen,25,37,2,12,0,1,96.90103769302368,12747.11400270462,5283.595241565534,153.326081256598,667811.7784126688,135.24479254111014,0
clamp_frozen,25,36,2,12,0,1,96.90103769302368,12699.351906776428,5171.411515142814,149.88845854678135,682336.1255840597,135.3776796692217,0
clamp_frozen,25,35,2,12,0,1,96.90103769302368,12695.425748825073,5059.951656169166,137.93794229362595,695702.4553295525,135.3776796692217,0
clamp_frozen,25,34,2,12,0,1,96.90103769302368,12714.924216270447,4957.631500405982,135.11221449826462,708794.9691194368,135.3776796692217,0
clamp_frozen,25,33,2,12,0,1,96.90103769302368,12773.191332817078,4858.729861532798,154.68379426985965,723783.9892984804,135.3776796692217,0
clamp_frozen,25,32,2,12,0,1,96.90103769302368,12822.801768779755,4745.959851336383,144.7388852464665,737809.3374733946,137.67563429490323,0
clamp_frozen,25,31,2,12,0,1,96.90103769302368,12829.862236976624,4634.7099230723925,149.03660261731386,752251.1389212551,146.59908961842842,0
clamp_frozen,25,30,2,12,0,1,96.90103769302368,12823.82220029831,4523.445501914358,167.69952817448555,768501.3972219932,146.67867998707746,0
clamp_frozen,25,29,2,12,0,1,96.90103769302368,12829.88965511322,4399.479962314331,150.0825553893213,783044.5525788391,149.0471367442043,0
clamp_frozen,25,28,2,12,0,1,96.90103769302368,12896.601259708405,4284.411640369003,154.85419623527247,798050.0848851561,149.0471367442043,0
clamp_frozen,25,27,2,12,0,1,96.90103769302368,13019.749522209167,4167.982240580262,152.37519899063832,812815.39978603,149.46787494367135,0
clamp_frozen,25,26,2,12,0,1,96.90103769302368,13094.159662723541,4052.662530128362,147.2115268027903,827080.3494935947,149.46787494367135,0
clamp_frozen,25,25,2,12,0,1,96.90103769302368,13203.059434890747,3941.544638585342,168.6387785998239,843421.6221352017,154.18295349612166,0
clamp_frozen,25,24,2,12,0,1,96.90103769302368,13286.73779964447,3812.4446586201284,157.4504642353707,858678.7355048574,154.86606328959272,0
clamp_frozen,25,23,2,12,0,1,96.90103769302368,13349.343240261078,3692.11538058979,181.80578370565848,876295.9046045291,155.75897319641388,0
clamp_frozen,25,22,2,12,0,1,96.90103769302368,13396.708071231842,3553.793355089035,170.1144642982437,892780.1727216218,158.80352394212818,0
clamp_frozen,25,21,2,12,0,1,96.90103769302368,13482.599258422852,3424.896080002759,150.85831235146327,907398.4997330969,158.80352394212818,0
clamp_frozen,25,20,2,12,0,1,96.90103769302368,13575.524091720581,3308.4058245789074,157.06323012329207,922618.0897154621,158.80352394212818,0
clamp_frozen,25,19,2,12,0,1,96.90103769302368,13642.399311065674,3189.252812568682,169.99753279476454,939091.0270485285,158.80352394212818,0
clamp_frozen,25,18,2,12,0,1,96.90103769302368,13777.592480182648,3058.5351214118255,168.53362114019947,955422.1098231768,163.45135432315968,0
clamp_frozen,25,17,2,12,0,1,96.90103769302368,13843.277990818024,2926.5029431801668,170.65512291262715,971958.7683210408,163.45135432315968,0
clamp_frozen,25,16,2,12,0,1,96.90103769302368,13772.282302379608,2794.248209335905,164.1900986142985,987868.9592556861,163.48588367478033,0
clamp_frozen,25,15,2,12,0,1,96.90103769302368,13772.299885749817,2665.0613449874872,163.60633040383914,1003722.5824449658,166.63305223218825,0
clamp_frozen,25,14,2,12,0,1,96.90103769302368,13747.416734695435,2541.737413083967,167.78671576718494,1019981.2893139105,167.6035577215017,0
clamp_frozen,25,13,2,12,0,1,96.90103769302368,13730.976581573486,2409.066200263177,178.16755030056547,1037245.9098212593,168.05485080599917,0
clamp_frozen,25,12,2,12,0,1,96.90103769302368,13635.636270046234,2266.6496282139606,178.5913310523243,1054551.595123208,169.09384479432455,0
clamp_frozen,25,11,2,12,0,1,96.90103769302368,13675.062656402588,2124.8351601022887,179.62290295593854,1071957.2408130716,169.09384479432455,0
clamp_frozen,25,10,2,12,0,1,96.90103769302368,13547.136187553406,1983.410500472769,173.51613839415592,1088771.1346799517,170.63726322604822,0
clamp_frozen,25,9,2,12,0,1,96.90103769302368,13556.446731090546,1845.7569607864762,178.66089399963712,1106083.56070368,170.84305227950415,0
clamp_frozen,25,8,2,12,0,1,96.90103769302368,13499.495089054108,1704.1292887438904,173.8185102336425,1122926.7547155754,170.84305227950415,0
clamp_frozen,25,7,2,12,0,1,96.90103769302368,13456.210792064667,1563.440995229459,176.57193977093561,1140036.7589068492,170.84305227950415,0
clamp_frozen,25,6,2,12,0,1,96.90103769302368,13633.36592912674,1420.5559192758974,159.51408654904114,1155493.839420106,170.84305227950415,0
clamp_frozen,25,5,2,12,0,1,96.90103769302368,13349.720239639282,1292.0399810235886,143.732732059346,1169421.69030711,155.39122305741984,0
clamp_frozen,25,4,2,12,0,1,96.90103769302368,13184.338510036469,1174.6598571924205,155.10360624999694,1184451.3907026649,149.0674834074808,0
clamp_frozen,25,3,2,12,0,1,96.90103769302368,12633.955776691437,1044.7887989311657,142.51062564877256,1198260.8182103129,142.23678861945825,0
clamp_frozen,25,2,2,12,0,1,96.90103769302368,12390.020489692688,924.373972940899,138.38449428228068,1211670.41930689,135.31638940994628,0
clamp_frozen,25,1,2,12,0,1,96.90103769302368,11911.392211914062,808.6781321975195,116.40839388477907,1222950.5134705035,127.3584148712835,0
clamp_frozen,26,100,2,6,0,0,98.71341705322266,11034.304201602936,10000.0,63.57250528916089,6275.459227727142,53.51064944791461,1
clamp_frozen,26,99,2,6,0,0,98.71341705322266,11312.755942344666,9955.985279680099,64.97293908696945,12689.160060992788,53.51064944791461,1
clamp_frozen,26,98,2,6,0,0,98.71341705322266,11517.455279827118,9912.486636375324,55.80703085236706,18198.06277202456,53.51064944791461,1
clamp_frozen,26,97,2,6,0,0,98.71341705322266,11665.618121623993,9874.983127924512,67.66071978675387,24877.08362245563,55.53276728716988,1
clamp_frozen,26,96,2,6,0,0,98.71341705322266,11799.32489991188,9828.509323650771,57.519167263695834,30554.99716911091,55.852472283942966,1
clamp_frozen,26,95,2,6,0,0,98.71341705322266,11852.422952651978,9789.063960679774,67.93459377705966,37261.05305696707,56.18471002774361,1
clamp_frozen,26,94,2,6,0,0,98.71341705322266,11883.921325206757,9742.688400243593,48.36801114810048,42035.62471346443,56.18471002774361,1
clamp_frozen,26,93,2,6,0,0,98.71341705322266,12126.728743314743,9709.892300145693,54.322467631500686,47397.98111613294,56.18471002774361,1
clamp_frozen,26,92,2,6,0,0,98.71341705322266,12321.065217256546,9674.055816765225,41.36886835245682,51481.64347082887,56.85789131285237,1
clamp_frozen,26,91,2,6,0,0,98.71341705322266,12542.15806722641,9645.821352466306,50.39004145048664,56455.81664785994,56.85789131285237,1
clamp_frozen,26,90,2,6,0,0,98.71341705322266,12600.927650928497,9611.224247169099,52.35137978831398,61623.600234215424,57.85980122566746,1
clamp_frozen,26,89,2,6,0,0,98.71341705322266,12698.779106140137,9574.992111228668,65.83369875981218,68122.269596049,57.85980122566746,1
clamp_frozen,26,88,2,6,0,0,98.71341705322266,12742.579281330109,9529.700440344117,50.37346442831838,73094.80639857726,57.85980122566746,1
clamp_frozen,26,87,2,6,0,0,98.71341705322266,12927.58584022522,9496.550659564327,77.1024688366845,80705.854560686,59.05581472314141,1
clamp_frozen,26,86,2,6,0,0,98.71341705322266,13092.58371591568,9443.776120264421,76.63116233085938,88270.37844712533,59.05581472314141,1
clamp_frozen,26,85,2,6,0,0,98.71341705322266,13298.332691192627,9391.428568008767,50.80411697600559,93285.42643419848,59.321172379079584,1
clamp_frozen,26,84,2,6,0,0,98.71341705322266,13415.040969848633,9356.52611399609,50.370334347598686,98257.65425576325,59.321172379079584,1
clamp_frozen,26,83,2,6,0,0,98.71341705322266,13473.672270774841,9321.848504805721,73.40418665411855,105503.63234640386,59.321172379079584,1
clamp_frozen,26,82,2,6,0,0,98.71341705322266,13540.695607662201,9270.492367755709,85.40857218766206,113934.60435268481,59.321172379079584,1
clamp_frozen,26,81,2,6,0,0,98.71341705322266,13656.335473060608,9211.196521373766,63.38720082814897,120191.77154387026,59.67942540614826,1
clamp_frozen,26,80,2,6,0,0,98.71341705322266,13726.270198822021,9168.132023227185,53.63601458848326,125486.36582101593,59.67942540614826,1
clamp_frozen,26,79,2,6,0,0,98.71341705322266,13752.2554397583,9130.85343531708,54.42451446054769,130858.79561487913,60.144742931333404,1
clamp_frozen,26,78,2,6,0,0,98.71341705322266,13769.96636390686,9093.368637373731,60.20510121366717,136801.84687971533,60.59148468407464,1
clamp_frozen,26,77,2,6,0,0,98.71341705322266,13787.913918495178,9052.488240634226,81.36118178425684,144833.28714912775,61.68635059106254,1
clamp_frozen,26,76,2,6,0,0,98.71341705322266,13836.729824543,8998.005886357398,63.88824752454936,151139.9143718181,61.68635059106254,1
clamp_frozen,26,75,2,6,0,0,98.71341705322266,13843.991160392761,8952.800576875008,71.73916071758858,158221.5320627816,61.68635059106254,1
clamp_frozen,26,74,2,6,0,0,98.71341705322266,13820.163607597351,8903.197967278888,54.51069685957408,163602.46921574252,61.68635059106254,1
clamp_frozen,26,73,2,6,0,0,98.71341705322266,13798.240423202515,8863.610045705253,80.54764580141052,171553.6025683924,61.811377832783585,1
clamp_frozen,26,72,2,6,0,0,98.71341705322266,13778.22756767273,8807.16118263934,65.08862895848564,177978.72354419387,61.811377832783585,1
clamp_frozen,26,71,2,6,0,0,98.71341705322266,13761.5767121315,8761.516951214222,55.77687548647091,183484.64951601555,63.69238905560433,1
clamp_frozen,26,70,2,6,0,0,98.71341705322266,13720.003962516785,8722.445782536895,73.78642344381234,190768.3595062903,63.69238905560433,1
clamp_frozen,26,69,2,6,0,0,98.71341705322266,13655.45392036438,8669.970912918221,58.02625766735673,196496.32967944583,63.69238905560433,1
clamp_frozen,26,68,2,6,0,0,98.71341705322266,13589.171767234802,8628.61960187399,58.93579806286555,202314.08369298998,64.51194257070377,1
clamp_frozen,26,67,2,6,0,0,98.71341705322266,13513.458967208862,8588.375070731157,70.18879121700293,209242.65911285556,64.51194257070377,1
clamp_frozen,26,66,2,6,0,0,98.71341705322266,13423.663675785065,8538.312515110494,79.2737218657672,217068.0390807522,66.02319309723785,1
clamp_frozen,26,65,2,6,0,0,98.71341705322266,13346.961736679077,8483.176448346341,75.89302997653417,224559.69940025854,66.02319309723785,1
clamp_frozen,26,64,2,6,0,0,98.71341705322266,13333.507478237152,8428.969563414841,69.34347167798346,231404.83043992566,66.02319309723785,1
clamp_frozen,26,63,2,6,0,0,98.71341705322266,13335.312306880951,8380.205733512648,65.21202182361351,237842.13194708386,66.02319309723785,1
clamp_frozen,26,62,2,6,0,0,98.71341705322266,13336.801826953888,8333.521148986674,69.99065356709794,244751.14852248042,66.02319309723785,1
clamp_frozen,26,61,2,6,0,0,98.71341705322266,13387.38739490509,8284.860214026894,81.77942901712055,252823.87540542186,66.0678136608015,1
clamp_frozen,26,60,2,6,0,0,98.71341705322266,13474.5591878891,8226.736747708741,94.56963601757579,262159.1673261963,85.17672399217258,1
clamp_frozen,26,59,2,6,0,0,98.71341705322266,13591.72135591507,8158.75913882096,86.27886492943884,270676.0489028546,85.17672399217258,1
clamp_frozen,26,58,2,6,0,0,98.71341705322266,13667.59479045868,8097.4173800764875,99.5483877106314,280502.8104159101,85.17672399217258,1
clamp_frozen,26,57,2,6,0,0,98.71341705322266,13602.483868598938,8026.788438696381,80.153756238108,288415.0615838248,85.17672399217258,1
clamp_frozen,26,56,2,6,0,0,98.71341705322266,13539.605736732483,7969.814743480856,91.97321302164345,297494.05171855516,85.17672399217258,1
clamp_frozen,26,55,2,6,0,0,98.71341705322266,13459.1144323349,7903.794717489174,84.56181365116039,305841.43729627907,87.67464619283565,1
clamp_frozen,26,54,2,6,0,0,98.71341705322266,13353.864848613739,7843.498305035759,93.42997891658126,315064.2297703454,87.67464619283565,1
clamp_frozen,26,53,2,6,0,0,98.71341705322266,13251.364827156067,7775.645428478608,92.03680422141757,324149.4972097,87.67464619283565,1
clamp_frozen,26,52,2,6,0,0,98.71341705322266,13149.53237771988,7710.342501979712,90.84043582258107,333116.66703635093,88.00542260216963,1
clamp_frozen,26,51,2,6,0,0,98.71341705322266,13054.023683071136,7643.336699750611,84.83146889764613,341490.67120488174,89.3393639748758,1
clamp_frozen,26,50,2,6,0,0,98.71341705322266,12970.290184020996,7580.184054680953,93.24501110136627,350695.20487386326,89.3393639748758,1
clamp_frozen,26,49,2,6,0,0,98.71341705322266,12860.797047615051,7511.440560845247,83.07577185490581,358895.89818799496,89.87264365606573,1
clamp_frozen,26,48,2,6,0,0,98.71341705322266,12779.867053031921,7449.665351079524,92.04933346016102,367982.402431319,89.87264365606573,1
clamp_frozen,26,47,2,6,0,0,98.71341705322266,12723.71381521225,7382.126961122445,99.84530569051394,377838.4737327532,89.87264365606573,1
clamp_frozen,26,46,2,6,0,0,98.71341705322266,12646.443843841553,7307.336710868868,92.87668588434099,387006.6487609753,92.28499445299059,1
clamp_frozen,26,45,2,6,0,0,98.71341705322266,12594.315707683563,7238.661292596632,96.52016928981298,396534.48448612826,92.32417290804567,1
clamp_frozen,26,44,2,6,0,0,98.71341705322266,12519.956231117249,7169.755835213579,85.4699028823412,404971.51065485127,92.85601305134094,1
clamp_frozen,26,43,2,6,0,0,98.71341705322266,12450.113743543625,7108.48782673376,93.81786531978871,414232.59272120666,92.85601305134094,1
clamp_frozen,26,42,2,6,0,0,98.71341705322266,12427.508234977722,7039.12770182383,99.92265852622225,424096.2997853724,92.85601305134094,1
clamp_frozen,26,41,2,6,0,0,98.71341705322266,12432.688176631927,6964.209199096622,97.97165136235593,433767.41626569757,93.6308664821853,1
clamp_frozen,26,40,2,6,0,0,98.71341705322266,12435.194849967957,6893.32362190104,110.10711728925565,444636.46605519997,93.6308664821853,1
clamp_frozen,26,39,2,6,0,0,98.71341705322266,12404.073029756546,6811.505674173002,92.27166698943309,453744.917600924,93.6308664821853,1
clamp_frozen,26,38,2,6,0,0,98.71341705322266,12388.379871845245,6744.891555535069,101.79732778414677,463793.67967338406,95.04742683727991,1
clamp_frozen,26,37,2,6,0,0,98.71341705322266,12373.254299163818,6671.131913648174,106.79137443543749,474335.42115571623,95.04742683727991,1
clamp_frozen,26,36,2,6,0,0,98.71341705322266,12352.620661258698,6591.205835448938,82.54292614628487,482483.51544918783,95.04742683727991,1
clamp_frozen,26,35,2,6,0,0,98.71341705322266,12429.38444018364,6529.987194013584,111.76490029794789,493516.210664211,95.04742683727991,1
clamp_frozen,26,34,2,6,0,0,98.71341705322266,12500.059008598328,6449.060658983142,92.378717341685,502635.2295160025,95.04742683727991,1
clamp_frozen,26,33,2,6,0,0,98.71341705322266,12538.865208625793,6382.3210827665225,99.55194590290544,512462.34227037587,95.04742683727991,1
clamp_frozen,26,32,2,6,0,0,98.71341705322266,12487.30480670929,6305.407556169428,102.81074873532995,522611.14258784056,97.00694341239463,1
clamp_frozen,26,31,2,6,0,0,98.71341705322266,12515.063285827637,6228.126038292896,100.43796834231843,532525.7176447943,101.69890345053383,1
clamp_frozen,26,30,2,6,0,0,98.71341705322266,12525.188326835632,6152.629203750217,103.58935791008231,542751.3771344478,101.69890345053383,1
clamp_frozen,26,29,2,6,0,0,98.71341705322266,12541.070878505707,6073.39045867662,115.08945281069298,554112.2502881769,105.09652333242514,1
clamp_frozen,26,28,2,6,0,0,98.71341705322266,12570.38950920105,5989.610556941827,85.249389288403,562527.5088065356,105.09652333242514,1
clamp_frozen,26,27,2,6,0,0,98.71341705322266,12598.48803281784,5923.748104842969,115.1653718394555,573895.8761870132,105.51726153189219,1
clamp_frozen,26,26,2,6,0,0,98.71341705322266,12665.82578420639,5838.025251754219,107.72313340895909,584529.5947814918,105.51726153189219,1
clamp_frozen,26,25,2,6,0,0,98.71341705322266,12734.638750553131,5755.209758042388,117.40710533551102,596119.2513354877,108.86577323146005,1
clamp_frozen,26,24,2,6,0,0,98.71341705322266,12815.90610742569,5664.995102786425,114.96572660890844,607467.9110530596,110.31606898852215,1
clamp_frozen,26,23,2,6,0,0,98.71341705322266,12934.061288833618,5576.884753690735,120.583665197386,619371.1366854954,111.20897889534331,1
clamp_frozen,26,22,2,6,0,0,98.71341705322266,13064.210712909698,5483.909278747508,112.15428161260016,630442.2690606245,112.95137016244168,1
clamp_frozen,26,21,2,6,0,0,98.71341705322266,13220.024704933167,5397.594815055367,108.47197935492028,641149.9087972753,112.95137016244168,1
clamp_frozen,26,20,2,6,0,0,98.71341705322266,13373.62915277481,5312.5688367306875,116.71589349500347,652671.333468587,112.95137016244168,1
clamp_frozen,26,19,2,6,0,0,98.71341705322266,13517.072200775146,5221.343061064472,116.25357349613617,664147.1209530386,112.95137016244168,1
clamp_frozen,26,18,2,6,0,0,98.71341705322266,13648.05668592453,5129.573080156501,121.07232219336383,676098.5835873142,117.40424760711261,1
clamp_frozen,26,17,2,6,0,0,98.71341705322266,13762.039542198181,5036.312330631694,98.46993511952894,685818.8873599721,117.40424760711261,1
clamp_frozen,26,16,2,6,0,0,98.71341705322266,13848.207592964172,4959.414919596049,118.3251774440901,697499.1699489071,117.43877695873326,1
clamp_frozen,26,15,2,6,0,0,98.71341705322266,13921.707570552826,4863.467316639596,130.9116321932854,710421.904494721,117.79311858824813,1
clamp_frozen,26,14,2,6,0,0,98.71341705322266,13993.05909872055,4758.55681103989,139.34301974028244,724176.930115799,118.13382576143007,1
clamp_frozen,26,13,2,6,0,0,98.71341705322266,14047.252535820007,4648.472623466453,121.72560405635873,736192.8804350698,118.13382576143007,1
clamp_frozen,26,12,2,6,0,0,98.71341705322266,14034.433364868164,4550.11274658415,120.12747127670116,748051.0736067558,118.65148982084473,1
clamp_frozen,26,11,2,6,0,0,98.71341705322266,14011.531472206116,4453.870816188749,124.77520888585035,760368.0608394077,118.65148982084473,1
clamp_frozen,26,10,2,6,0,0,98.71341705322266,13959.717750549316,4353.398528434977,131.026389682952,773302.123489159,119.72247037978816,1
clamp_frozen,26,9,2,6,0,0,98.71341705322266,13907.259404659271,4250.049135156546,125.3461208129157,785675.467388968,119.9282594332441,1
clamp_frozen,26,8,2,6,0,0,98.71341705322266,13837.007880210876,4145.8839113169915,116.71107935460029,797196.4168400305,119.9282594332441,1
clamp_frozen,26,7,2,6,0,0,98.71341705322266,13708.498179912567,4051.164093674258,124.24575135357357,809461.1395104867,119.9282594332441,1
clamp_frozen,26,6,2,6,0,0,98.71341705322266,13527.711629867554,3948.6716691118554,117.1633920944551,821026.7382976769,119.9282594332441,1
clamp_frozen,26,5,2,6,0,0,98.71341705322266,13385.578095912933,3851.8832408749313,108.89376077456348,831776.0135195103,111.6350613497792,1
clamp_frozen,26,4,2,6,0,0,98.71341705322266,13244.628608226776,3760.0547201002564,83.44091857813423,840012.7517144176,105.31132169984018,1
clamp_frozen,26,3,2,6,0,0,98.71341705322266,13156.585693359375,3689.5795024236886,102.87076705854588,850167.4766456528,100.66337802387262,1
clamp_frozen,26,2,2,6,0,0,98.71341705322266,13156.323730945587,3602.7080752560587,81.23223179033772,858186.1878205364,97.45860423514522,1
clamp_frozen,26,1,2,6,0,0,98.71341705322266,13117.648661136627,3531.807210759306,79.28066417618028,866012.2530876162,90.48681714092218,1
clamp_frozen,27,100,5,12,1,1,116.2159013748169,14492.48343706131,10000.0,105.69645874121863,12283.609224736869,122.62129846453644,0
clamp_frozen,27,99,5,12,1,1,116.2159013748169,13931.870460510254,9923.106844380125,97.2430320432938,23584.79584606846,122.62129846453644,0
clamp_frozen,27,98,5,12,1,1,116.2159013748169,13983.757197856903,9851.089041400208,96.39435465292215,34787.35265950159,122.62129846453644,0
clamp_frozen,27,97,5,12,1,1,116.2159013748169,13974.473476409912,9781.883690382454,96.13258896869999,45959.48813799384,124.02216067174243,0
clamp_frozen,27,96,5,12,1,1,116.2159013748169,13985.533118247986,9712.703544476288,86.02319869173161,55956.7517130984,124.02216067174243,0
clamp_frozen,27,95,5,12,1,1,116.2159013748169,14029.439687728882,9649.817630408517,103.92828761657753,68034.87133680018,125.08183156398725,0
clamp_frozen,27,94,5,12,1,1,116.2159013748169,14090.58928489685,9575.9072279119,101.25074154399705,79801.81753020441,125.08183156398725,0
clamp_frozen,27,93,5,12,1,1,116.2159013748169,14123.15458059311,9501.32486039586,103.32368593487047,91809.67282449387,125.56961748732996,0
clamp_frozen,27,92,5,12,1,1,116.2159013748169,14172.608852386475,9426.695520949364,99.45046698468909,103367.39848726598,126.56691740931149,0
clamp_frozen,27,91,5,12,1,1,116.2159013748169,14154.757261276245,9353.694355815538,106.5617381131027,115751.56693414738,126.56691740931149,0
clamp_frozen,27,90,5,12,1,1,116.2159013748169,14102.357625961304,9276.559715890833,106.16523159334024,128089.65501843361,128.0068958182441,0
clamp_frozen,27,89,5,12,1,1,116.2159013748169,13985.768556594849,9197.25730334686,85.01208466870752,137969.4110659597,128.0068958182441,0
clamp_frozen,27,88,5,12,1,1,116.2159013748169,13866.02908372879,9134.294904185219,92.48125332825933,148717.20328177614,128.27423610834077,0
clamp_frozen,27,87,5,12,1,1,116.2159013748169,13748.323917388916,9066.071326099942,99.25297368071091,160251.97708221094,129.9887842880545,0
clamp_frozen,27,86,5,12,1,1,116.2159013748169,13612.549304962158,8991.41678714479,106.28011002196314,172603.4158666281,129.9887842880545,0
clamp_frozen,27,85,5,12,1,1,116.2159013748169,13443.69113445282,8911.84853863529,99.73425674984863,184194.12241275917,131.39065547928402,0
clamp_frozen,27,84,5,12,1,1,116.2159013748169,13227.997422218323,8837.403619436158,119.48747003907401,198080.46644634657,134.22803013497784,0
clamp_frozen,27,83,5,12,1,1,116.2159013748169,13029.80899810791,8749.45883852736,113.43547829708288,211263.47280452555,134.22803013497784,0
clamp_frozen,27,82,5,12,1,1,116.2159013748169,12835.2490067482,8664.55888241556,107.87963663424719,223800.8020159623,134.22803013497784,0
clamp_frozen,27,81,5,12,1,1,116.2159013748169,12675.549685955048,8585.551228926488,110.66184424142047,236661.46799227857,134.58628316204653,0
clamp_frozen,27,80,5,12,1,1,116.2159013748169,12553.724348545074,8503.31791266543,115.35967741738527,250068.09688564812,134.58628316204653,0
clamp_frozen,27,79,5,12,1,1,116.2159013748169,12425.155341625214,8416.339694849179,122.8198405189169,264341.7153582653,137.25137735790267,0
clamp_frozen,27,78,5,12,1,1,116.2159013748169,12274.7702896595,8325.525930463098,118.34489059612982,278095.27349199867,137.25137735790267,0
clamp_frozen,27,77,5,12,1,1,116.2159013748169,12265.816032886505,8236.160198743599,113.24786492971542,291256.4761935791,138.34527592112582,0
clamp_frozen,27,76,5,12,1,1,116.2159013748169,12273.988872766495,8150.629014761783,113.6980233356192,304469.99446006306,139.8599388733162,0
clamp_frozen,27,75,5,12,1,1,116.2159013748169,12191.254794597626,8064.586621256358,115.78048260343624,317925.5276074327,139.8599388733162,0
clamp_frozen,27,74,5,12,1,1,116.2159013748169,12066.599428653717,7978.214558787268,114.11308767863238,331187.2829506685,139.8599388733162,0
clamp_frozen,27,73,5,12,1,1,116.2159013748169,11895.00629901886,7891.644456874868,106.44626703323583,343558.0318219204,140.6224031964283,0
clamp_frozen,27,72,5,12,1,1,116.2159013748169,11923.198401927948,7811.85396017464,123.77608288520662,357942.78086306877,140.6224031964283,0
clamp_frozen,27,71,5,12,1,1,116.2159013748169,11923.821419477463,7718.098156330838,108.30967150545544,370530.0869646856,140.6224031964283,0
clamp_frozen,27,70,5,12,1,1,116.2159013748169,11924.579590559006,7636.86439634061,127.14073318066357,385305.8618727315,140.6224031964283,0
clamp_frozen,27,69,5,12,1,1,116.2159013748169,11971.455067396164,7540.131356276886,102.81702069636218,397254.8346096324,143.74385215300907,0
clamp_frozen,27,68,5,12,1,1,116.2159013748169,11999.24111366272,7461.7488511321935,110.91207325595965,410144.58117642347,146.41315056855447,0
clamp_frozen,27,67,5,12,1,1,116.2159013748169,12043.185234069824,7377.732496969945,106.48771278521885,422520.1467031003,146.41315056855447,0
clamp_frozen,27,66,5,12,1,1,116.2159013748169,12091.723680496216,7297.127717575986,113.12022629537084,435666.51576574007,147.95730716934838,0
clamp_frozen,27,65,5,12,1,1,116.2159013748169,12105.319201946259,7212.406852814358,126.54239427022635,450372.7541779819,147.95730716934838,0
clamp_frozen,27,64,5,12,1,1,116.2159013748169,12167.962342500687,7113.281480730515,125.06599097386818,464907.4110503447,147.95730716934838,0
clamp_frozen,27,63,5,12,1,1,116.2159013748169,12262.032926082611,7017.662369995565,110.72265564521943,477775.14427876734,149.66408283344634,0
clamp_frozen,27,62,5,12,1,1,116.2159013748169,12422.198355197906,6933.358495761549,115.41131415358895,491187.77418197884,149.66408283344634,0
clamp_frozen,27,61,5,12,1,1,116.2159013748169,12568.776607513428,6847.204118598054,146.0321992253152,508159.0378446957,149.93764281533836,0
clamp_frozen,27,60,5,12,1,1,116.2159013748169,12712.299525737762,6735.428019021586,136.00672340318843,523965.1817980326,175.84600634426346,0
clamp_frozen,27,59,5,12,1,1,116.2159013748169,12843.663692474365,6633.074111134216,150.2876211966048,541430.9931608731,176.08019672204279,0
clamp_frozen,27,58,5,12,1,1,116.2159013748169,12937.008142471313,6515.816813874984,147.49264080319043,558571.9833579679,182.18293728047686,0
clamp_frozen,27,57,5,12,1,1,116.2159013748169,13076.80457830429,6403.051089081656,151.63568036240287,576194.4606318682,182.18293728047686,0
clamp_frozen,27,56,5,12,1,1,116.2159013748169,13124.266862869263,6287.626218573721,131.0757687882554,591427.5492499924,182.18293728047686,0
clamp_frozen,27,55,5,12,1,1,116.2159013748169,12994.451820850372,6184.522583409853,162.01938981843549,610256.7786779397,184.4032916851394,0
clamp_frozen,27,54,5,12,1,1,116.2159013748169,12884.850203990936,6059.76576584211,149.06694354166586,627580.7278868234,184.4032916851394,0
clamp_frozen,27,53,5,12,1,1,116.2159013748169,12750.018239021301,5942.227773948306,139.70974115079412,643817.2213855053,184.4032916851394,0
clamp_frozen,27,52,5,12,1,1,116.2159013748169,12679.079473018646,5833.774688994826,157.24717309444355,662091.8433453179,184.4032916851394,0
clamp_frozen,27,51,5,12,1,1,116.2159013748169,12570.66547870636,5709.331846073937,150.97817994325183,679637.9086153522,186.63549510603517,0
clamp_frozen,27,50,5,12,1,1,116.2159013748169,12646.735906600952,5593.0741879711495,159.53242625311685,698178.1133308697,195.43755580295394,0
clamp_frozen,27,49,5,12,1,1,116.2159013748169,12719.27386522293,5469.673834546845,170.3921167558769,717980.386766817,196.20027183670678,0
clamp_frozen,27,48,5,12,1,1,116.2159013748169,12762.6371383667,5337.931256574649,162.5116269531107,736866.8219770608,196.20027183670678,0
clamp_frozen,27,47,5,12,1,1,116.2159013748169,12786.547839641571,5210.696934871852,158.83596399186777,755326.0867031136,199.91319423353335,0
clamp_frozen,27,46,5,12,1,1,116.2159013748169,12870.795130729675,5088.910740086943,171.59449482163154,775268.0955897659,199.91319423353335,0
clamp_frozen,27,45,5,12,1,1,116.2159013748169,12892.133891582489,4954.08857107017,166.96311798686273,794671.8648429591,199.91319423353335,0
clamp_frozen,27,44,5,12,1,1,116.2159013748169,12830.376327037811,4822.115580152198,156.98434406015477,812915.9418896444,200.5032029124764,0
clamp_frozen,27,43,5,12,1,1,116.2159013748169,12785.433232784271,4699.245734787443,157.97186190974975,831274.784213344,200.5032029124764,0
clamp_frozen,27,42,5,12,1,1,116.2159013748169,12748.472094535828,4573.222241502706,160.03835582343524,849873.7859899082,200.5032029124764,0
clamp_frozen,27,41,5,12,1,1,116.2159013748169,12687.821388244629,4450.310833775864,161.68421377472868,868664.0626318168,203.90988037788304,0
clamp_frozen,27,40,5,12,1,1,116.2159013748169,12652.217149734497,4323.808094162072,171.66239932781747,888613.9631018629,203.90988037788304,0
clamp_frozen,27,39,5,12,1,1,116.2159013748169,12585.656940937042,4188.838181791781,173.15455022393263,908737.2752332883,203.90988037788304,0
clamp_frozen,27,38,5,12,1,1,116.2159013748169,12586.071193218231,4051.5269930926343,171.3324101440816,928648.8257129026,211.06427502110148,0
clamp_frozen,27,37,5,12,1,1,116.2159013748169,12540.90279340744,3916.695837310731,166.46451941973046,947994.6498841923,211.06427502110148,0
clamp_frozen,27,36,5,12,1,1,116.2159013748169,12466.460317373276,3784.2285540481043,173.76675266004594,968189.1096735544,211.3777930168817,0
clamp_frozen,27,35,5,12,1,1,116.2159013748169,12371.030300855637,3645.0070631246444,160.75355926878174,986871.229463186,211.3777930168817,0
clamp_frozen,27,34,5,12,1,1,116.2159013748169,12314.283102750778,3516.9476255518857,177.83882642623192,1007538.9289757501,211.3777930168817,0
clamp_frozen,27,33,5,12,1,1,116.2159013748169,12286.088168621063,3373.497703187183,165.70135047266086,1026796.0607799549,211.3777930168817,0
clamp_frozen,27,32,5,12,1,1,116.2159013748169,12320.571541786194,3241.2384553867396,186.15245874851058,1048429.9365665514,211.3777930168817,0
clamp_frozen,27,31,5,12,1,1,116.2159013748169,12359.51155424118,3090.472885068608,161.52922672212628,1067202.2012484404,215.8582445896582,0
clamp_frozen,27,30,5,12,1,1,116.2159013748169,12278.289794921875,2957.7301790550755,189.3629928261677,1089209.1921467665,217.62011982881515,0
clamp_frozen,27,29,5,12,1,1,116.2159013748169,12214.914709329605,2804.4147316077615,179.89890951119241,1110116.3060719564,228.32407060173463,0
clamp_frozen,27,28,5,12,1,1,116.2159013748169,12126.987725496292,2660.527748229756,179.0022402161262,1130919.212766785,228.32407060173463,0
clamp_frozen,27,27,5,12,1,1,116.2159013748169,11997.736245393753,2516.570665342514,174.83791159698205,1151238.1582575187,228.74480880120169,0
clamp_frozen,27,26,5,12,1,1,116.2159013748169,11818.942725658417,2377.6063995866434,198.6822944012236,1174328.2001885737,228.74480880120169,0
clamp_frozen,27,25,5,12,1,1,116.2159013748169,11552.124321460724,2213.7964993693004,194.98847762674671,1196988.9618736694,232.96745592437514,0
clamp_frozen,27,24,5,12,1,1,116.2159013748169,11334.901750087738,2054.445308277678,186.63206217846175,1218678.5752051803,236.4388957050125,0
clamp_frozen,27,23,5,12,1,1,116.2159013748169,11152.406632900238,1902.4509528992212,193.53500739663144,1241170.4205373616,238.0786546384911,0
clamp_frozen,27,22,5,12,1,1,116.2159013748169,11012.14200258255,1745.1210572364216,196.2560891865647,1263978.4988424748,240.89903206973992,0
clamp_frozen,27,21,5,12,1,1,116.2159013748169,10930.767357349396,1583.8635031594222,191.32212993956082,1286213.1726263508,240.89903206973992,0
clamp_frozen,27,20,5,12,1,1,116.2159013748169,10826.573222875595,1425.9364841848965,194.48604437684708,1308815.5435784287,240.89903206973992,0
clamp_frozen,27,19,5,12,1,1,116.2159013748169,10877.055078744888,1263.9051178695754,196.76041601867811,1331682.2326809233,240.89903206973992,0
clamp_frozen,27,18,5,12,1,1,116.2159013748169,10904.482305049896,1102.4112470249001,201.39128474303922,1355087.102366368,246.92805639126922,0
clamp_frozen,27,17,5,12,1,1,116.2159013748169,10703.217536211014,933.3395173463141,215.42080813729248,1380122.425758935,246.92805639126922,0
clamp_frozen,27,16,5,12,1,1,116.2159013748169,10472.650229930878,752.5512030364807,0.0,1380122.425758935,249.22632805170318,0
clamp_frozen,27,15,5,12,1,1,116.2159013748169,10524.169206619263,752.5512030364807,75.86947921413775,1388939.665672644,251.8711947131633,0
clamp_frozen,27,14,5,12,1,1,116.2159013748169,10771.37216925621,688.927988995416,203.42900669049888,1412581.351050964,253.63584708782395,0
clamp_frozen,27,13,5,12,1,1,116.2159013748169,10662.010908126831,519.4239748645505,0.0,1412581.351050964,254.08714017232143,0
clamp_frozen,27,12,5,12,1,1,116.2159013748169,10735.522955656052,519.4239748645505,88.04720094124787,1422813.8358718809,254.80629722425985,0
clamp_frozen,27,11,5,12,1,1,116.2159013748169,10977.805107831955,444.45531392446355,190.20334388359015,1444918.4889258165,254.80629722425985,0
clamp_frozen,27,10,5,12,1,1,116.2159013748169,10807.350426912308,282.42886561171144,0.0,1444918.4889258165,255.9433429025627,0
clamp_frozen,27,9,5,12,1,1,116.2159013748169,10947.317630052567,282.42886561171144,99.6201068527298,1456495.9294387621,255.9433429025627,0
clamp_frozen,27,8,5,12,1,1,116.2159013748169,11214.191019535065,196.83770289023596,204.49506686460424,1480261.5079611356,255.9433429025627,0
clamp_frozen,27,7,5,12,1,1,116.2159013748169,10818.110257387161,21.666294414340882,0.0,1480261.5079611356,255.9433429025627,0
clamp_frozen,27,6,5,12,1,1,116.2159013748169,11060.279458761215,21.666294414340882,0.0,1480261.5079611356,255.9433429025627,0
clamp_frozen,27,5,5,12,1,1,116.2159013748169,11752.232909202576,21.666294414340882,179.45113368318326,1501116.5832148595,230.04512928449802,0
clamp_frozen,27,4,5,12,1,1,116.2159013748169,11214.09386396408,-133.06151776375373,9.92943304210712,1502270.5412259889,226.42549507794118,0
clamp_frozen,27,3,5,12,1,1,116.2159013748169,11735.188961029053,-141.74157473729974,166.2574692556553,1521592.3028758308,215.56234262596197,0
clamp_frozen,27,2,5,12,1,1,116.2159013748169,11102.294921875,-289.02892194442575,0.0,1521592.3028758308,203.8312723170848,0
clamp_frozen,27,1,5,12,1,1,116.2159013748169,11617.225557565689,-289.02892194442575,141.73012099690402,1538063.5966394478,196.37128488998587,0
clamp_frozen,28,100,2,12,0,1,91.88748478889465,10393.463224172592,10000.0,82.29133439087727,7561.543737099579,78.34826956228913,0
clamp_frozen,28,99,2,12,0,1,91.88748478889465,10845.784395933151,9945.068430785805,83.28746339428753,15214.619262847795,78.34826956228913,0
clamp_frozen,28,98,2,12,0,1,91.88748478889465,10815.55724143982,9889.681983356111,78.9620857160019,22470.246712976314,78.34826956228913,0
clamp_frozen,28,97,2,12,0,1,91.88748478889465,10899.479687213898,9836.213322152194,81.82324926216765,29988.77928493168,80.43164846582134,0
clamp_frozen,28,96,2,12,0,1,92.32031345367432,10928.404927253723,9782.906850052343,91.03242786287852,38392.92155968162,80.43164846582134,0
clamp_frozen,28,95,2,12,0,1,93.35460424423218,10991.23939871788,9720.493258726516,86.6806068772555,46484.955310357676,80.76388620962199,0
clamp_frozen,28,94,2,12,0,1,94.32361841201782,11026.39377117157,9663.06060025119,68.85497359896911,52979.6055658764,80.76388620962199,0
clamp_frozen,28,93,2,12,0,1,95.26751518249512,11100.931465625763,9616.822249757603,83.84567211463887,60967.37440704427,81.2516721329647,0
clamp_frozen,28,92,2,12,0,1,96.28726601600647,11031.148582696915,9560.667716397553,99.23907737130936,70522.83384907858,81.68189079408234,0
clamp_frozen,28,91,2,12,0,1,96.86052918434143,10995.595157146454,9496.95321499142,83.25156511012216,78586.62450106967,81.68189079408234,0
clamp_frozen,28,90,2,12,0,1,96.86052918434143,11011.979877948761,9440.552578063049,97.15907584576794,87997.50400255232,82.82831677780638,0
clamp_frozen,28,89,2,12,0,1,96.86052918434143,11075.853258371353,9375.585511448548,78.0338239209031,95555.90148180872,82.82831677780638,0
clamp_frozen,28,88,2,12,0,1,96.86052918434143,11174.790561199188,9324.453249044429,81.75495866491659,103474.7300415365,82.82831677780638,0
clamp_frozen,28,87,2,12,0,1,96.86052918434143,11279.67119216919,9269.794953985887,91.694921863227,112356.3486967255,84.56293398444693,0
clamp_frozen,28,86,2,12,0,1,96.86052918434143,11441.997587680817,9208.455560162418,89.24183489221444,121000.36004976701,84.56293398444693,0
clamp_frozen,28,85,2,12,0,1,96.86052918434143,11637.432128190994,9148.487655034003,84.65274576230789,129199.86980121167,84.8282916403851,0
clamp_frozen,28,84,2,12,0,1,96.86052918434143,11769.358813762665,9091.856140246127,74.89722379229941,136454.45453217183,87.66566629607894,0
clamp_frozen,28,83,2,12,0,1,96.86052918434143,11822.443157434464,9042.47921813611,97.04262844034716,145854.0548763433,87.66566629607894,0
clamp_frozen,28,82,2,12,0,1,96.86052918434143,11819.061040878296,8976.859995383966,101.59336241747896,155694.4417217169,87.66566629607894,0
clamp_frozen,28,81,2,12,0,1,96.86052918434143,11785.098910331726,8910.667109392622,97.51096437069184,165139.40533193757,88.02391932314761,0
clamp_frozen,28,80,2,12,0,1,96.86052918434143,11749.958992004395,8846.36783496852,98.21597660169562,174652.6567999347,88.02391932314761,0
clamp_frozen,28,79,2,12,0,1,96.86052918434143,11680.293381214142,8782.740915901122,87.12343635426338,183091.47894956692,89.41124357506565,0
clamp_frozen,28,78,2,12,0,1,96.86052918434143,11718.78308057785,8724.395479001589,81.05839133404231,190942.8376290137,89.85798532780689,0
clamp_frozen,28,77,2,12,0,1,96.86052918434143,11828.718781471252,8670.71579989306,110.0567870326808,201602.99626132753,91.10061121112462,0
clamp_frozen,28,76,2,12,0,1,96.86052918434143,11991.259008646011,8594.999205708236,97.4083909328654,211038.02455408007,91.10061121112462,0
clamp_frozen,28,75,2,12,0,1,96.86052918434143,12236.243039369583,8529.545364465674,90.58331045918393,219811.97194042613,91.10061121112462,0
clamp_frozen,28,74,2,12,0,1,96.86052918434143,12509.778439998627,8468.66301915184,115.24079025318078,230974.2558679709,91.10061121112462,0
clamp_frozen,28,73,2,12,0,1,96.86052918434143,12985.3755235672,8389.762839091907,101.02703815152293,240759.78824525408,91.59938678561403,0
clamp_frozen,28,72,2,12,0,1,96.86052918434143,13382.493257522583,8321.564898795797,97.83220761122608,250235.8676457498,91.59938678561403,0
clamp_frozen,28,71,2,12,0,1,96.86052918434143,13601.931631565094,8254.27330568777,94.48282554577894,259387.52412694576,93.48039800843478,0
clamp_frozen,28,70,2,12,0,1,96.86052918434143,13670.061826705933,8189.6257861317645,96.41029864759687,268725.8766727724,93.48039800843478,0
clamp_frozen,28,69,2,12,0,1,96.86052918434143,13732.112348079681,8123.910348328485,94.05453636363457,277836.04883714195,93.48039800843478,0
clamp_frozen,28,68,2,12,0,1,96.86052918434143,13782.821297645569,8058.887975587016,99.06559519879488,287431.59481205896,95.11469441166237,0
clamp_frozen,28,67,2,12,0,1,96.86052918434143,13811.421692371368,7989.880157117757,102.97846448761943,297406.14337692066,95.11469441166237,0
clamp_frozen,28,66,2,12,0,1,96.86052918434143,13814.957737922668,7920.303964472587,103.16194244557599,307398.4637138837,96.29318018780998,0
clamp_frozen,28,65,2,12,0,1,96.86052918434143,13797.905445098877,7848.94401714991,109.22007846989526,317977.5783120331,96.29318018780998,0
clamp_frozen,28,64,2,12,0,1,96.86052918434143,13742.271661758423,7773.400998107554,103.89171652557512,328040.58495256986,96.29318018780998,0
clamp_frozen,28,63,2,12,0,1,96.86052918434143,13684.15653705597,7700.1024070426765,108.67583987669902,338566.9843125797,96.29318018780998,0
clamp_frozen,28,62,2,12,0,1,96.86052918434143,13616.949319839478,7625.231720312103,113.24643560815184,349536.0939938257,96.29318018780998,0
clamp_frozen,28,61,2,12,0,1,96.86052918434143,13539.274632930756,7547.1985694473115,125.3512219199807,361677.67968289886,96.40873891602581,0
clamp_frozen,28,60,2,12,0,1,96.86052918434143,13459.563255310059,7458.827023018605,126.63349807805523,373943.4673192036,121.48371342624034,0
clamp_frozen,28,59,2,12,0,1,96.86052918434143,13371.262848377228,7373.432689065667,126.4738583675875,386193.7921686736,121.717787817549,0
clamp_frozen,28,58,2,12,0,1,96.86052918434143,13286.846280097961,7285.226359132228,138.77542051605994,399635.6528376387,121.717787817549,0
clamp_frozen,28,57,2,12,0,1,96.86052918434143,13280.18307685852,7189.332955508125,117.39979903827638,411007.0594986215,121.717787817549,0
clamp_frozen,28,56,2,12,0,1,96.86052918434143,13304.291367530823,7105.712583745904,132.96921840216282,423886.5283582833,121.717787817549,0
clamp_frozen,28,55,2,12,0,1,96.86052918434143,13293.993473052979,7011.179130082004,130.84979217654245,436560.7084721643,125.52438207732914,0
clamp_frozen,28,54,2,12,0,1,96.86052918434143,13283.249735832214,6919.398351699905,131.56590040192017,449304.2512077086,125.52438207732914,0
clamp_frozen,28,53,2,12,0,1,96.86052918434143,13273.153901100159,6827.107499658603,125.76480035033406,461485.896322405,125.52438207732914,0
clamp_frozen,28,52,2,12,0,1,96.86052918434143,13250.109553337097,6737.799582181864,125.80290700032816,473671.2324673853,125.77567823347204,0
clamp_frozen,28,51,2,12,0,1,96.86052918434143,13250.915706157684,6650.956193687274,131.15112324958167,486374.59966846055,127.57061847614774,0
clamp_frozen,28,50,2,12,0,1,96.86052918434143,13236.944675445557,6555.559726344346,110.81457527148629,497108.15807059477,127.57061847614774,0
clamp_frozen,28,49,2,12,0,1,96.86052918434143,13225.109577178955,6478.821535772529,114.80706919356614,508228.4315467869,127.56529444817109,0
clamp_frozen,28,48,2,12,0,1,96.86052918434143,13200.178742408752,6397.296798506701,127.60901925632605,520588.70868064946,127.56529444817109,0
clamp_frozen,28,47,2,12,0,1,96.86052918434143,13177.764415740967,6309.672577070734,141.81407984648308,534324.8955003703,127.56529444817109,0
clamp_frozen,28,46,2,12,0,1,96.86052918434143,13141.443133354187,6211.13187430226,153.4264420996703,549185.8618730151,130.8145259896823,0
clamp_frozen,28,45,2,12,0,1,96.86052918434143,13073.175847530365,6101.056637047175,141.23236968739312,562865.7039388946,130.8145259896823,0
clamp_frozen,28,44,2,12,0,1,96.86052918434143,12996.664941310883,6000.880675057982,142.87893766723758,576705.0334506397,131.2339851260106,0
clamp_frozen,28,43,2,12,0,1,96.86052918434143,12910.728454589844,5898.365288796358,125.23239853946252,588835.1098441964,131.2339851260106,0
clamp_frozen,28,42,2,12,0,1,96.86052918434143,12876.670360565186,5809.3674080392475,131.6479841647691,601586.6032564477,131.2339851260106,0
clamp_frozen,28,41,2,12,0,1,96.86052918434143,12854.961156845093,5715.491174755751,134.57174290084876,614621.293487083,134.1721664575167,0
clamp_frozen,28,40,2,12,0,1,96.86052918434143,12801.516056060791,5619.39703393433,138.3024625023686,628017.34319256,134.1721664575167,0
clamp_frozen,28,39,2,12,0,1,96.86052918434143,12782.312035560608,5521.481063450103,147.23944603969377,642279.0338527741,134.1721664575167,0
clamp_frozen,28,38,2,12,0,1,96.86052918434143,12769.503891468048,5418.932034908963,132.4851054130965,655111.6112721298,135.24479254111014,0
clamp_frozen,28,37,2,12,0,1,96.86052918434143,12748.057842254639,5326.028520059745,144.74870079715043,669132.0470300877,135.24479254111014,0
clamp_frozen,28,36,2,12,0,1,96.86052918434143,12716.193497180939,5222.090460853135,141.42691570063843,682830.7329257608,135.3776796692217,0
clamp_frozen,28,35,2,12,0,1,96.86052918434143,12715.918123722076,5120.951741788288,142.97553677559182,696679.4190782598,135.3776796692217,0
clamp_frozen,28,34,2,12,0,1,96.86052918434143,12737.260460853577,5016.353383374631,142.22217868419415,710455.1345673609,135.3776796692217,0
clamp_frozen,28,33,2,12,0,1,96.86052918434143,12794.074714183807,4910.790001111622,150.70677175988465,725052.672231687,135.3776796692217,0
clamp_frozen,28,32,2,12,0,1,96.86052918434143,12844.03681755066,4801.564352073512,137.0936048073147,738331.6313411124,137.67563429490323,0
clamp_frozen,28,31,2,12,0,1,96.86052918434143,12866.305708885193,4703.32512369696,157.65606954531526,753602.281666395,146.59908961842842,0
clamp_frozen,28,30,2,12,0,1,96.86052918434143,12844.817340373993,4588.412118650574,158.7053502822016,768974.5658791154,146.67867998707746,0
clamp_frozen,28,29,2,12,0,1,96.86052918434143,12856.125235557556,4474.703529339537,156.70992055955057,784153.5717129495,149.0471367442043,0
clamp_frozen,28,28,2,12,0,1,96.86052918434143,12911.441624164581,4359.740712749275,151.83679896573588,798860.5644104272,149.0471367442043,0
clamp_frozen,28,27,2,12,0,1,96.86052918434143,13034.037351608276,4248.4342419466475,150.6240195491484,813450.0866518304,149.46787494367135,0
clamp_frozen,28,26,2,12,0,1,96.86052918434143,13075.231909751892,4135.650304242557,169.86574065500508,829903.3721819642,149.46787494367135,0
clamp_frozen,28,25,2,12,0,1,96.86052918434143,13178.15214395523,4008.380696953983,168.6160817323322,846235.615087548,154.18295349612166,0
clamp_frozen,28,24,2,12,0,1,96.86052918434143,13267.422914505005,3881.130021406033,155.75847190318055,861322.4631010345,154.86606328959272,0
clamp_frozen,28,23,2,12,0,1,96.86052918434143,13330.937027931213,3766.2766922654873,170.27443656188217,877815.335132984,155.75897319641388,0
clamp_frozen,28,22,2,12,0,1,96.86052918434143,13376.686573028564,3636.6074347772956,182.66021587502559,895507.900303565,158.80352394212818,0
clamp_frozen,28,21,2,12,0,1,96.86052918434143,13467.105329036713,3497.8781010054636,161.31211061036797,911132.6767011282,158.80352394212818,0
clamp_frozen,28,20,2,12,0,1,96.86052918434143,13553.900122642517,3375.9111474802003,174.1607033704298,928001.9745927051,158.80352394212818,0
clamp_frozen,28,19,2,12,0,1,96.86052918434143,13640.053868293762,3244.095552531413,170.78307807018987,944544.1139103144,158.80352394212818,0
clamp_frozen,28,18,2,12,0,1,96.86052918434143,13739.911615848541,3120.7281772904644,157.71613118951717,959820.581838238,163.45135432315968,0
clamp_frozen,28,17,2,12,0,1,96.86052918434143,13872.509002685547,2996.503019847484,166.39800529525226,975937.980686355,163.45135432315968,0
clamp_frozen,28,16,2,12,0,1,96.86052918434143,13788.368105888367,2869.6108727386245,168.23654308963384,992233.4612781613,163.48588367478033,0
clamp_frozen,28,15,2,12,0,1,96.86052918434143,13799.035549163818,2739.9226064642316,168.67072153033817,1008570.9966234945,166.63305223218825,0
clamp_frozen,28,14,2,12,0,1,96.86052918434143,13760.039806365967,2611.4246579442715,169.2873072739892,1024968.2547902453,167.6035577215017,0
clamp_frozen,28,13,2,12,0,1,96.86052918434143,13745.128810405731,2480.881988579762,185.07743048991358,1042894.9526475766,168.05485080599917,0
clamp_frozen,28,12,2,12,0,1,96.86052918434143,13660.363554954529,2336.249899025933,176.37201563728323,1059978.4394155128,169.09384479432455,0
clamp_frozen,28,11,2,12,0,1,96.86052918434143,13747.21884727478,2197.7879243207426,186.9704409122484,1078088.495264103,169.09384479432455,0
clamp_frozen,28,10,2,12,0,1,96.86052918434143,13587.440550327301,2049.2318873905024,180.8206586193374,1095602.879945433,170.63726322604822,0
clamp_frozen,28,9,2,12,0,1,96.86052918434143,13585.53171157837,1908.0852722170794,169.0444370292359,1111976.613571754,170.84305227950415,0
clamp_frozen,28,8,2,12,0,1,96.86052918434143,13538.375496864319,1772.6498895302448,179.826911341115,1129394.74336584,170.84305227950415,0
clamp_frozen,28,7,2,12,0,1,96.86052918434143,13480.055928230286,1626.060526452402,175.52975938817002,1146396.6487477783,170.84305227950415,0
clamp_frozen,28,6,2,12,0,1,96.86052918434143,13611.735105514526,1483.9438315090792,160.49060856329095,1161941.8540223357,170.84305227950415,0
clamp_frozen,28,5,2,12,0,1,96.86052918434143,13422.700464725494,1354.2949124711322,154.44865874613185,1176901.8328402978,155.39122305741984,0
clamp_frozen,28,4,2,12,0,1,96.86052918434143,13210.654854774475,1228.3447224553183,148.3776160116362,1191273.767246296,149.0674834074808,0
clamp_frozen,28,3,2,12,0,1,96.86052918434143,12739.235758781433,1107.9309063526125,136.2589822345659,1204471.8843716558,142.23678861945825,0
clamp_frozen,28,2,2,12,0,1,96.86052918434143,12466.814070940018,994.7146478475534,142.2208079125866,1218247.4670870935,135.31638940994628,0
clamp_frozen,28,1,2,12,0,1,96.86052918434143,12017.97991991043,874.1012193249517,115.98006727641098,1229481.3577783222,127.3584148712835,0
clamp_frozen,29,100,3,12,0,1,90.83253979682922,12452.225089073181,10000.0,86.27513806231417,7836.589911522087,78.9152323625027,0
clamp_frozen,29,99,3,12,0,1,90.83253979682922,13503.987789154053,9943.349627073903,88.09758640788338,15838.717434920756,78.9152323625027,0
clamp_frozen,29,98,3,12,0,1,90.83253979682922,13366.267085075378,9885.493040429343,91.77992276299004,24175.32092183996,78.9152323625027,0
clamp_frozen,29,97,3,12,0,1,90.83253979682922,13607.237339019775,9824.949657002675,93.94909806153274,32708.956110390343,80.54394018700624,0
clamp_frozen,29,96,3,12,0,1,90.83253979682922,13672.131896018982,9763.589997252286,86.88804772850838,40601.21816355888,80.54394018700624,0
clamp_frozen,29,95,3,12,0,1,90.83253979682922,13806.284070014954,9706.984047174123,76.41363711850231,47542.062898145705,80.87617793080689,0
clamp_frozen,29,94,3,12,0,1,90.83253979682922,13842.224180698395,9658.478505794712,90.795731987258,55789.26983726056,80.87617793080689,0
clamp_frozen,29,93,3,12,0,1,90.83253979682922,13889.70971107483,9599.148395627439,84.75122527892243,63487.43888023832,81.3639638541496,0
clamp_frozen,29,92,3,12,0,1,90.83253979682922,13878.818154335022,9543.436772395073,94.13411040173277,72037.87920954282,81.79418251526724,0
clamp_frozen,29,91,3,12,0,1,90.83253979682922,13890.151977539062,9480.186146118473,97.55300143840266,80898.86609499667,81.79418251526724,0
clamp_frozen,29,90,3,12,0,1,90.83253979682922,13876.934945583344,9414.15229602488,115.92503426880201,91428.63138366642,82.94060849899128,0
clamp_frozen,29,89,3,12,0,1,90.83253979682922,13765.499591827393,9336.432066748084,93.29980274730733,99903.28942974753,82.94060849899128,0
clamp_frozen,29,88,3,12,0,1,90.83253979682922,13654.052019119263,9276.681144821725,80.51782176271448,107216.92767936329,82.94060849899128,0
clamp_frozen,29,87,3,12,0,1,90.83253979682922,13545.421957969666,9220.830527286394,115.95659759645761,117749.55994524843,84.67522570563183,0
clamp_frozen,29,86,3,12,0,1,90.83253979682922,13427.269458770752,9142.577816774889,93.64260118879423,126255.35524440819,84.67522570563183,0
clamp_frozen,29,85,3,12,0,1,90.83253979682922,13282.716572284698,9079.17890814733,81.1521311541284,133626.60942706306,84.94058336157,0
clamp_frozen,29,84,3,12,0,1,90.83253979682922,13132.670223712921,9025.220189450803,94.19101949151339,142182.21895352987,87.77795801726384,0
clamp_frozen,29,83,3,12,0,1,90.83253979682922,12999.484539031982,8960.019258364533,89.50444647969417,150312.13515038986,87.77795801726384,0
clamp_frozen,29,82,3,12,0,1,90.83253979682922,12918.667495250702,8899.382753306056,103.62485219371958,159724.64366121645,87.77795801726384,0
clamp_frozen,29,81,3,12,0,1,90.83253979682922,12894.093692302704,8828.223239491952,94.3997964102475,168299.21692546282,88.13621104433251,0
clamp_frozen,29,80,3,12,0,1,90.83253979682922,12856.454849243164,8765.2935191788,81.95794417557273,175743.66515145684,88.13621104433251,0
clamp_frozen,29,79,3,12,0,1,90.83253979682922,12831.201553344727,8708.797111465792,109.32546432902613,185673.97474092993,89.52353529625056,0
clamp_frozen,29,78,3,12,0,1,90.83253979682922,12816.40112400055,8635.446861697992,103.09625173666794,195038.46912970475,89.97027704899179,0
clamp_frozen,29,77,3,12,0,1,90.83253979682922,12785.351574420929,8567.349672131906,99.57305170853469,204082.94231171196,91.21290293230952,0
clamp_frozen,29,76,3,12,0,1,90.83253979682922,12783.220112323761,8498.905540050338,97.37998436266179,212928.21361674805,91.21290293230952,0
clamp_frozen,29,75,3,12,0,1,90.83253979682922,12776.44395828247,8432.636413444241,110.04699729129675,222924.06187773132,91.21290293230952,0
clamp_frozen,29,74,3,12,0,1,90.83253979682922,12710.415124893188,8356.940681346467,96.8981869020439,231725.57029575182,91.21290293230952,0
clamp_frozen,29,73,3,12,0,1,90.83253979682922,12670.047283172607,8289.075911682465,115.99767569811382,242261.93378994043,91.71167850679893,0
clamp_frozen,29,72,3,12,0,1,90.83253979682922,12604.546844959259,8208.51677337542,108.69412950110384,252134.89763353116,91.71167850679893,0
clamp_frozen,29,71,3,12,0,1,90.83253979682922,12560.870051383972,8133.280215682171,110.94357442144009,262212.1842723691,93.59268972961968,0
clamp_frozen,29,70,3,12,0,1,90.83253979682922,12507.167756557465,8059.046217862026,112.52509000318084,272433.1239882248,93.59268972961968,0
clamp_frozen,29,69,3,12,0,1,90.83253979682922,12457.66967535019,7983.037754136905,107.30342659879862,282179.76675509627,93.59268972961968,0
clamp_frozen,29,68,3,12,0,1,90.83253979682922,12412.410825490952,7909.466616704502,109.50062736772246,292125.9868482527,95.22698613284727,0
clamp_frozen,29,67,3,12,0,1,90.83253979682922,12407.11361169815,7831.9317861755535,111.27395902398514,302233.2831596496,95.22698613284727,0
clamp_frozen,29,66,3,12,0,1,90.83253979682922,12458.238303661346,7755.429819901242,112.36745362206327,312439.904362644,96.40547190899488,0
clamp_frozen,29,65,3,12,0,1,90.83253979682922,12530.873715877533,7677.739139966869,93.78091192716725,320958.26277745137,96.40547190899488,0
clamp_frozen,29,64,3,12,0,1,90.83253979682922,12721.598744392395,7615.063640743628,102.74411980828262,330290.7721288274,96.40547190899488,0
clamp_frozen,29,63,3,12,0,1,90.83253979682922,13063.075542449951,7541.613446935092,104.76302370417562,339806.6636486731,96.40547190899488,0
clamp_frozen,29,62,3,12,0,1,90.83253979682922,13533.904552459717,7468.171070047897,117.35814056472414,350466.6016220003,96.40547190899488,0
clamp_frozen,29,61,3,12,0,1,90.83253979682922,13937.450647354126,7388.615020675199,145.75532241718227,363705.9277460587,96.52103063721071,0
clamp_frozen,29,60,3,12,0,1,90.83253979682922,14311.265349388123,7285.779320231795,139.50970448250231,376377.9485305094,121.59600514742525,0
clamp_frozen,29,59,3,12,0,1,90.83253979682922,14294.192790985107,7187.018975491332,118.66301460775642,387156.4115272802,121.8300795387339,0
clamp_frozen,29,58,3,12,0,1,90.83253979682922,14272.282719612122,7103.98171276508,122.72651015618729,398303.972145168,121.8300795387339,0
clamp_frozen,29,57,3,12,0,1,90.83253979682922,14253.452718257904,7017.710929083718,133.70832853254714,410449.0392177681,121.8300795387339,0
clamp_frozen,29,56,3,12,0,1,90.83253979682922,14227.85609960556,6924.810704330484,143.99856363084163,423528.7944794528,121.8300795387339,0
clamp_frozen,29,55,3,12,0,1,90.83253979682922,14209.441244602203,6827.044425328683,139.9912514141091,436244.55539473274,125.63667379851404,0
clamp_frozen,29,54,3,12,0,1,90.83253979682922,14180.887341499329,6725.251067423785,147.67970788525892,449658.6783384046,125.63667379851404,0
clamp_frozen,29,53,3,12,0,1,90.83253979682922,14089.381694793701,6623.056764065292,143.0557903817736,462652.79911142396,125.63667379851404,0
clamp_frozen,29,52,3,12,0,1,90.83253979682922,13972.475528717041,6522.49252261617,145.6769354603676,475885.0051491079,125.88796995465694,0
clamp_frozen,29,51,3,12,0,1,90.83253979682922,13873.80063533783,6421.730350655249,145.4981354005733,489100.9703232449,127.68291019733265,0
clamp_frozen,29,50,3,12,0,1,90.83253979682922,13763.372004032135,6318.76147868887,132.35965259842658,501123.533735386,127.68291019733265,0
clamp_frozen,29,49,3,12,0,1,90.83253979682922,13554.624319076538,6223.838031959642,152.69219239413727,514992.95337769156,127.67758616935599,0
clamp_frozen,29,48,3,12,0,1,90.83253979682922,13303.12967300415,6113.347553923669,120.59855453368418,525947.2263818125,127.67758616935599,0
clamp_frozen,29,47,3,12,0,1,90.83253979682922,13072.128295898438,6027.027705138084,148.25222149173172,539413.3521904285,127.67758616935599,0
clamp_frozen,29,46,3,12,0,1,90.83253979682922,12876.144051551819,5921.6654126295525,143.92901572777114,552486.7902394398,130.9268177108672,0
clamp_frozen,29,45,3,12,0,1,90.83253979682922,12716.087400913239,5818.121179789193,151.18902935715272,566219.6737653674,130.9268177108672,0
clamp_frozen,29,44,3,12,0,1,90.83253979682922,12640.98346233368,5711.231434306382,147.54572273775963,579621.6264977969,131.3462768471955,0
clamp_frozen,29,43,3,12,0,1,90.83253979682922,12561.324536800385,5605.824282513197,139.7885688910645,592318.9772447363,131.3462768471955,0
clamp_frozen,29,42,3,12,0,1,90.83253979682922,12476.74822807312,5504.751773785907,144.45298992446396,605440.0092008212,131.3462768471955,0
clamp_frozen,29,41,3,12,0,1,90.83253979682922,12405.27257323265,5403.907180515642,144.74961347382768,618587.9842272582,134.2844581787016,0
clamp_frozen,29,40,3,12,0,1,90.83253979682922,12346.223294734955,5302.658252881769,156.3887845986072,632793.174728089,134.2844581787016,0
clamp_frozen,29,39,3,12,0,1,90.83253979682922,12292.325347661972,5190.092624749715,158.2425732103582,647166.7495567715,134.2844581787016,0
clamp_frozen,29,38,3,12,0,1,90.83253979682922,12265.17379283905,5079.451696356533,163.1760290820067,661988.4427122514,135.35708426229505,0
clamp_frozen,29,37,3,12,0,1,90.83253979682922,12280.490696430206,4960.030920773153,141.21970789455688,674815.7874496804,135.35708426229505,0
clamp_frozen,29,36,3,12,0,1,90.83253979682922,12315.837144851685,4854.0515641102365,144.63421754603365,687953.2807709137,135.4899713904066,0
clamp_frozen,29,35,3,12,0,1,90.83253979682922,12346.288412809372,4750.559673515367,149.0918830439634,701495.6751708887,135.4899713904066,0
clamp_frozen,29,34,3,12,0,1,90.83253979682922,12387.441545724869,4640.848054094656,157.35692390307324,715788.8042236211,135.4899713904066,0
clamp_frozen,29,33,3,12,0,1,90.83253979682922,12420.257180929184,4521.543323307767,146.03701042269236,729053.7167846503,135.4899713904066,0
clamp_frozen,29,32,3,12,0,1,90.83253979682922,12444.380074739456,4417.528982836264,165.33056947428173,744071.1123160555,137.78792601608814,0
clamp_frozen,29,31,3,12,0,1,90.83253979682922,12506.179213523865,4298.344834870543,152.15449727758778,757891.6917452884,146.71138133961333,0
clamp_frozen,29,30,3,12,0,1,90.83253979682922,12573.364675045013,4186.124053487934,176.20341198837787,773896.6951770599,146.79097170826236,0
clamp_frozen,29,29,3,12,0,1,90.83253979682922,12674.825489521027,4057.5182979101146,159.56378719010024,788390.2792271374,149.1594284653892,0
clamp_frozen,29,28,3,12,0,1,90.83253979682922,12675.610482692719,3939.559230469623,163.18472090487307,803212.7618829638,149.1594284653892,0
clamp_frozen,29,27,3,12,0,1,90.83253979682922,12599.735260009766,3816.1637297811203,166.12586765751792,818302.3963682482,149.58016666485625,0
clamp_frozen,29,26,3,12,0,1,90.83253979682922,12592.415511608124,3694.762679471017,190.4495520005723,835601.4128796285,149.58016666485625,0
clamp_frozen,29,25,3,12,0,1,90.83253979682922,12619.874775409698,3553.7257360326057,158.66427159698983,850013.291643797,154.29524521730656,0
clamp_frozen,29,24,3,12,0,1,90.83253979682922,12582.081258296967,3433.678102808637,173.35697237413555,865759.7457360284,154.97835501077762,0
clamp_frozen,29,23,3,12,0,1,90.83253979682922,12611.748278141022,3302.0784691816834,175.68874367911258,881718.0005381163,155.87126491759878,0
clamp_frozen,29,22,3,12,0,1,90.83253979682922,12618.57807636261,3169.4852172036362,177.7425629974488,897862.8089651725,158.91581566331308,0
clamp_frozen,29,21,3,12,0,1,90.83253979682922,12683.219611644745,3033.2493747695044,158.60573231401673,912269.3704575907,158.91581566331308,0
clamp_frozen,29,20,3,12,0,1,90.83253979682922,12734.874188899994,2912.620159331357,176.44461460314656,928296.2829354672,158.91581566331308,0
clamp_frozen,29,19,3,12,0,1,90.83253979682922,12823.334634304047,2774.308912549266,175.61934505335154,944248.2340841189,158.91581566331308,0
clamp_frozen,29,18,3,12,0,1,90.83253979682922,12936.300039291382,2637.8309971015315,189.14786212414904,961429.0147979958,163.56364604434458,0
clamp_frozen,29,17,3,12,0,1,90.83253979682922,13028.594851493835,2494.251257751672,186.4551513689345,978365.2097550384,163.56364604434458,0
clamp_frozen,29,16,3,12,0,1,90.83253979682922,12877.539992332458,2349.042185585614,195.48799667480637,996121.8809928051,163.59817539596523,0
clamp_frozen,29,15,3,12,0,1,90.83253979682922,12633.282840251923,2196.200458288821,185.75721141851417,1012994.6802915253,166.74534395337315,0
clamp_frozen,29,14,3,12,0,1,90.83253979682922,12235.210239887238,2051.1019764169323,181.75734642229912,1029504.1616937949,167.7158494426866,0
clamp_frozen,29,13,3,12,0,1,90.83253979682922,11847.604215145111,1911.394646682732,184.165142617806,1046232.3493398154,168.16714252718407,0
clamp_frozen,29,12,3,12,0,1,90.83253979682922,11364.932656288147,1768.8096342827903,181.11885218065729,1062683.834688471,169.09384479432455,0
clamp_frozen,29,11,3,12,0,1,90.83253979682922,10690.740942955017,1623.7425170886927,175.20220896575316,1078597.8963068451,169.09384479432455,0
clamp_frozen,29,10,3,12,0,1,90.83253979682922,10517.798215150833,1484.8666857744229,193.02835427813847,1096131.1519787307,170.63726322604822,0
clamp_frozen,29,9,3,12,0,1,90.83253979682922,10307.789891958237,1334.1626964170264,200.77829953761741,1114368.354861821,170.84305227950415,0
clamp_frozen,29,8,3,12,0,1,90.83253979682922,10182.43983387947,1176.1471058430197,70.81223901078738,1120800.410379871,170.84305227950415,0
clamp_frozen,29,7,3,12,0,1,90.83253979682922,10148.707777261734,1120.6260584256452,1.739151066998602,1120958.3818883768,170.84305227950415,0
clamp_frozen,29,6,3,12,0,1,90.83253979682922,10173.726826906204,1119.2370728870665,55.81618351482393,1126028.307598794,170.84305227950415,0
clamp_frozen,29,5,3,12,0,1,90.83253979682922,10192.419290542603,1073.1938538086433,50.0621663567872,1130575.5813167125,155.39122305741984,0
clamp_frozen,29,4,3,12,0,1,90.83253979682922,10196.94209098816,1031.874965723755,34.971683803611086,1133752.1481775662,149.0674834074808,0
clamp_frozen,29,3,3,12,0,1,90.83253979682922,10229.461789131165,1002.7925748246562,61.58963977839994,1139346.4915838102,142.23678861945825,0
clamp_frozen,29,2,3,12,0,1,90.83253979682922,10248.695611953735,951.2635310013411,48.75176614321754,1143774.7383221798,135.31638940994628,0
clamp_frozen,29,1,3,12,0,1,90.83253979682922,10275.534242391586,910.5684457083335,55.483081264796056,1148814.4075092152,127.3584148712835,0
myopic,0,100,2,12,0,1,91.99999988079071,12352.941175922751,10000.0,75.74633178397858,6968.662515096363,78.34826956228913,0
myopic,0,99,2,12,0,1,91.99999988079071,12352.941175922751,9950.262405805606,86.20031138712494,14899.09115243598,78.34826956228913,0
myopic,0,98,2,12,0,1,91.99999988079071,12352.941175922751,9895.463080572097,86.40275352213823,22848.144466172685,78.34826956228913,0
myopic,0,97,2,12,0,1,91.99999988079071,12352.941175922751,9839.260542471835,82.29494799597099,30419.279671991695,80.43164846582134,0
myopic,0,96,2,12,0,1,91.99999988079071,12352.941175922751,9784.942593543026,85.98681815032614,38330.06693157127,80.43164846582134,0
myopic,0,95,2,12,0,1,91.99999988079071,12352.941175922751,9727.125930011875,96.85732635682079,47240.9409448525,80.76388620962199,0
myopic,0,94,2,12,0,1,91.99999988079071,12352.941175922751,9662.544590571759,99.98354053835826,56439.42666246249,80.76388620962199,0
myopic,0,93,2,12,0,1,91.99999988079071,12352.941175922751,9596.451768767967,92.33543298790529,64934.286486342535,81.2516721329647,0
myopic,0,92,2,12,0,1,91.99999988079071,12352.941175922751,9533.601792707334,90.27545080924813,73239.62795003169,81.68189079408234,0
myopic,0,91,2,12,0,1,91.99999988079071,12352.941175922751,9473.86146521852,83.40603229689529,80912.98291140328,81.68189079408234,0
myopic,0,90,2,12,0,1,91.99999988079071,12352.941175922751,9418.300788563012,92.54139629472304,89426.791359486,82.82831677780638,0
myopic,0,89,2,12,0,1,91.99999988079071,12352.941175922751,9357.210516269266,89.10643070798895,97624.58297399867,82.82831677780638,0
myopic,0,88,2,12,0,1,91.99999988079071,12352.941175922751,9297.37264381105,97.00774044540856,106549.29508341203,82.82831677780638,0
myopic,0,87,2,12,0,1,91.99999988079071,12352.941175922751,9231.706316865912,95.52395744024146,115337.4991565269,84.56293398444693,0
myopic,0,86,2,12,0,1,91.99999988079071,12352.941175922751,9167.970734015524,91.93489868966776,123795.50982501684,84.56293398444693,0
myopic,0,85,2,12,0,1,91.99999988079071,12352.941175922751,9104.956365304215,108.02901954767536,133734.1796105249,84.8282916403851,0
myopic,0,84,2,12,0,1,91.99999988079071,12352.941175922751,9033.508001838016,108.19296058382177,143687.9319713389,87.66566629607894,0
myopic,0,83,2,12,0,1,91.99999988079071,12352.941175922751,8958.454081327845,102.3320615915127,153102.48162555913,87.66566629607894,0
myopic,0,82,2,12,0,1,91.99999988079071,12352.941175922751,8888.660018005094,93.9628331877976,161747.06226763525,87.66566629607894,0
myopic,0,81,2,12,0,1,91.99999988079071,12352.941175922751,8823.18454768357,112.15628223568874,172065.44021994853,88.02391932314761,0
myopic,0,80,2,12,0,1,91.99999988079071,12352.941175922751,8744.49512519603,108.51555320405075,182048.87110178513,88.02391932314761,0
myopic,0,79,2,12,0,1,91.99999988079071,12352.941175922751,8670.058831109316,88.81780298956186,190220.1089662369,89.41124357506565,0
myopic,0,78,2,12,0,1,91.99999988079071,12352.941175922751,8609.435193018637,105.09806949832374,199889.13134755404,89.85798532780689,0
myopic,0,77,2,12,0,1,91.99999988079071,12352.941175922751,8539.281762101724,103.00724649916911,209365.7980131982,91.10061121112462,0
myopic,0,76,2,12,0,1,91.99999988079071,12352.941175922751,8468.238124188902,105.414611809416,219063.94228709806,91.10061121112462,0
myopic,0,75,2,12,0,1,91.99999988079071,12352.941175922751,8397.52825700459,94.55264944140077,227762.78602443537,91.10061121112462,0
myopic,0,74,2,12,0,1,91.99999988079071,12352.941175922751,8333.121622548386,91.03451278588405,236137.96118988455,91.10061121112462,0
myopic,0,73,2,12,0,1,91.99999988079071,12352.941175922751,8268.69696468285,96.42564222052975,245009.12026267845,91.59938678561403,0
myopic,0,72,2,12,0,1,91.99999988079071,12352.941175922751,8201.925235316725,100.3859359871779,254244.62636153187,91.59938678561403,0
myopic,0,71,2,12,0,1,91.99999988079071,12352.941175922751,8130.854513829467,113.01740424762401,264642.22753884055,93.48039800843478,0
myopic,0,70,2,12,0,1,91.99999988079071,12352.941175922751,8051.9556811042585,84.82643730579609,272446.2597608617,93.48039800843478,0
myopic,0,69,2,12,0,1,91.99999988079071,12352.941175922751,7993.236483983781,109.7151947374569,282540.05766362866,93.48039800843478,0
myopic,0,68,2,12,0,1,91.99999988079071,12352.941175922751,7915.941758467527,99.30244885358383,291675.8829463206,95.11469441166237,0
myopic,0,67,2,12,0,1,91.99999988079071,12352.941175922751,7844.962713356931,94.9738778634819,300413.4796984391,95.11469441166237,0
myopic,0,66,2,12,0,1,91.99999988079071,12352.941175922751,7779.7509751573325,113.01772552850042,310811.1104335884,96.29318018780998,0
myopic,0,65,2,12,0,1,91.99999988079071,12352.941175922751,7701.039718127113,121.55646629275029,321994.30531803076,96.29318018780998,0
myopic,0,64,2,12,0,1,91.99999988079071,12352.941175922751,7616.04472241438,100.47177290205043,331237.70841304224,96.29318018780998,0
myopic,0,63,2,12,0,1,91.99999988079071,12352.941175922751,7546.373577464578,96.80815668263469,340144.0588163042,96.29318018780998,0
myopic,0,62,2,12,0,1,91.99999988079071,12352.941175922751,7480.23559079028,110.70726991602396,350329.12763538107,96.29318018780998,0
myopic,0,61,2,12,0,1,91.99999988079071,12352.941175922751,7401.939974473313,143.50262064447222,363531.36871756567,96.40873891602581,0
myopic,0,60,2,12,0,1,91.99999988079071,12352.941175922751,7302.616897709504,146.91555524170178,377047.59978228854,121.48371342624034,0
myopic,0,59,2,12,0,1,91.99999988079071,12352.941175922751,7199.907947286456,145.9979618529091,390479.41225535184,121.717787817549,0
myopic,0,58,2,12,0,1,91.99999988079071,12352.941175922751,7097.931093403056,127.5188292834142,402211.1445342245,121.717787817549,0
myopic,0,57,2,12,0,1,91.99999988079071,12352.941175922751,7007.652979391021,141.65432030110819,415243.34198504,121.717787817549,0
myopic,0,56,2,12,0,1,91.99999988079071,12352.941175922751,6907.348061034851,132.89049234333012,427469.2672647846,121.717787817549,0
myopic,0,55,2,12,0,1,91.99999988079071,12352.941175922751,6815.5774444324215,126.3625612169774,439094.62288168294,125.52438207732914,0
myopic,0,54,2,12,0,1,91.99999988079071,12352.941175922751,6725.280323488528,145.49242720260327,452479.9261669784,125.52438207732914,0
myopic,0,53,2,12,0,1,91.99999988079071,12352.941175922751,6622.292270845928,129.25522465798144,464371.4068201042,125.52438207732914,0
myopic,0,52,2,12,0,1,91.99999988079071,12352.941175922751,6529.049833333336,129.5742464746326,476292.237480324,125.77567823347204,0
myopic,0,51,2,12,0,1,91.99999988079071,12352.941175922751,6437.878121963162,144.78554086066995,489612.50722224585,127.57061847614774,0
myopic,0,50,2,12,0,1,91.99999988079071,12352.941175922751,6338.7263105808315,142.9025196782096,502759.5390156058,127.57061847614774,0
myopic,0,49,2,12,0,1,91.99999988079071,12352.941175922751,6237.56744053761,140.68580047750166,515702.6326427649,127.56529444817109,0
myopic,0,48,2,12,0,1,91.99999988079071,12352.941175922751,6136.917537922432,141.42847805803083,528714.0526072441,127.56529444817109,0
myopic,0,47,2,12,0,1,91.99999988079071,12352.941175922751,6034.260680832806,137.3057626646362,541346.1827560226,127.56529444817109,0
myopic,0,46,2,12,0,1,91.99999988079071,12352.941175922751,5933.284704820948,149.1814709834056,555070.8780687121,130.8145259896823,0
myopic,0,45,2,12,0,1,91.99999988079071,12352.941175922751,5824.335136710757,153.15135973472758,569160.80314605,130.8145259896823,0
myopic,0,44,2,12,0,1,91.99999988079071,12352.941175922751,5712.369640078435,150.58507733046807,583014.6302425019,131.2339851260106,0
myopic,0,43,2,12,0,1,91.99999988079071,12352.941175922751,5603.314840643484,132.41825707792148,595197.1098778851,131.2339851260106,0
myopic,0,42,2,12,0,1,91.99999988079071,12352.941175922751,5507.557081343407,140.8965775079595,608159.5949918212,131.2339851260106,0
myopic,0,41,2,12,0,1,91.99999988079071,12352.941175922751,5407.727790760302,149.12031695667704,621878.664134059,134.1721664575167,0
myopic,0,40,2,12,0,1,91.99999988079071,12352.941175922751,5300.231642050592,138.81425912528144,634649.5759570369,134.1721664575167,0
myopic,0,39,2,12,0,1,91.99999988079071,12352.941175922751,5200.773462752436,150.3756294561973,648484.1338490809,134.1721664575167,0
myopic,0,38,2,12,0,1,91.99999988079071,12352.941175922751,5090.237539660557,158.80795257666063,663094.4654672022,135.24479254111014,0
myopic,0,37,2,12,0,1,91.99999988079071,12352.941175922751,4973.9453770339205,156.7086551848289,677511.6617255254,135.24479254111014,0
myopic,0,36,2,12,0,1,91.99999988079071,12352.941175922751,4856.426758167352,157.57526220032383,692008.5858291708,135.3776796692217,0
myopic,0,35,2,12,0,1,91.99999988079071,12352.941175922751,4745.243515404787,158.20340686475367,706563.2992418688,135.3776796692217,0
myopic,0,34,2,12,0,1,91.99999988079071,12352.941175922751,4627.958441672285,151.76410793395308,720525.5971537008,135.3776796692217,0
myopic,0,33,2,12,0,1,91.99999988079071,12352.941175922751,4515.132972109416,153.9545526663266,734689.41598065,135.3776796692217,0
myopic,0,32,2,12,0,1,91.99999988079071,12352.941175922751,4400.502263019666,157.80129596320026,749207.135190453,137.67563429490323,0
myopic,0,31,2,12,0,1,91.99999988079071,12352.941175922751,4287.049095322869,159.88851565240307,763916.8786114139,146.59908961842842,0
myopic,0,30,2,12,0,1,91.99999988079071,12352.941175922751,4169.552984357442,171.99696938516465,779740.5997743454,146.67867998707746,0
myopic,0,29,2,12,0,1,91.99999988079071,12352.941175922751,4041.7637628999037,164.02346493371763,794830.7585286943,149.0471367442043,0
myopic,0,28,2,12,0,1,91.99999988079071,12352.941175922751,3920.6913745569955,159.73181140889432,809526.085159271,149.0471367442043,0
myopic,0,27,2,12,0,1,91.99999988079071,12352.941175922751,3800.875375347082,151.93378967797096,823503.9937915325,149.46787494367135,0
myopic,0,26,2,12,0,1,91.99999988079071,12352.941175922751,3686.0630899623757,168.13593922472785,838972.5001801641,149.46787494367135,0
myopic,0,25,2,12,0,1,91.99999988079071,12352.941175922751,3561.619500585859,150.54734266374913,852822.8556872824,154.18295349612166,0
myopic,0,24,2,12,0,1,91.99999988079071,12352.941175922751,3446.8754335859758,168.33116253453798,868309.3226203932,154.86606328959272,0
myopic,0,23,2,12,0,1,91.99999988079071,12352.941175922751,3320.209971854494,172.15942542891923,884147.9897393308,155.75897319641388,0
myopic,0,22,2,12,0,1,91.99999988079071,12352.941175922751,3185.9205850794588,173.65025471526562,900123.8131524345,158.80352394212818,0
myopic,0,21,2,12,0,1,91.99999988079071,12352.941175922751,3053.22690209524,162.15207951033958,915041.8044480558,158.80352394212818,0
myopic,0,20,2,12,0,1,91.99999988079071,12352.941175922751,2926.2888685999724,181.3885663352971,931729.55252928,158.80352394212818,0
myopic,0,19,2,12,0,1,91.99999988079071,12352.941175922751,2784.9161963059323,179.5240664216955,948245.766618675,158.80352394212818,0
myopic,0,18,2,12,0,1,91.99999988079071,12352.941175922751,2644.827714888479,182.11025925275734,964999.9104482194,163.45135432315968,0
myopic,0,17,2,12,0,1,91.99999988079071,12352.941175922751,2502.820892549692,177.96298507416137,981372.5050538274,163.45135432315968,0
myopic,0,16,2,12,0,1,91.99999988079071,12352.941175922751,2367.7512936168687,190.86066026727428,998931.6857756643,163.48588367478033,0
myopic,0,15,2,12,0,1,91.99999988079071,12352.941175922751,2223.4106238070444,181.77400613246039,1015654.8943181814,166.63305223218825,0
myopic,0,14,2,12,0,1,91.99999988079071,12352.941175922751,2081.687930895413,175.84523559590346,1031832.6559720421,167.6035577215017,0
myopic,0,13,2,12,0,1,91.99999988079071,12352.941175922751,1942.540724007943,183.72421652519387,1048735.2838704584,168.05485080599917,0
myopic,0,12,2,12,0,1,91.99999988079071,12352.941175922751,1798.5610187621878,189.48558798429156,1066167.9579424248,169.09384479432455,0
myopic,0,11,2,12,0,1,91.99999988079071,12352.941175922751,1649.4738813019976,198.13028053855388,1084395.943728353,169.09384479432455,0
myopic,0,10,2,12,0,1,91.99999988079071,12352.941175922751,1491.165394004276,183.449321648054,1101273.281298105,170.63726322604822,0
myopic,0,9,2,12,0,1,91.99999988079071,12352.941175922751,1348.4006408016176,176.78195996752035,1117537.2215940426,170.84305227950415,0
myopic,0,8,2,12,0,1,91.99999988079071,12352.941175922751,1204.5425268450672,186.83915303783877,1134726.4236512508,170.84305227950415,0
myopic,0,7,2,12,0,1,91.99999988079071,12352.941175922751,1054.0280510861503,200.3899984566711,1153162.303485376,170.84305227950415,0
myopic,0,6,2,12,0,1,91.99999988079071,12352.941175922751,893.5819457324797,165.6235182944902,1168399.6671487254,170.84305227950415,0
myopic,0,5,2,12,0,1,91.99999988079071,12352.941175922751,758.6557953155643,168.06866028009213,1183861.9838744586,155.39122305741984,0
myopic,0,4,2,12,0,1,91.99999988079071,12352.941175922751,620.9248438478753,150.9841777414854,1197752.5282086765,149.0674834074808,0
myopic,0,3,2,12,0,1,91.99999988079071,10000.0,497.3204004119907,0.0,1197752.5282086765,142.23678861945825,0
myopic,0,2,2,12,0,1,91.99999988079071,10000.0,497.3204004119907,0.0,1197752.5282086765,135.31638940994628,0
myopic,0,1,2,12,0,1,91.99999988079071,10000.0,497.3204004119907,0.0,1197752.5282086765,127.3584148712835,0
myopic,1,100,2,6,0,0,91.99999988079071,12352.941175922751,10000.0,61.291168480929116,5638.787492939002,53.51064944791461,1
myopic,1,99,2,6,0,0,91.99999988079071,12352.941175922751,9961.392912578076,65.89051880484696,11700.71521513016,53.51064944791461,1
myopic,1,98,2,6,0,0,91.99999988079071,12352.941175922751,9918.468068029377,56.568287143296175,16904.997625569944,53.51064944791461,1
myopic,1,97,2,6,0,0,91.99999988079071,12352.941175922751,9881.48425349887,64.1308888725877,22805.039394203013,55.53276728716988,1
myopic,1,96,2,6,0,0,91.99999988079071,12352.941175922751,9839.715643044236,61.80582020130625,28491.17484535536,55.852472283942966,1
myopic,1,95,2,6,0,0,91.99999988079071,12352.941175922751,9799.232415847844,55.68680957476654,33614.3613195955,56.18471002774361,1
myopic,1,94,2,6,0,0,91.99999988079071,12352.941175922751,9763.170061953868,57.72148776934005,38924.738187493844,56.18471002774361,1
myopic,1,93,2,6,0,0,91.99999988079071,12352.941175922751,9725.233558004706,62.634025820075344,44687.068555474216,56.18471002774361,1
myopic,1,92,2,6,0,0,91.99999988079071,12352.941175922751,9684.665553380553,56.06098126136733,49844.67882483702,56.85789131285237,1
myopic,1,91,2,6,0,0,91.99999988079071,12352.941175922751,9648.285078016088,63.4794796702474,55684.79094693244,56.85789131285237,1
myopic,1,90,2,6,0,0,91.99999988079071,12352.941175922751,9607.051280515494,73.76685274128631,62471.34139033708,57.85980122566746,1
myopic,1,89,2,6,0,0,91.99999988079071,12352.941175922751,9557.982683935032,41.725042394372906,66310.04528564538,57.85980122566746,1
myopic,1,88,2,6,0,0,91.99999988079071,12352.941175922751,9531.636804576003,63.32699628460171,72136.12893627957,57.85980122566746,1
myopic,1,87,2,6,0,0,91.99999988079071,12352.941175922751,9490.451502571472,66.4343170010319,78248.0860924549,59.05581472314141,1
myopic,1,86,2,6,0,0,91.99999988079071,12352.941175922751,9446.687437951232,81.95871505273924,85788.28786753668,59.05581472314141,1
myopic,1,85,2,6,0,0,91.99999988079071,12352.941175922751,9393.929725295571,61.99516495531486,91491.84303603525,59.321172379079584,1
myopic,1,84,2,6,0,0,91.99999988079071,12352.941175922751,9351.720424180548,70.18962898194563,97949.288894007,59.321172379079584,1
myopic,1,83,2,6,0,0,91.99999988079071,12352.941175922751,9304.937484813781,60.903954038831145,103552.45265831915,59.321172379079584,1
myopic,1,82,2,6,0,0,91.99999988079071,12352.941175922751,9265.980515230198,66.74836828429254,109693.30253251703,59.321172379079584,1
myopic,1,81,2,6,0,0,91.99999988079071,12352.941175922751,9221.798071559648,55.58983389655402,114807.56724437317,59.67942540614826,1
myopic,1,80,2,6,0,0,91.99999988079071,12352.941175922751,9185.475752641067,65.34228890096134,120819.05781547222,59.67942540614826,1
myopic,1,79,2,6,0,0,91.99999988079071,12352.941175922751,9142.930086409544,65.62210755760488,126856.2917029491,60.144742931333404,1
myopic,1,78,2,6,0,0,91.99999988079071,12352.941175922751,9099.322965489373,67.89293023249147,133102.44127624485,60.59148468407464,1
myopic,1,77,2,6,0,0,91.99999988079071,12352.941175922751,9054.628637447067,72.35822491033417,139759.39795936982,61.68635059106254,1
myopic,1,76,2,6,0,0,91.99999988079071,12352.941175922751,9005.748069007614,70.1750267725801,146215.50041408167,61.68635059106254,1
myopic,1,75,2,6,0,0,91.99999988079071,12352.941175922751,8959.684571302023,73.4614586063311,152973.95459710684,61.68635059106254,1
myopic,1,74,2,6,0,0,91.99999988079071,12352.941175922751,8911.1108702175,74.77855513945659,159853.58166102256,61.68635059106254,1
myopic,1,73,2,6,0,0,91.99999988079071,12352.941175922751,8862.115182220228,75.06100781818296,166759.19437134743,61.811377832783585,1
myopic,1,72,2,6,0,0,91.99999988079071,12352.941175922751,8811.907089398299,59.81686737337972,172262.34616256764,61.811377832783585,1
myopic,1,71,2,6,0,0,91.99999988079071,12352.941175922751,8772.04522524389,70.23967672622739,178724.39641300734,63.69238905560433,1
myopic,1,70,2,6,0,0,91.99999988079071,12352.941175922751,8724.681957663477,61.94935349652722,184423.7369273029,63.69238905560433,1
myopic,1,69,2,6,0,0,91.99999988079071,12352.941175922751,8683.874062891828,72.30176541255305,191075.49933663875,63.69238905560433,1
myopic,1,68,2,6,0,0,91.99999988079071,12352.941175922751,8635.606272459008,72.58913404361822,197753.69965999832,64.51194257070377,1
myopic,1,67,2,6,0,0,91.99999988079071,12352.941175922751,8586.03179427756,59.171120798212044,203197.4427663801,64.51194257070377,1
myopic,1,66,2,6,0,0,91.99999988079071,12352.941175922751,8545.902467157925,82.15859546930548,210756.03353976214,66.02319309723785,1
myopic,1,65,2,6,0,0,91.99999988079071,12352.941175922751,8490.631181811621,65.87490306311906,216816.5246137162,66.02319309723785,1
myopic,1,64,2,6,0,0,91.99999988079071,12352.941175922751,8445.440190937941,74.38899185868476,223660.31185584734,66.02319309723785,1
myopic,1,63,2,6,0,0,91.99999988079071,12352.941175922751,8394.20827176119,69.5996940486094,230063.48370002248,66.02319309723785,1
myopic,1,62,2,6,0,0,91.99999988079071,12352.941175922751,8348.176755434468,71.53023774905921,236644.26556440885,66.02319309723785,1
myopic,1,61,2,6,0,0,91.99999988079071,12352.941175922751,8299.87353164469,99.55628019364802,245803.44333035644,66.0678136608015,1
myopic,1,60,2,6,0,0,91.99999988079071,12352.941175922751,8231.780442353644,80.30689575778662,253191.67773049948,85.17672399217258,1
myopic,1,59,2,6,0,0,91.99999988079071,12352.941175922751,8178.109473077395,100.42400190996548,262430.6858942448,85.17672399217258,1
myopic,1,58,2,6,0,0,91.99999988079071,12352.941175922751,8108.635537152223,88.23174268999952,270548.0062112067,85.17672399217258,1
myopic,1,57,2,6,0,0,91.99999988079071,12352.941175922751,8048.187814748742,96.91827804747692,279464.48778002104,85.17672399217258,1
myopic,1,56,2,6,0,0,91.99999988079071,12352.941175922751,7981.148480206979,103.10134992168227,288949.81196052517,85.17672399217258,1
myopic,1,55,2,6,0,0,91.99999988079071,12352.941175922751,7909.962253717674,95.3327856410195,297720.4282281344,87.67464619283565,1
myopic,1,54,2,6,0,0,91.99999988079071,12352.941175922751,7844.602388755611,104.53735475703348,307337.86485331965,87.67464619283565,1
myopic,1,53,2,6,0,0,91.99999988079071,12352.941175922751,7775.421084138463,95.34470069714,316109.57730609056,87.67464619283565,1
myopic,1,52,2,6,0,0,91.99999988079071,12352.941175922751,7709.492256928521,86.51315135730336,324068.7872206493,88.00542260216963,1
myopic,1,51,2,6,0,0,91.99999988079071,12352.941175922751,7649.262157105653,92.7056949447177,332597.71114451194,89.3393639748758,1
myopic,1,50,2,6,0,0,91.99999988079071,12352.941175922751,7584.049125045076,97.49568090333729,341567.31377599656,89.3393639748758,1
myopic,1,49,2,6,0,0,91.99999988079071,12352.941175922751,7515.5537719999265,108.25116641698169,351526.4210734543,89.87264365606573,1
myopic,1,48,2,6,0,0,91.99999988079071,12352.941175922751,7439.7137820892185,91.49464842822914,359943.92871794436,89.87264365606573,1
myopic,1,47,2,6,0,0,91.99999988079071,12352.941175922751,7377.587484699374,115.17142699262341,370539.69998753624,89.87264365606573,1
myopic,1,46,2,6,0,0,91.99999988079071,12352.941175922751,7297.253637608184,95.67877405821429,379342.14718948613,92.28499445299059,1
myopic,1,45,2,6,0,0,91.99999988079071,12352.941175922751,7230.102024087655,100.23889979324007,388564.1259585148,92.32417290804567,1
myopic,1,44,2,6,0,0,91.99999988079071,12352.941175922751,7158.811032496391,102.04161589659806,397951.9546088375,92.85601305134094,1
myopic,1,43,2,6,0,0,91.99999988079071,12352.941175922751,7087.065317365478,96.05355266883755,406788.8814429201,92.85601305134094,1
myopic,1,42,2,6,0,0,91.99999988079071,12352.941175922751,7018.8928377103175,94.34849601957526,415468.94306547375,92.85601305134094,1
myopic,1,41,2,6,0,0,91.99999988079071,12352.941175922751,6951.587889396602,114.81092990233618,426031.54860280216,93.6308664821853,1
myopic,1,40,2,6,0,0,91.99999988079071,12352.941175922751,6872.508784818463,82.88959594760459,433657.3914201006,93.6308664821853,1
myopic,1,39,2,6,0,0,91.99999988079071,12352.941175922751,6813.180203804117,124.55516247349024,445116.4663528135,93.6308664821853,1
myopic,1,38,2,6,0,0,91.99999988079071,12352.941175922751,6726.195125249245,94.16641387920932,453779.77641847526,95.04742683727991,1
myopic,1,37,2,6,0,0,91.99999988079071,12352.941175922751,6658.53821352187,97.44620722915876,462744.82747194136,95.04742683727991,1
myopic,1,36,2,6,0,0,91.99999988079071,12352.941175922751,6589.595951150124,101.387040216155,472072.4351597413,95.04742683727991,1
myopic,1,35,2,6,0,0,91.99999988079071,12352.941175922751,6516.4955995393175,100.92956105848027,481357.9547650898,95.04742683727991,1
myopic,1,34,2,6,0,0,91.99999988079071,12352.941175922751,6443.847201943088,102.75971387847662,490811.84842965973,95.04742683727991,1
myopic,1,33,2,6,0,0,91.99999988079071,12352.941175922751,6371.052919970865,103.7610000568083,500357.8604225168,95.04742683727991,1
myopic,1,32,2,6,0,0,91.99999988079071,12352.941175922751,6297.502942187843,111.51411821422454,510617.15928493196,97.00694341239463,1
myopic,1,31,2,6,0,0,91.99999988079071,12352.941175922751,6218.495883537029,102.7188433729046,520067.29286299413,101.69890345053383,1
myopic,1,30,2,6,0,0,91.99999988079071,12352.941175922751,6142.5625509074125,114.76031596023701,530625.2419176555,101.69890345053383,1
myopic,1,29,2,6,0,0,91.99999988079071,12352.941175922751,6059.390996646822,119.27808108202069,541598.8253629823,105.09652333242514,1
myopic,1,28,2,6,0,0,91.99999988079071,12352.941175922751,5973.223927458233,113.81863585007223,552070.1398476207,105.09652333242514,1
myopic,1,27,2,6,0,0,91.99999988079071,12352.941175922751,5889.70175768815,117.9062455278527,562917.5144221276,105.51726153189219,1
myopic,1,26,2,6,0,0,91.99999988079071,12352.941175922751,5805.096005305813,125.98362839077126,574508.0082190601,105.51726153189219,1
myopic,1,25,2,6,0,0,91.99999988079071,12352.941175922751,5713.5859348400045,112.4577801667152,584854.1239809919,108.86577323146005,1
myopic,1,24,2,6,0,0,91.99999988079071,12352.941175922751,5632.073979534177,118.76067827353941,595780.1063680002,110.31606898852215,1
myopic,1,23,2,6,0,0,91.99999988079071,12352.941175922751,5542.508934282253,114.39041462024808,606304.0244994266,111.20897889534331,1
myopic,1,22,2,6,0,0,91.99999988079071,12352.941175922751,5457.724206392935,106.6921069948897,616119.6983302378,112.95137016244168,1
myopic,1,21,2,6,0,0,91.99999988079071,12352.941175922751,5378.593775418279,130.99123319942237,628170.8917689692,112.95137016244168,1
myopic,1,20,2,6,0,0,91.99999988079071,12352.941175922751,5281.47500351519,118.75986246854758,639096.7991019184,112.95137016244168,1
myopic,1,19,2,6,0,0,91.99999988079071,12352.941175922751,5192.537768919649,134.27626955454875,651450.2158849299,112.95137016244168,1
myopic,1,18,2,6,0,0,91.99999988079071,12352.941175922751,5091.049180923324,144.4548463767819,664740.0617343734,117.40424760711261,1
myopic,1,17,2,6,0,0,91.99999988079071,12352.941175922751,4982.177290664563,123.97361891674572,676145.6346599353,117.40424760711261,1
myopic,1,16,2,6,0,0,91.99999988079071,12352.941175922751,4888.848853809431,128.52126977626588,687969.5914640308,117.43877695873326,1
myopic,1,15,2,6,0,0,91.99999988079071,12352.941175922751,4791.420814580802,129.23445069768368,699859.1609128118,117.79311858824813,1
myopic,1,14,2,6,0,0,91.99999988079071,12352.941175922751,4692.990407214009,116.10787271859826,710541.0851890816,118.13382576143007,1
myopic,1,13,2,6,0,0,91.99999988079071,12352.941175922751,4603.458324043978,125.4441188620099,722081.9441094324,118.13382576143007,1
myopic,1,12,2,6,0,0,91.99999988079071,12352.941175922751,4508.923411564001,135.14404229050965,734515.1959840489,118.65148982084473,1
myopic,1,11,2,6,0,0,91.99999988079071,12352.941175922751,4403.252279023505,135.16005290350773,746949.9208350593,118.65148982084473,1
myopic,1,10,2,6,0,0,91.99999988079071,12352.941175922751,4298.545149538998,123.98361006741868,758356.4129464817,119.72247037978816,1
myopic,1,9,2,6,0,0,91.99999988079071,12352.941175922751,4199.2095690233655,138.48344147568636,771096.8895457364,119.9282594332441,1
myopic,1,8,2,6,0,0,91.99999988079071,12352.941175922751,4092.6235131887634,125.20426918047635,782615.6822954147,119.9282594332441,1
myopic,1,7,2,6,0,0,91.99999988079071,12352.941175922751,3994.167497748721,119.00352345442641,793564.0064390356,119.9282594332441,1
myopic,1,6,2,6,0,0,91.99999988079071,12352.941175922751,3899.92001300464,118.67945495335118,804482.5162805963,119.9282594332441,1
myopic,1,5,2,6,0,0,91.99999988079071,12352.941175922751,3804.2768868970634,123.11844604269987,815809.4133018478,111.6350613497792,1
myopic,1,4,2,6,0,0,91.99999988079071,12352.941175922751,3708.7588521145008,110.66068314638302,825990.1961381232,105.31132169984018,1
myopic,1,3,2,6,0,0,91.99999988079071,12352.941175922751,3620.7288709674913,115.691734375123,836633.8356868429,100.66337802387262,1
myopic,1,2,2,6,0,0,91.99999988079071,12352.941175922751,3525.900546138274,103.56079533338914,846161.4288451693,97.45860423514522,1
myopic,1,1,2,6,0,0,91.99999988079071,12352.941175922751,3440.5537602491995,106.45569555976242,855955.3528239769,90.48681714092218,1
myopic,2,100,2,6,0,0,91.99999988079071,12352.941175922751,10000.0,73.04533093322924,6720.170437149408,53.51064944791461,1
myopic,2,99,2,6,0,0,91.99999988079071,12352.941175922751,9950.096620943272,56.04428917651942,11876.245034708194,53.51064944791461,1
myopic,2,98,2,6,0,0,91.99999988079071,12352.941175922751,9912.003170299342,63.11359838455965,17682.696078563953,53.51064944791461,1
myopic,2,97,2,6,0,0,91.99999988079071,12352.941175922751,9870.06259423221,69.03484931210738,24033.90220704824,55.53276728716988,1
myopic,2,96,2,6,0,0,91.99999988079071,12352.941175922751,9823.92304312799,58.94785103831617,29457.104495546195,55.852472283942966,1
myopic,2,95,2,6,0,0,91.99999988079071,12352.941175922751,9784.828403912677,65.21810684070672,35457.17031711661,56.18471002774361,1
myopic,2,94,2,6,0,0,91.99999988079071,12352.941175922751,9740.96212897717,65.94075198249733,41523.719491645614,56.18471002774361,1
myopic,2,93,2,6,0,0,91.99999988079071,12352.941175922751,9696.966666773922,63.33087173711703,47350.15968391075,56.18471002774361,1
myopic,2,92,2,6,0,0,91.99999988079071,12352.941175922751,9654.88507768444,69.04796873918322,53702.57279968445,56.85789131285237,1
myopic,2,91,2,6,0,0,91.99999988079071,12352.941175922751,9608.025669580584,66.05891029118325,59779.992538598475,56.85789131285237,1
myopic,2,90,2,6,0,0,91.99999988079071,12352.941175922751,9562.96122971726,55.32828222487397,64870.194496691234,57.85980122566746,1
myopic,2,89,2,6,0,0,91.99999988079071,12352.941175922751,9524.92456299479,79.8679647728396,72218.04724627147,57.85980122566746,1
myopic,2,88,2,6,0,0,91.99999988079071,12352.941175922751,9472.344246782364,50.889881283807156,76899.91631831518,57.85980122566746,1
myopic,2,87,2,6,0,0,91.99999988079071,12352.941175922751,9438.708166842624,71.456844168675,83473.94597331497,59.05581472314141,1
myopic,2,86,2,6,0,0,91.99999988079071,12352.941175922751,9389.94999761723,73.64274453824524,90249.07846205463,59.05581472314141,1
myopic,2,85,2,6,0,0,91.99999988079071,12352.941175922751,9339.11168978618,66.70057951133309,96385.53176914595,59.321172379079584,1
myopic,2,84,2,6,0,0,91.99999988079071,12352.941175922751,9293.352891926548,63.657921030545765,102242.06049636754,59.321172379079584,1
myopic,2,83,2,6,0,0,91.99999988079071,12352.941175922751,9249.181613013357,55.978277318084814,107392.06200295822,59.321172379079584,1
myopic,2,82,2,6,0,0,91.99999988079071,12352.941175922751,9211.158326247765,67.3521611553005,113588.46082121687,59.321172379079584,1
myopic,2,81,2,6,0,0,91.99999988079071,12352.941175922751,9163.578782804583,59.29293740474742,119043.41105538537,59.67942540614826,1
myopic,2,80,2,6,0,0,91.99999988079071,12352.941175922751,9123.684770360847,61.41234075074686,124693.34639713315,59.67942540614826,1
myopic,2,79,2,6,0,0,91.99999988079071,12352.941175922751,9080.768361906086,64.52822324528802,130629.94292800728,60.144742931333404,1
myopic,2,78,2,6,0,0,91.99999988079071,12352.941175922751,9035.347911923358,52.628004195199395,135471.71930769188,60.59148468407464,1
myopic,2,77,2,6,0,0,91.99999988079071,12352.941175922751,8998.371384070888,75.8871702554839,142453.33896214995,61.68635059106254,1
myopic,2,76,2,6,0,0,91.99999988079071,12352.941175922751,8947.354634529913,68.83689542833525,148786.3333333508,61.68635059106254,1
myopic,2,75,2,6,0,0,91.99999988079071,12352.941175922751,8898.785238011884,68.31159267452377,155070.99985126362,61.68635059106254,1
myopic,2,74,2,6,0,0,91.99999988079071,12352.941175922751,8850.689130731891,86.74436549968985,163051.48146689436,61.68635059106254,1
myopic,2,73,2,6,0,0,91.99999988079071,12352.941175922751,8790.272906583672,65.5022116816092,169077.68493379393,61.811377832783585,1
myopic,2,72,2,6,0,0,91.99999988079071,12352.941175922751,8745.431013908837,74.99137530841092,175976.89145322808,61.811377832783585,1
myopic,2,71,2,6,0,0,91.99999988079071,12352.941175922751,8693.477705108095,68.3768875297025,182267.56509780954,63.69238905560433,1
myopic,2,70,2,6,0,0,91.99999988079071,12352.941175922751,8645.95910717872,75.005815716739,189168.10013480813,63.69238905560433,1
myopic,2,69,2,6,0,0,91.99999988079071,12352.941175922751,8594.661518985247,58.46607722441196,194546.97923248433,63.69238905560433,1
myopic,2,68,2,6,0,0,91.99999988079071,12352.941175922751,8555.678081746793,80.29445634489704,201934.069206643,64.51194257070377,1
myopic,2,67,2,6,0,0,91.99999988079071,12352.941175922751,8499.447077327299,84.4423750339984,209702.76769970453,64.51194257070377,1
myopic,2,66,2,6,0,0,91.99999988079071,12352.941175922751,8440.305319941119,66.42417608742622,215813.79189182937,66.02319309723785,1
myopic,2,65,2,6,0,0,91.99999988079071,12352.941175922751,8393.320542267398,71.74871242552206,222414.6734264243,66.02319309723785,1
myopic,2,64,2,6,0,0,91.99999988079071,12352.941175922751,8344.038443887484,65.28088707741345,228420.51502976424,66.02319309723785,1
myopic,2,63,2,6,0,0,91.99999988079071,12352.941175922751,8296.749386600073,75.19622449160784,235338.56767402808,66.02319309723785,1
myopic,2,62,2,6,0,0,91.99999988079071,12352.941175922751,8243.363772206152,70.19791012018113,241796.7753967165,66.02319309723785,1
myopic,2,61,2,6,0,0,91.99999988079071,12352.941175922751,8194.401118583197,100.4869361418349,251041.57350978634,66.0678136608015,1
myopic,2,60,2,6,0,0,91.99999988079071,12352.941175922751,8123.463693791542,87.280824723284,259071.4093739238,85.17672399217258,1
myopic,2,59,2,6,0,0,91.99999988079071,12352.941175922751,8061.77871448571,86.10884148348862,266993.4227801398,85.17672399217258,1
myopic,2,58,2,6,0,0,91.99999988079071,12352.941175922751,8000.480551394741,102.38751065781976,276413.07374845364,85.17672399217258,1
myopic,2,57,2,6,0,0,91.99999988079071,12352.941175922751,7928.774795473128,104.7820416586337,286053.02156855696,85.17672399217258,1
myopic,2,56,2,6,0,0,91.99999988079071,12352.941175922751,7855.041150767111,97.318709654559,295006.34284517507,85.17672399217258,1
myopic,2,55,2,6,0,0,91.99999988079071,12352.941175922751,7786.648244481072,94.3135310219328,303683.18768794986,87.67464619283565,1
myopic,2,54,2,6,0,0,91.99999988079071,12352.941175922751,7719.213355221975,92.61393278338006,312203.6694929804,87.67464619283565,1
myopic,2,53,2,6,0,0,91.99999988079071,12352.941175922751,7653.7380845094485,91.0308537725614,320578.5080292043,87.67464619283565,1
myopic,2,52,2,6,0,0,91.99999988079071,12352.941175922751,7589.402326652624,85.35530310086943,328431.19590430916,88.00542260216963,1
myopic,2,51,2,6,0,0,91.99999988079071,12352.941175922751,7528.370604205358,101.12520872114597,337734.7150945995,89.3393639748758,1
myopic,2,50,2,6,0,0,91.99999988079071,12352.941175922751,7454.518714736063,103.67723940398074,347273.0211074065,89.3393639748758,1
myopic,2,49,2,6,0,0,91.99999988079071,12352.941175922751,7376.900741709587,101.04987065623463,356569.60919573397,89.87264365606573,1
myopic,2,48,2,6,0,0,91.99999988079071,12352.941175922751,7304.486094530177,113.47349467174044,367009.170692007,89.87264365606573,1
myopic,2,47,2,6,0,0,91.99999988079071,12352.941175922751,7223.861050519385,108.89217492867017,377027.2507724637,89.87264365606573,1
myopic,2,46,2,6,0,0,91.99999988079071,12352.941175922751,7146.210859333442,104.02018690010087,386597.1079548728,92.28499445299059,1
myopic,2,45,2,6,0,0,91.99999988079071,12352.941175922751,7073.274693137526,108.96438009830612,396621.8309109274,92.32417290804567,1
myopic,2,44,2,6,0,0,91.99999988079071,12352.941175922751,6994.178970950178,94.02873866330759,405272.4748567426,92.85601305134094,1
myopic,2,43,2,6,0,0,91.99999988079071,12352.941175922751,6923.799638776656,107.89302790723023,415198.63341134595,92.85601305134094,1
myopic,2,42,2,6,0,0,91.99999988079071,12352.941175922751,6844.899971226018,96.65588268809411,424090.9746071283,92.85601305134094,1
myopic,2,41,2,6,0,0,91.99999988079071,12352.941175922751,6774.176831519654,101.30799969477356,433411.3105669706,93.6308664821853,1
myopic,2,40,2,6,0,0,91.99999988079071,12352.941175922751,6698.980746978992,109.00403124769346,443439.68142876413,93.6308664821853,1
myopic,2,39,2,6,0,0,91.99999988079071,12352.941175922751,6619.721854889367,99.77701546356882,452619.1668395181,93.6308664821853,1
myopic,2,38,2,6,0,0,91.99999988079071,12352.941175922751,6546.845515225576,93.37744197956201,461209.89149050636,95.04742683727991,1
myopic,2,37,2,6,0,0,91.99999988079071,12352.941175922751,6478.56142829097,103.43271542797407,470725.7012975498,95.04742683727991,1
myopic,2,36,2,6,0,0,91.99999988079071,12352.941175922751,6401.177118946817,114.73501586455946,481281.3227434118,95.04742683727991,1
myopic,2,35,2,6,0,0,91.99999988079071,12352.941175922751,6317.203124296085,108.57979220467564,491270.66361329827,95.04742683727991,1
myopic,2,34,2,6,0,0,91.99999988079071,12352.941175922751,6237.059148321674,120.77348216014835,502381.8239576346,95.04742683727991,1
myopic,2,33,2,6,0,0,91.99999988079071,12352.941175922751,6147.128925928083,110.33662588202299,512532.7935256276,95.04742683727991,1
myopic,2,32,2,6,0,0,91.99999988079071,12352.941175922751,6065.970682295985,104.97648261287098,522190.62991349754,97.00694341239463,1
myopic,2,31,2,6,0,0,91.99999988079071,12352.941175922751,5987.119668848938,108.38956272329753,532162.4696711198,101.69890345053383,1
myopic,2,30,2,6,0,0,91.99999988079071,12352.941175922751,5905.31630176946,102.69119676839381,541610.0597615703,101.69890345053383,1
myopic,2,29,2,6,0,0,91.99999988079071,12352.941175922751,5827.262563768503,107.98994686044188,551545.1348598575,105.09652333242514,1
myopic,2,28,2,6,0,0,91.99999988079071,12352.941175922751,5743.746063570666,113.33918085335371,561972.339484855,105.09652333242514,1
myopic,2,27,2,6,0,0,91.99999988079071,12352.941175922751,5656.622783136931,104.48705220699334,571585.1482754425,105.51726153189219,1
myopic,2,26,2,6,0,0,91.99999988079071,12352.941175922751,5576.863980626788,112.21265041105727,581908.712099883,105.51726153189219,1
myopic,2,25,2,6,0,0,91.99999988079071,12352.941175922751,5492.1663314444395,121.10318282675868,593050.2049055082,108.86577323146005,1
myopic,2,24,2,6,0,0,91.99999988079071,12352.941175922751,5400.252936434635,123.99908602955385,604458.1208054454,110.31606898852215,1
myopic,2,23,2,6,0,0,91.99999988079071,12352.941175922751,5304.379348226602,129.01695897233319,616327.68101552,111.20897889534331,1
myopic,2,22,2,6,0,0,91.99999988079071,12352.941175922751,5205.537211003593,112.88725777973953,626713.3087177988,112.95137016244168,1
myopic,2,21,2,6,0,0,91.99999988079071,12352.941175922751,5119.737650387958,122.22865219179221,637958.3447048729,112.95137016244168,1
myopic,2,20,2,6,0,0,91.99999988079071,12352.941175922751,5028.567273946759,129.81134657338055,649900.9885741492,112.95137016244168,1
myopic,2,19,2,6,0,0,91.99999988079071,12352.941175922751,4928.400148682172,126.66450115648847,661554.1226654466,112.95137016244168,1
myopic,2,18,2,6,0,0,91.99999988079071,12352.941175922751,4828.705380880113,134.01833959533894,673883.8098922416,117.40424760711261,1
myopic,2,17,2,6,0,0,91.99999988079071,12352.941175922751,4723.90135229634,120.70223101690148,684988.4151314077,117.40424760711261,1
myopic,2,16,2,6,0,0,91.99999988079071,12352.941175922751,4629.062029527982,131.8706784496782,697120.5175330578,117.43877695873326,1
myopic,2,15,2,6,0,0,91.99999988079071,12352.941175922751,4526.822643908479,137.82116796508254,709800.0649694159,117.79311858824813,1
myopic,2,14,2,6,0,0,91.99999988079071,12352.941175922751,4417.442720902956,113.71767827138932,720262.0913568275,118.13382576143007,1
myopic,2,13,2,6,0,0,91.99999988079071,12352.941175922751,4327.292522354572,119.92444906158983,731295.1406561977,118.13382576143007,1
myopic,2,12,2,6,0,0,91.99999988079071,12352.941175922751,4230.61542180425,136.49825667371883,743852.980253908,118.65148982084473,1
myopic,2,11,2,6,0,0,91.99999988079071,12352.941175922751,4123.288496427524,124.13684611033176,755273.5700812602,118.65148982084473,1
myopic,2,10,2,6,0,0,91.99999988079071,12352.941175922751,4023.5956221435627,129.53088596512634,767190.4115746105,119.72247037978816,1
myopic,2,9,2,6,0,0,91.99999988079071,12352.941175922751,3917.345479785843,137.36916304782773,779828.3745586349,119.9282594332441,1
myopic,2,8,2,6,0,0,91.99999988079071,12352.941175922751,3806.4189208492626,136.06053997980547,792345.9442205573,119.9282594332441,1
myopic,2,7,2,6,0,0,91.99999988079071,12352.941175922751,3698.4785771778797,133.92029000972914,804666.6108854879,119.9282594332441,1
myopic,2,6,2,6,0,0,91.99999988079071,12352.941175922751,3587.621802301781,120.92040731044582,815791.288343634,119.9282594332441,1
myopic,2,5,2,6,0,0,91.99999988079071,12352.941175922751,3488.5791186339193,119.94787636066242,826826.4929545161,111.6350613497792,1
myopic,2,4,2,6,0,0,91.99999988079071,12352.941175922751,3386.9506247043855,111.96601393165815,837127.3662228812,105.31132169984018,1
myopic,2,3,2,6,0,0,91.99999988079071,12352.941175922751,3294.017510283459,118.38106868449043,848018.4245277422,100.66337802387262,1
myopic,2,2,2,6,0,0,91.99999988079071,12352.941175922751,3195.3605167445603,103.19919055854737,857512.7500468262,97.45860423514522,1
myopic,2,1,2,6,0,0,91.99999988079071,12352.941175922751,3106.776362580392,99.27304110451131,866645.869816607,90.48681714092218,1
myopic,3,100,2,6,0,0,91.99999988079071,12352.941175922751,10000.0,56.7922128503085,5224.883575458223,53.51064944791461,1
myopic,3,99,2,6,0,0,91.99999988079071,12352.941175922751,9962.74750152726,85.23166800462107,13066.197021722955,53.51064944791461,1
myopic,3,98,2,6,0,0,91.99999988079071,12352.941175922751,9905.636178843508,58.042866671445694,18406.140748576712,53.51064944791461,1
myopic,3,97,2,6,0,0,91.99999988079071,12352.941175922751,9867.05091478988,55.8699389342275,23546.175123865425,55.53276728716988,1
myopic,3,96,2,6,0,0,91.99999988079071,12352.941175922751,9830.400579812636,58.45203445290264,28923.762286564444,55.852472283942966,1
myopic,3,95,2,6,0,0,91.99999988079071,12352.941175922751,9790.910820665698,59.67001341819294,34413.403513924975,56.18471002774361,1
myopic,3,94,2,6,0,0,91.99999988079071,12352.941175922751,9750.215964899047,59.98002523824724,39931.56582869354,56.18471002774361,1
myopic,3,93,2,6,0,0,91.99999988079071,12352.941175922751,9709.920759873687,74.68281576992456,46802.38487062372,56.18471002774361,1
myopic,3,92,2,6,0,0,91.99999988079071,12352.941175922751,9659.220412728091,58.27441907530992,52163.63141860538,56.85789131285237,1
myopic,3,91,2,6,0,0,91.99999988079071,12352.941175922751,9620.118004071046,67.73854328013907,58395.57739230311,56.85789131285237,1
myopic,3,90,2,6,0,0,91.99999988079071,12352.941175922751,9572.93787482951,61.257379607365344,64031.25630887827,57.85980122566746,1
myopic,3,89,2,6,0,0,91.99999988079071,12352.941175922751,9531.773259429216,71.43285103630618,70603.07859570297,57.85980122566746,1
myopic,3,88,2,6,0,0,91.99999988079071,12352.941175922751,9484.278132890246,62.39141116152409,76343.08841512556,57.85980122566746,1
myopic,3,87,2,6,0,0,91.99999988079071,12352.941175922751,9441.403127994157,69.3679731505702,82724.94193670871,59.05581472314141,1
myopic,3,86,2,6,0,0,91.99999988079071,12352.941175922751,9394.321971869382,70.37683985095869,89199.61119460734,59.05581472314141,1
myopic,3,85,2,6,0,0,91.99999988079071,12352.941175922751,9349.139514045095,73.18645955233148,95932.76546469732,59.321172379079584,1
myopic,3,84,2,6,0,0,91.99999988079071,12352.941175922751,9300.285531444802,51.667046271083095,100686.13371547777,59.321172379079584,1
myopic,3,83,2,6,0,0,91.99999988079071,12352.941175922751,9264.962825528943,70.62036409512598,107183.20720381076,59.321172379079584,1
myopic,3,82,2,6,0,0,91.99999988079071,12352.941175922751,9217.237453763535,56.79740360970415,112408.56832913276,59.321172379079584,1
myopic,3,81,2,6,0,0,91.99999988079071,12352.941175922751,9178.473304080799,64.98667186456758,118387.34213292596,59.67942540614826,1
myopic,3,80,2,6,0,0,91.99999988079071,12352.941175922751,9133.007003336514,71.89790223861397,125001.94913030755,59.67942540614826,1
myopic,3,79,2,6,0,0,91.99999988079071,12352.941175922751,9083.655641625164,75.30133294221456,131929.67175201466,60.144742931333404,1
myopic,3,78,2,6,0,0,91.99999988079071,12352.941175922751,9032.261367205381,60.20104374686064,137468.16776954933,60.59148468407464,1
myopic,3,77,2,6,0,0,91.99999988079071,12352.941175922751,8990.543174361299,72.2685476852931,144116.8741479812,61.68635059106254,1
myopic,3,76,2,6,0,0,91.99999988079071,12352.941175922751,8941.087177143578,61.34577171233586,149760.68513820312,61.68635059106254,1
myopic,3,75,2,6,0,0,91.99999988079071,12352.941175922751,8898.71505328993,47.657086108383666,154145.13705449324,61.68635059106254,1
myopic,3,74,2,6,0,0,91.99999988079071,12352.941175922751,8865.489545128572,71.67621627911264,160739.34894362715,61.68635059106254,1
myopic,3,73,2,6,0,0,91.99999988079071,12352.941175922751,8817.522734549431,68.23609827185808,167017.06997650373,61.811377832783585,1
myopic,3,72,2,6,0,0,91.99999988079071,12352.941175922751,8771.193911298033,75.86462685412025,173996.61563803902,61.811377832783585,1
myopic,3,71,2,6,0,0,91.99999988079071,12352.941175922751,8720.669284826961,62.49090219209833,179745.77863226258,63.69238905560433,1
myopic,3,70,2,6,0,0,91.99999988079071,12352.941175922751,8676.83382755878,79.0580668835123,187019.12077612124,63.69238905560433,1
myopic,3,69,2,6,0,0,91.99999988079071,12352.941175922751,8624.151848884592,66.72077039176598,193157.43164420998,63.69238905560433,1
myopic,3,68,2,6,0,0,91.99999988079071,12352.941175922751,8577.511184083634,65.83136004617745,199213.9167606106,64.51194257070377,1
myopic,3,67,2,6,0,0,91.99999988079071,12352.941175922751,8530.46016993852,62.83160627607738,204994.4245305196,64.51194257070377,1
myopic,3,66,2,6,0,0,91.99999988079071,12352.941175922751,8486.384091016334,63.97417558066354,210880.04867631433,66.02319309723785,1
myopic,3,65,2,6,0,0,91.99999988079071,12352.941175922751,8440.655906254171,72.18820989657516,217521.36397819372,66.02319309723785,1
myopic,3,64,2,6,0,0,91.99999988079071,12352.941175922751,8390.496592700656,58.615940131158695,222914.03046327276,66.02319309723785,1
myopic,3,63,2,6,0,0,91.99999988079071,12352.941175922751,8348.288696158252,78.38364847059873,230125.3261132238,66.02319309723785,1
myopic,3,62,2,6,0,0,91.99999988079071,12352.941175922751,8292.588163796594,81.51337393809148,237624.55650581105,66.02319309723785,1
myopic,3,61,2,6,0,0,91.99999988079071,12352.941175922751,8234.960178930345,88.23971673265606,245742.61043469643,66.0678136608015,1
myopic,3,60,2,6,0,0,91.99999988079071,12352.941175922751,8173.722060647631,86.95208978237939,253742.20268430983,85.17672399217258,1
myopic,3,59,2,6,0,0,91.99999988079071,12352.941175922751,8111.01968689495,81.67064000770414,261255.9015552827,85.17672399217258,1
myopic,3,58,2,6,0,0,91.99999988079071,12352.941175922751,8053.939775749592,90.78373826297786,269608.0054646544,85.17672399217258,1
myopic,3,57,2,6,0,0,91.99999988079071,12352.941175922751,7989.469373837538,97.9564847253299,278620.00204770744,85.17672399217258,1
myopic,3,56,2,6,0,0,91.99999988079071,12352.941175922751,7921.587181043435,82.25130474258731,286187.12207422033,85.17672399217258,1
myopic,3,55,2,6,0,0,91.99999988079071,12352.941175922751,7863.204025384588,105.79992295505613,295920.71497347316,87.67464619283565,1
myopic,3,54,2,6,0,0,91.99999988079071,12352.941175922751,7787.0193948038905,97.81661862236716,304919.8438750703,87.67464619283565,1
myopic,3,53,2,6,0,0,91.99999988079071,12352.941175922751,7717.71840946516,98.7998128642725,314009.4266468055,87.67464619283565,1
myopic,3,52,2,6,0,0,91.99999988079071,12352.941175922751,7647.505870910181,104.45359568820562,323619.1574376686,88.00542260216963,1
myopic,3,51,2,6,0,0,91.99999988079071,12352.941175922751,7573.857777868285,98.98986262095558,332726.22478699597,89.3393639748758,1
myopic,3,50,2,6,0,0,91.99999988079071,12352.941175922751,7503.0938064298625,102.84729269185313,342188.1757023861,89.3393639748758,1
myopic,3,49,2,6,0,0,91.99999988079071,12352.941175922751,7429.021413165354,118.90069466607515,353127.039597491,89.87264365606573,1
myopic,3,48,2,6,0,0,91.99999988079071,12352.941175922751,7341.490369534753,110.47431489975999,363290.6765550993,89.87264365606573,1
myopic,3,47,2,6,0,0,91.99999988079071,12352.941175922751,7264.805409836976,98.42182105487342,372345.48408041487,89.87264365606573,1
myopic,3,46,2,6,0,0,91.99999988079071,12352.941175922751,7194.518849870366,105.44906643840116,382046.7981801773,92.28499445299059,1
myopic,3,45,2,6,0,0,91.99999988079071,12352.941175922751,7121.37080588436,111.16617986917477,392274.08671488933,92.32417290804567,1
myopic,3,44,2,6,0,0,91.99999988079071,12352.941175922751,7039.460364340484,91.3536235711349,400678.62007254356,92.85601305134094,1
myopic,3,43,2,6,0,0,91.99999988079071,12352.941175922751,6974.255527187997,95.36081435085181,409451.81498145405,92.85601305134094,1
myopic,3,42,2,6,0,0,91.99999988079071,12352.941175922751,6904.848223743001,107.74719831593089,419364.55721367523,92.85601305134094,1
myopic,3,41,2,6,0,0,91.99999988079071,12352.941175922751,6823.841496561445,101.03986635931376,428660.2249066872,93.6308664821853,1
myopic,3,40,2,6,0,0,91.99999988079071,12352.941175922751,6749.14469809205,103.8627722788906,438215.59994396375,93.6308664821853,1
myopic,3,39,2,6,0,0,91.99999988079071,12352.941175922751,6671.067138975376,110.10924283931777,448345.65027205495,93.6308664821853,1
myopic,3,38,2,6,0,0,91.99999988079071,12352.941175922751,6588.590422463194,95.55057843135752,457136.30347634933,95.04742683727991,1
myopic,3,37,2,6,0,0,91.99999988079071,12352.941175922751,6518.577724429845,97.6618005748889,466121.1891175969,95.04742683727991,1
myopic,3,36,2,6,0,0,91.99999988079071,12352.941175922751,6444.972940231859,109.4330991801674,476189.0342291269,95.04742683727991,1
myopic,3,35,2,6,0,0,91.99999988079071,12352.941175922751,6364.576624899276,100.55223685306201,485439.8400076218,95.04742683727991,1
myopic,3,34,2,6,0,0,91.99999988079071,12352.941175922751,6289.601052137828,98.5600157081888,494507.3614410259,95.04742683727991,1
myopic,3,33,2,6,0,0,91.99999988079071,12352.941175922751,6217.611854296107,110.16980605692633,504642.9835851299,95.04742683727991,1
myopic,3,32,2,6,0,0,91.99999988079071,12352.941175922751,6132.763538757143,109.49292989474803,514716.33312239416,97.00694341239463,1
myopic,3,31,2,6,0,0,91.99999988079071,12352.941175922751,6051.888106272596,102.0927436550622,524108.8655264895,101.69890345053383,1
myopic,3,30,2,6,0,0,91.99999988079071,12352.941175922751,5977.281492716311,119.38565559919356,535092.3458273835,101.69890345053383,1
myopic,3,29,2,6,0,0,91.99999988079071,12352.941175922751,5886.7121040221455,115.25918748973966,545696.1910626995,105.09652333242514,1
myopic,3,28,2,6,0,0,91.99999988079071,12352.941175922751,5799.72163443493,116.57425140995433,556421.0221785186,105.09652333242514,1
myopic,3,27,2,6,0,0,91.99999988079071,12352.941175922751,5711.7682449188915,103.43764636923471,565937.2856321575,105.51726153189219,1
myopic,3,26,2,6,0,0,91.99999988079071,12352.941175922751,5634.238712070759,120.20872207813355,576996.4880490158,105.51726153189219,1
myopic,3,25,2,6,0,0,91.99999988079071,12352.941175922751,5544.35710339682,117.09497381835014,587769.2256263451,108.86577323146005,1
myopic,3,24,2,6,0,0,91.99999988079071,12352.941175922751,5456.601448516062,119.21706763479446,598737.1958345345,110.31606898852215,1
myopic,3,23,2,6,0,0,91.99999988079071,12352.941175922751,5364.719859914282,120.54205905436953,609827.0652531667,111.20897889534331,1
myopic,3,22,2,6,0,0,91.99999988079071,12352.941175922751,5272.8924358819595,130.30444873511925,621815.0745212642,112.95137016244168,1
myopic,3,21,2,6,0,0,91.99999988079071,12352.941175922751,5172.17241855374,137.3563623312914,634451.8598393688,112.95137016244168,1
myopic,3,20,2,6,0,0,91.99999988079071,12352.941175922751,5070.139086371037,130.64957341579918,646471.6205780477,112.95137016244168,1
myopic,3,19,2,6,0,0,91.99999988079071,12352.941175922751,4970.158438550369,129.7525900958866,658408.8588514016,112.95137016244168,1
myopic,3,18,2,6,0,0,91.99999988079071,12352.941175922751,4868.6569567206425,137.34108079087432,671044.2382677897,117.40424760711261,1
myopic,3,17,2,6,0,0,91.99999988079071,12352.941175922751,4760.581707755953,129.9537532433952,682999.9835506903,117.40424760711261,1
myopic,3,16,2,6,0,0,91.99999988079071,12352.941175922751,4657.249180050122,126.83746432349528,694669.0302533318,117.43877695873326,1
myopic,3,15,2,6,0,0,91.99999988079071,12352.941175922751,4558.306182831285,135.86948271467185,707169.0226468847,117.79311858824813,1
myopic,3,14,2,6,0,0,91.99999988079071,12352.941175922751,4452.520922012984,146.76192327312913,720671.1195705172,118.13382576143007,1
myopic,3,13,2,6,0,0,91.99999988079071,12352.941175922751,4335.390837105747,147.4466355943413,734236.2100276196,118.13382576143007,1
myopic,3,12,2,6,0,0,91.99999988079071,12352.941175922751,4218.7876665098875,126.9773246112877,745918.1238767212,118.65148982084473,1
myopic,3,11,2,6,0,0,91.99999988079071,12352.941175922751,4117.674501297962,137.09243972836174,758530.6283153879,118.65148982084473,1
myopic,3,10,2,6,0,0,91.99999988079071,12352.941175922751,4009.072459323417,134.47898648617388,770902.6950560848,119.72247037978816,1
myopic,3,9,2,6,0,0,91.99999988079071,12352.941175922751,3901.2048569044637,144.36682659500585,784184.4430856154,119.9282594332441,1
myopic,3,8,2,6,0,0,91.99999988079071,12352.941175922751,3785.7335568039753,139.81066668422406,797047.0244038973,119.9282594332441,1
myopic,3,7,2,6,0,0,91.99999988079071,12352.941175922751,3673.212356090021,123.75629896553492,808432.6038939736,119.9282594332441,1
myopic,3,6,2,6,0,0,91.99999988079071,12352.941175922751,3573.045452706706,112.83054050431528,818813.0136069201,119.9282594332441,1
myopic,3,5,2,6,0,0,91.99999988079071,12352.941175922751,3480.1659651551954,123.6712951023032,830190.7727415892,111.6350613497792,1
myopic,3,4,2,6,0,0,91.99999988079071,12352.941175922751,3377.5579049295193,115.32166335564352,840800.365756561,105.31132169984018,1
myopic,3,3,2,6,0,0,91.99999988079071,12352.941175922751,3279.792323403377,108.97484195856563,850826.0512037582,100.66337802387262,1
myopic,3,2,2,6,0,0,91.99999988079071,12352.941175922751,3187.5368751361266,96.97305997221096,859747.5727096415,97.45860423514522,1
myopic,3,1,2,6,0,0,91.99999988079071,12352.941175922751,3105.4126069827234,97.90616511074309,868754.9398881586,90.48681714092218,1
myopic,4,100,6,12,1,1,91.99999988079071,12352.941175922751,10000.0,143.97290051245665,13245.506829983104,119.21816460837967,0
myopic,4,99,6,12,1,1,91.99999988079071,12352.941175922751,9895.167725632436,117.5319302246499,24058.444396639996,119.21816460837967,0
myopic,4,98,6,12,1,1,91.99999988079071,12352.941175922751,9810.234953516454,127.06759012988162,35748.66267344147,119.21816460837967,0
myopic,4,97,6,12,1,1,91.99999988079071,12352.941175922751,9718.119462678475,119.18979778429765,46714.12405538832,120.48841230422327,0
myopic,4,96,6,12,1,1,91.99999988079071,12352.941175922751,9631.510747997365,135.09974670710463,59143.3007363368,120.48841230422327,0
myopic,4,95,6,12,1,1,91.99999988079071,12352.941175922751,9531.56765180177,135.7498594889802,71632.28779314033,121.5480831964681,0
myopic,4,94,6,12,1,1,91.99999988079071,12352.941175922751,9432.355353292194,121.80637925017251,82838.47466963576,121.5480831964681,0
myopic,4,93,6,12,1,1,91.99999988079071,12352.941175922751,9341.323049626719,119.51918898213836,93834.24004174469,122.03586911981081,0
myopic,4,92,6,12,1,1,91.99999988079071,12352.941175922751,9253.11929526304,132.20512085481397,105997.1111446275,123.03316904179233,0
myopic,4,91,6,12,1,1,91.99999988079071,12352.941175922751,9157.946382937129,131.17228969662256,118064.96178107982,123.03316904179233,0
myopic,4,90,6,12,1,1,91.99999988079071,12352.941175922751,9063.13114845726,139.46408252204674,130895.65735648271,124.47314745072495,0
myopic,4,89,6,12,1,1,91.99999988079071,12352.941175922751,8961.435383011536,148.57614404665406,144564.66259106324,124.47314745072495,0
myopic,4,88,6,12,1,1,91.99999988079071,12352.941175922751,8855.533236076693,138.57007183247532,157313.10918313212,124.74048774082162,0
myopic,4,87,6,12,1,1,91.99999988079071,12352.941175922751,8755.310948448521,144.8016943294666,170634.86504418135,126.45503592053535,0
myopic,4,86,6,12,1,1,91.99999988079071,12352.941175922751,8652.281696621229,137.3816155765993,183273.97366085133,126.45503592053535,0
myopic,4,85,6,12,1,1,91.99999988079071,12352.941175922751,8551.20243908516,131.36678433212361,195359.71780374658,127.85690711176491,0
myopic,4,84,6,12,1,1,91.99999988079071,12352.941175922751,8453.488624560572,144.67064043704158,208669.41670670832,130.6942817674587,0
myopic,4,83,6,12,1,1,91.99999988079071,12352.941175922751,8345.722075711232,150.9144118734905,222553.54258107903,130.6942817674587,0
myopic,4,82,6,12,1,1,91.99999988079071,12352.941175922751,8236.024504254108,137.25121225915788,235180.65409255994,130.6942817674587,0
myopic,4,81,6,12,1,1,91.99999988079071,12352.941175922751,8135.086716539681,149.61725612997927,248945.44163868227,131.0525347945274,0
myopic,4,80,6,12,1,1,91.99999988079071,12352.941175922751,8023.442047286195,141.95333814869608,262005.14873144016,131.0525347945274,0
myopic,4,79,6,12,1,1,91.99999988079071,12352.941175922751,7919.33945593206,141.24823379303334,274999.9862235611,134.69965047598188,0
myopic,4,78,6,12,1,1,91.99999988079071,12352.941175922751,7815.5894999593875,147.20363641047317,288542.7207557766,134.69965047598188,0
myopic,4,77,6,12,1,1,91.99999988079071,12352.941175922751,7706.683016648509,167.23200977674006,303928.0656353011,136.04655404778723,0
myopic,4,76,6,12,1,1,91.99999988079071,12352.941175922751,7583.402712117548,148.4572990925246,317586.1371341159,137.5612169999776,0
myopic,4,75,6,12,1,1,91.99999988079071,12352.941175922751,7472.464685143377,143.14250150419898,330755.2472554383,137.5612169999776,0
myopic,4,74,6,12,1,1,91.99999988079071,12352.941175922751,7366.475923826965,151.70930277726805,344712.5030928618,137.5612169999776,0
myopic,4,73,6,12,1,1,91.99999988079071,12352.941175922751,7252.37983517099,141.0746360580059,357691.36959338095,138.32368132308972,0
myopic,4,72,6,12,1,1,91.99999988079071,12352.941175922751,7145.397198712037,148.78309600076713,371379.4144077152,138.32368132308972,0
myopic,4,71,6,12,1,1,91.99999988079071,12352.941175922751,7034.036649335955,158.37946135945603,385950.32483390486,138.32368132308972,0
myopic,4,70,6,12,1,1,91.99999988079071,12352.941175922751,6914.622510913804,163.4977180782617,400992.1148776145,138.32368132308972,0
myopic,4,69,6,12,1,1,91.99999988079071,12352.941175922751,6791.916688700312,157.79250722911792,415509.025523883,141.44513027967048,0
myopic,4,68,6,12,1,1,91.99999988079071,12352.941175922751,6673.1247575273665,149.98369093462128,429307.5250719887,144.11442869521588,0
myopic,4,67,6,12,1,1,91.99999988079071,12352.941175922751,6558.854685387759,153.43871970366482,443423.88726643455,144.11442869521588,0
myopic,4,66,6,12,1,1,91.99999988079071,12352.941175922751,6445.342412159152,176.09307994030127,459624.45059995033,145.6585852960098,0
myopic,4,65,6,12,1,1,91.99999988079071,12352.941175922751,6312.9698418846165,150.20881071415346,473443.6611677462,145.6585852960098,0
myopic,4,64,6,12,1,1,91.99999988079071,12352.941175922751,6197.254253467846,158.87473482768516,488060.13675295387,145.6585852960098,0
myopic,4,63,6,12,1,1,91.99999988079071,12352.941175922751,6075.770429072185,154.87652603630613,502308.7771298313,147.36536096010775,0
myopic,4,62,6,12,1,1,91.99999988079071,12352.941175922751,5959.016412138579,148.0181636526664,515926.44816823147,147.36536096010775,0
myopic,4,61,6,12,1,1,91.99999988079071,12352.941175922751,5849.685451119963,181.7428363570892,532646.7890914183,147.3781006109956,0
myopic,4,60,6,12,1,1,91.99999988079071,12352.941175922751,5711.993908999605,196.1948713974606,550696.7172365964,172.95101534140753,0
myopic,4,59,6,12,1,1,91.99999988079071,12352.941175922751,5558.919597991108,188.24468541598915,568015.2282724269,173.18520571918685,0
myopic,4,58,6,12,1,1,91.99999988079071,12352.941175922751,5414.059193222674,191.66486170885884,585648.3955267937,179.28794627762093,0
myopic,4,57,6,12,1,1,91.99999988079071,12352.941175922751,5268.342315699741,184.65005643036812,602636.2006963756,179.28794627762093,0
myopic,4,56,6,12,1,1,91.99999988079071,12352.941175922751,5130.095319622775,192.70541298502835,620365.0986680259,179.28794627762093,0
myopic,4,55,6,12,1,1,91.99999988079071,12352.941175922751,4985.04761013564,198.90466268202047,638664.3276110606,181.50830068228348,0
myopic,4,54,6,12,1,1,91.99999988079071,12352.941175922751,4834.1602316909975,208.93867439741553,657886.6856307153,181.50830068228348,0
myopic,4,53,6,12,1,1,91.99999988079071,12352.941175922751,4673.766722351484,200.25500332149014,676310.1459124201,181.50830068228348,0
myopic,4,52,6,12,1,1,91.99999988079071,12352.941175922751,4518.091485174781,205.5244909122209,695218.399051844,181.50830068228348,0
myopic,4,51,6,12,1,1,91.99999988079071,12352.941175922751,4360.182496755195,210.30086440300255,714566.0785518504,183.74050410317923,0
myopic,4,50,6,12,1,1,91.99999988079071,12352.941175922751,4198.507681507329,220.47636371886796,734849.9039877034,192.542564800098,0
myopic,4,49,6,12,1,1,91.99999988079071,12352.941175922751,4026.9913998437687,214.7899317336754,754610.5776815965,193.30528083385084,0
myopic,4,48,6,12,1,1,91.99999988079071,12352.941175922751,3859.6088813192346,211.57568463181644,774075.5406425018,193.30528083385084,0
myopic,4,47,6,12,1,1,91.99999988079071,12352.941175922751,3694.990503320587,204.63328171889654,792901.8025362461,197.01820323067741,0
myopic,4,46,6,12,1,1,91.99999988079071,12352.941175922751,3534.088003271656,216.65233709357847,812833.8175230284,197.01820323067741,0
myopic,4,45,6,12,1,1,91.99999988079071,12352.941175922751,3365.5862939852314,221.37367130198854,833200.1952564215,197.01820323067741,0
myopic,4,44,6,12,1,1,91.99999988079071,12352.941175922751,3193.4998287211847,214.54573745629716,852938.403076825,197.60821190962048,0
myopic,4,43,6,12,1,1,91.99999988079071,12352.941175922751,3024.2668257935284,217.50460590130402,872948.8267938164,197.60821190962048,0
myopic,4,42,6,12,1,1,91.99999988079071,12352.941175922751,2856.3852432919575,223.82879036881747,893541.0754810651,197.60821190962048,0
myopic,4,41,6,12,1,1,91.99999988079071,12352.941175922751,2684.9876830925296,233.55665854046916,915028.2880389461,201.0148893750271,0
myopic,4,40,6,12,1,1,91.99999988079071,12352.941175922751,2502.5012248558287,220.67938987015583,935330.7918806934,201.0148893750271,0
myopic,4,39,6,12,1,1,91.99999988079071,12352.941175922751,2325.4581797372184,245.36746421471082,957904.5985591967,201.0148893750271,0
myopic,4,38,6,12,1,1,91.99999988079071,12352.941175922751,2132.445692869237,233.15246638641685,979354.625438953,208.16928401824555,0
myopic,4,37,6,12,1,1,91.99999988079071,12352.941175922751,1946.8465047623777,242.08827414486646,1001626.7466314216,208.16928401824555,0
myopic,4,36,6,12,1,1,91.99999988079071,12352.941175922751,1756.2236991300524,229.7141878044989,1022760.4518820514,208.605935944052,0
myopic,4,35,6,12,1,1,91.99999988079071,12352.941175922751,1572.4680934699645,230.78850851371035,1043992.9946378006,208.605935944052,0
myopic,4,34,6,12,1,1,91.99999988079071,12352.941175922751,1388.3694416467952,233.51098230071133,1065476.0049816293,208.605935944052,0
myopic,4,33,6,12,1,1,91.99999988079071,12352.941175922751,1205.4924796485684,221.76057799854178,1085877.9781310593,208.605935944052,0
myopic,4,32,6,12,1,1,91.99999988079071,12352.941175922751,1034.639381525123,231.46171538953251,1107172.455919304,208.605935944052,0
myopic,4,31,6,12,1,1,91.99999988079071,12352.941175922751,847.9140686877545,226.6000423384704,1128019.6597874304,213.0863875168285,0
myopic,4,30,6,12,1,1,91.99999988079071,12352.941175922751,664.939397698261,255.20159573412423,1151498.2065645475,214.84826275598544,0
myopic,4,29,6,12,1,1,91.99999988079071,10000.0,461.0339693391343,0.0,1151498.2065645475,225.55221352890493,0
myopic,4,28,6,12,1,1,91.99999988079071,10000.0,461.0339693391343,0.0,1151498.2065645475,225.55221352890493,0
myopic,4,27,6,12,1,1,91.99999988079071,10000.0,461.0339693391343,0.0,1151498.2065645475,225.97295172837198,0
myopic,4,26,6,12,1,1,91.99999988079071,10000.0,461.0339693391343,0.0,1151498.2065645475,225.97295172837198,0
myopic,4,25,6,12,1,1,91.99999988079071,10000.0,461.0339693391343,0.0,1151498.2065645475,230.19559885154544,0
myopic,4,24,6,12,1,1,91.99999988079071,10000.0,461.0339693391343,0.0,1151498.2065645475,233.6670386321828,0
myopic,4,23,6,12,1,1,91.99999988079071,10000.0,461.0339693391343,0.0,1151498.2065645475,235.30679756566138,0
myopic,4,22,6,12,1,1,91.99999988079071,10000.0,461.0339693391343,0.0,1151498.2065645475,238.1271749969102,0
myopic,4,21,6,12,1,1,91.99999988079071,10000.0,461.0339693391343,0.0,1151498.2065645475,238.1271749969102,0
myopic,4,20,6,12,1,1,91.99999988079071,10000.0,461.0339693391343,0.0,1151498.2065645475,238.1271749969102,0
myopic,4,19,6,12,1,1,91.99999988079071,10000.0,461.0339693391343,0.0,1151498.2065645475,238.1271749969102,0
myopic,4,18,6,12,1,1,91.99999988079071,10000.0,461.0339693391343,0.0,1151498.2065645475,244.15619931843952,0
myopic,4,17,6,12,1,1,91.99999988079071,10000.0,461.0339693391343,0.0,1151498.2065645475,244.15619931843952,0
myopic,4,16,6,12,1,1,91.99999988079071,10000.0,461.0339693391343,0.0,1151498.2065645475,246.45447097887347,0
myopic,4,15,6,12,1,1,91.99999988079071,10000.0,461.0339693391343,0.0,1151498.2065645475,249.0993376403336,0
myopic,4,14,6,12,1,1,91.99999988079071,10000.0,461.0339693391343,0.0,1151498.2065645475,251.01425215790965,0
myopic,4,13,6,12,1,1,91.99999988079071,10000.0,461.0339693391343,0.0,1151498.2065645475,251.46554524240713,0
myopic,4,12,6,12,1,1,91.99999988079071,10000.0,461.0339693391343,0.0,1151498.2065645475,252.18470229434556,0
myopic,4,11,6,12,1,1,91.99999988079071,10000.0,461.0339693391343,0.0,1151498.2065645475,252.18470229434556,0
myopic,4,10,6,12,1,1,91.99999988079071,10000.0,461.0339693391343,0.0,1151498.2065645475,253.3217479726484,0
myopic,4,9,6,12,1,1,91.99999988079071,10000.0,461.0339693391343,0.0,1151498.2065645475,253.3217479726484,0
myopic,4,8,6,12,1,1,91.99999988079071,10000.0,461.0339693391343,0.0,1151498.2065645475,253.3217479726484,0
myopic,4,7,6,12,1,1,91.99999988079071,10000.0,461.0339693391343,0.0,1151498.2065645475,253.3217479726484,0
myopic,4,6,6,12,1,1,91.99999988079071,10000.0,461.0339693391343,0.0,1151498.2065645475,253.3217479726484,0
myopic,4,5,6,12,1,1,91.99999988079071,10000.0,461.0339693391343,0.0,1151498.2065645475,227.42353435458372,0
myopic,4,4,6,12,1,1,91.99999988079071,10000.0,461.0339693391343,0.0,1151498.2065645475,223.80390014802688,0
myopic,4,3,6,12,1,1,91.99999988079071,10000.0,461.0339693391343,0.0,1151498.2065645475,212.94074769604768,0
myopic,4,2,6,12,1,1,91.99999988079071,10000.0,461.0339693391343,0.0,1151498.2065645475,199.91705650403023,0
myopic,4,1,6,12,1,1,91.99999988079071,10000.0,461.0339693391343,0.0,1151498.2065645475,192.4570690769313,0
myopic,5,100,1,6,0,0,91.99999988079071,12352.941175922751,10000.0,67.73604413137916,6231.716052012117,53.51064944791461,1
myopic,5,99,1,6,0,0,91.99999988079071,12352.941175922751,9955.987539579224,54.226493307172156,11220.553429807653,53.51064944791461,1
myopic,5,98,1,6,0,0,91.99999988079071,12352.941175922751,9921.28687659547,66.85387919205519,17371.110307507126,53.51064944791461,1
myopic,5,97,1,6,0,0,91.99999988079071,12352.941175922751,9876.58971040187,63.39645990985687,23203.58461165651,55.53276728716988,1
myopic,5,96,1,6,0,0,91.99999988079071,12352.941175922751,9836.268528659923,53.912320627291166,28163.51810294045,55.852472283942966,1
myopic,5,95,1,6,0,0,91.99999988079071,12352.941175922751,9800.156889095424,63.20150179484874,33978.05626053233,56.18471002774361,1
myopic,5,94,1,6,0,0,91.99999988079071,12352.941175922751,9760.252577045505,60.908872728243665,39581.672544269844,56.18471002774361,1
myopic,5,93,1,6,0,0,91.99999988079071,12352.941175922751,9721.313656286147,57.28194420772963,44851.61140455243,56.18471002774361,1
myopic,5,92,1,6,0,0,91.99999988079071,12352.941175922751,9684.175382464304,56.60974198716412,50059.70766062312,56.85789131285237,1
myopic,5,91,1,6,0,0,91.99999988079071,12352.941175922751,9646.733585794227,62.90965445069834,55847.39586258795,56.85789131285237,1
myopic,5,90,1,6,0,0,91.99999988079071,12352.941175922751,9605.9186112036,66.69144483855759,61983.008779785014,57.85980122566746,1
myopic,5,89,1,6,0,0,91.99999988079071,12352.941175922751,9561.485566512369,50.27015525485523,66607.86305723902,57.85980122566746,1
myopic,5,88,1,6,0,0,91.99999988079071,12352.941175922751,9528.585160822264,56.8791941726909,71840.74891434606,57.85980122566746,1
myopic,5,87,1,6,0,0,91.99999988079071,12352.941175922751,9491.253928663167,54.40982304701214,76846.45262818501,59.05581472314141,1
myopic,5,86,1,6,0,0,91.99999988079071,12352.941175922751,9455.371541995395,64.7129190839783,82800.04117619664,59.05581472314141,1
myopic,5,85,1,6,0,0,91.99999988079071,12352.941175922751,9412.887375910717,56.63259297136888,88010.23972281144,59.321172379079584,1
myopic,5,84,1,6,0,0,91.99999988079071,12352.941175922751,9375.720415650121,56.28537379876518,93188.49410558809,59.321172379079584,1
myopic,5,83,1,6,0,0,91.99999988079071,12352.941175922751,9339.39390187299,66.81429087200999,99335.40885784813,59.321172379079584,1
myopic,5,82,1,6,0,0,91.99999988079071,12352.941175922751,9296.007653819253,74.77101913993695,106214.34260980893,59.321172379079584,1
myopic,5,81,1,6,0,0,91.99999988079071,12352.941175922751,9245.761054801998,49.42611679091284,110761.54534868085,59.67942540614826,1
myopic,5,80,1,6,0,0,91.99999988079071,12352.941175922751,9212.754617390307,57.104905318130804,116015.19663114146,59.67942540614826,1
myopic,5,79,1,6,0,0,91.99999988079071,12352.941175922751,9174.727771538091,66.757323240978,122156.87036135334,60.144742931333404,1
myopic,5,78,1,6,0,0,91.99999988079071,12352.941175922751,9131.879795272336,65.74086014592143,128205.02948694119,60.59148468407464,1
myopic,5,77,1,6,0,0,91.99999988079071,12352.941175922751,9088.20493515835,75.30424459079234,135133.01998031713,61.68635059106254,1
myopic,5,76,1,6,0,0,91.99999988079071,12352.941175922751,9038.957652609144,73.51257551881307,141896.17691928454,61.68635059106254,1
myopic,5,75,1,6,0,0,91.99999988079071,12352.941175922751,8990.736577979982,64.95791319444825,147872.3049254302,61.68635059106254,1
myopic,5,74,1,6,0,0,91.99999988079071,12352.941175922751,8947.85671919089,79.33512050452609,155171.1360023891,61.68635059106254,1
myopic,5,73,1,6,0,0,91.99999988079071,12352.941175922751,8894.079035750157,87.19913021591441,163193.4559718583,61.811377832783585,1
myopic,5,72,1,6,0,0,91.99999988079071,12352.941175922751,8834.81119412519,76.56680036580845,170237.60159638518,61.811377832783585,1
myopic,5,71,1,6,0,0,91.99999988079071,12352.941175922751,8782.52050718235,64.95396620877862,176213.3664798497,63.69238905560433,1
myopic,5,70,1,6,0,0,91.99999988079071,12352.941175922751,8738.78189029821,80.60996943801206,183629.48365853736,63.69238905560433,1
myopic,5,69,1,6,0,0,91.99999988079071,12352.941175922751,8684.73409417363,72.21548540010521,190273.30830673827,63.69238905560433,1
myopic,5,68,1,6,0,0,91.99999988079071,12352.941175922751,8635.916904713335,75.57882109243833,197226.5598382329,64.51194257070377,1
myopic,5,67,1,6,0,0,91.99999988079071,12352.941175922751,8585.058143202776,71.14252461896484,203771.6720946968,64.51194257070377,1
myopic,5,66,1,6,0,0,91.99999988079071,12352.941175922751,8536.597863872863,73.1856048369141,210504.74773096852,66.02319309723785,1
myopic,5,65,1,6,0,0,91.99999988079071,12352.941175922751,8487.642228058166,79.52768407453519,217821.29465634533,66.02319309723785,1
myopic,5,64,1,6,0,0,91.99999988079071,12352.941175922751,8434.789960001246,62.752495338591416,223594.52422001507,66.02319309723785,1
myopic,5,63,1,6,0,0,91.99999988079071,12352.941175922751,8393.005778063072,80.09719796048535,230963.46642283138,66.02319309723785,1
myopic,5,62,1,6,0,0,91.99999988079071,12352.941175922751,8338.674609513346,64.6420328385807,236910.53343627488,66.02319309723785,1
myopic,5,61,1,6,0,0,91.99999988079071,12352.941175922751,8295.3713300525,96.72273871696669,245809.02538670556,66.0678136608015,1
myopic,5,60,1,6,0,0,91.99999988079071,12352.941175922751,8230.371133273944,83.17706393648629,253461.31525894682,85.17672399217258,1
myopic,5,59,1,6,0,0,91.99999988079071,12352.941175922751,8172.7211048090485,83.78002779972687,261169.07780653433,85.17672399217258,1
myopic,5,58,1,6,0,0,91.99999988079071,12352.941175922751,8115.476678219447,93.29959729449526,269752.6407465057,85.17672399217258,1
myopic,5,57,1,6,0,0,91.99999988079071,12352.941175922751,8051.757906531849,92.92093792450385,278301.36702448304,85.17672399217258,1
myopic,5,56,1,6,0,0,91.99999988079071,12352.941175922751,7986.279947779114,91.95625913205328,286761.3428536699,85.17672399217258,1
myopic,5,55,1,6,0,0,91.99999988079071,12352.941175922751,7924.185886967567,81.39744671121804,294249.9079413986,87.67464619283565,1
myopic,5,54,1,6,0,0,91.99999988079071,12352.941175922751,7868.070700107339,93.27335626947763,302831.0567070715,87.67464619283565,1
myopic,5,53,1,6,0,0,91.99999988079071,12352.941175922751,7803.139422810016,92.73998656477085,311363.13545997493,87.67464619283565,1
myopic,5,52,1,6,0,0,91.99999988079071,12352.941175922751,7739.282123119591,92.14541706147602,319840.51381864614,88.00542260216963,1
myopic,5,51,1,6,0,0,91.99999988079071,12352.941175922751,7675.764694765892,99.19775669480426,328966.70742274285,89.3393639748758,1
myopic,5,50,1,6,0,0,91.99999988079071,12352.941175922751,7607.093277779091,99.30395239827196,338102.6710315459,89.3393639748758,1
myopic,5,49,1,6,0,0,91.99999988079071,12352.941175922751,7535.67275080788,102.33336278198745,347517.34039528965,89.87264365606573,1
myopic,5,48,1,6,0,0,91.99999988079071,12352.941175922751,7466.084206812382,112.36865426051676,357855.2565738618,89.87264365606573,1
myopic,5,47,1,6,0,0,91.99999988079071,12352.941175922751,7386.894661571914,93.61304776088456,366467.65695670363,89.87264365606573,1
myopic,5,46,1,6,0,0,91.99999988079071,12352.941175922751,7320.206809391531,101.32853852656757,375789.88248906855,92.28499445299059,1
myopic,5,45,1,6,0,0,91.99999988079071,12352.941175922751,7249.675820890375,96.70211903363233,384686.47742863494,92.32417290804567,1
myopic,5,44,1,6,0,0,91.99999988079071,12352.941175922751,7182.679195735916,102.15514230901996,394084.75050888694,92.85601305134094,1
myopic,5,43,1,6,0,0,91.99999988079071,12352.941175922751,7109.305377828552,99.16977364665023,403208.3696725568,92.85601305134094,1
myopic,5,42,1,6,0,0,91.99999988079071,12352.941175922751,7038.652166588308,117.62459822861736,414029.8326955677,92.85601305134094,1
myopic,5,41,1,6,0,0,91.99999988079071,12352.941175922751,6956.976524507658,104.67960838980306,423660.35665495077,93.6308664821853,1
myopic,5,40,1,6,0,0,91.99999988079071,12352.941175922751,6882.975478726103,94.14538099979237,432321.73169570864,93.6308664821853,1
myopic,5,39,1,6,0,0,91.99999988079071,12352.941175922751,6817.099147562308,104.04969880430232,441894.3039733008,93.6308664821853,1
myopic,5,38,1,6,0,0,91.99999988079071,12352.941175922751,6742.338518835151,99.91926138368098,451086.8760086881,95.04742683727991,1
myopic,5,37,1,6,0,0,91.99999988079071,12352.941175922751,6670.823262427835,109.9496491851029,461202.24372061057,95.04742683727991,1
myopic,5,36,1,6,0,0,91.99999988079071,12352.941175922751,6591.6512081885085,111.12134146755237,471425.4071223787,95.04742683727991,1
myopic,5,35,1,6,0,0,91.99999988079071,12352.941175922751,6511.251230383275,108.0760253550709,481368.4014421616,95.04742683727991,1
myopic,5,34,1,6,0,0,91.99999988079071,12352.941175922751,6431.305355223324,109.15735493916576,491410.8780835523,95.04742683727991,1
myopic,5,33,1,6,0,0,91.99999988079071,12352.941175922751,6352.374230992286,111.99916054629006,501714.80084045965,95.04742683727991,1
myopic,5,32,1,6,0,0,91.99999988079071,12352.941175922751,6272.576741354768,108.76036004117958,511720.75395128294,97.00694341239463,1
myopic,5,31,1,6,0,0,91.99999988079071,12352.941175922751,6192.758800342173,116.50829192801761,522439.5167947717,101.69890345053383,1
myopic,5,30,1,6,0,0,91.99999988079071,12352.941175922751,6106.126293865664,115.26957395402921,533044.3175848012,101.69890345053383,1
myopic,5,29,1,6,0,0,91.99999988079071,12352.941175922751,6024.14201351359,130.7637651696894,545074.5839648244,105.09652333242514,1
myopic,5,28,1,6,0,0,91.99999988079071,12352.941175922751,5927.055702788093,107.17701932106897,554934.8697295863,105.09652333242514,1
myopic,5,27,1,6,0,0,91.99999988079071,12352.941175922751,5846.968261111911,115.90614118013016,565598.2347043412,105.51726153189219,1
myopic,5,26,1,6,0,0,91.99999988079071,12352.941175922751,5764.361233114778,115.95405624603039,576266.0078651531,105.51726153189219,1
myopic,5,25,1,6,0,0,91.99999988079071,12352.941175922751,5679.638698848994,133.63319705180663,588560.261977989,108.86577323146005,1
myopic,5,24,1,6,0,0,91.99999988079071,12352.941175922751,5582.161002050332,119.85610230534705,599587.023375793,110.31606898852215,1
myopic,5,23,1,6,0,0,91.99999988079071,12352.941175922751,5493.760906390298,120.76291975579622,610697.2119789302,111.20897889534331,1
myopic,5,22,1,6,0,0,91.99999988079071,12352.941175922751,5405.313473010314,125.54739713181974,622247.5725000912,112.95137016244168,1
myopic,5,21,1,6,0,0,91.99999988079071,12352.941175922751,5310.344214786728,128.78652306898834,634095.9326070856,112.95137016244168,1
myopic,5,20,1,6,0,0,91.99999988079071,12352.941175922751,5215.436020672,114.5961758023208,644638.7807672381,112.95137016244168,1
myopic,5,19,1,6,0,0,91.99999988079071,12352.941175922751,5129.359898966658,123.0224142363534,655956.8428623172,112.95137016244168,1
myopic,5,18,1,6,0,0,91.99999988079071,12352.941175922751,5037.661844575335,115.23749891462224,666558.6927487251,117.40424760711261,1
myopic,5,17,1,6,0,0,91.99999988079071,12352.941175922751,4948.445553141602,136.0458529350963,679074.911202536,117.40424760711261,1
myopic,5,16,1,6,0,0,91.99999988079071,12352.941175922751,4846.837865257155,136.36694027558076,691620.6696916332,117.43877695873326,1
myopic,5,15,1,6,0,0,91.99999988079071,12352.941175922751,4741.3226139342605,110.35824640610605,701773.6283478392,117.79311858824813,1
myopic,5,14,1,6,0,0,91.99999988079071,12352.941175922751,4657.726323620603,126.37088745851406,713399.7499789579,118.13382576143007,1
myopic,5,13,1,6,0,0,91.99999988079071,12352.941175922751,4560.053102078857,129.0703096349716,725274.218449989,118.13382576143007,1
myopic,5,12,1,6,0,0,91.99999988079071,12352.941175922751,4461.020128581422,129.57506190080093,737195.1241294161,118.65148982084473,1
myopic,5,11,1,6,0,0,91.99999988079071,12352.941175922751,4358.6347236512975,148.4956714657443,750856.7258865625,118.65148982084473,1
myopic,5,10,1,6,0,0,91.99999988079071,12352.941175922751,4244.091575584717,124.03142056439083,762267.6165637007,119.72247037978816,1
myopic,5,9,1,6,0,0,91.99999988079071,12352.941175922751,4144.424919581578,123.6034154448524,773639.1307698925,119.9282594332441,1
myopic,5,8,1,6,0,0,91.99999988079071,12352.941175922751,4048.1297230135824,131.73402458518422,785758.6610160255,119.9282594332441,1
myopic,5,7,1,6,0,0,91.99999988079071,12352.941175922751,3943.5908326062654,139.6736569058968,798608.6374347176,119.9282594332441,1
myopic,5,6,1,6,0,0,91.99999988079071,12352.941175922751,3832.1917051955843,115.37296282549173,809222.9500009093,119.9282594332441,1
myopic,5,5,1,6,0,0,91.99999988079071,12352.941175922751,3739.4444123290687,117.42054937248368,820025.6405291802,111.6350613497792,1
myopic,5,4,1,6,0,0,91.99999988079071,12352.941175922751,3643.1695546508954,110.20706407291877,830164.690410751,105.31132169984018,1
myopic,5,3,1,6,0,0,91.99999988079071,12352.941175922751,3554.807616018292,98.45447106606312,839222.5017370922,100.66337802387262,1
myopic,5,2,1,6,0,0,91.99999988079071,12352.941175922751,3472.9213679673194,94.852502059266,847948.9319152373,97.45860423514522,1
myopic,5,1,1,6,0,0,91.99999988079071,12352.941175922751,3395.143651831845,87.18265601188277,855969.7362579376,90.48681714092218,1
myopic,6,100,6,6,1,0,91.99999988079071,12352.941175922751,10000.0,82.84621430026206,7621.851705748071,94.22677816891029,0
myopic,6,99,6,6,1,0,91.99999988079071,12352.941175922751,9942.25996052771,111.38230428034439,17869.02368626195,94.22677816891029,0
myopic,6,98,6,6,1,0,91.99999988079071,12352.941175922751,9863.038275366212,109.82790543317437,27973.190973021483,94.22677816891029,0
myopic,6,97,6,6,1,0,91.99999988079071,12352.941175922751,9784.69744837809,107.26765576569613,37841.81529067823,95.43576480047696,0
myopic,6,96,6,6,1,0,91.99999988079071,12352.941175922751,9708.999177656953,107.53929583474559,47735.43049465514,95.75546979725004,0
myopic,6,95,6,6,1,0,91.99999988079071,12352.941175922751,9634.672094011303,99.3363626042754,56874.37584240666,96.81514068949487,0
myopic,6,94,6,6,1,0,91.99999988079071,12352.941175922751,9564.567036854103,101.46783272133595,66209.41644067367,96.81514068949487,0
myopic,6,93,6,6,1,0,91.99999988079071,12352.941175922751,9492.066532786506,117.80781483356829,77047.73539131816,96.81514068949487,0
myopic,6,92,6,6,1,0,91.99999988079071,12352.941175922751,9407.260063574167,107.26013138598523,86915.66746604239,98.05540323546752,0
myopic,6,91,6,6,1,0,91.99999988079071,12352.941175922751,9330.342355493778,101.64180368408965,96266.71339286199,98.05540323546752,0
myopic,6,90,6,6,1,0,91.99999988079071,12352.941175922751,9259.418280677111,109.5389732610212,106344.29891981787,99.3508655734912,0
myopic,6,89,6,6,1,0,91.99999988079071,12352.941175922751,9181.76163945022,96.3896471620254,115212.14644723367,99.3508655734912,0
myopic,6,88,6,6,1,0,91.99999988079071,12352.941175922751,9115.209233846199,113.31101613566264,125636.75991820691,99.61820586358787,0
myopic,6,87,6,6,1,0,91.99999988079071,12352.941175922751,9035.905253570423,120.1372453476073,136689.3864758653,100.79415033413501,0
myopic,6,86,6,6,1,0,91.99999988079071,12352.941175922751,8950.307469522888,114.46431661221449,147220.10359054382,100.79415033413501,0
myopic,6,85,6,6,1,0,91.99999988079071,12352.941175922751,8868.84779879992,119.17064047609132,158183.80250013797,102.19602152536453,0
myopic,6,84,6,6,1,0,91.99999988079071,12352.941175922751,8784.333323429037,120.69188765473882,169287.45614998636,102.19602152536453,0
myopic,6,83,6,6,1,0,91.99999988079071,12352.941175922751,8699.057121862696,110.20685799940287,179426.48707279374,102.19602152536453,0
myopic,6,82,6,6,1,0,91.99999988079071,12352.941175922751,8621.254006322897,117.18078011362647,190207.11882927833,102.19602152536453,0
myopic,6,81,6,6,1,0,91.99999988079071,12352.941175922751,8537.637743125464,105.50134860074492,199913.24288797012,102.5542745524332,0
myopic,6,80,6,6,1,0,91.99999988079071,12352.941175922751,8460.452301684418,112.47649224452988,210261.08016105863,102.5542745524332,0
myopic,6,79,6,6,1,0,91.99999988079071,12352.941175922751,8380.14966919669,118.53952265413031,221166.71623110762,105.27938350715478,0
myopic,6,78,6,6,1,0,91.99999988079071,12352.941175922751,8293.468509544124,115.68989168749476,231810.18625256582,105.27938350715478,0
myopic,6,77,6,6,1,0,91.99999988079071,12352.941175922751,8209.806249494643,119.3273940536377,242788.30649127555,106.63956259332332,0
myopic,6,76,6,6,1,0,91.99999988079071,12352.941175922751,8125.819957115631,124.87284943152093,254276.60862408948,108.15422554551367,0
myopic,6,75,6,6,1,0,91.99999988079071,12352.941175922751,8034.943204043013,116.61714114975466,265005.3855959651,108.15422554551367,0
myopic,6,74,6,6,1,0,91.99999988079071,12352.941175922751,7951.041136781633,106.77359763265119,274828.5565654406,108.15422554551367,0
myopic,6,73,6,6,1,0,91.99999988079071,12352.941175922751,7875.649538353912,115.65196716992652,285468.53753128706,108.37967750832935,0
myopic,6,72,6,6,1,0,91.99999988079071,12352.941175922751,7791.559652457323,115.02752985604133,296051.0702643305,108.37967750832935,0
myopic,6,71,6,6,1,0,91.99999988079071,12352.941175922751,7708.155454226203,126.52626550193507,307691.48667542543,108.37967750832935,0
myopic,6,70,6,6,1,0,91.99999988079071,12352.941175922751,7616.51543140011,126.80098161302816,319357.17696870817,108.37967750832935,0
myopic,6,69,6,6,1,0,91.99999988079071,12352.941175922751,7523.064670493544,115.16256087320176,329952.1325553143,111.50112646491013,0
myopic,6,68,6,6,1,0,91.99999988079071,12352.941175922751,7438.77102130719,110.05330901263495,340077.0369713573,114.17042488045551,0
myopic,6,67,6,6,1,0,91.99999988079071,12352.941175922751,7358.410190564688,129.0481328272009,351949.46517607605,114.17042488045551,0
myopic,6,66,6,6,1,0,91.99999988079071,12352.941175922751,7265.189485230447,118.80567131822704,362879.5869231902,116.26293387735014,0
myopic,6,65,6,6,1,0,91.99999988079071,12352.941175922751,7178.723614929773,124.14226641844509,374300.6754188883,116.26293387735014,0
myopic,6,64,6,6,1,0,91.99999988079071,12352.941175922751,7088.0701084280445,122.03238788352579,385527.6550896253,116.26293387735014,0
myopic,6,63,6,6,1,0,91.99999988079071,12352.941175922751,6998.351446948198,121.00799985467688,396660.3910618303,117.96970954144811,0
myopic,6,62,6,6,1,0,91.99999988079071,12352.941175922751,6910.175778564204,126.24000216794124,408274.4712462319,117.96970954144811,0
myopic,6,61,6,6,1,0,91.99999988079071,12352.941175922751,6816.331420427362,143.6121431385315,421486.7883978569,118.04371025661288,0
myopic,6,60,6,6,1,0,91.99999988079071,12352.941175922751,6711.525324725726,165.03737889956332,436670.22723694274,141.95045016902438,0
myopic,6,59,6,6,1,0,91.99999988079071,12352.941175922751,6591.276356593166,151.18521746774906,450579.267225953,141.95045016902438,0
myopic,6,58,6,6,1,0,91.99999988079071,12352.941175922751,6479.679574881624,158.78074323871905,465187.095584987,146.98995099620282,0
myopic,6,57,6,6,1,0,91.99999988079071,12352.941175922751,6361.554479072622,153.73786529647452,479330.9791739357,146.98995099620282,0
myopic,6,56,6,6,1,0,91.99999988079071,12352.941175922751,6247.862857695912,168.54314633295974,494836.9486164761,146.98995099620282,0
myopic,6,55,6,6,1,0,91.99999988079071,12352.941175922751,6121.8277803333285,154.36496586782,509038.5254579138,148.91799961184566,0
myopic,6,54,6,6,1,0,91.99999988079071,12352.941175922751,6005.737646109205,156.0085545606139,523391.31245889264,148.91799961184566,0
myopic,6,53,6,6,1,0,91.99999988079071,12352.941175922751,5892.268768104881,155.5775741594635,537704.449263017,148.91799961184566,0
myopic,6,52,6,6,1,0,91.99999988079071,12352.941175922751,5776.5670703012665,162.61645741011017,552665.1633253618,148.91799961184566,0
myopic,6,51,6,6,1,0,91.99999988079071,12352.941175922751,5655.045753252742,172.7515717305141,568558.3079039755,150.72146896463957,0
myopic,6,50,6,6,1,0,91.99999988079071,12352.941175922751,5525.929601025496,168.1767687203172,584030.5706061964,154.00250483209075,0
myopic,6,49,6,6,1,0,91.99999988079071,12352.941175922751,5397.997135710472,152.48472363006522,598059.1651619849,155.30382457501017,0
myopic,6,48,6,6,1,0,91.99999988079071,12352.941175922751,5286.494042332788,167.45979641839435,613465.4664125143,155.30382457501017,0
myopic,6,47,6,6,1,0,91.99999988079071,12352.941175922751,5163.071472291846,151.06748121772392,627363.6746665363,156.4916823109558,0
myopic,6,46,6,6,1,0,91.99999988079071,12352.941175922751,5050.9035103851365,165.8941172060801,642625.9334297195,156.4916823109558,0
myopic,6,45,6,6,1,0,91.99999988079071,12352.941175922751,4930.116971751692,180.1027231342714,659195.3839366026,156.83230445638512,0
myopic,6,44,6,6,1,0,91.99999988079071,12352.941175922751,4792.770033285865,183.1075885616244,676041.2820624439,158.05947025224935,0
myopic,6,43,6,6,1,0,91.99999988079071,12352.941175922751,4655.642472176657,174.4140769559544,692087.3771216,158.05947025224935,0
myopic,6,42,6,6,1,0,91.99999988079071,12352.941175922751,4525.7491704448885,178.14413184926912,708476.6372304963,158.05947025224935,0
myopic,6,41,6,6,1,0,91.99999988079071,12352.941175922751,4392.127343709013,179.77169909899402,725015.6335261733,161.03342439189663,0
myopic,6,40,6,6,1,0,91.99999988079071,12352.941175922751,4256.525396590165,184.7626927986792,742013.8012416264,161.03342439189663,0
myopic,6,39,6,6,1,0,91.99999988079071,12352.941175922751,4115.133739834558,189.41873078215085,759440.3244510038,161.03342439189663,0
myopic,6,38,6,6,1,0,91.99999988079071,12352.941175922751,3973.857255712749,164.9503154112887,774615.7534491788,163.78391687365212,0
myopic,6,37,6,6,1,0,91.99999988079071,12352.941175922751,3847.734439055079,175.36846221677968,790749.651952217,163.78391687365212,0
myopic,6,36,6,6,1,0,91.99999988079071,12352.941175922751,3713.4111401106647,182.37679051163062,807528.316657546,164.22056879945856,0
myopic,6,35,6,6,1,0,91.99999988079071,12352.941175922751,3573.7797666046554,187.3397719232445,824763.5756521518,164.22056879945856,0
myopic,6,34,6,6,1,0,91.99999988079071,12352.941175922751,3429.5185629278076,183.7653118322107,841669.9843188087,164.22056879945856,0
myopic,6,33,6,6,1,0,91.99999988079071,12352.941175922751,3289.9254723640424,193.78306596232224,859498.0263642416,164.22056879945856,0
myopic,6,32,6,6,1,0,91.99999988079071,12352.941175922751,3140.7878472503044,193.7527129481568,877323.2759323749,164.22056879945856,0
myopic,6,31,6,6,1,0,91.99999988079071,12352.941175922751,2991.0726142023286,195.96128898211882,895351.7144953693,168.70102037223506,0
myopic,6,30,6,6,1,0,91.99999988079071,12352.941175922751,2839.6135100276597,200.687277752629,913814.9440246874,169.5313551099291,0
myopic,6,29,6,6,1,0,91.99999988079071,12352.941175922751,2684.2088252700287,193.2769577191036,931596.4241118046,181.5204308117816,0
myopic,6,28,6,6,1,0,91.99999988079071,12352.941175922751,2535.322277200319,198.23193083141308,949833.7617246634,181.5204308117816,0
myopic,6,27,6,6,1,0,91.99999988079071,12352.941175922751,2381.5649268785273,191.54596698736918,967455.9906646673,181.94116901124866,0
myopic,6,26,6,6,1,0,91.99999988079071,12352.941175922751,2229.3158387757403,194.7114607181784,985369.4450275283,181.94116901124866,0
myopic,6,25,6,6,1,0,91.99999988079071,12352.941175922751,2077.9075355667756,226.7702563057228,1006232.3085806217,184.81972965388394,0
myopic,6,24,6,6,1,0,91.99999988079071,12352.941175922751,1901.7966093410223,215.5066354565537,1026058.9190169342,189.05835539811233,0
myopic,6,23,6,6,1,0,91.99999988079071,12352.941175922751,1731.8976978497667,208.98354047522773,1045285.4047157425,191.03935136353707,0
myopic,6,22,6,6,1,0,91.99999988079071,12352.941175922751,1570.1155076181676,198.2235105276891,1063521.9676606597,192.1968114158716,0
myopic,6,21,6,6,1,0,91.99999988079071,12352.941175922751,1414.0687836396955,214.0142342332968,1083211.2771846105,192.1968114158716,0
myopic,6,20,6,6,1,0,91.99999988079071,12352.941175922751,1248.8321570280787,211.87049063498495,1102703.3622977722,192.1968114158716,0
myopic,6,19,6,6,1,0,91.99999988079071,12352.941175922751,1082.2166471650216,224.23084243660233,1123332.5997752093,192.1968114158716,0
myopic,6,18,6,6,1,0,91.99999988079071,12352.941175922751,904.0579571185262,210.65776412392867,1142713.1140494985,198.05584899707483,0
myopic,6,17,6,6,1,0,91.99999988079071,12352.941175922751,737.1331388977051,219.97599756618925,1162950.9057993647,198.05584899707483,0
myopic,6,16,6,6,1,0,91.99999988079071,12352.941175922751,559.7503356611487,244.38431276390213,1185434.262544511,200.3541206575088,0
myopic,6,15,6,6,1,0,91.99999988079071,10000.0,363.67608060867315,0.0,1185434.262544511,200.70846228702368,0
myopic,6,14,6,6,1,0,91.99999988079071,10000.0,363.67608060867315,0.0,1185434.262544511,202.16814556654086,0
myopic,6,13,6,6,1,0,91.99999988079071,10000.0,363.67608060867315,0.0,1185434.262544511,202.16814556654086,0
myopic,6,12,6,6,1,0,91.99999988079071,10000.0,363.67608060867315,0.0,1185434.262544511,202.47826441075347,0
myopic,6,11,6,6,1,0,91.99999988079071,10000.0,363.67608060867315,0.0,1185434.262544511,202.47826441075347,0
myopic,6,10,6,6,1,0,91.99999988079071,10000.0,363.67608060867315,0.0,1185434.262544511,203.1428722162761,0
myopic,6,9,6,6,1,0,91.99999988079071,10000.0,363.67608060867315,0.0,1185434.262544511,203.1428722162761,0
myopic,6,8,6,6,1,0,91.99999988079071,10000.0,363.67608060867315,0.0,1185434.262544511,203.1428722162761,0
myopic,6,7,6,6,1,0,91.99999988079071,10000.0,363.67608060867315,0.0,1185434.262544511,203.1428722162761,0
myopic,6,6,6,6,1,0,91.99999988079071,10000.0,363.67608060867315,0.0,1185434.262544511,203.1428722162761,0
myopic,6,5,6,6,1,0,91.99999988079071,10000.0,363.67608060867315,0.0,1185434.262544511,184.9018914663731,0
myopic,6,4,6,6,1,0,91.99999988079071,10000.0,363.67608060867315,0.0,1185434.262544511,181.28225725981625,0
myopic,6,3,6,6,1,0,91.99999988079071,10000.0,363.67608060867315,0.0,1185434.262544511,172.60185591989207,0
myopic,6,2,6,6,1,0,91.99999988079071,10000.0,363.67608060867315,0.0,1185434.262544511,163.29379014865918,0
myopic,6,1,6,6,1,0,91.99999988079071,10000.0,363.67608060867315,0.0,1185434.262544511,155.83380272156026,0
myopic,7,100,6,12,1,1,91.99999988079071,12352.941175922751,10000.0,128.47000573842934,11819.240512620681,119.21816460837967,0
myopic,7,99,6,12,1,1,91.99999988079071,12352.941175922751,9908.869925629784,127.02574229995328,23505.608789073733,119.21816460837967,0
myopic,7,98,6,12,1,1,91.99999988079071,12352.941175922751,9818.789732395153,132.53644887856828,35698.96207010244,119.21816460837967,0
myopic,7,97,6,12,1,1,91.99999988079071,12352.941175922751,9721.751648972759,128.11764790937812,47485.78566249242,120.48841230422327,0
myopic,7,96,6,12,1,1,91.99999988079071,12352.941175922751,9630.213001996593,137.13543575868658,60102.24573594377,120.48841230422327,0
myopic,7,95,6,12,1,1,91.99999988079071,12352.941175922751,9530.825385381026,134.06001334918818,72435.76694808788,121.5480831964681,0
myopic,7,94,6,12,1,1,91.99999988079071,12352.941175922751,9435.231014210607,133.51729815018018,84719.35836198795,121.5480831964681,0
myopic,7,93,6,12,1,1,91.99999988079071,12352.941175922751,9337.82242741896,124.0906370675241,96135.6969574074,122.03586911981081,0
myopic,7,92,6,12,1,1,91.99999988079071,12352.941175922751,9248.547509119162,119.63457152739801,107142.07752366646,123.03316904179233,0
myopic,7,91,6,12,1,1,91.99999988079071,12352.941175922751,9163.368590310978,121.68868948172096,118337.43694147837,123.03316904179233,0
myopic,7,90,6,12,1,1,91.99999988079071,12352.941175922751,9075.351334866882,126.2829979325052,129955.47273621474,124.47314745072495,0
myopic,7,89,6,12,1,1,91.99999988079071,12352.941175922751,8983.293067305598,137.96958343537702,142648.67439582216,124.47314745072495,0
myopic,7,88,6,12,1,1,91.99999988079071,12352.941175922751,8883.197827550597,118.46064186323804,153547.05343311845,124.74048774082162,0
myopic,7,87,6,12,1,1,91.99999988079071,12352.941175922751,8797.556844518871,138.20671198659355,166262.07091940954,126.45503592053535,0
myopic,7,86,6,12,1,1,91.99999988079071,12352.941175922751,8696.652395719371,127.89008425335199,178027.95865547223,126.45503592053535,0
myopic,7,85,6,12,1,1,91.99999988079071,12352.941175922751,8603.89249567726,135.4127803796413,190485.93443425678,127.85690711176491,0
myopic,7,84,6,12,1,1,91.99999988079071,12352.941175922751,8505.995139582732,151.72812199118306,204444.92163935822,130.6942817674587,0
myopic,7,83,6,12,1,1,91.99999988079071,12352.941175922751,8396.16377009299,142.98075936453026,217599.15148385038,130.6942817674587,0
myopic,7,82,6,12,1,1,91.99999988079071,12352.941175922751,8290.246015702902,138.96477486032776,230383.91075443465,130.6942817674587,0
myopic,7,81,6,12,1,1,91.99999988079071,12352.941175922751,8188.463110728248,144.51729146827003,243679.5015522877,131.0525347945274,0
myopic,7,80,6,12,1,1,91.99999988079071,12352.941175922751,8082.240895344531,137.830370503024,256359.89562213523,131.0525347945274,0
myopic,7,79,6,12,1,1,91.99999988079071,12352.941175922751,7980.790716340649,158.50140448829785,270942.0248161638,134.69965047598188,0
myopic,7,78,6,12,1,1,91.99999988079071,12352.941175922751,7866.50058043957,155.98208493516375,285292.37661160436,134.69965047598188,0
myopic,7,77,6,12,1,1,91.99999988079071,12352.941175922751,7751.336119652702,145.63533087590062,298690.82703482616,136.04655404778723,0
myopic,7,76,6,12,1,1,91.99999988079071,12352.941175922751,7641.235935148084,156.86517172543608,313122.42281486647,137.5612169999776,0
myopic,7,75,6,12,1,1,91.99999988079071,12352.941175922751,7527.123464603246,151.3632238589301,327047.8393918441,137.5612169999776,0
myopic,7,74,6,12,1,1,91.99999988079071,12352.941175922751,7414.300480638427,150.09249792517397,340856.3491830677,137.5612169999776,0
myopic,7,73,6,12,1,1,91.99999988079071,12352.941175922751,7302.13643715439,151.07061636678463,354754.8458708028,138.32368132308972,0
myopic,7,72,6,12,1,1,91.99999988079071,12352.941175922751,7189.117161962624,163.11093566122918,369761.0519321916,138.32368132308972,0
myopic,7,71,6,12,1,1,91.99999988079071,12352.941175922751,7068.979694405069,153.22786381109682,383858.0153845463,138.32368132308972,0
myopic,7,70,6,12,1,1,91.99999988079071,12352.941175922751,6955.655228280489,156.04201027866438,398213.8803115818,138.32368132308972,0
myopic,7,69,6,12,1,1,91.99999988079071,12352.941175922751,6841.193547914104,153.31500128409257,412318.8604114417,141.44513027967048,0
myopic,7,68,6,12,1,1,91.99999988079071,12352.941175922751,6727.107216440176,165.13952503291722,427511.6966947839,144.11442869521588,0
myopic,7,67,6,12,1,1,91.99999988079071,12352.941175922751,6602.049775747049,149.05358735291898,441224.6267134839,144.11442869521588,0
myopic,7,66,6,12,1,1,91.99999988079071,12352.941175922751,6491.679480191036,164.81703707338042,456387.79410458717,145.6585852960098,0
myopic,7,65,6,12,1,1,91.99999988079071,12352.941175922751,6371.4384848229765,155.9364507731741,470733.94755713013,145.6585852960098,0
myopic,7,64,6,12,1,1,91.99999988079071,12352.941175922751,6254.613656100642,171.5685556413805,486518.2546556846,145.6585852960098,0
myopic,7,63,6,12,1,1,91.99999988079071,12352.941175922751,6124.672954187055,158.89472846130838,501136.56965518324,147.36536096010775,0
myopic,7,62,6,12,1,1,91.99999988079071,12352.941175922751,6005.696987941215,159.52483527633387,515812.8544815891,147.36536096010775,0
myopic,7,61,6,12,1,1,91.99999988079071,12352.941175922751,5883.395363274191,186.13011352100813,532936.8249033334,147.3781006109956,0
myopic,7,60,6,12,1,1,91.99999988079071,12352.941175922751,5743.509467230633,192.63169825425436,550658.9411197613,172.95101534140753,0
myopic,7,59,6,12,1,1,91.99999988079071,12352.941175922751,5598.199225743742,194.92131555302024,568591.7021274028,173.18520571918685,0
myopic,7,58,6,12,1,1,91.99999988079071,12352.941175922751,5452.7773867911155,196.40741763243764,586661.1845261734,179.28794627762093,0
myopic,7,57,6,12,1,1,91.99999988079071,12352.941175922751,5304.768441876722,205.8286115862678,605597.4167675733,179.28794627762093,0
myopic,7,56,6,12,1,1,91.99999988079071,12352.941175922751,5147.388698720828,198.73994890335294,623881.4920429902,179.28794627762093,0
myopic,7,55,6,12,1,1,91.99999988079071,12352.941175922751,4995.179129848944,196.2141413937272,641933.1930278225,181.50830068228348,0
myopic,7,54,6,12,1,1,91.99999988079071,12352.941175922751,4844.035535825833,198.8899013220594,660231.0639257425,181.50830068228348,0
myopic,7,53,6,12,1,1,91.99999988079071,12352.941175922751,4691.403568946542,188.6059518448445,677582.8114729846,181.50830068228348,0
myopic,7,52,6,12,1,1,91.99999988079071,12352.941175922751,4546.834337999716,187.87395982099503,694867.2157541198,181.50830068228348,0
myopic,7,51,6,12,1,1,91.99999988079071,12352.941175922751,4406.829727714106,208.5908362746503,714057.5726665216,183.74050410317923,0
myopic,7,50,6,12,1,1,91.99999988079071,12352.941175922751,4248.809813743154,213.17501043612376,733669.6736012326,192.542564800098,0
myopic,7,49,6,12,1,1,91.99999988079071,12352.941175922751,4081.321559483027,205.20880261912933,752548.8834177296,193.30528083385084,0
myopic,7,48,6,12,1,1,91.99999988079071,12352.941175922751,3924.8236754137006,217.57518259117685,772565.8001901809,193.30528083385084,0
myopic,7,47,6,12,1,1,91.99999988079071,12352.941175922751,3756.459755698548,214.5207024954132,792301.704794186,197.01820323067741,0
myopic,7,46,6,12,1,1,91.99999988079071,12352.941175922751,3591.5021198527056,221.55165466362362,812684.4569968284,197.01820323067741,0
myopic,7,45,6,12,1,1,91.99999988079071,12352.941175922751,3419.454194020368,208.30919387903538,831848.9028088673,197.01820323067741,0
myopic,7,44,6,12,1,1,91.99999988079071,12352.941175922751,3258.500797293699,216.86089532491667,851800.1051529078,197.60821190962048,0
myopic,7,43,6,12,1,1,91.99999988079071,12352.941175922751,3092.569443530321,218.65731334101977,871916.5779542156,197.60821190962048,0
myopic,7,42,6,12,1,1,91.99999988079071,12352.941175922751,2924.5676456976507,228.0888527059202,892900.7523759699,197.60821190962048,0
myopic,7,41,6,12,1,1,91.99999988079071,12352.941175922751,2746.884622632765,221.02677092873625,913235.2152750652,201.0148893750271,0
myopic,7,40,6,12,1,1,91.99999988079071,12352.941175922751,2575.915353769895,219.3634404515623,933416.6517704588,201.0148893750271,0
myopic,7,39,6,12,1,1,91.99999988079071,12352.941175922751,2408.812116439074,219.10227581760122,953574.0611195591,201.0148893750271,0
myopic,7,38,6,12,1,1,91.99999988079071,12352.941175922751,2236.910782270562,211.12499924720854,972997.5610251343,208.16928401824555,0
myopic,7,37,6,12,1,1,91.99999988079071,12352.941175922751,2070.1374268094705,214.6633342901029,992746.5877542339,208.16928401824555,0
myopic,7,36,6,12,1,1,91.99999988079071,12352.941175922751,1900.4198358569129,221.86812983005962,1013158.4556721506,208.605935944052,0
myopic,7,35,6,12,1,1,91.99999988079071,12352.941175922751,1724.6472873175917,229.6797157537726,1034288.9894941177,208.605935944052,0
myopic,7,34,6,12,1,1,91.99999988079071,12352.941175922751,1546.9252536297572,238.62529608956183,1056242.516705911,208.605935944052,0
myopic,7,33,6,12,1,1,91.99999988079071,12352.941175922751,1355.9596000123329,228.10566684509254,1077228.2380284672,208.605935944052,0
myopic,7,32,6,12,1,1,91.99999988079071,12352.941175922751,1176.179537678483,232.26374529550148,1098596.5025679653,208.605935944052,0
myopic,7,31,6,12,1,1,91.99999988079071,12352.941175922751,994.1536502634499,244.2623903659583,1121068.6424525152,213.0863875168285,0
myopic,7,30,6,12,1,1,91.99999988079071,12352.941175922751,801.4084701897973,246.7957030488014,1143773.8471035846,214.84826275598544,0
myopic,7,29,6,12,1,1,91.99999988079071,12352.941175922751,606.7798327992878,242.19664155257325,1166055.9380975491,225.55221352890493,0
myopic,7,28,6,12,1,1,91.99999988079071,10000.0,416.38393063610965,0.0,1166055.9380975491,225.55221352890493,0
myopic,7,27,6,12,1,1,91.99999988079071,10000.0,416.38393063610965,0.0,1166055.9380975491,225.97295172837198,0
myopic,7,26,6,12,1,1,91.99999988079071,10000.0,416.38393063610965,0.0,1166055.9380975491,225.97295172837198,0
myopic,7,25,6,12,1,1,91.99999988079071,10000.0,416.38393063610965,0.0,1166055.9380975491,230.19559885154544,0
myopic,7,24,6,12,1,1,91.99999988079071,10000.0,416.38393063610965,0.0,1166055.9380975491,233.6670386321828,0
myopic,7,23,6,12,1,1,91.99999988079071,10000.0,416.38393063610965,0.0,1166055.9380975491,235.30679756566138,0
myopic,7,22,6,12,1,1,91.99999988079071,10000.0,416.38393063610965,0.0,1166055.9380975491,238.1271749969102,0
myopic,7,21,6,12,1,1,91.99999988079071,10000.0,416.38393063610965,0.0,1166055.9380975491,238.1271749969102,0
myopic,7,20,6,12,1,1,91.99999988079071,10000.0,416.38393063610965,0.0,1166055.9380975491,238.1271749969102,0
myopic,7,19,6,12,1,1,91.99999988079071,10000.0,416.38393063610965,0.0,1166055.9380975491,238.1271749969102,0
myopic,7,18,6,12,1,1,91.99999988079071,10000.0,416.38393063610965,0.0,1166055.9380975491,244.15619931843952,0
myopic,7,17,6,12,1,1,91.99999988079071,10000.0,416.38393063610965,0.0,1166055.9380975491,244.15619931843952,0
myopic,7,16,6,12,1,1,91.99999988079071,10000.0,416.38393063610965,0.0,1166055.9380975491,246.45447097887347,0
myopic,7,15,6,12,1,1,91.99999988079071,10000.0,416.38393063610965,0.0,1166055.9380975491,249.0993376403336,0
myopic,7,14,6,12,1,1,91.99999988079071,10000.0,416.38393063610965,0.0,1166055.9380975491,251.01425215790965,0
myopic,7,13,6,12,1,1,91.99999988079071,10000.0,416.38393063610965,0.0,1166055.9380975491,251.46554524240713,0
myopic,7,12,6,12,1,1,91.99999988079071,10000.0,416.38393063610965,0.0,1166055.9380975491,252.18470229434556,0
myopic,7,11,6,12,1,1,91.99999988079071,10000.0,416.38393063610965,0.0,1166055.9380975491,252.18470229434556,0
myopic,7,10,6,12,1,1,91.99999988079071,10000.0,416.38393063610965,0.0,1166055.9380975491,253.3217479726484,0
myopic,7,9,6,12,1,1,91.99999988079071,10000.0,416.38393063610965,0.0,1166055.9380975491,253.3217479726484,0
myopic,7,8,6,12,1,1,91.99999988079071,10000.0,416.38393063610965,0.0,1166055.9380975491,253.3217479726484,0
myopic,7,7,6,12,1,1,91.99999988079071,10000.0,416.38393063610965,0.0,1166055.9380975491,253.3217479726484,0
myopic,7,6,6,12,1,1,91.99999988079071,10000.0,416.38393063610965,0.0,1166055.9380975491,253.3217479726484,0
myopic,7,5,6,12,1,1,91.99999988079071,10000.0,416.38393063610965,0.0,1166055.9380975491,227.42353435458372,0
myopic,7,4,6,12,1,1,91.99999988079071,10000.0,416.38393063610965,0.0,1166055.9380975491,223.80390014802688,0
myopic,7,3,6,12,1,1,91.99999988079071,10000.0,416.38393063610965,0.0,1166055.9380975491,212.94074769604768,0
myopic,7,2,6,12,1,1,91.99999988079071,10000.0,416.38393063610965,0.0,1166055.9380975491,199.91705650403023,0
myopic,7,1,6,12,1,1,91.99999988079071,10000.0,416.38393063610965,0.0,1166055.9380975491,192.4570690769313,0
myopic,8,100,1,12,0,1,91.99999988079071,12352.941175922751,10000.0,83.05676650211971,7641.222508293876,78.34826956228913,0
myopic,8,99,1,12,0,1,91.99999988079071,12352.941175922751,9946.864223576637,84.35852598367013,15402.206888735207,78.34826956228913,0
myopic,8,98,1,12,0,1,91.99999988079071,12352.941175922751,9891.349381151931,95.30188831303842,24169.98060217387,78.34826956228913,0
myopic,8,97,1,12,0,1,91.99999988079071,12352.941175922751,9826.347976867557,99.29115266671128,33304.76663567488,80.43164846582134,0
myopic,8,96,1,12,0,1,91.99999988079071,12352.941175922751,9758.762362161044,88.09298117122124,41409.32089292573,80.43164846582134,0
myopic,8,95,1,12,0,1,91.99999988079071,12352.941175922751,9698.63027381511,100.56106865235012,50660.93919695413,80.76388620962199,0
myopic,8,94,1,12,0,1,91.99999988079071,12352.941175922751,9631.73867105194,93.93464194060226,59302.92624429166,80.76388620962199,0
myopic,8,93,1,12,0,1,91.99999988079071,12352.941175922751,9568.469519202741,101.04348623048304,68598.92696545078,81.2516721329647,0
myopic,8,92,1,12,0,1,91.99999988079071,12352.941175922751,9501.318166123907,87.11097955063691,76613.13707372494,81.68189079408234,0
myopic,8,91,1,12,0,1,91.99999988079071,12352.941175922751,9442.070801749236,92.84471744313063,85154.851067425,81.68189079408234,0
myopic,8,90,1,12,0,1,91.99999988079071,12352.941175922751,9381.16339035557,93.66107716486174,93771.67015542701,82.82831677780638,0
myopic,8,89,1,12,0,1,91.99999988079071,12352.941175922751,9317.84177631719,88.86185251335016,101946.96057606206,82.82831677780638,0
myopic,8,88,1,12,0,1,91.99999988079071,12352.941175922751,9257.72657741309,94.43274940854785,110634.7735103912,82.82831677780638,0
myopic,8,87,1,12,0,1,91.99999988079071,12352.941175922751,9195.750539614466,105.10070831189702,120304.03866255675,84.56293398444693,0
myopic,8,86,1,12,0,1,91.99999988079071,12352.941175922751,9125.385673504084,75.04086489371163,127207.79822383265,84.56293398444693,0
myopic,8,85,1,12,0,1,91.99999988079071,12352.941175922751,9074.351804334614,107.74141372610458,137120.0082737905,84.8282916403851,0
myopic,8,84,1,12,0,1,91.99999988079071,12352.941175922751,9001.561130782795,108.49177535315462,147101.2515933475,87.66566629607894,0
myopic,8,83,1,12,0,1,91.99999988079071,12352.941175922751,8925.487921451188,89.17971504901826,155305.7853672261,87.66566629607894,0
myopic,8,82,1,12,0,1,91.99999988079071,12352.941175922751,8867.334756116248,86.59275364962623,163272.31869266907,87.66566629607894,0
myopic,8,81,1,12,0,1,91.99999988079071,12352.941175922751,8806.820861115124,89.94003831512177,171546.8022069386,88.02391932314761,0
myopic,8,80,1,12,0,1,91.99999988079071,12352.941175922751,8746.862164527009,87.2931656937442,179577.7734403569,88.02391932314761,0
myopic,8,79,1,12,0,1,91.99999988079071,12352.941175922751,8686.921321248592,98.27548417798562,188619.11797301623,89.41124357506565,0
myopic,8,78,1,12,0,1,91.99999988079071,12352.941175922751,8618.322189764125,107.75866978144809,198532.91558006362,89.85798532780689,0
myopic,8,77,1,12,0,1,91.99999988079071,12352.941175922751,8545.37295624199,98.59220042797946,207603.39800768462,91.10061121112462,0
myopic,8,76,1,12,0,1,91.99999988079071,12352.941175922751,8478.78775440386,100.42139539420687,216842.16637198048,91.10061121112462,0
myopic,8,75,1,12,0,1,91.99999988079071,12352.941175922751,8410.890228896353,90.2442575740916,225144.63805803895,91.10061121112462,0
myopic,8,74,1,12,0,1,91.99999988079071,12352.941175922751,8346.26297873875,100.65203915547113,234404.62564834364,91.10061121112462,0
myopic,8,73,1,12,0,1,91.99999988079071,12352.941175922751,8275.779248749659,120.69771507728976,245508.815421066,91.59938678561403,0
myopic,8,72,1,12,0,1,91.99999988079071,12352.941175922751,8190.932880252281,101.54137553551318,254850.62195822856,91.59938678561403,0
myopic,8,71,1,12,0,1,91.99999988079071,12352.941175922751,8120.336061292901,96.49858061392949,263728.4913632065,93.48039800843478,0
myopic,8,70,1,12,0,1,91.99999988079071,12352.941175922751,8051.955735836337,99.81228686733202,272911.22174310253,93.48039800843478,0
myopic,8,69,1,12,0,1,91.99999988079071,12352.941175922751,7980.365921354756,101.48763687970362,282248.084323937,93.48039800843478,0
myopic,8,68,1,12,0,1,91.99999988079071,12352.941175922751,7909.997516105558,100.89068600926161,291530.02742476197,95.11469441166237,0
myopic,8,67,1,12,0,1,91.99999988079071,12352.941175922751,7838.7381076373895,107.03281417901812,301377.04631647235,95.11469441166237,0
myopic,8,66,1,12,0,1,91.99999988079071,12352.941175922751,7762.100100651586,101.11052864257935,310679.21493953635,96.29318018780998,0
myopic,8,65,1,12,0,1,91.99999988079071,12352.941175922751,7690.870657047608,121.04101950008243,321814.98871911474,96.29318018780998,0
myopic,8,64,1,12,0,1,91.99999988079071,12352.941175922751,7606.249938575898,109.79822797587735,331916.4256798065,96.29318018780998,0
myopic,8,63,1,12,0,1,91.99999988079071,12352.941175922751,7527.022450825116,109.9648918628708,342033.1957180818,96.29318018780998,0
myopic,8,62,1,12,0,1,91.99999988079071,12352.941175922751,7450.439395902558,89.16517784455218,350236.3920691513,96.29318018780998,0
myopic,8,61,1,12,0,1,91.99999988079071,12352.941175922751,7385.097110641886,136.5886643459862,362802.5491726994,96.40873891602581,0
myopic,8,60,1,12,0,1,91.99999988079071,12352.941175922751,7286.555780010511,129.59218722904595,374725.030382323,121.48371342624034,0
myopic,8,59,1,12,0,1,91.99999988079071,12352.941175922751,7192.101465695152,137.5590105036968,387380.45933226484,121.717787817549,0
myopic,8,58,1,12,0,1,91.99999988079071,12352.941175922751,7094.498039582423,126.1881580923665,398989.76986171975,121.717787817549,0
myopic,8,57,1,12,0,1,91.99999988079071,12352.941175922751,7004.328419021556,129.51045536270408,410904.73173964967,121.717787817549,0
myopic,8,56,1,12,0,1,91.99999988079071,12352.941175922751,6912.556424453894,124.59463639717856,422367.43827333726,121.717787817549,0
myopic,8,55,1,12,0,1,91.99999988079071,12352.941175922751,6824.529114245517,138.85375521502067,435141.9837365665,125.52438207732914,0
myopic,8,54,1,12,0,1,91.99999988079071,12352.941175922751,6727.601371058245,138.16589501285046,447853.2460612781,125.52438207732914,0
myopic,8,53,1,12,0,1,91.99999988079071,12352.941175922751,6627.712368935516,135.39606399823197,460309.683932975,125.52438207732914,0
myopic,8,52,1,12,0,1,91.99999988079071,12352.941175922751,6531.763713578516,134.85640453147226,472716.4731337943,125.77567823347204,0
myopic,8,51,1,12,0,1,91.99999988079071,12352.941175922751,6433.489358872497,127.54135766995788,484450.2780242263,127.57061847614774,0
myopic,8,50,1,12,0,1,91.99999988079071,12352.941175922751,6342.266375460311,136.45632203779886,497004.25963543693,127.57061847614774,0
myopic,8,49,1,12,0,1,91.99999988079071,12352.941175922751,6243.747710763897,139.25500220183545,509815.7198214053,127.56529444817109,0
myopic,8,48,1,12,0,1,91.99999988079071,12352.941175922751,6145.191376604202,156.13227879504296,524179.8894519368,127.56529444817109,0
myopic,8,47,1,12,0,1,91.99999988079071,12352.941175922751,6031.982245619386,132.63641405602573,536382.4395292797,127.56529444817109,0
myopic,8,46,1,12,0,1,91.99999988079071,12352.941175922751,5937.376494681723,144.1533996758595,549644.5522822744,130.8145259896823,0
myopic,8,45,1,12,0,1,91.99999988079071,12352.941175922751,5831.71202099318,133.0952073691842,561889.3113443732,130.8145259896823,0
myopic,8,44,1,12,0,1,91.99999988079071,12352.941175922751,5733.813048388192,132.84611122255654,574111.1535610119,131.2339851260106,0
myopic,8,43,1,12,0,1,91.99999988079071,12352.941175922751,5638.322412043251,150.6572579863849,587971.6212777996,131.2339851260106,0
myopic,8,42,1,12,0,1,91.99999988079071,12352.941175922751,5525.404069108332,146.37503165639913,601438.1241727391,131.2339851260106,0
myopic,8,41,1,12,0,1,91.99999988079071,12352.941175922751,5418.869695677337,157.19588781848927,615900.1458333009,134.1721664575167,0
myopic,8,40,1,12,0,1,91.99999988079071,12352.941175922751,5305.719964003149,149.2760692751171,629633.5441888166,134.1721664575167,0
myopic,8,39,1,12,0,1,91.99999988079071,12352.941175922751,5195.642081421822,156.30286690021163,644013.4079250033,134.1721664575167,0
myopic,8,38,1,12,0,1,91.99999988079071,12352.941175922751,5080.017280072114,146.09713814334546,657454.3446167749,135.24479254111014,0
myopic,8,37,1,12,0,1,91.99999988079071,12352.941175922751,4971.173930090457,139.36141821808468,670275.5950762256,135.24479254111014,0
myopic,8,36,1,12,0,1,91.99999988079071,12352.941175922751,4866.807132290164,142.99252503752152,683430.9073626315,135.3776796692217,0
myopic,8,35,1,12,0,1,91.99999988079071,12352.941175922751,4762.427870438029,145.43276599039748,696810.7218164111,135.3776796692217,0
myopic,8,34,1,12,0,1,91.99999988079071,12352.941175922751,4654.320445652961,154.05862439542022,710984.1152424245,135.3776796692217,0
myopic,8,33,1,12,0,1,91.99999988079071,12352.941175922751,4540.008914250027,156.77827819590848,725407.7168177587,135.3776796692217,0
myopic,8,32,1,12,0,1,91.99999988079071,12352.941175922751,4421.258395247436,159.82653196795707,740111.757739758,137.67563429490323,0
myopic,8,31,1,12,0,1,91.99999988079071,12352.941175922751,4303.600882746941,168.11784218945317,755578.5992011465,146.59908961842842,0
myopic,8,30,1,12,0,1,91.99999988079071,12352.941175922751,4176.982725336011,146.43411380281395,769050.5376535491,146.67867998707746,0
myopic,8,29,1,12,0,1,91.99999988079071,12352.941175922751,4068.641668902109,164.50095560668748,784184.6255497544,149.0471367442043,0
myopic,8,28,1,12,0,1,91.99999988079071,12352.941175922751,3947.4095878921544,158.3654300123978,798754.2450920163,149.0471367442043,0
myopic,8,27,1,12,0,1,91.99999988079071,12352.941175922751,3831.0777876944785,167.03490004990184,814121.4558766951,149.46787494367135,0
myopic,8,26,1,12,0,1,91.99999988079071,12352.941175922751,3704.0412924677776,170.39352206333837,829797.6598862098,149.46787494367135,0
myopic,8,25,1,12,0,1,91.99999988079071,12352.941175922751,3571.8680394627427,166.91239222046835,845153.5999505953,154.18295349612166,0
myopic,8,24,1,12,0,1,91.99999988079071,12352.941175922751,3445.2447979475273,186.87122110267148,862345.7522697643,154.86606328959272,0
myopic,8,23,1,12,0,1,91.99999988079071,12352.941175922751,3305.3607708177997,179.88196569535242,878894.8930922932,155.75897319641388,0
myopic,8,22,1,12,0,1,91.99999988079071,12352.941175922751,3170.3221723952056,175.93870878152504,895081.2542792199,158.80352394212818,0
myopic,8,21,1,12,0,1,91.99999988079071,12352.941175922751,3031.178531692628,176.21951066706382,911293.4492395828,158.80352394212818,0
myopic,8,20,1,12,0,1,91.99999988079071,12352.941175922751,2896.8607975339055,193.122390940484,929060.7091830852,158.80352394212818,0
myopic,8,19,1,12,0,1,91.99999988079071,12352.941175922751,2748.650693722495,177.49311257330714,945390.0755186707,158.80352394212818,0
myopic,8,18,1,12,0,1,91.99999988079071,12352.941175922751,2610.2819583618075,168.40216299176285,960883.0744938378,163.45135432315968,0
myopic,8,17,1,12,0,1,91.99999988079071,12352.941175922751,2477.13340978003,192.13112921281927,978559.1383585134,163.45135432315968,0
myopic,8,16,1,12,0,1,91.99999988079071,12352.941175922751,2325.402709710389,185.2727136998313,995604.2279968116,163.48588367478033,0
myopic,8,15,1,12,0,1,91.99999988079071,12352.941175922751,2180.344960073222,190.78738416030797,1013156.6673168163,166.63305223218825,0
myopic,8,14,1,12,0,1,91.99999988079071,12352.941175922751,2037.4717459788144,183.18995462618847,1030010.1431205877,167.6035577215017,0
myopic,8,13,1,12,0,1,91.99999988079071,12352.941175922751,1892.1192496701087,169.4426125870725,1045598.8634583992,168.05485080599917,0
myopic,8,12,1,12,0,1,91.99999988079071,12352.941175922751,1756.8223825895002,184.30681425930013,1062555.0903482838,169.09384479432455,0
myopic,8,11,1,12,0,1,91.99999988079071,12352.941175922751,1609.8836184595202,187.82957060994582,1079835.4108220078,169.09384479432455,0
myopic,8,10,1,12,0,1,91.99999988079071,12352.941175922751,1458.2953642812226,190.90768588113883,1097398.9179003146,170.63726322604822,0
myopic,8,9,1,12,0,1,91.99999988079071,12352.941175922751,1306.6391013964912,186.30828972641083,1114539.2805329347,170.84305227950415,0
myopic,8,8,1,12,0,1,91.99999988079071,12352.941175922751,1156.1397132678048,187.55136505065144,1131794.0060952369,170.84305227950415,0
myopic,8,7,1,12,0,1,91.99999988079071,12352.941175922751,1004.5232526147793,195.00281684116723,1149734.265221378,170.84305227950415,0
myopic,8,6,1,12,0,1,91.99999988079071,12352.941175922751,842.5366611503669,182.48237895693956,1166522.644063663,170.84305227950415,0
myopic,8,5,1,12,0,1,91.99999988079071,12352.941175922751,689.1666805682908,175.3242072690811,1182652.471111518,155.39122305741984,0
myopic,8,4,1,12,0,1,91.99999988079071,12352.941175922751,544.1096072586024,150.97650554994613,1196542.3096041153,149.0674834074808,0
myopic,8,3,1,12,0,1,91.99999988079071,10000.0,417.94036428274194,0.0,1196542.3096041153,142.23678861945825,0
myopic,8,2,1,12,0,1,91.99999988079071,10000.0,417.94036428274194,0.0,1196542.3096041153,135.31638940994628,0
myopic,8,1,1,12,0,1,91.99999988079071,10000.0,417.94036428274194,0.0,1196542.3096041153,127.3584148712835,0
myopic,9,100,4,6,0,0,91.99999988079071,12352.941175922751,10000.0,47.56563967159401,4376.038844116383,55.48941880342484,1
myopic,9,99,4,6,0,0,91.99999988079071,12352.941175922751,9968.730691136894,69.9640272694686,10812.729344567133,55.48941880342484,1
myopic,9,98,4,6,0,0,91.99999988079071,12352.941175922751,9923.588348032565,65.72849190693292,16859.750592169516,55.48941880342484,1
myopic,9,97,4,6,0,0,91.99999988079071,12352.941175922751,9880.580915873312,59.48018617574792,22331.927713247733,56.829019946353895,1
myopic,9,96,4,6,0,0,91.99999988079071,12352.941175922751,9842.402748590419,47.535982499181465,26705.238097505695,57.148724943126965,1
myopic,9,95,4,6,0,0,91.99999988079071,12352.941175922751,9810.59680853512,63.41534402129659,32539.449739905285,58.20839583537179,1
myopic,9,94,4,6,0,0,91.99999988079071,12352.941175922751,9767.353285974934,70.4061479122322,39016.815339437584,58.20839583537179,1
myopic,9,93,4,6,0,0,91.99999988079071,12352.941175922751,9721.03389662321,59.896281202946646,44527.273202968485,58.20839583537179,1
myopic,9,92,4,6,0,0,91.99999988079071,12352.941175922751,9680.82107025759,61.1054167551652,50148.97153715935,59.44865838134444,1
myopic,9,91,4,6,0,0,91.99999988079071,12352.941175922751,9639.625548057084,63.5497482708423,55995.54837050112,59.44865838134444,1
myopic,9,90,4,6,0,0,91.99999988079071,12352.941175922751,9597.725568183188,54.5552752941762,61014.633691061834,60.89109345881038,1
myopic,9,89,4,6,0,0,91.99999988079071,12352.941175922751,9560.39800884639,66.27743684162114,67112.15787259009,60.89109345881038,1
myopic,9,88,4,6,0,0,91.99999988079071,12352.941175922751,9517.035163685678,75.48201560583142,74056.50329932843,61.15843374890705,1
myopic,9,87,4,6,0,0,91.99999988079071,12352.941175922751,9468.049228633221,75.13609274027911,80969.02382247719,62.95185624470667,1
myopic,9,86,4,6,0,0,91.99999988079071,12352.941175922751,9419.482829898867,74.09967917520103,87786.19429776231,62.95185624470667,1
myopic,9,85,4,6,0,0,91.99999988079071,12352.941175922751,9371.40503690949,55.04120013189077,92849.98470333483,63.6293292994672,1
myopic,9,84,4,6,0,0,91.99999988079071,12352.941175922751,9335.340642463216,58.02642967924563,98188.41622690814,63.6293292994672,1
myopic,9,83,4,6,0,0,91.99999988079071,12352.941175922751,9296.481193774687,69.91111393923329,104620.23870098355,63.6293292994672,1
myopic,9,82,4,6,0,0,91.99999988079071,12352.941175922751,9249.635143093088,70.86081292484408,111139.43348162193,63.6293292994672,1
myopic,9,81,4,6,0,0,91.99999988079071,12352.941175922751,9202.809306217887,70.35542503688325,117612.13257662817,63.98758232653586,1
myopic,9,80,4,6,0,0,91.99999988079071,12352.941175922751,9155.101505346276,69.17533162885857,123976.2630782368,63.98758232653586,1
myopic,9,79,4,6,0,0,91.99999988079071,12352.941175922751,9109.605445985846,63.370794258995026,129806.37614250997,64.45289985172099,1
myopic,9,78,4,6,0,0,91.99999988079071,12352.941175922751,9067.453431798069,65.99565603312381,135877.97648969007,64.89964160446222,1
myopic,9,77,4,6,0,0,91.99999988079071,12352.941175922751,9021.91452656055,62.5650549786451,141633.96154026708,65.68756414862953,1
myopic,9,76,4,6,0,0,91.99999988079071,12352.941175922751,8980.837402135821,69.54643190103758,148032.23326687195,65.68756414862953,1
myopic,9,75,4,6,0,0,91.99999988079071,12352.941175922751,8933.669131095197,69.84878588587556,154458.32156004588,65.68756414862953,1
myopic,9,74,4,6,0,0,91.99999988079071,12352.941175922751,8887.568645477984,65.36342439531104,160471.75659662258,65.68756414862953,1
myopic,9,73,4,6,0,0,91.99999988079071,12352.941175922751,8843.879772753215,79.60552926861222,167795.46527984517,65.5279447130899,1
myopic,9,72,4,6,0,0,91.99999988079071,12352.941175922751,8791.204017599934,73.1495938917274,174525.22790916398,65.5279447130899,1
myopic,9,71,4,6,0,0,91.99999988079071,12352.941175922751,8742.398850347341,76.47717601353331,181561.12809329227,67.40895593591064,1
myopic,9,70,4,6,0,0,91.99999988079071,12352.941175922751,8690.376396506656,62.15825149447117,187279.68722337377,67.40895593591064,1
myopic,9,69,4,6,0,0,91.99999988079071,12352.941175922751,8646.664928685217,76.2952736381819,194298.8523889914,67.40895593591064,1
myopic,9,68,4,6,0,0,91.99999988079071,12352.941175922751,8595.432421204916,67.62652256331305,200520.4924567545,68.22850945101008,1
myopic,9,67,4,6,0,0,91.99999988079071,12352.941175922751,8549.746872769727,76.80885752701619,207586.90734008365,68.22850945101008,1
myopic,9,66,4,6,0,0,91.99999988079071,12352.941175922751,8497.006485787104,76.59929228732886,214634.04222138657,69.84883539218049,1
myopic,9,65,4,6,0,0,91.99999988079071,12352.941175922751,8444.427199007912,63.674714046932515,220492.11590611373,69.84883539218049,1
myopic,9,64,4,6,0,0,91.99999988079071,12352.941175922751,8401.590667778031,68.50186261562797,226794.28725858545,69.84883539218049,1
myopic,9,63,4,6,0,0,91.99999988079071,12352.941175922751,8354.67721761793,80.21831627130078,234174.37234598235,69.84883539218049,1
myopic,9,62,4,6,0,0,91.99999988079071,12352.941175922751,8301.254467101908,75.25979853637058,241098.27380235677,69.84883539218049,1
myopic,9,61,4,6,0,0,91.99999988079071,12352.941175922751,8249.059210819025,104.9815515504422,250756.57653248266,69.89345595574414,1
myopic,9,60,4,6,0,0,91.99999988079071,12352.941175922751,8178.445441395383,102.16431133665796,260155.69316327627,89.10668574861131,1
myopic,9,59,4,6,0,0,91.99999988079071,12352.941175922751,8107.816571237292,94.17352499360206,268819.6574514613,89.10668574861131,1
myopic,9,58,4,6,0,0,91.99999988079071,12352.941175922751,8040.903676035593,88.71118161095498,276981.086149094,89.10668574861131,1
myopic,9,57,4,6,0,0,91.99999988079071,12352.941175922751,7980.016049764158,101.29930630137098,286300.6223167443,89.10668574861131,1
myopic,9,56,4,6,0,0,91.99999988079071,12352.941175922751,7909.7456865768145,99.02870895502882,295411.2635288018,89.10668574861131,1
myopic,9,55,4,6,0,0,91.99999988079071,12352.941175922751,7839.6643991785,111.96140963396779,305711.71320178,91.60460794927438,1
myopic,9,54,4,6,0,0,91.99999988079071,12352.941175922751,7760.873189577702,108.4118147392236,315685.6001448649,91.60460794927438,1
myopic,9,53,4,6,0,0,91.99999988079071,12352.941175922751,7685.657459838822,91.44281696226187,324098.33929449215,91.60460794927438,1
myopic,9,52,4,6,0,0,91.99999988079071,12352.941175922751,7619.823848916247,94.56300585541405,332798.13582191744,91.93538435860836,1
myopic,9,51,4,6,0,0,91.99999988079071,12352.941175922751,7551.587426541768,101.20633348812964,342109.1184907606,93.26932573131452,1
myopic,9,50,4,6,0,0,91.99999988079071,12352.941175922751,7480.650632183578,102.29620206211433,351520.3690682805,93.26932573131452,1
myopic,9,49,4,6,0,0,91.99999988079071,12352.941175922751,7407.973663605944,99.58480194611401,360682.1708354516,94.57064547423397,1
myopic,9,48,4,6,0,0,91.99999988079071,12352.941175922751,7336.13950056789,107.92965474459834,370611.6990590884,94.57064547423397,1
myopic,9,47,4,6,0,0,91.99999988079071,12352.941175922751,7260.140286418048,101.73278881128479,379971.1156175991,94.57064547423397,1
myopic,9,46,4,6,0,0,91.99999988079071,12352.941175922751,7188.243433908674,106.640710939324,389782.0610113043,96.98299627115883,1
myopic,9,45,4,6,0,0,91.99999988079071,12352.941175922751,7110.835766408921,114.73850671903895,400338.003615778,97.32361841658812,1
myopic,9,44,4,6,0,0,91.99999988079071,12352.941175922751,7032.002891779381,119.48236156668594,411330.3808656697,97.85545855988339,1
myopic,9,43,4,6,0,0,91.99999988079071,12352.941175922751,6951.017217949229,119.57626853411577,422331.39755655377,97.85545855988339,1
myopic,9,42,4,6,0,0,91.99999988079071,12352.941175922751,6869.022445750559,108.10496459110433,432277.0542860483,97.85545855988339,1
myopic,9,41,4,6,0,0,91.99999988079071,12352.941175922751,6791.215653606526,108.0369850620655,442216.4568988793,98.63031199072775,1
myopic,9,40,4,6,0,0,91.99999988079071,12352.941175922751,6715.726601795367,117.96498148115343,453069.2351810829,98.63031199072775,1
myopic,9,39,4,6,0,0,91.99999988079071,12352.941175922751,6634.143014495628,98.32293562855558,462114.945247189,98.63031199072775,1
myopic,9,38,4,6,0,0,91.99999988079071,12352.941175922751,6562.330011621141,103.08489891218335,471598.7559348212,100.36903837561965,1
myopic,9,37,4,6,0,0,91.99999988079071,12352.941175922751,6488.1718663836,116.82697552125602,482346.8376688499,100.36903837561965,1
myopic,9,36,4,6,0,0,91.99999988079071,12352.941175922751,6404.418455651026,112.56006747812951,492702.3638634196,100.68255637139985,1
myopic,9,35,4,6,0,0,91.99999988079071,12352.941175922751,6323.246896398994,112.06123866668003,503011.99780739547,100.68255637139985,1
myopic,9,34,4,6,0,0,91.99999988079071,12352.941175922751,6240.932037406541,117.8218272017174,513851.605895908,100.68255637139985,1
myopic,9,33,4,6,0,0,91.99999988079071,12352.941175922751,6155.304103326789,119.83546164291826,524876.468352771,100.68255637139985,1
myopic,9,32,4,6,0,0,91.99999988079071,12352.941175922751,6069.205998262753,111.52348265038425,535136.6287433117,102.64207294651457,1
myopic,9,31,4,6,0,0,91.99999988079071,12352.941175922751,5989.5004660038285,124.82121908427933,546620.1808841856,107.33403298465377,1
myopic,9,30,4,6,0,0,91.99999988079071,12352.941175922751,5896.401097692395,122.95194082774424,557931.7594256811,108.1643677223478,1
myopic,9,29,4,6,0,0,91.99999988079071,12352.941175922751,5809.586614448562,118.20232459068876,568806.3732739337,111.5619876042391,1
myopic,9,28,4,6,0,0,91.99999988079071,12352.941175922751,5722.4409926889075,125.10923570712806,580316.4229440753,111.5619876042391,1
myopic,9,27,4,6,0,0,91.99999988079071,12352.941175922751,5630.48382863282,130.64357066999875,592335.6314301413,111.98272580370616,1
myopic,9,26,4,6,0,0,91.99999988079071,12352.941175922751,5533.021901048539,115.67683109462504,602977.8998770571,111.98272580370616,1
myopic,9,25,4,6,0,0,91.99999988079071,12352.941175922751,5447.103777461665,122.07548025903222,614208.8440463356,115.33123750327402,1
myopic,9,24,4,6,0,0,91.99999988079071,12352.941175922751,5356.4508448765955,138.92254826786106,626989.7184704179,116.78153326033612,1
myopic,9,23,4,6,0,0,91.99999988079071,12352.941175922751,5250.708458789612,136.48083262315353,639545.9550554783,117.67444316715728,1
myopic,9,22,4,6,0,0,91.99999988079071,12352.941175922751,5149.896560238478,128.070778112208,651328.4666265341,119.41683443425565,1
myopic,9,21,4,6,0,0,91.99999988079071,12352.941175922751,5053.541822841383,122.97731131355341,662642.379252721,119.41683443425565,1
myopic,9,20,4,6,0,0,91.99999988079071,12352.941175922751,4961.529457630018,135.7203107781622,675128.6478281327,119.41683443425565,1
myopic,9,19,4,6,0,0,91.99999988079071,12352.941175922751,4858.247961380754,134.52347220449718,687504.80725491,119.41683443425565,1
myopic,9,18,4,6,0,0,91.99999988079071,12352.941175922751,4756.306816349803,147.8001626294803,701102.422199203,124.90873747636871,1
myopic,9,17,4,6,0,0,91.99999988079071,12352.941175922751,4644.025139988233,125.44480092593733,712643.3438694351,124.90873747636871,1
myopic,9,16,4,6,0,0,91.99999988079071,12352.941175922751,4548.510234614396,141.57558833532264,725668.2979794077,126.98521596814824,1
myopic,9,15,4,6,0,0,91.99999988079071,12352.941175922751,4441.274685005084,141.34313458414834,738671.8663443,127.33955759766313,1
myopic,9,14,4,6,0,0,91.99999988079071,12352.941175922751,4335.480500328364,150.96803095212363,752560.9251738986,128.64897873426494,1
myopic,9,13,4,6,0,0,91.99999988079071,12352.941175922751,4218.8962808774795,136.99097229926886,765164.0946091007,128.64897873426494,1
myopic,9,12,4,6,0,0,91.99999988079071,12352.941175922751,4112.922017716599,142.39893591705749,778264.7966964947,128.95909757847755,1
myopic,9,11,4,6,0,0,91.99999988079071,12352.941175922751,4003.903114801694,120.81668698841989,789379.9318850269,128.95909757847755,1
myopic,9,10,4,6,0,0,91.99999988079071,12352.941175922751,3913.7723552776133,158.3286478210846,803946.1674656924,129.70269371597854,1
myopic,9,9,4,6,0,0,91.99999988079071,12352.941175922751,3791.7609947239653,139.79884060656732,816807.6607848313,129.70269371597854,1
myopic,9,8,4,6,0,0,91.99999988079071,12352.941175922751,3681.1000637148527,139.2599552041426,829619.5766470113,129.70269371597854,1
myopic,9,7,4,6,0,0,91.99999988079071,12352.941175922751,3569.520850214796,134.56479547869867,841999.5378150103,129.70269371597854,1
myopic,9,6,4,6,0,0,91.99999988079071,12352.941175922751,3461.7795858793734,111.85217354953298,852289.9377682335,129.70269371597854,1
myopic,9,5,4,6,0,0,91.99999988079071,12352.941175922751,3371.4897129973333,127.11976444696465,863984.9560822004,117.28918192833491,1
myopic,9,4,4,6,0,0,91.99999988079071,12352.941175922751,3268.46287551116,118.93341474334835,874926.8302244105,110.96544227839588,1
myopic,9,3,4,6,0,0,91.99999988079071,12352.941175922751,3171.3080564618067,119.50261902800764,885921.0711607414,106.31749860242833,1
myopic,9,2,4,6,0,0,91.99999988079071,12352.941175922751,3072.071987288453,96.85854390073507,894832.0571880626,102.72787383917988,1
myopic,9,1,4,6,0,0,91.99999988079071,12352.941175922751,2990.4630995801735,90.63468447649215,903170.4481490954,95.2678864120809,1
myopic,10,100,3,12,0,1,91.99999988079071,12352.941175922751,10000.0,80.23665272364767,7381.772041010631,78.9152323625027,0
myopic,10,99,3,12,0,1,91.99999988079071,12352.941175922751,9946.437674318979,84.502448946681,15155.997334031807,78.9152323625027,0
myopic,10,98,3,12,0,1,91.99999988079071,12352.941175922751,9890.100526071064,95.02049912661258,23897.883242352837,78.9152323625027,0
myopic,10,97,3,12,0,1,91.99999988079071,12352.941175922751,9825.855858641387,92.07762769576655,32369.02497938685,80.54394018700624,0
myopic,10,96,3,12,0,1,91.99999988079071,12352.941175922751,9764.960844937821,82.60083287326864,39968.30159388078,80.54394018700624,0
myopic,10,95,3,12,0,1,91.99999988079071,12352.941175922751,9710.636634649187,85.88945226550457,47870.13119206838,80.87617793080689,0
myopic,10,94,3,12,0,1,91.99999988079071,12352.941175922751,9653.274685308232,81.3967150815452,55358.62896986729,80.87617793080689,0
myopic,10,93,3,12,0,1,91.99999988079071,12352.941175922751,9599.93358794502,92.0920659089746,63831.099022514725,81.3639638541496,0
myopic,10,92,3,12,0,1,91.99999988079071,12352.941175922751,9540.35422362398,88.22999608835501,71948.25865212554,81.79418251526724,0
myopic,10,91,3,12,0,1,91.99999988079071,12352.941175922751,9480.70186720894,83.02006218233021,79586.10436300316,81.79418251526724,0
myopic,10,90,3,12,0,1,91.99999988079071,12352.941175922751,9426.063732767852,84.81789877404722,87389.35104010443,82.94060849899128,0
myopic,10,89,3,12,0,1,91.99999988079071,12352.941175922751,9368.349562248575,89.86425618224989,95656.86259815877,82.94060849899128,0
myopic,10,88,3,12,0,1,91.99999988079071,12352.941175922751,9309.927416947397,89.41725461600872,103883.2500121722,82.94060849899128,0
myopic,10,87,3,12,0,1,91.99999988079071,12352.941175922751,9248.545966295598,100.67377025045883,113145.23686321315,84.67522570563183,0
myopic,10,86,3,12,0,1,91.99999988079071,12352.941175922751,9179.797014405834,91.19040904484588,121534.75448446823,84.67522570563183,0
myopic,10,85,3,12,0,1,91.99999988079071,12352.941175922751,9120.244027958934,97.56126394519084,130510.39075579558,84.94058336157,0
myopic,10,84,3,12,0,1,91.99999988079071,12352.941175922751,9054.384850741997,96.81904102839326,139417.74251886603,87.77795801726384,0
myopic,10,83,3,12,0,1,91.99999988079071,12352.941175922751,8986.990252834436,97.67411042168281,148403.7606660172,87.77795801726384,0
myopic,10,82,3,12,0,1,91.99999988079071,12352.941175922751,8920.343414535886,101.4380673277975,157736.0628480822,87.77795801726384,0
myopic,10,81,3,12,0,1,91.99999988079071,12352.941175922751,8851.687533394554,91.28243673956369,166134.04701724034,88.13621104433251,0
myopic,10,80,3,12,0,1,91.99999988079071,12352.941175922751,8790.363190043343,104.25352669157193,175725.37146043696,88.13621104433251,0
myopic,10,79,3,12,0,1,91.99999988079071,12352.941175922751,8718.65156135261,94.69105199972904,184436.94823312399,89.52353529625056,0
myopic,10,78,3,12,0,1,91.99999988079071,12352.941175922751,8652.713315388763,101.4439935902425,193769.79563133323,89.97027704899179,0
myopic,10,77,3,12,0,1,91.99999988079071,12352.941175922751,8585.050627680639,104.81637346788328,203412.9019778834,91.21290293230952,0
myopic,10,76,3,12,0,1,91.99999988079071,12352.941175922751,8513.459582145288,89.33892714745168,211632.08326479892,91.21290293230952,0
myopic,10,75,3,12,0,1,91.99999988079071,12352.941175922751,8451.650269975049,97.21080960273505,220575.4777366621,91.21290293230952,0
myopic,10,74,3,12,0,1,91.99999988079071,12352.941175922751,8385.364302590217,105.2351671071565,230257.1130979755,91.21290293230952,0
myopic,10,73,3,12,0,1,91.99999988079071,12352.941175922751,8315.942890848393,90.29759798839083,238564.49210214315,91.71167850679893,0
myopic,10,72,3,12,0,1,91.99999988079071,12352.941175922751,8254.225914506282,104.57089668097633,248185.01458432715,91.71167850679893,0
myopic,10,71,3,12,0,1,91.99999988079071,12352.941175922751,8182.960073942024,94.60385015816031,256888.56878760023,93.59268972961968,0
myopic,10,70,3,12,0,1,91.99999988079071,12352.941175922751,8118.85276684464,101.63924284654114,266239.3791173657,93.59268972961968,0
myopic,10,69,3,12,0,1,91.99999988079071,12352.941175922751,8047.72525535914,92.76876003418394,274774.1050294517,93.59268972961968,0
myopic,10,68,3,12,0,1,91.99999988079071,12352.941175922751,7985.916304925195,101.98976752092959,284157.1636292191,95.22698613284727,0
myopic,10,67,3,12,0,1,91.99999988079071,12352.941175922751,7915.625251393407,98.38855369017828,293208.9105569867,95.22698613284727,0
myopic,10,66,3,12,0,1,91.99999988079071,12352.941175922751,7846.533190250821,112.09745004406912,303521.875947678,96.40547190899488,0
myopic,10,65,3,12,0,1,91.99999988079071,12352.941175922751,7769.288022557403,102.90478608794766,312989.116255502,96.40547190899488,0
myopic,10,64,3,12,0,1,91.99999988079071,12352.941175922751,7696.851349264563,102.22669638585498,322393.97231081425,96.40547190899488,0
myopic,10,63,3,12,0,1,91.99999988079071,12352.941175922751,7627.275448528205,105.11985139167896,332064.9986263175,96.40547190899488,0
myopic,10,62,3,12,0,1,91.99999988079071,12352.941175922751,7554.939204706594,108.38929012591883,342036.813304981,96.40547190899488,0
myopic,10,61,3,12,0,1,91.99999988079071,12352.941175922751,7479.687356863342,131.75600391700834,354158.3656496392,96.52103063721071,0
myopic,10,60,3,12,0,1,91.99999988079071,12352.941175922751,7386.428560302804,132.52721457569848,366350.869374805,121.59600514742525,0
myopic,10,59,3,12,0,1,91.99999988079071,12352.941175922751,7294.326048211763,125.47411215729991,377894.4876783189,121.8300795387339,0
myopic,10,58,3,12,0,1,91.99999988079071,12352.941175922751,7203.506030313118,142.37863620069166,390993.3221918097,121.8300795387339,0
myopic,10,57,3,12,0,1,91.99999988079071,12352.941175922751,7105.805948513439,125.1062838864757,402503.10029445164,121.8300795387339,0
myopic,10,56,3,12,0,1,91.99999988079071,12352.941175922751,7016.570950581336,132.99087587684326,414738.2608592675,121.8300795387339,0
myopic,10,55,3,12,0,1,91.99999988079071,12352.941175922751,6922.449988044171,144.20988738984974,428005.5704819425,125.63667379851404,0
myopic,10,54,3,12,0,1,91.99999988079071,12352.941175922751,6820.014625156928,136.66406364670655,440578.6643211479,125.63667379851404,0
myopic,10,53,3,12,0,1,91.99999988079071,12352.941175922751,6723.772001548723,137.2818344088113,453208.59307039325,125.63667379851404,0
myopic,10,52,3,12,0,1,91.99999988079071,12352.941175922751,6625.4928685323175,153.81860256505033,467359.9044880413,125.88796995465694,0
myopic,10,51,3,12,0,1,91.99999988079071,12352.941175922751,6513.97236470411,138.34489353076367,480087.63467637956,127.68291019733265,0
myopic,10,50,3,12,0,1,91.99999988079071,12352.941175922751,6413.726328543627,140.87177376016888,493047.83784552186,127.68291019733265,0
myopic,10,49,3,12,0,1,91.99999988079071,12352.941175922751,6315.598442785204,139.081422573994,505843.32870574953,127.67758616935599,0
myopic,10,48,3,12,0,1,91.99999988079071,12352.941175922751,6214.329843427395,135.1637324794449,518278.3920777457,127.67758616935599,0
myopic,10,47,3,12,0,1,91.99999988079071,12352.941175922751,6115.822764811619,141.0423289679347,531254.2863259821,127.67758616935599,0
myopic,10,46,3,12,0,1,91.99999988079071,12352.941175922751,6014.335940270112,133.96659583276394,543579.2131266263,130.9268177108672,0
myopic,10,45,3,12,0,1,91.99999988079071,12352.941175922751,5914.670129950249,147.58301732466657,557156.8507029024,130.9268177108672,0
myopic,10,44,3,12,0,1,91.99999988079071,12352.941175922751,5806.380215646454,140.3338452123214,570067.5644457069,131.3462768471955,0
myopic,10,43,3,12,0,1,91.99999988079071,12352.941175922751,5707.418381355306,153.64838818247873,584203.2161401786,131.3462768471955,0
myopic,10,42,3,12,0,1,91.99999988079071,12352.941175922751,5597.367889380715,160.39218614249177,598959.2972461677,131.3462768471955,0
myopic,10,41,3,12,0,1,91.99999988079071,12352.941175922751,5481.184549161001,160.17201215927724,613695.1223457272,134.2844581787016,0
myopic,10,40,3,12,0,1,91.99999988079071,12352.941175922751,5366.012782103395,133.06385569559058,625936.997053859,134.2844581787016,0
myopic,10,39,3,12,0,1,91.99999988079071,12352.941175922751,5267.866288116912,147.80697417763457,639535.2386605815,134.2844581787016,0
myopic,10,38,3,12,0,1,91.99999988079071,12352.941175922751,5159.819792832621,156.74102673762326,653955.4131017579,135.35708426229505,0
myopic,10,37,3,12,0,1,91.99999988079071,12352.941175922751,5046.673278861362,138.13996632666857,666664.2899873438,135.35708426229505,0
myopic,10,36,3,12,0,1,91.99999988079071,12352.941175922751,4947.227295576945,135.03967581881147,679087.9401465765,135.4899713904066,0
myopic,10,35,3,12,0,1,91.99999988079071,12352.941175922751,4850.909269978353,138.2150973180081,691803.7290833567,135.4899713904066,0
myopic,10,34,3,12,0,1,91.99999988079071,12352.941175922751,4750.602117661003,144.8255277765059,705127.6776215307,135.4899713904066,0
myopic,10,33,3,12,0,1,91.99999988079071,12352.941175922751,4645.684833149964,149.8182390984744,718910.9556007306,135.4899713904066,0
myopic,10,32,3,12,0,1,91.99999988079071,12352.941175922751,4533.409252048282,158.78175988749314,733518.8774914517,137.78792601608814,0
myopic,10,31,3,12,0,1,91.99999988079071,12352.941175922751,4414.76435659939,153.22417796353506,747615.5018458312,146.71138133961333,0
myopic,10,30,3,12,0,1,91.99999988079071,12352.941175922751,4300.242959902016,166.7118257691628,762952.9897967206,146.79097170826236,0
myopic,10,29,3,12,0,1,91.99999988079071,12352.941175922751,4177.212562187867,150.5568012889477,776804.215497356,149.1594284653892,0
myopic,10,28,3,12,0,1,91.99999988079071,12352.941175922751,4065.026201014187,162.9982379667095,791800.0533708624,149.1594284653892,0
myopic,10,27,3,12,0,1,91.99999988079071,12352.941175922751,3940.3691717028014,159.5992956325512,806483.1885500314,149.58016666485625,0
myopic,10,26,3,12,0,1,91.99999988079071,12352.941175922751,3817.6946009751755,148.7815615632987,820171.0921961188,149.58016666485625,0
myopic,10,25,3,12,0,1,91.99999988079071,12352.941175922751,3706.2492524667614,164.60175669661442,835314.4537925853,154.29524521730656,0
myopic,10,24,3,12,0,1,91.99999988079071,12352.941175922751,3582.7721305905143,165.17844342518828,850510.8705680118,154.97835501077762,0
myopic,10,23,3,12,0,1,91.99999988079071,12352.941175922751,3457.8752487917955,185.68653938272743,867594.0321690871,155.87126491759878,0
myopic,10,22,3,12,0,1,91.99999988079071,12352.941175922751,3317.2829708198487,182.07593471032368,884345.0181407317,158.91581566331308,0
myopic,10,21,3,12,0,1,91.99999988079071,12352.941175922751,3178.8874911023886,173.4882770130148,900305.9396052477,158.91581566331308,0
myopic,10,20,3,12,0,1,91.99999988079071,12352.941175922751,3051.4836576697335,173.3054174774371,916250.0379925123,158.91581566331308,0
myopic,10,19,3,12,0,1,91.99999988079071,12352.941175922751,2917.5830196773777,168.70436238162614,931770.8393115108,158.91581566331308,0
myopic,10,18,3,12,0,1,91.99999988079071,12352.941175922751,2789.089432958922,170.93129388204665,947496.5183282825,163.56364604434458,0
myopic,10,17,3,12,0,1,91.99999988079071,12352.941175922751,2653.6018736946116,169.95004722478683,963131.9226527032,163.56364604434458,0
myopic,10,16,3,12,0,1,91.99999988079071,12352.941175922751,2523.4425066963468,159.69411203086895,977823.7809405061,163.59817539596523,0
myopic,10,15,3,12,0,1,91.99999988079071,12352.941175922751,2402.298176824348,183.80396977117968,994733.7461375436,166.74534395337315,0
myopic,10,14,3,12,0,1,91.99999988079071,12352.941175922751,2261.6214953912286,160.83651209911804,1009530.7052314893,167.7158494426866,0
myopic,10,13,3,12,0,1,91.99999988079071,12352.941175922751,2136.1969890860028,184.43447001374489,1026498.6764507674,168.16714252718407,0
myopic,10,12,3,12,0,1,91.99999988079071,12352.941175922751,1990.6744009727963,186.52037405107723,1043658.5508412316,169.09384479432455,0
myopic,10,11,3,12,0,1,91.99999988079071,12352.941175922751,1844.5733395148427,207.40860854829387,1062740.1428029495,169.09384479432455,0
myopic,10,10,3,12,0,1,91.99999988079071,12352.941175922751,1681.2019090829563,189.0083295210522,1080128.9090963549,170.63726322604822,0
myopic,10,9,3,12,0,1,91.99999988079071,12352.941175922751,1533.0256168511314,180.613155633922,1096745.319393145,170.84305227950415,0
myopic,10,8,3,12,0,1,91.99999988079071,12352.941175922751,1391.133404871336,187.21785885495254,1113969.3623854825,170.84305227950415,0
myopic,10,7,3,12,0,1,91.99999988079071,12352.941175922751,1240.8863646284099,177.610613647447,1130309.5388198749,170.84305227950415,0
myopic,10,6,3,12,0,1,91.99999988079071,12352.941175922751,1100.4345310839562,172.95174290228186,1146221.0991462674,170.84305227950415,0
myopic,10,5,3,12,0,1,91.99999988079071,12352.941175922751,957.8650343083682,168.29015074647,1161703.7929948808,155.39122305741984,0
myopic,10,4,3,12,0,1,91.99999988079071,12352.941175922751,819.3601985388104,159.71747764773323,1176397.8009194324,149.0674834074808,0
myopic,10,3,3,12,0,1,91.99999988079071,12352.941175922751,685.4446842204597,150.74009184793684,1190265.889351473,142.23678861945825,0
myopic,10,2,3,12,0,1,91.99999988079071,12352.941175922751,557.2147153000878,136.77585731320838,1202849.268207983,135.31638940994628,0
myopic,10,1,3,12,0,1,91.99999988079071,10000.0,440.2089830496425,0.0,1202849.268207983,127.3584148712835,0
myopic,11,100,0,6,0,0,91.99999988079071,12352.941175922751,10000.0,63.205482732037694,5814.904403812787,53.51064944791461,1
myopic,11,99,0,6,0,0,91.99999988079071,12352.941175922751,9958.61080077063,64.62275680151437,11760.198021848475,53.51064944791461,1
myopic,11,98,0,6,0,0,91.99999988079071,12352.941175922751,9917.6690389576,73.39630322377462,18512.65790968622,53.51064944791461,1
myopic,11,97,0,6,0,0,91.99999988079071,12352.941175922751,9869.524127569128,66.65733732929226,24645.132936034934,55.53276728716988,1
myopic,11,96,0,6,0,0,91.99999988079071,12352.941175922751,9825.77758576698,58.545653734181045,30031.333072600406,55.852472283942966,1
myopic,11,95,0,6,0,0,91.99999988079071,12352.941175922751,9786.893218212557,68.17455049102078,36303.39170964728,56.18471002774361,1
myopic,11,94,0,6,0,0,91.99999988079071,12352.941175922751,9742.093048428043,60.3561528422183,41856.15776393635,56.18471002774361,1
myopic,11,93,0,6,0,0,91.99999988079071,12352.941175922751,9701.750592400427,55.3535238246447,46948.68194920501,56.18471002774361,1
myopic,11,92,0,6,0,0,91.99999988079071,12352.941175922751,9666.179028321349,65.47610386221831,52972.48349672374,56.85789131285237,1
myopic,11,91,0,6,0,0,91.99999988079071,12352.941175922751,9623.359487660497,48.05161750515642,57393.232301469936,56.85789131285237,1
myopic,11,90,0,6,0,0,91.99999988079071,12352.941175922751,9591.979182971741,59.673561754958676,62883.19997581249,57.85980122566746,1
myopic,11,89,0,6,0,0,91.99999988079071,12352.941175922751,9553.239636742286,51.47463115359638,67618.8660358071,57.85980122566746,1
myopic,11,88,0,6,0,0,91.99999988079071,12352.941175922751,9519.005715916164,71.90316707486498,74233.95739812317,57.85980122566746,1
myopic,11,87,0,6,0,0,91.99999988079071,12352.941175922751,9471.354960908848,58.77640478497224,79641.38663133392,59.05581472314141,1
myopic,11,86,0,6,0,0,91.99999988079071,12352.941175922751,9431.920650546643,70.75389146988593,86150.7446381289,59.05581472314141,1
myopic,11,85,0,6,0,0,91.99999988079071,12352.941175922751,9384.964169415953,69.373347475698,92533.09259762317,59.321172379079584,1
myopic,11,84,0,6,0,0,91.99999988079071,12352.941175922751,9337.77031467162,63.36035352266426,98362.24511415514,59.321172379079584,1
myopic,11,83,0,6,0,0,91.99999988079071,12352.941175922751,9296.00525041906,67.79720980045492,104599.58840771494,59.321172379079584,1
myopic,11,82,0,6,0,0,91.99999988079071,12352.941175922751,9250.385063558482,74.19915247782588,111425.9104268297,59.321172379079584,1
myopic,11,81,0,6,0,0,91.99999988079071,12352.941175922751,9201.77837225793,60.115746887666226,116956.55913332863,59.67942540614826,1
myopic,11,80,0,6,0,0,91.99999988079071,12352.941175922751,9162.00614782093,52.04651956891635,121744.8389274645,59.67942540614826,1
myopic,11,79,0,6,0,0,91.99999988079071,12352.941175922751,9126.914853711303,70.63070100038681,128242.86341108025,60.144742931333404,1
myopic,11,78,0,6,0,0,91.99999988079071,12352.941175922751,9079.967450351014,78.69341693201686,135482.65775944482,60.59148468407464,1
myopic,11,77,0,6,0,0,91.99999988079071,12352.941175922751,9026.122435729618,72.62725216673186,142164.3649501263,61.68635059106254,1
myopic,11,76,0,6,0,0,91.99999988079071,12352.941175922751,8976.712564647572,75.25359685163667,149087.69585150594,61.68635059106254,1
myopic,11,75,0,6,0,0,91.99999988079071,12352.941175922751,8927.037102128153,72.5196776020465,155759.5061822492,61.68635059106254,1
myopic,11,74,0,6,0,0,91.99999988079071,12352.941175922751,8877.389578655551,53.60352157600891,160691.03016085198,61.68635059106254,1
myopic,11,73,0,6,0,0,91.99999988079071,12352.941175922751,8840.799493101329,65.74189941947296,166739.28489960646,61.811377832783585,1
myopic,11,72,0,6,0,0,91.99999988079071,12352.941175922751,8795.526286880136,66.29436099495369,172838.3661032393,61.811377832783585,1
myopic,11,71,0,6,0,0,91.99999988079071,12352.941175922751,8750.428017519323,72.54967063459628,179512.93579297356,63.69238905560433,1
myopic,11,70,0,6,0,0,91.99999988079071,12352.941175922751,8701.76156217694,74.59563168149812,186375.73389877888,63.69238905560433,1
myopic,11,69,0,6,0,0,91.99999988079071,12352.941175922751,8650.941738071799,74.64495013921035,193243.06930268786,63.69238905560433,1
myopic,11,68,0,6,0,0,91.99999988079071,12352.941175922751,8600.3889412374,79.39470149599656,200547.38183085495,64.51194257070377,1
myopic,11,67,0,6,0,0,91.99999988079071,12352.941175922751,8545.469042803741,70.93721953126493,207073.60601927494,64.51194257070377,1
myopic,11,66,0,6,0,0,91.99999988079071,12352.941175922751,8496.302637290823,82.43946101988863,214658.03642327714,66.02319309723785,1
myopic,11,65,0,6,0,0,91.99999988079071,12352.941175922751,8438.003437813708,59.77280876549787,220157.13482257747,66.02319309723785,1
myopic,11,64,0,6,0,0,91.99999988079071,12352.941175922751,8396.27444259903,76.08196779712668,227156.67585084346,66.02319309723785,1
myopic,11,63,0,6,0,0,91.99999988079071,12352.941175922751,8343.946959654982,64.30810024920306,233073.021066104,66.02319309723785,1
myopic,11,62,0,6,0,0,91.99999988079071,12352.941175922751,8298.639501291578,62.31641991919266,238806.13169124103,66.02319309723785,1
myopic,11,61,0,6,0,0,91.99999988079071,12352.941175922751,8255.155613047267,103.76863358688895,248352.84596886463,66.0678136608015,1
myopic,11,60,0,6,0,0,91.99999988079071,12352.941175922751,8185.3890514951345,90.93354689340134,256718.73227221743,85.17672399217258,1
myopic,11,59,0,6,0,0,91.99999988079071,12352.941175922751,8123.807848819495,95.30612248155464,265486.89552915905,85.17672399217258,1
myopic,11,58,0,6,0,0,91.99999988079071,12352.941175922751,8055.959867327518,109.54213785064502,275564.77219835995,85.17672399217258,1
myopic,11,57,0,6,0,0,91.99999988079071,12352.941175922751,7982.186690848157,88.75409757149896,283730.1491643575,85.17672399217258,1
myopic,11,56,0,6,0,0,91.99999988079071,12352.941175922751,7919.6036319248615,108.72639356951325,293732.9773597915,85.17672399217258,1
myopic,11,55,0,6,0,0,91.99999988079071,12352.941175922751,7843.162451689002,90.1221963720418,302024.21941527596,87.67464619283565,1
myopic,11,54,0,6,0,0,91.99999988079071,12352.941175922751,7779.822601624066,95.95845874492082,310852.39760836953,87.67464619283565,1
myopic,11,53,0,6,0,0,91.99999988079071,12352.941175922751,7712.833867245407,90.57817450949133,319185.589652445,87.67464619283565,1
myopic,11,52,0,6,0,0,91.99999988079071,12352.941175922751,7648.854495426973,100.37898005519135,328420.4558055565,88.00542260216963,1
myopic,11,51,0,6,0,0,91.99999988079071,12352.941175922751,7578.394456351398,96.1424395266595,337265.5602305481,89.3393639748758,1
myopic,11,50,0,6,0,0,91.99999988079071,12352.941175922751,7512.200869692925,94.61101223848044,345969.7733452098,89.3393639748758,1
myopic,11,49,0,6,0,0,91.99999988079071,12352.941175922751,7444.131967870982,96.97595152068368,354891.5608735522,89.87264365606573,1
myopic,11,48,0,6,0,0,91.99999988079071,12352.941175922751,7377.301925877154,109.17596003122243,364935.7491834099,89.87264365606573,1
myopic,11,47,0,6,0,0,91.99999988079071,12352.941175922751,7299.29959930835,118.00905028149486,375792.58179523965,89.87264365606573,1
myopic,11,46,0,6,0,0,91.99999988079071,12352.941175922751,7215.4695538631495,97.49621700687531,384762.2337482497,92.28499445299059,1
myopic,11,45,0,6,0,0,91.99999988079071,12352.941175922751,7147.891414435111,112.36089739761229,395099.4362954356,92.32417290804567,1
myopic,11,44,0,6,0,0,91.99999988079071,12352.941175922751,7064.687277523131,95.20271093931026,403858.08569050307,92.85601305134094,1
myopic,11,43,0,6,0,0,91.99999988079071,12352.941175922751,6997.470905450933,106.53970082648,413659.7381538387,92.85601305134094,1
myopic,11,42,0,6,0,0,91.99999988079071,12352.941175922751,6922.336365210425,100.45496286247761,422901.5947252115,92.85601305134094,1
myopic,11,41,0,6,0,0,91.99999988079071,12352.941175922751,6850.755754989943,104.15510089675158,432483.8639952964,93.6308664821853,1
myopic,11,40,0,6,0,0,91.99999988079071,12352.941175922751,6774.654641666895,102.79597051612649,441941.0932705258,93.6308664821853,1
myopic,11,39,0,6,0,0,91.99999988079071,12352.941175922751,6699.592352804485,100.81286878162128,451215.8771864171,93.6308664821853,1
myopic,11,38,0,6,0,0,91.99999988079071,12352.941175922751,6626.495756283868,87.06617523351971,459225.96529752185,95.04742683727991,1
myopic,11,37,0,6,0,0,91.99999988079071,12352.941175922751,6565.106295996684,110.53928725107941,469395.57971144386,95.04742683727991,1
myopic,11,36,0,6,0,0,91.99999988079071,12352.941175922751,6485.803038632163,108.81129933740648,479406.21923751396,95.04742683727991,1
myopic,11,35,0,6,0,0,91.99999988079071,12352.941175922751,6406.12312976295,114.75021081551974,489963.23861886247,95.04742683727991,1
myopic,11,34,0,6,0,0,91.99999988079071,12352.941175922751,6321.561612958798,112.30791075095811,500295.5663945625,95.04742683727991,1
myopic,11,33,0,6,0,0,91.99999988079071,12352.941175922751,6239.787274214345,100.73332870625104,509563.0326235292,95.04742683727991,1
myopic,11,32,0,6,0,0,91.99999988079071,12352.941175922751,6167.008932959423,107.55764680495668,519458.33611676336,97.00694341239463,1
myopic,11,31,0,6,0,0,91.99999988079071,12352.941175922751,6089.633803667066,107.08244967030367,529309.9214736661,101.69890345053383,1
myopic,11,30,0,6,0,0,91.99999988079071,12352.941175922751,6011.07165998111,117.19868537952625,540092.2005146113,101.69890345053383,1
myopic,11,29,0,6,0,0,91.99999988079071,12352.941175922751,5925.206850818254,99.79632679185349,549273.4625675651,105.09652333242514,1
myopic,11,28,0,6,0,0,91.99999988079071,12352.941175922751,5851.593352598299,117.44968508611524,560078.8335814866,105.09652333242514,1
myopic,11,27,0,6,0,0,91.99999988079071,12352.941175922751,5763.236906956462,120.2698299548241,571143.6579229932,105.51726153189219,1
myopic,11,26,0,6,0,0,91.99999988079071,12352.941175922751,5674.849122753047,113.52667513641623,581588.11202201,105.51726153189219,1
myopic,11,25,0,6,0,0,91.99999988079071,12352.941175922751,5587.937729212367,126.95951540136656,593268.387423801,108.86577323146005,1
myopic,11,24,0,6,0,0,91.99999988079071,12352.941175922751,5490.712753990991,138.9205972781392,606049.0823568292,110.31606898852215,1
myopic,11,23,0,6,0,0,91.99999988079071,12352.941175922751,5388.020302931654,126.876856277834,617721.7531192651,111.20897889534331,1
myopic,11,22,0,6,0,0,91.99999988079071,12352.941175922751,5292.113591094505,128.27159965210942,629522.740271968,112.95137016244168,1
myopic,11,21,0,6,0,0,91.99999988079071,12352.941175922751,5194.748689030016,125.41113895490697,641060.5650408692,112.95137016244168,1
myopic,11,20,0,6,0,0,91.99999988079071,12352.941175922751,5099.758706651719,111.7747023308588,651343.8376419836,112.95137016244168,1
myopic,11,19,0,6,0,0,91.99999988079071,12352.941175922751,5015.2422667625215,122.6940979372033,662631.6946375801,112.95137016244168,1
myopic,11,18,0,6,0,0,91.99999988079071,12352.941175922751,4921.768430378263,124.93468546483494,674125.6856854515,117.40424760711261,1
myopic,11,17,0,6,0,0,91.99999988079071,12352.941175922751,4825.616977746462,135.26550539220872,686570.1121654098,117.40424760711261,1
myopic,11,16,0,6,0,0,91.99999988079071,12352.941175922751,4721.586633566467,131.63060329575146,698680.1276529274,117.43877695873326,1
myopic,11,15,0,6,0,0,91.99999988079071,12352.941175922751,4620.279322852445,125.89229005982152,710262.2183234234,117.79311858824813,1
myopic,11,14,0,6,0,0,91.99999988079071,12352.941175922751,4523.358909735852,125.509504697062,721809.0927405913,118.13382576143007,1
myopic,11,13,0,6,0,0,91.99999988079071,12352.941175922751,4425.626537438438,130.15494030811394,733783.3472334221,118.13382576143007,1
myopic,11,12,0,6,0,0,91.99999988079071,12352.941175922751,4323.610671660672,119.41284652059336,744769.3290990816,118.65148982084473,1
myopic,11,11,0,6,0,0,91.99999988079071,12352.941175922751,4229.265552418953,125.11425781270623,756279.8408029358,118.65148982084473,1
myopic,11,10,0,6,0,0,91.99999988079071,12352.941175922751,4131.990980678866,129.8618286315004,768227.1290215531,119.72247037978816,1
myopic,11,9,0,6,0,0,91.99999988079071,12352.941175922751,4030.27058203289,133.77037407438064,780534.0034204494,119.9282594332441,1
myopic,11,8,0,6,0,0,91.99999988079071,12352.941175922751,3924.9278174979227,122.8855521062429,791839.4741995747,119.9282594332441,1
myopic,11,7,0,6,0,0,91.99999988079071,12352.941175922751,3827.919322567627,141.9372391125344,804897.7001810076,119.9282594332441,1
myopic,11,6,0,6,0,0,91.99999988079071,12352.941175922751,3713.9289400124817,113.01178511949638,815294.7843985292,119.9282594332441,1
myopic,11,5,0,6,0,0,91.99999988079071,12352.941175922751,3622.579059586148,102.97363741603063,824768.3590285286,111.6350613497792,1
myopic,11,4,0,6,0,0,91.99999988079071,12352.941175922751,3537.2971038903743,98.1312371758367,833796.4328370073,105.31132169984018,1
myopic,11,3,0,6,0,0,91.99999988079071,12352.941175922751,3456.2750771668625,111.16363569564864,844023.4873077553,100.66337802387262,1
myopic,11,2,0,6,0,0,91.99999988079071,12352.941175922751,3365.1662562985875,101.57576386323946,853368.4575710646,97.45860423514522,1
myopic,11,1,0,6,0,0,91.99999988079071,12352.941175922751,3278.8640635312986,95.56885594189326,862160.7923063261,90.48681714092218,1
myopic,12,100,3,12,0,1,91.99999988079071,12352.941175922751,10000.0,92.28274711539204,8490.012723615107,78.9152323625027,0
myopic,12,99,3,12,0,1,91.99999988079071,12352.941175922751,9937.988335110691,76.8466296410215,15559.902641428253,78.9152323625027,0
myopic,12,98,3,12,0,1,91.99999988079071,12352.941175922751,9888.283845473807,77.71085286733688,22709.30109595939,78.9152323625027,0
myopic,12,97,3,12,0,1,91.99999988079071,12352.941175922751,9837.474088485838,96.26626780271405,31565.79772233325,80.54394018700624,0
myopic,12,96,3,12,0,1,91.99999988079071,12352.941175922751,9774.356554126673,92.60733165957244,40085.67222397426,80.54394018700624,0
myopic,12,95,3,12,0,1,91.99999988079071,12352.941175922751,9715.718549605352,89.81680445488529,48348.81822311671,80.87617793080689,0
myopic,12,94,3,12,0,1,91.99999988079071,12352.941175922751,9657.64255236463,103.37801959850918,57859.59601385593,80.87617793080689,0
myopic,12,93,3,12,0,1,91.99999988079071,12352.941175922751,9588.516045957396,97.24122001980469,66805.78824408591,81.3639638541496,0
myopic,12,92,3,12,0,1,91.99999988079071,12352.941175922751,9524.480393855492,94.54932234798116,75504.32588882901,81.79418251526724,0
myopic,12,91,3,12,0,1,91.99999988079071,12352.941175922751,9461.346533776652,88.14768570217744,83613.91296292131,81.79418251526724,0
myopic,12,90,3,12,0,1,91.99999988079071,12352.941175922751,9403.615627658632,89.98472476628699,91892.50763069271,82.94060849899128,0
myopic,12,89,3,12,0,1,91.99999988079071,12352.941175922751,9344.723272135769,86.14819169350312,99818.14125622532,82.94060849899128,0
myopic,12,88,3,12,0,1,91.99999988079071,12352.941175922751,9287.932234432763,86.97670567703375,107819.998168144,82.94060849899128,0
myopic,12,87,3,12,0,1,91.99999988079071,12352.941175922751,9229.447574361691,80.0353568241379,115183.25098642372,84.67522570563183,0
myopic,12,86,3,12,0,1,91.99999988079071,12352.941175922751,9175.507775821929,88.09034772372162,123287.56296650492,84.67522570563183,0
myopic,12,85,3,12,0,1,91.99999988079071,12352.941175922751,9117.485733404223,85.39786497756224,131144.16653426044,84.94058336157,0
myopic,12,84,3,12,0,1,91.99999988079071,12352.941175922751,9060.747369240811,94.22335003834962,139812.7147265563,87.77795801726384,0
myopic,12,83,3,12,0,1,91.99999988079071,12352.941175922751,8997.68534097571,91.93444774508907,148270.68390814506,87.77795801726384,0
myopic,12,82,3,12,0,1,91.99999988079071,12352.941175922751,8936.178165431249,111.15482213570105,158496.92753137887,87.77795801726384,0
myopic,12,81,3,12,0,1,91.99999988079071,12352.941175922751,8861.298562069336,92.00776713342256,166961.64209668557,88.13621104433251,0
myopic,12,80,3,12,0,1,91.99999988079071,12352.941175922751,8798.655770590314,97.0873857410018,175893.681573284,88.13621104433251,0
myopic,12,79,3,12,0,1,91.99999988079071,12352.941175922751,8732.86446513349,103.5094032059801,185416.5466558949,89.52353529625056,0
myopic,12,78,3,12,0,1,91.99999988079071,12352.941175922751,8663.832073568425,84.52704176408447,193193.03448811427,89.97027704899179,0
myopic,12,77,3,12,0,1,91.99999988079071,12352.941175922751,8607.33513807532,104.38098513468891,202796.08510806246,91.21290293230952,0
myopic,12,76,3,12,0,1,91.99999988079071,12352.941175922751,8537.509634702617,103.48109626335658,212316.34595195536,91.21290293230952,0
myopic,12,75,3,12,0,1,91.99999988079071,12352.941175922751,8466.534647591361,95.61643442377965,221113.05790754472,91.21290293230952,0
myopic,12,74,3,12,0,1,91.99999988079071,12352.941175922751,8400.58916433947,113.49043546815135,231554.1779570855,91.21290293230952,0
myopic,12,73,3,12,0,1,91.99999988079071,12352.941175922751,8322.399469385176,109.8397024996644,241659.43057396074,91.71167850679893,0
myopic,12,72,3,12,0,1,91.99999988079071,12352.941175922751,8246.59419626777,120.6139005621178,252755.90941129727,91.71167850679893,0
myopic,12,71,3,12,0,1,91.99999988079071,12352.941175922751,8164.500960426703,102.59426074035875,262194.5813871801,93.59268972961968,0
myopic,12,70,3,12,0,1,91.99999988079071,12352.941175922751,8094.068499304656,95.31202712839726,270963.2878716306,93.59268972961968,0
myopic,12,69,3,12,0,1,91.99999988079071,12352.941175922751,8031.046274614407,97.31271315681008,279916.0574704565,93.59268972961968,0
myopic,12,68,3,12,0,1,91.99999988079071,12352.941175922751,7964.300956476673,108.15320366381034,289866.1521946342,95.22698613284727,0
myopic,12,67,3,12,0,1,91.99999988079071,12352.941175922751,7892.541255310518,90.59268768183283,298200.67945056333,95.22698613284727,0
myopic,12,66,3,12,0,1,91.99999988079071,12352.941175922751,7830.957826940157,104.15594522156835,307783.0263985313,96.40547190899488,0
myopic,12,65,3,12,0,1,91.99999988079071,12352.941175922751,7759.7090708124615,111.03129692326381,317997.9057022356,96.40547190899488,0
myopic,12,64,3,12,0,1,91.99999988079071,12352.941175922751,7681.997836185791,107.50756878942946,327888.6020180472,96.40547190899488,0
myopic,12,63,3,12,0,1,91.99999988079071,12352.941175922751,7607.388441729652,96.89878380770882,336803.2901168052,96.40547190899488,0
myopic,12,62,3,12,0,1,91.99999988079071,12352.941175922751,7542.1305604539575,107.67695639242304,346709.570092072,96.40547190899488,0
myopic,12,61,3,12,0,1,91.99999988079071,12352.941175922751,7467.101473805824,139.07916946281927,359504.85366607184,96.52103063721071,0
myopic,12,60,3,12,0,1,91.99999988079071,12352.941175922751,7370.150471677331,139.7991570205419,372366.37609529635,121.59600514742525,0
myopic,12,59,3,12,0,1,91.99999988079071,12352.941175922751,7272.191006399122,119.50828443723047,383361.13824927504,121.8300795387339,0
myopic,12,58,3,12,0,1,91.99999988079071,12352.941175922751,7190.5036717859075,137.16704528718242,395980.50639934425,121.8300795387339,0
myopic,12,57,3,12,0,1,91.99999988079071,12352.941175922751,7094.4066393035755,121.42902807273344,407151.97696756024,121.8300795387339,0
myopic,12,56,3,12,0,1,91.99999988079071,12352.941175922751,7008.400021358201,134.18713927212423,419497.19376459933,121.8300795387339,0
myopic,12,55,3,12,0,1,91.99999988079071,12352.941175922751,6915.381847465638,139.88834382097897,432366.9213794534,125.63667379851404,0
myopic,12,54,3,12,0,1,91.99999988079071,12352.941175922751,6816.633757315902,126.23285871576337,443980.3443662555,125.63667379851404,0
myopic,12,53,3,12,0,1,91.99999988079071,12352.941175922751,6727.02838100085,138.59156299215732,456730.76814501255,125.63667379851404,0
myopic,12,52,3,12,0,1,91.99999988079071,12352.941175922751,6631.357013139589,137.73828462670735,469402.69031424995,125.88796995465694,0
myopic,12,51,3,12,0,1,91.99999988079071,12352.941175922751,6538.609037725779,134.7595215621118,481800.56628189964,127.68291019733265,0
myopic,12,50,3,12,0,1,91.99999988079071,12352.941175922751,6443.693599160522,134.2622308225042,494152.6915015647,127.68291019733265,0
myopic,12,49,3,12,0,1,91.99999988079071,12352.941175922751,6349.7687641648445,138.76053568407949,506918.66076795844,127.67758616935599,0
myopic,12,48,3,12,0,1,91.99999988079071,12352.941175922751,6251.891954618548,148.09972794707616,520543.83572143456,127.67758616935599,0
myopic,12,47,3,12,0,1,91.99999988079071,12352.941175922751,6147.358732594256,141.41604891115662,533554.1122044029,127.67758616935599,0
myopic,12,46,3,12,0,1,91.99999988079071,12352.941175922751,6046.425423118684,160.10872888248866,548284.1152425054,130.9268177108672,0
myopic,12,45,3,12,0,1,91.99999988079071,12352.941175922751,5933.586752010593,148.0584576342059,561905.4933272024,130.9268177108672,0
myopic,12,44,3,12,0,1,91.99999988079071,12352.941175922751,5831.312957012003,154.71947057546072,576139.6846017007,131.3462768471955,0
myopic,12,43,3,12,0,1,91.99999988079071,12352.941175922751,5720.030075264661,154.61791695648282,590364.5329432653,131.3462768471955,0
myopic,12,42,3,12,0,1,91.99999988079071,12352.941175922751,5609.881388230119,138.83324184385467,603137.1911763496,131.3462768471955,0
myopic,12,41,3,12,0,1,91.99999988079071,12352.941175922751,5509.273685235271,153.20403442121588,617231.9623248382,134.2844581787016,0
myopic,12,40,3,12,0,1,91.99999988079071,12352.941175922751,5401.173058965496,135.3922854923831,629688.0525739974,134.2844581787016,0
myopic,12,39,3,12,0,1,91.99999988079071,12352.941175922751,5303.321819946808,146.9802285924214,643210.2335869787,134.2844581787016,0
myopic,12,38,3,12,0,1,91.99999988079071,12352.941175922751,5193.502752095751,143.437392925697,656406.4737190438,135.35708426229505,0
myopic,12,37,3,12,0,1,91.99999988079071,12352.941175922751,5091.034027795091,147.61089474291404,669986.6760177952,135.35708426229505,0
myopic,12,36,3,12,0,1,91.99999988079071,12352.941175922751,4987.43988899513,141.38431260620172,682994.0327607115,135.4899713904066,0
myopic,12,35,3,12,0,1,91.99999988079071,12352.941175922751,4882.537839902621,147.4459894571449,696559.0637731919,135.4899713904066,0
myopic,12,34,3,12,0,1,91.99999988079071,12352.941175922751,4776.623059326937,138.321824902714,709284.6716477523,135.4899713904066,0
myopic,12,33,3,12,0,1,91.99999988079071,12352.941175922751,4675.123630215271,156.28194828888664,723662.6108716996,135.4899713904066,0
myopic,12,32,3,12,0,1,91.99999988079071,12352.941175922751,4560.746160651881,157.68206385184195,738169.3607272719,137.78792601608814,0
myopic,12,31,3,12,0,1,91.99999988079071,12352.941175922751,4444.980161305446,163.93561863979667,753251.4376225906,146.71138133961333,0
myopic,12,30,3,12,0,1,91.99999988079071,12352.941175922751,4326.208138876659,168.4573938766955,768749.5178391648,146.79097170826236,0
myopic,12,29,3,12,0,1,91.99999988079071,12352.941175922751,4206.88606010498,153.1665282655009,782840.8384213321,149.1594284653892,0
myopic,12,28,3,12,0,1,91.99999988079071,12352.941175922751,4094.6576684987995,163.07187015019264,797843.4504557101,149.1594284653892,0
myopic,12,27,3,12,0,1,91.99999988079071,12352.941175922751,3976.532689193742,166.56963866361036,813167.8571929056,149.58016666485625,0
myopic,12,26,3,12,0,1,91.99999988079071,12352.941175922751,3851.333319055995,172.71598456012362,829057.7277518476,149.58016666485625,0
myopic,12,25,3,12,0,1,91.99999988079071,12352.941175922751,3722.7164833398583,176.48218263404476,845294.0885331414,154.29524521730656,0
myopic,12,24,3,12,0,1,91.99999988079071,12352.941175922751,3590.580653377787,161.6958356068558,860170.1053896965,154.97835501077762,0
myopic,12,23,3,12,0,1,91.99999988079071,12352.941175922751,3470.2607268349466,184.50235600861845,877144.322120495,155.87126491759878,0
myopic,12,22,3,12,0,1,91.99999988079071,12352.941175922751,3334.5774589851817,174.67010917892898,893213.9721441342,158.91581566331308,0
myopic,12,21,3,12,0,1,91.99999988079071,12352.941175922751,3204.184644655893,166.98764858616045,908576.8357941546,158.91581566331308,0
myopic,12,20,3,12,0,1,91.99999988079071,12352.941175922751,3080.3367728428348,174.97990358396743,924674.9869030203,158.91581566331308,0
myopic,12,19,3,12,0,1,91.99999988079071,12352.941175922751,2947.517015500048,181.73790694777955,941394.8743205512,158.91581566331308,0
myopic,12,18,3,12,0,1,91.99999988079071,12352.941175922751,2812.751142078024,176.9558290683677,957674.8105737462,163.56364604434458,0
myopic,12,17,3,12,0,1,91.99999988079071,12352.941175922751,2677.4773311349545,186.8780621401351,974867.592268361,163.56364604434458,0
myopic,12,16,3,12,0,1,91.99999988079071,12352.941175922751,2533.49166842458,189.40585706091701,992292.9310953864,163.59817539596523,0
myopic,12,15,3,12,0,1,91.99999988079071,12352.941175922751,2386.244933425206,190.40794611779071,1009810.4621155247,166.74534395337315,0
myopic,12,14,3,12,0,1,91.99999988079071,12352.941175922751,2241.4566924835126,184.77551481086022,1026809.8094560968,167.7158494426866,0
myopic,12,13,3,12,0,1,91.99999988079071,12352.941175922751,2100.154167095199,166.27505786247784,1042107.1147596233,168.16714252718407,0
myopic,12,12,3,12,0,1,91.99999988079071,12352.941175922751,1974.278239469024,202.0382019998331,1060694.6293195232,169.09384479432455,0
myopic,12,11,3,12,0,1,91.99999988079071,12352.941175922751,1819.2835437100275,169.0816125642972,1076250.1376552824,169.09384479432455,0
myopic,12,10,3,12,0,1,91.99999988079071,12352.941175922751,1687.9567943515867,199.40631936872305,1094595.5190134337,170.63726322604822,0
myopic,12,9,3,12,0,1,91.99999988079071,12352.941175922751,1531.1950795659195,190.50865195929654,1112122.3149709785,170.84305227950415,0
myopic,12,8,3,12,0,1,91.99999988079071,12352.941175922751,1381.0485563627954,186.57815333925362,1129287.505055948,170.84305227950415,0
myopic,12,7,3,12,0,1,91.99999988079071,12352.941175922751,1230.5871661791862,193.61192044748412,1147099.8017140361,170.84305227950415,0
myopic,12,6,3,12,0,1,91.99999988079071,12352.941175922751,1075.7996060194455,177.4417404601733,1163424.4418152194,170.84305227950415,0
myopic,12,5,3,12,0,1,91.99999988079071,12352.941175922751,931.2373967389558,161.62463385524003,1178293.9081106342,155.39122305741984,0
myopic,12,4,3,12,0,1,91.99999988079071,12352.941175922751,799.6241727272463,157.92451628780026,1192822.9635902857,149.0674834074808,0
myopic,12,3,3,12,0,1,91.99999988079071,12352.941175922751,671.0799820421744,157.5137978857136,1207314.2329769942,142.23678861945825,0
myopic,12,2,3,12,0,1,91.99999988079071,12352.941175922751,540.7534581511063,134.62906819326025,1219700.1072347253,135.31638940994628,0
myopic,12,1,3,12,0,1,91.99999988079071,10000.0,429.0407226929292,0.0,1219700.1072347253,127.3584148712835,0
myopic,13,100,5,12,1,1,91.99999988079071,12352.941175922751,10000.0,137.47797729253023,12647.97389452413,122.62129846453644,0
myopic,13,99,5,12,1,1,91.99999988079071,12352.941175922751,9900.116287870136,134.64689336575725,25035.488068122635,122.62129846453644,0
myopic,13,98,5,12,1,1,91.99999988079071,12352.941175922751,9805.087578285129,140.57216764436257,37968.127474646484,122.62129846453644,0
myopic,13,97,5,12,1,1,91.99999988079071,12352.941175922751,9704.496590505309,133.073573414418,50210.896212909334,124.02216067174243,0
myopic,13,96,5,12,1,1,91.99999988079071,12352.941175922751,9610.017199205366,142.84521299854367,63352.655791746874,124.02216067174243,0
myopic,13,95,5,12,1,1,91.99999988079071,12352.941175922751,9507.209814373215,133.1382137311796,75601.37143914409,125.08183156398725,0
myopic,13,94,5,12,1,1,91.99999988079071,12352.941175922751,9412.620292221454,123.16997782905017,86933.0093847337,125.08183156398725,0
myopic,13,93,5,12,1,1,91.99999988079071,12352.941175922751,9322.69988659171,136.9230146345178,99529.92671478684,125.56961748732996,0
myopic,13,92,5,12,1,1,91.99999988079071,12352.941175922751,9223.038171994287,142.05706641211833,112599.1768077672,126.56691740931149,0
myopic,13,91,5,12,1,1,91.99999988079071,12352.941175922751,9118.77143401198,152.59243780893618,126637.6810679989,126.56691740931149,0
myopic,13,90,5,12,1,1,91.99999988079071,12352.941175922751,9008.860627177923,152.14166535877834,140634.71426286982,128.0068958182441,0
myopic,13,89,5,12,1,1,91.99999988079071,12352.941175922751,8900.994192152506,150.65750810215135,154495.20499030798,128.0068958182441,0
myopic,13,88,5,12,1,1,91.99999988079071,12352.941175922751,8794.849172132232,145.2135987062523,167854.85605397238,128.27423610834077,0
myopic,13,87,5,12,1,1,91.99999988079071,12352.941175922751,8688.89634870064,144.25676489884836,181126.4784074697,129.9887842880545,0
myopic,13,86,5,12,1,1,91.99999988079071,12352.941175922751,8585.427817429081,137.55967823581565,193781.96878876633,129.9887842880545,0
myopic,13,85,5,12,1,1,91.99999988079071,12352.941175922751,8486.61039355435,155.5229223599759,208090.07762734435,131.39065547928402,0
myopic,13,84,5,12,1,1,91.99999988079071,12352.941175922751,8372.975304638381,145.01686951623174,221431.62960555032,134.22803013497784,0
myopic,13,83,5,12,1,1,91.99999988079071,12352.941175922751,8269.822989454844,152.50589915503278,235462.17230963323,134.22803013497784,0
myopic,13,82,5,12,1,1,91.99999988079071,12352.941175922751,8161.517932275709,143.25972730115723,248642.0672042618,134.22803013497784,0
myopic,13,81,5,12,1,1,91.99999988079071,12352.941175922751,8058.635533405951,153.45268822003112,262759.71450221166,134.58628316204653,0
myopic,13,80,5,12,1,1,91.99999988079071,12352.941175922751,7946.8825146619765,154.12234763877402,276938.970466606,134.58628316204653,0
myopic,13,79,5,12,1,1,91.99999988079071,12352.941175922751,7834.450017834304,145.00406885084033,290279.3447835975,137.25137735790267,0
myopic,13,78,5,12,1,1,91.99999988079071,12352.941175922751,7728.188301328812,162.92610555469392,305268.546475207,137.25137735790267,0
myopic,13,77,5,12,1,1,91.99999988079071,12352.941175922751,7609.500567780103,158.3552489208597,319837.2293570487,138.34527592112582,0
myopic,13,76,5,12,1,1,91.99999988079071,12352.941175922751,7494.126785352165,161.51493662405997,334696.6035072081,139.8599388733162,0
myopic,13,75,5,12,1,1,91.99999988079071,12352.941175922751,7375.126383509723,160.29304897155552,349443.5639934828,139.8599388733162,0
myopic,13,74,5,12,1,1,91.99999988079071,12352.941175922751,7257.336483876912,167.2421851613332,364829.8450083886,139.8599388733162,0
myopic,13,73,5,12,1,1,91.99999988079071,12352.941175922751,7135.381272466042,151.448825486703,378763.1369351112,140.6224031964283,0
myopic,13,72,5,12,1,1,91.99999988079071,12352.941175922751,7025.12800570433,159.0098557201952,393392.0436424137,140.6224031964283,0
myopic,13,71,5,12,1,1,91.99999988079071,12352.941175922751,6909.261198423422,148.96589301244632,407096.9057818006,140.6224031964283,0
myopic,13,70,5,12,1,1,91.99999988079071,12352.941175922751,6798.715986826804,166.8400283417307,422446.188369351,140.6224031964283,0
myopic,13,69,5,12,1,1,91.99999988079071,12352.941175922751,6674.970869205215,139.00398478884657,435234.5549533543,143.74385215300907,0
myopic,13,68,5,12,1,1,91.99999988079071,12352.941175922751,6573.708786265658,151.88089738752956,449207.5974949014,146.41315056855447,0
myopic,13,67,5,12,1,1,91.99999988079071,12352.941175922751,6463.287191149908,158.89906768336297,463826.31170282856,146.41315056855447,0
myopic,13,66,5,12,1,1,91.99999988079071,12352.941175922751,6343.264656894842,159.70202043913315,478518.89756419085,147.95730716934838,0
myopic,13,65,5,12,1,1,91.99999988079071,12352.941175922751,6226.098020743444,167.751790827972,493952.0623003667,147.95730716934838,0
myopic,13,64,5,12,1,1,91.99999988079071,12352.941175922751,6101.594531858412,164.99728402883903,509131.81241135066,147.95730716934838,0
myopic,13,63,5,12,1,1,91.99999988079071,12352.941175922751,5980.12067234379,164.01979926325006,524221.63392401696,149.66408283344634,0
myopic,13,62,5,12,1,1,91.99999988079071,12352.941175922751,5857.506954333448,149.04120412281475,537933.4246855489,149.66408283344634,0
myopic,13,61,5,12,1,1,91.99999988079071,12352.941175922751,5748.796303608076,201.4037076756771,556462.565767702,149.93764281533836,0
myopic,13,60,5,12,1,1,91.99999988079071,12352.941175922751,5597.0919693578335,188.93064211877066,573844.1848201066,175.84600634426346,0
myopic,13,59,5,12,1,1,91.99999988079071,12352.941175922751,5457.781378736926,198.1881265143399,592077.4924358,176.08019672204279,0
myopic,13,58,5,12,1,1,91.99999988079071,12352.941175922751,5311.754968973684,196.95172359516766,610197.050983077,182.18293728047686,0
myopic,13,57,5,12,1,1,91.99999988079071,12352.941175922751,5161.43945883619,200.72907426806972,628664.1257918107,182.18293728047686,0
myopic,13,56,5,12,1,1,91.99999988079071,12352.941175922751,5008.827602951987,200.3250437210291,647094.0297902648,182.18293728047686,0
myopic,13,55,5,12,1,1,91.99999988079071,12352.941175922751,4857.667598139589,213.1926518946982,666707.7537391625,184.4032916851394,0
myopic,13,54,5,12,1,1,91.99999988079071,12352.941175922751,4699.901199183493,199.32618399350523,685045.7626428034,184.4032916851394,0
myopic,13,53,5,12,1,1,91.99999988079071,12352.941175922751,4549.970510031384,204.36185738562673,703847.0534979192,184.4032916851394,0
myopic,13,52,5,12,1,1,91.99999988079071,12352.941175922751,4393.037573057556,210.03671893183773,723170.43161461,184.4032916851394,0
myopic,13,51,5,12,1,1,91.99999988079071,12352.941175922751,4237.182178495106,212.03178511017836,742677.3558194702,186.63549510603517,0
myopic,13,50,5,12,1,1,91.99999988079071,12352.941175922751,4078.3687148014606,207.68312197399422,761784.20301632,195.43755580295394,0
myopic,13,49,5,12,1,1,91.99999988079071,12352.941175922751,3917.401145520609,206.53173274371665,780785.1224041214,196.20027183670678,0
myopic,13,48,5,12,1,1,91.99999988079071,12352.941175922751,3760.105595529735,213.38316330930093,800416.3734031399,196.20027183670678,0
myopic,13,47,5,12,1,1,91.99999988079071,12352.941175922751,3596.2043234464554,221.93448707426148,820834.3461875153,199.91319423353335,0
myopic,13,46,5,12,1,1,91.99999988079071,12352.941175922751,3426.838725624507,218.49552404545702,840935.9343736507,199.91319423353335,0
myopic,13,45,5,12,1,1,91.99999988079071,12352.941175922751,3257.9810023780346,212.29791159778293,860467.3422153388,199.91319423353335,0
myopic,13,44,5,12,1,1,91.99999988079071,12352.941175922751,3097.03203977419,210.818662301132,879862.6591219114,200.5032029124764,0
myopic,13,43,5,12,1,1,91.99999988079071,12352.941175922751,2933.250021963726,217.40297964333718,899863.7332231819,200.5032029124764,0
myopic,13,42,5,12,1,1,91.99999988079071,12352.941175922751,2768.4670708753147,220.13264198323157,920115.9362593973,200.5032029124764,0
myopic,13,41,5,12,1,1,91.99999988079071,12352.941175922751,2594.9589626402894,222.62544554939055,940597.4772234022,203.90988037788304,0
myopic,13,40,5,12,1,1,91.99999988079071,12352.941175922751,2422.000277654548,227.20668379769128,961500.4921057047,203.90988037788304,0
myopic,13,39,5,12,1,1,91.99999988079071,12352.941175922751,2246.793756607437,225.7848061142696,982272.6942413019,203.90988037788304,0
myopic,13,38,5,12,1,1,91.99999988079071,12352.941175922751,2072.990415728096,228.49082640427372,1003293.8502432568,211.06427502110148,0
myopic,13,37,5,12,1,1,91.99999988079071,12352.941175922751,1900.7067579078366,252.39111877127777,1026513.833140127,211.06427502110148,0
myopic,13,36,5,12,1,1,91.99999988079071,12352.941175922751,1703.0942827431008,232.6003535030175,1047913.0656346765,211.3777930168817,0
myopic,13,35,5,12,1,1,91.99999988079071,12352.941175922751,1522.77599249778,225.35290639504993,1068645.532996157,211.3777930168817,0
myopic,13,34,5,12,1,1,91.99999988079071,12352.941175922751,1345.6472482639765,230.1752135651584,1089821.6526167125,211.3777930168817,0
myopic,13,33,5,12,1,1,91.99999988079071,12352.941175922751,1165.2379884216007,220.57010010408098,1110114.101799994,211.3777930168817,0
myopic,13,32,5,12,1,1,91.99999988079071,12352.941175922751,992.200824429452,252.58304566038913,1133351.7419706397,211.3777930168817,0
myopic,13,31,5,12,1,1,91.99999988079071,12352.941175922751,795.0274510364416,244.91129123273151,1155883.5807348553,215.8582445896582,0
myopic,13,30,5,12,1,1,91.99999988079071,12352.941175922751,602.802086668813,259.08470602868573,1179719.373658609,217.62011982881515,0
myopic,13,29,5,12,1,1,91.99999988079071,10000.0,396.97652202924655,0.0,1179719.373658609,228.32407060173463,0
myopic,13,28,5,12,1,1,91.99999988079071,10000.0,396.97652202924655,0.0,1179719.373658609,228.32407060173463,0
myopic,13,27,5,12,1,1,91.99999988079071,10000.0,396.97652202924655,0.0,1179719.373658609,228.74480880120169,0
myopic,13,26,5,12,1,1,91.99999988079071,10000.0,396.97652202924655,0.0,1179719.373658609,228.74480880120169,0
myopic,13,25,5,12,1,1,91.99999988079071,10000.0,396.97652202924655,0.0,1179719.373658609,232.96745592437514,0
myopic,13,24,5,12,1,1,91.99999988079071,10000.0,396.97652202924655,0.0,1179719.373658609,236.4388957050125,0
myopic,13,23,5,12,1,1,91.99999988079071,10000.0,396.97652202924655,0.0,1179719.373658609,238.0786546384911,0
myopic,13,22,5,12,1,1,91.99999988079071,10000.0,396.97652202924655,0.0,1179719.373658609,240.89903206973992,0
myopic,13,21,5,12,1,1,91.99999988079071,10000.0,396.97652202924655,0.0,1179719.373658609,240.89903206973992,0
myopic,13,20,5,12,1,1,91.99999988079071,10000.0,396.97652202924655,0.0,1179719.373658609,240.89903206973992,0
myopic,13,19,5,12,1,1,91.99999988079071,10000.0,396.97652202924655,0.0,1179719.373658609,240.89903206973992,0
myopic,13,18,5,12,1,1,91.99999988079071,10000.0,396.97652202924655,0.0,1179719.373658609,246.92805639126922,0
myopic,13,17,5,12,1,1,91.99999988079071,10000.0,396.97652202924655,0.0,1179719.373658609,246.92805639126922,0
myopic,13,16,5,12,1,1,91.99999988079071,10000.0,396.97652202924655,0.0,1179719.373658609,249.22632805170318,0
myopic,13,15,5,12,1,1,91.99999988079071,10000.0,396.97652202924655,0.0,1179719.373658609,251.8711947131633,0
myopic,13,14,5,12,1,1,91.99999988079071,10000.0,396.97652202924655,0.0,1179719.373658609,253.63584708782395,0
myopic,13,13,5,12,1,1,91.99999988079071,10000.0,396.97652202924655,0.0,1179719.373658609,254.08714017232143,0
myopic,13,12,5,12,1,1,91.99999988079071,10000.0,396.97652202924655,0.0,1179719.373658609,254.80629722425985,0
myopic,13,11,5,12,1,1,91.99999988079071,10000.0,396.97652202924655,0.0,1179719.373658609,254.80629722425985,0
myopic,13,10,5,12,1,1,91.99999988079071,10000.0,396.97652202924655,0.0,1179719.373658609,255.9433429025627,0
myopic,13,9,5,12,1,1,91.99999988079071,10000.0,396.97652202924655,0.0,1179719.373658609,255.9433429025627,0
myopic,13,8,5,12,1,1,91.99999988079071,10000.0,396.97652202924655,0.0,1179719.373658609,255.9433429025627,0
myopic,13,7,5,12,1,1,91.99999988079071,10000.0,396.97652202924655,0.0,1179719.373658609,255.9433429025627,0
myopic,13,6,5,12,1,1,91.99999988079071,10000.0,396.97652202924655,0.0,1179719.373658609,255.9433429025627,0
myopic,13,5,5,12,1,1,91.99999988079071,10000.0,396.97652202924655,0.0,1179719.373658609,230.04512928449802,0
myopic,13,4,5,12,1,1,91.99999988079071,10000.0,396.97652202924655,0.0,1179719.373658609,226.42549507794118,0
myopic,13,3,5,12,1,1,91.99999988079071,10000.0,396.97652202924655,0.0,1179719.373658609,215.56234262596197,0
myopic,13,2,5,12,1,1,91.99999988079071,10000.0,396.97652202924655,0.0,1179719.373658609,203.8312723170848,0
myopic,13,1,5,12,1,1,91.99999988079071,10000.0,396.97652202924655,0.0,1179719.373658609,196.37128488998587,0
myopic,14,100,0,6,0,0,91.99999988079071,12352.941175922751,10000.0,79.86596544881837,7347.668811770525,53.51064944791461,1
myopic,14,99,0,6,0,0,91.99999988079071,12352.941175922751,9948.286103209286,61.63609636896497,13018.189670367708,53.51064944791461,1
myopic,14,98,0,6,0,0,91.99999988079071,12352.941175922751,9905.778046183485,59.949893728965336,18533.579886285934,53.51064944791461,1
myopic,14,97,0,6,0,0,91.99999988079071,12352.941175922751,9866.14553738809,57.119273346677076,23788.553027371076,55.53276728716988,1
myopic,14,96,0,6,0,0,91.99999988079071,12352.941175922751,9828.189451218865,44.564972699730696,27888.530510433742,55.852472283942966,1
myopic,14,95,0,6,0,0,91.99999988079071,12352.941175922751,9799.0636597118,75.13118788820314,34800.5997871921,56.18471002774361,1
myopic,14,94,0,6,0,0,91.99999988079071,12352.941175922751,9749.12362686582,59.65525413249524,40288.8831602702,56.18471002774361,1
myopic,14,93,0,6,0,0,91.99999988079071,12352.941175922751,9709.307276404395,65.63310347201895,46327.12867187186,56.18471002774361,1
myopic,14,92,0,6,0,0,91.99999988079071,12352.941175922751,9665.616810414102,66.94495189015001,52486.064237785205,56.85789131285237,1
myopic,14,91,0,6,0,0,91.99999988079071,12352.941175922751,9622.492282904172,68.1443844652267,58755.34760046261,56.85789131285237,1
myopic,14,90,0,6,0,0,91.99999988079071,12352.941175922751,9577.69386154568,69.70076332230633,65167.817817805815,57.85980122566746,1
myopic,14,89,0,6,0,0,91.99999988079071,12352.941175922751,9531.261185820564,55.42887950791018,70267.27472592592,57.85980122566746,1
myopic,14,88,0,6,0,0,91.99999988079071,12352.941175922751,9494.321814821593,56.668531849485106,75480.77964932313,57.85980122566746,1
myopic,14,87,0,6,0,0,91.99999988079071,12352.941175922751,9455.787270576277,64.49638693114485,81414.44723929989,59.05581472314141,1
myopic,14,86,0,6,0,0,91.99999988079071,12352.941175922751,9411.990841046265,56.09555647774181,86575.23842856502,59.05581472314141,1
myopic,14,85,0,6,0,0,91.99999988079071,12352.941175922751,9373.363207393684,62.60751457272346,92335.12976179218,59.321172379079584,1
myopic,14,84,0,6,0,0,91.99999988079071,12352.941175922751,9330.372908203826,71.84841577041581,98945.18400410544,59.321172379079584,1
myopic,14,83,0,6,0,0,91.99999988079071,12352.941175922751,9283.081181350553,67.60124089363913,105164.49815826154,59.321172379079584,1
myopic,14,82,0,6,0,0,91.99999988079071,12352.941175922751,9238.054477993075,68.68356623355567,111483.38624356095,59.321172379079584,1
myopic,14,81,0,6,0,0,91.99999988079071,12352.941175922751,9190.652163357638,70.91801701261967,118007.84380026787,59.67942540614826,1
myopic,14,80,0,6,0,0,91.99999988079071,12352.941175922751,9141.933908667845,56.54608223463633,123210.0833591136,59.67942540614826,1
myopic,14,79,0,6,0,0,91.99999988079071,12352.941175922751,9103.603972475274,69.28084147702786,129583.92076674124,60.144742931333404,1
myopic,14,78,0,6,0,0,91.99999988079071,12352.941175922751,9055.863587964755,62.652853718857244,135347.9833014073,60.59148468407464,1
myopic,14,77,0,6,0,0,91.99999988079071,12352.941175922751,9013.00628641241,71.0440108084074,141884.03228731168,61.68635059106254,1
myopic,14,76,0,6,0,0,91.99999988079071,12352.941175922751,8966.165349597675,59.29045344945489,147338.75399759357,61.68635059106254,1
myopic,14,75,0,6,0,0,91.99999988079071,12352.941175922751,8925.579685350038,58.19569623235526,152692.7580440328,61.68635059106254,1
myopic,14,74,0,6,0,0,91.99999988079071,12352.941175922751,8886.875745348389,74.90719033205102,159584.21954565184,61.68635059106254,1
myopic,14,73,0,6,0,0,91.99999988079071,12352.941175922751,8835.593137531956,65.86402028451963,165643.70940397604,61.811377832783585,1
myopic,14,72,0,6,0,0,91.99999988079071,12352.941175922751,8790.5768485928,66.57065189288711,171768.20937018582,61.811377832783585,1
myopic,14,71,0,6,0,0,91.99999988079071,12352.941175922751,8745.529199250688,66.12215101613245,177851.44725578764,63.69238905560433,1
myopic,14,70,0,6,0,0,91.99999988079071,12352.941175922751,8699.982614543233,80.37728797018934,185246.15773946335,63.69238905560433,1
myopic,14,69,0,6,0,0,91.99999988079071,12352.941175922751,8645.362420302166,70.15583092637344,191700.4941763265,63.69238905560433,1
myopic,14,68,0,6,0,0,91.99999988079071,12352.941175922751,8597.399094680948,60.62486706736553,197277.98193929708,64.51194257070377,1
myopic,14,67,0,6,0,0,91.99999988079071,12352.941175922751,8555.546343829012,79.29554284408161,204573.17187149983,64.51194257070377,1
myopic,14,66,0,6,0,0,91.99999988079071,12352.941175922751,8501.778493787006,79.02619862334826,211843.58213542722,66.02319309723785,1
myopic,14,65,0,6,0,0,91.99999988079071,12352.941175922751,8447.841257884178,81.57182376349783,219348.1899119449,66.02319309723785,1
myopic,14,64,0,6,0,0,91.99999988079071,12352.941175922751,8390.35725066707,69.29683581309372,225723.4987984887,66.02319309723785,1
myopic,14,63,0,6,0,0,91.99999988079071,12352.941175922751,8344.178392516144,69.57751174728686,232124.6298709448,66.02319309723785,1
myopic,14,62,0,6,0,0,91.99999988079071,12352.941175922751,8297.180825351654,61.89255802063608,237818.74520146515,66.02319309723785,1
myopic,14,61,0,6,0,0,91.99999988079071,12352.941175922751,8254.423070974248,104.23728915123176,247408.57579095243,66.0678136608015,1
myopic,14,60,0,6,0,0,91.99999988079071,12352.941175922751,8182.0911015585,91.59704851112734,255835.50424305693,85.17672399217258,1
myopic,14,59,0,6,0,0,91.99999988079071,12352.941175922751,8120.45734399722,88.50469393247735,263977.93607429427,85.17672399217258,1
myopic,14,58,0,6,0,0,91.99999988079071,12352.941175922751,8060.275802504464,97.51631157684159,272949.4367277388,85.17672399217258,1
myopic,14,57,0,6,0,0,91.99999988079071,12352.941175922751,7992.786093402147,93.00241462444895,281505.6588621014,85.17672399217258,1
myopic,14,56,0,6,0,0,91.99999988079071,12352.941175922751,7927.7316630611385,94.58921375532096,290207.86651631497,85.17672399217258,1
myopic,14,55,0,6,0,0,91.99999988079071,12352.941175922751,7860.384230366615,99.98575204485333,299406.55569252226,87.67464619283565,1
myopic,14,54,0,6,0,0,91.99999988079071,12352.941175922751,7790.568451622881,97.32148528526724,308360.1323271652,87.67464619283565,1
myopic,14,53,0,6,0,0,91.99999988079071,12352.941175922751,7721.484356918807,107.42470515327487,318243.2051884605,87.67464619283565,1
myopic,14,52,0,6,0,0,91.99999988079071,12352.941175922751,7645.627051583702,109.49689458162854,328316.91947691725,88.00542260216963,1
myopic,14,51,0,6,0,0,91.99999988079071,12352.941175922751,7569.126707897449,96.04528940480158,337153.0860907095,89.3393639748758,1
myopic,14,50,0,6,0,0,91.99999988079071,12352.941175922751,7502.985498440397,105.07558492701679,346820.03989146906,89.3393639748758,1
myopic,14,49,0,6,0,0,91.99999988079071,12352.941175922751,7429.876450231844,90.2407072270149,355122.1849455969,89.87264365606573,1
myopic,14,48,0,6,0,0,91.99999988079071,12352.941175922751,7364.942663542946,94.23914835202928,363792.1865827494,89.87264365606573,1
myopic,14,47,0,6,0,0,91.99999988079071,12352.941175922751,7298.791049628566,108.76871938074223,373798.9087528115,89.87264365606573,1
myopic,14,46,0,6,0,0,91.99999988079071,12352.941175922751,7221.535693284901,108.55000155116966,383785.5088825789,92.28499445299059,1
myopic,14,45,0,6,0,0,91.99999988079071,12352.941175922751,7144.572020366827,107.58351753608854,393683.19248307415,92.32417290804567,1
myopic,14,44,0,6,0,0,91.99999988079071,12352.941175922751,7066.2895337299005,102.42852536611862,403106.6168045466,92.85601305134094,1
myopic,14,43,0,6,0,0,91.99999988079071,12352.941175922751,6990.81336057156,98.60106619379013,412177.91488262115,92.85601305134094,1
myopic,14,42,0,6,0,0,91.99999988079071,12352.941175922751,6920.25384609262,103.25439775148227,421677.31946344866,92.85601305134094,1
myopic,14,41,0,6,0,0,91.99999988079071,12352.941175922751,6844.7627022559855,100.31868115077714,430906.63811736123,93.6308664821853,1
myopic,14,40,0,6,0,0,91.99999988079071,12352.941175922751,6772.947363432722,104.6493286835686,440534.3763437744,93.6308664821853,1
myopic,14,39,0,6,0,0,91.99999988079071,12352.941175922751,6695.844523894664,100.83945646216777,449811.6063262728,93.6308664821853,1
myopic,14,38,0,6,0,0,91.99999988079071,12352.941175922751,6624.397690495216,103.12516877893806,459299.12184164167,95.04742683727991,1
myopic,14,37,0,6,0,0,91.99999988079071,12352.941175922751,6548.81550842084,99.82964498449803,468483.44916831487,95.04742683727991,1
myopic,14,36,0,6,0,0,91.99999988079071,12352.941175922751,6476.060309268662,89.22008325011998,476691.69681669003,95.04742683727991,1
myopic,14,35,0,6,0,0,91.99999988079071,12352.941175922751,6410.998524327639,104.99388363128956,486351.1340982524,95.04742683727991,1
myopic,14,34,0,6,0,0,91.99999988079071,12352.941175922751,6333.537823993494,106.64617435234831,496162.5821259552,95.04742683727991,1
myopic,14,33,0,6,0,0,91.99999988079071,12352.941175922751,6254.5016562726705,98.36460521364559,505212.1257938846,95.04742683727991,1
myopic,14,32,0,6,0,0,91.99999988079071,12352.941175922751,6181.555871974166,98.25194261667717,514251.3045029064,97.00694341239463,1
myopic,14,31,0,6,0,0,91.99999988079071,12352.941175922751,6109.949228368944,120.30885791798303,525319.7194170189,101.69890345053383,1
myopic,14,30,0,6,0,0,91.99999988079071,12352.941175922751,6020.051881285328,100.3616778475614,534552.9937670305,101.69890345053383,1
myopic,14,29,0,6,0,0,91.99999988079071,12352.941175922751,5945.165404711604,111.73937142127399,544833.0159244674,105.09652333242514,1
myopic,14,28,0,6,0,0,91.99999988079071,12352.941175922751,5863.34418243395,117.28254444482978,555623.0099994105,105.09652333242514,1
myopic,14,27,0,6,0,0,91.99999988079071,12352.941175922751,5775.987822450385,126.80149617214691,567288.747632132,105.51726153189219,1
myopic,14,26,0,6,0,0,91.99999988079071,12352.941175922751,5683.6686941371145,115.8898783162236,577950.6164234094,105.51726153189219,1
myopic,14,25,0,6,0,0,91.99999988079071,12352.941175922751,5597.240243718476,106.18136102598642,587719.3016251423,108.86577323146005,1
myopic,14,24,0,6,0,0,91.99999988079071,12352.941175922751,5516.307900567243,135.93372812924304,600225.2045968281,110.31606898852215,1
myopic,14,23,0,6,0,0,91.99999988079071,12352.941175922751,5415.10944009151,126.84712777937997,611895.1403374097,111.20897889534331,1
myopic,14,22,0,6,0,0,91.99999988079071,12352.941175922751,5319.866568786046,125.95791169871265,623483.2681986759,112.95137016244168,1
myopic,14,21,0,6,0,0,91.99999988079071,12352.941175922751,5225.591683417278,130.44713193548418,635484.40432119,112.95137016244168,1
myopic,14,20,0,6,0,0,91.99999988079071,12352.941175922751,5128.4026366068665,134.70181382119912,647876.9711766826,112.95137016244168,1
myopic,14,19,0,6,0,0,91.99999988079071,12352.941175922751,5025.374463626276,148.07296265819872,661499.6837235852,112.95137016244168,1
myopic,14,18,0,6,0,0,91.99999988079071,12352.941175922751,4915.17182894388,127.91090696046966,673267.4871487003,117.40424760711261,1
myopic,14,17,0,6,0,0,91.99999988079071,12352.941175922751,4819.05225027427,127.59350673748423,685006.0897533385,117.40424760711261,1
myopic,14,16,0,6,0,0,91.99999988079071,12352.941175922751,4720.360719650313,121.7451441195823,696206.6429978269,117.43877695873326,1
myopic,14,15,0,6,0,0,91.99999988079071,12352.941175922751,4628.3862495566955,115.60452977285713,706842.2597231487,117.79311858824813,1
myopic,14,14,0,6,0,0,91.99999988079071,12352.941175922751,4538.55987821393,139.688199593061,719693.5740690582,118.13382576143007,1
myopic,14,13,0,6,0,0,91.99999988079071,12352.941175922751,4428.282048658552,130.31206180645307,731682.2837397174,118.13382576143007,1
myopic,14,12,0,6,0,0,91.99999988079071,12352.941175922751,4327.846686133575,127.13565759727678,743378.7642235111,118.65148982084473,1
myopic,14,11,0,6,0,0,91.99999988079071,12352.941175922751,4230.194050300146,118.60505749721347,754290.4294991159,118.65148982084473,1
myopic,14,10,0,6,0,0,91.99999988079071,12352.941175922751,4135.499465637529,129.2161822449222,766178.318250245,119.72247037978816,1
myopic,14,9,0,6,0,0,91.99999988079071,12352.941175922751,4032.747301492982,129.25332707081307,778069.6243253516,119.9282594332441,1
myopic,14,8,0,6,0,0,91.99999988079071,12352.941175922751,3928.2656138120456,142.94157725167545,791220.2494154657,119.9282594332441,1
myopic,14,7,0,6,0,0,91.99999988079071,12352.941175922751,3814.87035642348,128.51262216948948,803043.4106397389,119.9282594332441,1
myopic,14,6,0,6,0,0,91.99999988079071,12352.941175922751,3712.1240654414814,132.89411374881192,815269.6690887874,119.9282594332441,1
myopic,14,5,0,6,0,0,91.99999988079071,12352.941175922751,3602.9114665990173,113.09890611862876,825674.7684382189,111.6350613497792,1
myopic,14,4,0,6,0,0,91.99999988079071,12352.941175922751,3508.482821258174,110.53832153127698,835844.2940059191,105.31132169984018,1
myopic,14,3,0,6,0,0,91.99999988079071,12352.941175922751,3418.4129910267575,90.54802431397273,844174.7122320104,100.66337802387262,1
myopic,14,2,0,6,0,0,91.99999988079071,12352.941175922751,3342.948657691223,101.74411177069003,853535.1705027851,97.45860423514522,1
myopic,14,1,0,6,0,0,91.99999988079071,12352.941175922751,3257.1224490289524,94.73301788865709,862250.6081372485,90.48681714092218,1
myopic,15,100,1,12,0,1,91.99999988079071,12352.941175922751,10000.0,74.4227193694743,6846.890173119756,78.34826956228913,0
myopic,15,99,1,12,0,1,91.99999988079071,12352.941175922751,9952.22595472568,89.02121040675004,15036.841519928605,78.34826956228913,0
myopic,15,98,1,12,0,1,91.99999988079071,12352.941175922751,9894.563548359714,92.35801646973866,23533.77902413463,78.34826956228913,0
myopic,15,97,1,12,0,1,91.99999988079071,12352.941175922751,9833.222194968286,76.6048357272015,30581.42390190516,80.43164846582134,0
myopic,15,96,1,12,0,1,91.99999988079071,12352.941175922751,9782.098890660682,83.75203022099942,38286.61067225309,80.43164846582134,0
myopic,15,95,1,12,0,1,91.99999988079071,12352.941175922751,9725.1408430687,94.34673093362674,46966.509906899744,80.76388620962199,0
myopic,15,94,1,12,0,1,91.99999988079071,12352.941175922751,9663.741211028948,90.66373509577103,55307.57352490272,80.76388620962199,0
myopic,15,93,1,12,0,1,91.99999988079071,12352.941175922751,9603.849080502672,92.15949730251657,63786.247265747974,81.2516721329647,0
myopic,15,92,1,12,0,1,91.99999988079071,12352.941175922751,9541.650912257572,93.78610455691408,72414.56887380389,81.68189079408234,0
myopic,15,91,1,12,0,1,91.99999988079071,12352.941175922751,9477.998349740248,95.85359622021736,81233.09971463724,81.68189079408234,0
myopic,15,90,1,12,0,1,91.99999988079071,12352.941175922751,9414.881915027567,78.58457223335475,88462.88035073786,82.82831677780638,0
myopic,15,89,1,12,0,1,91.99999988079071,12352.941175922751,9364.408078737966,92.41813512109056,96965.34877086109,82.82831677780638,0
myopic,15,88,1,12,0,1,91.99999988079071,12352.941175922751,9302.454305796638,104.22742049810479,106554.27144426186,82.82831677780638,0
myopic,15,87,1,12,0,1,91.99999988079071,12352.941175922751,9234.10373868544,93.3031673762274,115138.16283175218,84.56293398444693,0
myopic,15,86,1,12,0,1,91.99999988079071,12352.941175922751,9173.064198892718,89.59314081706218,123380.73177624156,84.56293398444693,0
myopic,15,85,1,12,0,1,91.99999988079071,12352.941175922751,9116.044315797224,101.99231002217202,132764.02428612296,84.8282916403851,0
myopic,15,84,1,12,0,1,91.99999988079071,12352.941175922751,9049.027389790985,95.500008274796,141550.0250360197,87.66566629607894,0
myopic,15,83,1,12,0,1,91.99999988079071,12352.941175922751,8984.856963326536,98.79427824132567,150639.09862244446,87.66566629607894,0
myopic,15,82,1,12,0,1,91.99999988079071,12352.941175922751,8920.4919677896,108.61955769440122,160632.09791738092,87.66566629607894,0
myopic,15,81,1,12,0,1,91.99999988079071,12352.941175922751,8846.917300816662,100.47529572801992,169875.82511238116,88.02391932314761,0
myopic,15,80,1,12,0,1,91.99999988079071,12352.941175922751,8780.45603080181,85.16051877011147,177710.59282907948,88.02391932314761,0
myopic,15,79,1,12,0,1,91.99999988079071,12352.941175922751,8725.082872208834,96.8170030483567,186617.75709798682,89.41124357506565,0
myopic,15,78,1,12,0,1,91.99999988079071,12352.941175922751,8659.90543131722,94.21938581278297,195285.94058153103,89.85798532780689,0
myopic,15,77,1,12,0,1,91.99999988079071,12352.941175922751,8594.603526752338,102.25540092498912,204693.43745444022,91.10061121112462,0
myopic,15,76,1,12,0,1,91.99999988079071,12352.941175922751,8524.578973306578,107.09882307469856,214546.52916454533,91.10061121112462,0
myopic,15,75,1,12,0,1,91.99999988079071,12352.941175922751,8453.777624311213,107.79730688082988,224463.88138473124,91.10061121112462,0
myopic,15,74,1,12,0,1,91.99999988079071,12352.941175922751,8380.428851677014,90.24388985386966,232766.31924052935,91.10061121112462,0
myopic,15,73,1,12,0,1,91.99999988079071,12352.941175922751,8318.650125799697,108.96873153342368,242791.44252861425,91.59938678561403,0
myopic,15,72,1,12,0,1,91.99999988079071,12352.941175922751,8243.629892368275,110.86934588064942,252991.42233641734,91.59938678561403,0
myopic,15,71,1,12,0,1,91.99999988079071,12352.941175922751,8170.37666998679,100.47454279561876,262235.08026163676,93.48039800843478,0
myopic,15,70,1,12,0,1,91.99999988079071,12352.941175922751,8102.805240571458,102.88884241600766,271700.85375164414,93.48039800843478,0
myopic,15,69,1,12,0,1,91.99999988079071,12352.941175922751,8032.697422283115,113.25432868234768,282120.2519769192,93.48039800843478,0
myopic,15,68,1,12,0,1,91.99999988079071,12352.941175922751,7954.557170071359,97.61411549029283,291100.7505903896,95.11469441166237,0
myopic,15,67,1,12,0,1,91.99999988079071,12352.941175922751,7886.939959263187,118.54634521629731,302007.0143361571,95.11469441166237,0
myopic,15,66,1,12,0,1,91.99999988079071,12352.941175922751,7805.513223468646,93.49238845153694,310608.31406255334,96.29318018780998,0
myopic,15,65,1,12,0,1,91.99999988079071,12352.941175922751,7742.264262705693,104.10125952255822,320185.6299262189,96.29318018780998,0
myopic,15,64,1,12,0,1,91.99999988079071,12352.941175922751,7673.011448592517,104.43096112927286,329793.27833766286,96.29318018780998,0
myopic,15,63,1,12,0,1,91.99999988079071,12352.941175922751,7602.956646724006,111.87826500147776,340086.07870446186,96.29318018780998,0
myopic,15,62,1,12,0,1,91.99999988079071,12352.941175922751,7525.135901490344,105.05222854067893,349750.8837176811,96.29318018780998,0
myopic,15,61,1,12,0,1,91.99999988079071,12352.941175922751,7454.408290596305,135.45983309421766,362213.1883462011,96.40873891602581,0
myopic,15,60,1,12,0,1,91.99999988079071,12352.941175922751,7362.010559868637,127.90073151707215,373980.05563052476,121.48371342624034,0
myopic,15,59,1,12,0,1,91.99999988079071,12352.941175922751,7271.997379380458,127.34550014891863,385695.8416290445,121.717787817549,0
myopic,15,58,1,12,0,1,91.99999988079071,12352.941175922751,7186.023589059376,139.72566115099352,398550.6024382793,121.717787817549,0
myopic,15,57,1,12,0,1,91.99999988079071,12352.941175922751,7086.341695188519,146.27696129188487,412008.08285969513,121.717787817549,0
myopic,15,56,1,12,0,1,91.99999988079071,12352.941175922751,6983.430595909906,154.31148571498147,426204.73952707805,121.717787817549,0
myopic,15,55,1,12,0,1,91.99999988079071,12352.941175922751,6876.742381744241,154.97756979195285,440462.67592946294,125.52438207732914,0
myopic,15,54,1,12,0,1,91.99999988079071,12352.941175922751,6765.10339509548,134.8361250339913,452867.59941651643,125.52438207732914,0
myopic,15,53,1,12,0,1,91.99999988079071,12352.941175922751,6670.32362855244,127.55556569147289,464602.7114449261,125.52438207732914,0
myopic,15,52,1,12,0,1,91.99999988079071,12352.941175922751,6582.718394046384,144.3440428155533,477882.36336674984,125.77567823347204,0
myopic,15,51,1,12,0,1,91.99999988079071,12352.941175922751,6483.650215371401,141.53638269216862,490903.7105575569,127.57061847614774,0
myopic,15,50,1,12,0,1,91.99999988079071,12352.941175922751,6383.547017948804,140.93206303928392,503869.4603403706,127.57061847614774,0
myopic,15,49,1,12,0,1,91.99999988079071,12352.941175922751,6282.865105281759,155.46983921788345,518172.68552988244,127.56529444817109,0
myopic,15,48,1,12,0,1,91.99999988079071,12352.941175922751,6172.985708997041,147.9890339222065,531787.6766330837,127.56529444817109,0
myopic,15,47,1,12,0,1,91.99999988079071,12352.941175922751,6066.004843312461,139.87568471425206,544656.2396101204,127.56529444817109,0
myopic,15,46,1,12,0,1,91.99999988079071,12352.941175922751,5968.185427711995,124.065188523047,556070.2369394511,130.8145259896823,0
myopic,15,45,1,12,0,1,91.99999988079071,12352.941175922751,5879.6319624346925,152.44693100028425,570095.3545733042,130.8145259896823,0
myopic,15,44,1,12,0,1,91.99999988079071,12352.941175922751,5770.594081398803,160.85032081045094,584893.5840686908,131.2339851260106,0
myopic,15,43,1,12,0,1,91.99999988079071,12352.941175922751,5653.368219484564,150.59610865636893,598748.4260471243,131.2339851260106,0
myopic,15,42,1,12,0,1,91.99999988079071,12352.941175922751,5546.046788112267,140.24494728129912,611650.9611802853,131.2339851260106,0
myopic,15,41,1,12,0,1,91.99999988079071,12352.941175922751,5445.6544047166635,151.3064643446972,625571.1558819603,134.1721664575167,0
myopic,15,40,1,12,0,1,91.99999988079071,12352.941175922751,5337.430228551274,144.85194086035938,638897.5344238457,134.1721664575167,0
myopic,15,39,1,12,0,1,91.99999988079071,12352.941175922751,5234.150182855911,154.0741842371273,653072.3593552944,134.1721664575167,0
myopic,15,38,1,12,0,1,91.99999988079071,12352.941175922751,5126.596238771203,145.92367114679274,666497.3370834038,135.24479254111014,0
myopic,15,37,1,12,0,1,91.99999988079071,12352.941175922751,5021.314352346591,154.18530446946548,680682.3850762143,135.24479254111014,0
myopic,15,36,1,12,0,1,91.99999988079071,12352.941175922751,4908.72376199201,146.79349715039788,694187.3867965518,135.3776796692217,0
myopic,15,35,1,12,0,1,91.99999988079071,12352.941175922751,4803.477856584635,139.23635977610374,706997.1318793551,135.3776796692217,0
myopic,15,34,1,12,0,1,91.99999988079071,12352.941175922751,4700.649070812739,153.3103012994145,721101.6795806251,135.3776796692217,0
myopic,15,33,1,12,0,1,91.99999988079071,12352.941175922751,4588.796620309889,145.32339902278486,734471.4322733975,135.3776796692217,0
myopic,15,32,1,12,0,1,91.99999988079071,12352.941175922751,4484.82235849956,170.282964268238,750137.4649657761,137.67563429490323,0
myopic,15,31,1,12,0,1,91.99999988079071,12352.941175922751,4360.416518976409,164.8010848569598,765299.1647529706,146.59908961842842,0
myopic,15,30,1,12,0,1,91.99999988079071,12352.941175922751,4236.500555395628,151.34110289798826,779222.5462015442,146.67867998707746,0
myopic,15,29,1,12,0,1,91.99999988079071,12352.941175922751,4126.7379823587835,166.56406533571135,794546.4401925737,149.0471367442043,0
myopic,15,28,1,12,0,1,91.99999988079071,12352.941175922751,4002.9479320608234,155.7277190600769,808873.3903275366,149.0471367442043,0
myopic,15,27,1,12,0,1,91.99999988079071,12352.941175922751,3888.137164092469,159.2258329692695,823522.1669417282,149.46787494367135,0
myopic,15,26,1,12,0,1,91.99999988079071,12352.941175922751,3771.352556949224,172.31842054959006,839375.4616117486,149.46787494367135,0
myopic,15,25,1,12,0,1,91.99999988079071,12352.941175922751,3643.0842222394376,179.42199455891512,855882.28508978,154.18295349612166,0
myopic,15,24,1,12,0,1,91.99999988079071,12352.941175922751,3508.3576537375466,182.9415657781594,872712.9091195624,154.86606328959272,0
myopic,15,23,1,12,0,1,91.99999988079071,12352.941175922751,3373.5390954107143,177.57330143273302,889049.6528302054,155.75897319641388,0
myopic,15,22,1,12,0,1,91.99999988079071,12352.941175922751,3243.583500872065,160.86909658634482,903849.6096969721,158.80352394212818,0
myopic,15,21,1,12,0,1,91.99999988079071,12352.941175922751,3125.4357766456224,179.8703028381231,920397.6775366372,158.80352394212818,0
myopic,15,20,1,12,0,1,91.99999988079071,12352.941175922751,2989.6002268325838,160.9985784141875,935209.5467315499,158.80352394212818,0
myopic,15,19,1,12,0,1,91.99999988079071,12352.941175922751,2865.799078187648,186.94055993045754,952408.078222867,158.80352394212818,0
myopic,15,18,1,12,0,1,91.99999988079071,12352.941175922751,2724.50205735447,177.205790027376,968711.010884261,163.45135432315968,0
myopic,15,17,1,12,0,1,91.99999988079071,12352.941175922751,2589.7747350530544,169.3927739008314,984295.1460629443,163.45135432315968,0
myopic,15,16,1,12,0,1,91.99999988079071,12352.941175922751,2456.644135231908,178.86509555012864,1000750.7348322337,163.48588367478033,0
myopic,15,15,1,12,0,1,91.99999988079071,12352.941175922751,2320.01767796048,181.06488843619917,1017408.7045467795,166.63305223218825,0
myopic,15,14,1,12,0,1,91.99999988079071,12352.941175922751,2182.113294207131,176.87911461770562,1033681.5830705228,167.6035577215017,0
myopic,15,13,1,12,0,1,91.99999988079071,12352.941175922751,2044.9650435253498,175.373905082163,1049815.9823171755,168.05485080599917,0
myopic,15,12,1,12,0,1,91.99999988079071,12352.941175922751,1910.9905326941744,178.79159213808651,1066264.8087725658,169.09384479432455,0
myopic,15,11,1,12,0,1,91.99999988079071,12352.941175922751,1770.37404395669,178.97932469054828,1082730.9066227602,169.09384479432455,0
myopic,15,10,1,12,0,1,91.99999988079071,12352.941175922751,1632.2329878882028,189.79831745014388,1100192.3518055477,170.63726322604822,0
myopic,15,9,1,12,0,1,91.99999988079071,12352.941175922751,1485.256646120033,184.55759472843374,1117171.6504985627,170.84305227950415,0
myopic,15,8,1,12,0,1,91.99999988079071,12352.941175922751,1337.887458728199,190.4695179309461,1134694.846125504,170.84305227950415,0
myopic,15,7,1,12,0,1,91.99999988079071,12352.941175922751,1186.4422517571638,199.3929292465689,1153038.9955924188,170.84305227950415,0
myopic,15,6,1,12,0,1,91.99999988079071,12352.941175922751,1027.7490921121644,165.34942549744184,1168251.1427184723,170.84305227950415,0
myopic,15,5,1,12,0,1,91.99999988079071,12352.941175922751,897.4120833795841,163.54901260777106,1183297.6518588907,155.39122305741984,0
myopic,15,4,1,12,0,1,91.99999988079071,12352.941175922751,763.8375629625953,150.4309598665911,1197137.3001486843,149.0674834074808,0
myopic,15,3,1,12,0,1,91.99999988079071,12352.941175922751,638.6307784478904,156.38030925273952,1211524.2885812942,142.23678861945825,0
myopic,15,2,1,12,0,1,91.99999988079071,12352.941175922751,508.1408824082173,129.81377593015551,1223467.1559513935,135.31638940994628,0
myopic,15,1,1,12,0,1,91.99999988079071,10000.0,398.75259845654546,0.0,1223467.1559513935,127.3584148712835,0
myopic,16,100,1,6,0,0,91.99999988079071,12352.941175922751,10000.0,66.8950458277704,6154.344208180366,53.51064944791461,1
myopic,16,99,1,6,0,0,91.99999988079071,12352.941175922751,9955.565326378988,55.566156824660105,11266.430629425093,53.51064944791461,1
myopic,16,98,1,6,0,0,91.99999988079071,12352.941175922751,9919.394842350819,57.934139571320564,16596.371463080297,53.51064944791461,1
myopic,16,97,1,6,0,0,91.99999988079071,12352.941175922751,9882.990327490259,55.58343673878812,21710.047636422743,55.53276728716988,1
myopic,16,96,1,6,0,0,91.99999988079071,12352.941175922751,9846.980465335302,54.25704443766051,26701.695718219566,55.852472283942966,1
myopic,16,95,1,6,0,0,91.99999988079071,12352.941175922751,9811.993781092728,70.54044287676315,33191.416454472695,56.18471002774361,1
myopic,16,94,1,6,0,0,91.99999988079071,12352.941175922751,9765.828447766651,66.1571915122246,39277.87806571081,56.18471002774361,1
myopic,16,93,1,6,0,0,91.99999988079071,12352.941175922751,9722.648155028823,60.91404262444092,44881.969979897855,56.18471002774361,1
myopic,16,92,1,6,0,0,91.99999988079071,12352.941175922751,9684.466063634965,70.24791743730901,51344.77837575608,56.85789131285237,1
myopic,16,91,1,6,0,0,91.99999988079071,12352.941175922751,9640.057841919719,65.14302257139838,57337.936444559076,56.85789131285237,1
myopic,16,90,1,6,0,0,91.99999988079071,12352.941175922751,9597.7208252721,64.51252163430009,63273.08842722419,57.85980122566746,1
myopic,16,89,1,6,0,0,91.99999988079071,12352.941175922751,9555.468276193444,60.74360164625914,68861.49977143883,57.85980122566746,1
myopic,16,88,1,6,0,0,91.99999988079071,12352.941175922751,9515.183740038723,54.4443624634297,73870.3811115841,57.85980122566746,1
myopic,16,87,1,6,0,0,91.99999988079071,12352.941175922751,9479.096983459687,51.18959759408889,78579.824084138,59.05581472314141,1
myopic,16,86,1,6,0,0,91.99999988079071,12352.941175922751,9444.897503640686,60.944262781586644,84186.69625277886,59.05581472314141,1
myopic,16,85,1,6,0,0,91.99999988079071,12352.941175922751,9404.687035807226,77.08044708398955,91278.09737531719,59.321172379079584,1
myopic,16,84,1,6,0,0,91.99999988079071,12352.941175922751,9356.146570144712,62.498979588235024,97028.00348998434,59.321172379079584,1
myopic,16,83,1,6,0,0,91.99999988079071,12352.941175922751,9314.657380832115,72.2102299899242,103671.34464044924,59.321172379079584,1
myopic,16,82,1,6,0,0,91.99999988079071,12352.941175922751,9266.022315381695,70.25781616095382,110135.0637188816,59.321172379079584,1
myopic,16,81,1,6,0,0,91.99999988079071,12352.941175922751,9219.30424736006,66.25935404140536,116230.92428279217,59.67942540614826,1
myopic,16,80,1,6,0,0,91.99999988079071,12352.941175922751,9175.37440808272,66.4864844787906,122347.6808469151,59.67942540614826,1
myopic,16,79,1,6,0,0,91.99999988079071,12352.941175922751,9130.683491117923,67.68293800449355,128574.51113526007,60.144742931333404,1
myopic,16,78,1,6,0,0,91.99999988079071,12352.941175922751,9085.37222715427,80.53735018872626,135983.94734302207,60.59148468407464,1
myopic,16,77,1,6,0,0,91.99999988079071,12352.941175922751,9030.927112063684,64.8552414883643,141950.62955222023,61.68635059106254,1
myopic,16,76,1,6,0,0,91.99999988079071,12352.941175922751,8987.967245028482,73.4868298285034,148711.41788768224,61.68635059106254,1
myopic,16,75,1,6,0,0,91.99999988079071,12352.941175922751,8939.693243229394,52.9608914469121,153583.8198944847,61.68635059106254,1
myopic,16,74,1,6,0,0,91.99999988079071,12352.941175922751,8905.09096519943,72.05452395805445,160212.83609003614,61.68635059106254,1
myopic,16,73,1,6,0,0,91.99999988079071,12352.941175922751,8857.247079001603,64.8899597901949,166182.71238299858,61.811377832783585,1
myopic,16,72,1,6,0,0,91.99999988079071,12352.941175922751,8813.376689929479,61.39327842136555,171830.89399044556,61.811377832783585,1
myopic,16,71,1,6,0,0,91.99999988079071,12352.941175922751,8770.795274428176,69.99115894790997,178270.0806053097,63.69238905560433,1
myopic,16,70,1,6,0,0,91.99999988079071,12352.941175922751,8724.208689795152,86.10277937848167,186191.53629786576,63.69238905560433,1
myopic,16,69,1,6,0,0,91.99999988079071,12352.941175922751,8667.612283943443,66.72682655901038,192330.40433334027,63.69238905560433,1
myopic,16,68,1,6,0,0,91.99999988079071,12352.941175922751,8622.877754972731,63.02278585228902,198128.50062423796,64.51194257070377,1
myopic,16,67,1,6,0,0,91.99999988079071,12352.941175922751,8580.749268399437,77.02240325499524,205214.56171451573,64.51194257070377,1
myopic,16,66,1,6,0,0,91.99999988079071,12352.941175922751,8528.71987214362,71.97319307453533,211836.0954687931,66.02319309723785,1
myopic,16,65,1,6,0,0,91.99999988079071,12352.941175922751,8479.354177747375,87.45399108606887,219881.8626382861,66.02319309723785,1
myopic,16,64,1,6,0,0,91.99999988079071,12352.941175922751,8418.7254687048,55.61455404525387,224998.4016038197,66.02319309723785,1
myopic,16,63,1,6,0,0,91.99999988079071,12352.941175922751,8380.22696731034,78.56721359716272,232226.58524539272,66.02319309723785,1
myopic,16,62,1,6,0,0,91.99999988079071,12352.941175922751,8326.602449763843,64.54492877689013,238164.71868517227,66.02319309723785,1
myopic,16,61,1,6,0,0,91.99999988079071,12352.941175922751,8283.129899945681,91.67659906703646,246598.96578841092,66.0678136608015,1
myopic,16,60,1,6,0,0,91.99999988079071,12352.941175922751,8222.343373599855,103.22711306065953,256095.86017768597,85.17672399217258,1
myopic,16,59,1,6,0,0,91.99999988079071,12352.941175922751,8150.980638419759,93.24689570039864,264674.57457100676,85.17672399217258,1
myopic,16,58,1,6,0,0,91.99999988079071,12352.941175922751,8088.425334954556,104.1206316427843,274253.6726697308,85.17672399217258,1
myopic,16,57,1,6,0,0,91.99999988079071,12352.941175922751,8016.500405698689,101.85927910024702,283624.72633481096,85.17672399217258,1
myopic,16,56,1,6,0,0,91.99999988079071,12352.941175922751,7947.276141379429,115.25779381739052,294228.4433522711,85.17672399217258,1
myopic,16,55,1,6,0,0,91.99999988079071,12352.941175922751,7868.4269960941965,111.72944841521526,304507.55259315175,87.67464619283565,1
myopic,16,54,1,6,0,0,91.99999988079071,12352.941175922751,7794.445391837179,98.55782022890949,313574.8720424624,87.67464619283565,1
myopic,16,53,1,6,0,0,91.99999988079071,12352.941175922751,7726.528622070715,76.28022077212209,320592.6523444043,87.67464619283565,1
myopic,16,52,1,6,0,0,91.99999988079071,12352.941175922751,7674.529213152624,88.1130183971422,328699.0500264375,88.00542260216963,1
myopic,16,51,1,6,0,0,91.99999988079071,12352.941175922751,7615.18388719527,91.8854971083508,337152.51574945217,89.3393639748758,1
myopic,16,50,1,6,0,0,91.99999988079071,12352.941175922751,7552.9092318429175,101.10459086250174,346454.1380967497,89.3393639748758,1
myopic,16,49,1,6,0,0,91.99999988079071,12352.941175922751,7482.289032407643,100.64953838496332,355713.895616168,89.87264365606573,1
myopic,16,48,1,6,0,0,91.99999988079071,12352.941175922751,7413.390633683635,94.64249195211727,364421.0048644805,89.87264365606573,1
myopic,16,47,1,6,0,0,91.99999988079071,12352.941175922751,7345.783222353885,98.38666372394124,373472.5779153545,89.87264365606573,1
myopic,16,46,1,6,0,0,91.99999988079071,12352.941175922751,7277.224437730141,96.4852819793198,382349.22384595,92.28499445299059,1
myopic,16,45,1,6,0,0,91.99999988079071,12352.941175922751,7209.254841162724,108.85283624479027,392363.68476749444,92.32417290804567,1
myopic,16,44,1,6,0,0,91.99999988079071,12352.941175922751,7132.0988705750515,105.176432764621,402039.91656930157,92.85601305134094,1
myopic,16,43,1,6,0,0,91.99999988079071,12352.941175922751,7057.5027599748155,100.06463683900633,411245.8631465615,92.85601305134094,1
myopic,16,42,1,6,0,0,91.99999988079071,12352.941175922751,6986.49100897348,94.7047506100329,419958.70019139483,92.85601305134094,1
myopic,16,41,1,6,0,0,91.99999988079071,12352.941175922751,6919.704768513149,109.53898278120477,430036.28659420763,93.6308664821853,1
myopic,16,40,1,6,0,0,91.99999988079071,12352.941175922751,6843.749480542592,108.8506313403106,440050.5446645402,93.6308664821853,1
myopic,16,39,1,6,0,0,91.99999988079071,12352.941175922751,6766.398431981455,94.37055480245337,448732.63569511607,93.6308664821853,1
myopic,16,38,1,6,0,0,91.99999988079071,12352.941175922751,6701.487127385452,90.95306421218018,457100.3175917942,95.04742683727991,1
myopic,16,37,1,6,0,0,91.99999988079071,12352.941175922751,6638.03571045016,106.72266543284701,466918.80279889377,95.04742683727991,1
myopic,16,36,1,6,0,0,91.99999988079071,12352.941175922751,6561.789283892671,113.9980641019574,477406.6246826842,95.04742683727991,1
myopic,16,35,1,6,0,0,91.99999988079071,12352.941175922751,6477.734664919924,100.34287535746692,486638.16920360934,95.04742683727991,1
myopic,16,34,1,6,0,0,91.99999988079071,12352.941175922751,6408.501244242061,92.25282693225323,495125.42927037925,95.04742683727991,1
myopic,16,33,1,6,0,0,91.99999988079071,12352.941175922751,6344.682295857072,100.79507800076072,504398.5764344335,95.04742683727991,1
myopic,16,32,1,6,0,0,91.99999988079071,12352.941175922751,6272.920531014359,121.67323362332107,515592.51391327445,97.00694341239463,1
myopic,16,31,1,6,0,0,91.99999988079071,12352.941175922751,6187.511180417685,109.46632947307347,525663.4162117478,101.69890345053383,1
myopic,16,30,1,6,0,0,91.99999988079071,12352.941175922751,6108.8246048533,114.1197103436938,536162.4295497634,101.69890345053383,1
myopic,16,29,1,6,0,0,91.99999988079071,12352.941175922751,6027.009088314585,132.06590472270943,548312.4927685092,105.09652333242514,1
myopic,16,28,1,6,0,0,91.99999988079071,12352.941175922751,5931.490751214361,115.91894509047195,558977.035703014,105.09652333242514,1
myopic,16,27,1,6,0,0,91.99999988079071,12352.941175922751,5846.293439073883,117.38321779366133,569776.2917260376,105.51726153189219,1
myopic,16,26,1,6,0,0,91.99999988079071,12352.941175922751,5758.515659543497,109.6484769350988,579863.9515909957,105.51726153189219,1
myopic,16,25,1,6,0,0,91.99999988079071,12352.941175922751,5678.582265882502,116.8063788514624,590610.1384314058,108.86577323146005,1
myopic,16,24,1,6,0,0,91.99999988079071,12352.941175922751,5593.035502597992,129.0120059050146,602479.2429592877,110.31606898852215,1
myopic,16,23,1,6,0,0,91.99999988079071,12352.941175922751,5499.0454318445445,108.05337164315219,612420.1531375768,111.20897889534331,1
myopic,16,22,1,6,0,0,91.99999988079071,12352.941175922751,5419.268543958369,115.37330583000823,623034.4972601839,112.95137016244168,1
myopic,16,21,1,6,0,0,91.99999988079071,12352.941175922751,5333.160148205569,125.57144256282211,634587.0699609943,112.95137016244168,1
myopic,16,20,1,6,0,0,91.99999988079071,12352.941175922751,5237.342813262948,128.08404960958848,646370.8025098076,112.95137016244168,1
myopic,16,19,1,6,0,0,91.99999988079071,12352.941175922751,5143.164656940351,131.57874955960241,658476.0474536057,112.95137016244168,1
myopic,16,18,1,6,0,0,91.99999988079071,12352.941175922751,5043.4393894624,129.31364419162585,670372.9027038199,117.40424760711261,1
myopic,16,17,1,6,0,0,91.99999988079071,12352.941175922751,4946.553354312997,126.54288422344082,682014.8480372914,117.40424760711261,1
myopic,16,16,1,6,0,0,91.99999988079071,12352.941175922751,4851.919060456772,121.72430472290449,693213.484057288,117.43877695873326,1
myopic,16,15,1,6,0,0,91.99999988079071,12352.941175922751,4758.554274140857,132.6503565056132,705417.3168399913,117.79311858824813,1
myopic,16,14,1,6,0,0,91.99999988079071,12352.941175922751,4660.098936008129,138.0646457069261,718119.2642285698,118.13382576143007,1
myopic,16,13,1,6,0,0,91.99999988079071,12352.941175922751,4554.999995458156,131.8556692368804,730249.9857826444,118.13382576143007,1
myopic,16,12,1,6,0,0,91.99999988079071,12352.941175922751,4454.030034022452,139.5556506027308,743089.1056214593,118.65148982084473,1
myopic,16,11,1,6,0,0,91.99999988079071,12352.941175922751,4350.337319488116,131.0753721466512,755148.0398433259,118.65148982084473,1
myopic,16,10,1,6,0,0,91.99999988079071,12352.941175922751,4248.556530566025,130.41427990173634,767146.153578739,119.72247037978816,1
myopic,16,9,1,6,0,0,91.99999988079071,12352.941175922751,4149.724821781819,121.31349384947227,778306.9949984287,119.9282594332441,1
myopic,16,8,1,6,0,0,91.99999988079071,12352.941175922751,4054.9582128914944,142.8578936174516,791449.9211942042,119.9282594332441,1
myopic,16,7,1,6,0,0,91.99999988079071,12352.941175922751,3945.8271532615227,126.79355772791338,803114.9284900574,119.9282594332441,1
myopic,16,6,1,6,0,0,91.99999988079071,12352.941175922751,3845.487350883045,124.36079350664988,814556.1214778442,119.9282594332441,1
myopic,16,5,1,6,0,0,91.99999988079071,12352.941175922751,3746.166011214863,124.87470847718825,826044.5946428593,111.6350613497792,1
myopic,16,4,1,6,0,0,91.99999988079071,12352.941175922751,3645.4628159155336,98.75763902541175,835130.2974214243,105.31132169984018,1
myopic,16,3,1,6,0,0,91.99999988079071,12352.941175922751,3565.9375053354133,98.27501947759974,844171.5992016481,100.66337802387262,1
myopic,16,2,1,6,0,0,91.99999988079071,12352.941175922751,3485.688326618887,111.51003798711054,854430.5226831692,97.45860423514522,1
myopic,16,1,1,6,0,0,91.99999988079071,12352.941175922751,3392.5852202186743,110.6718438783837,864612.3323067874,90.48681714092218,1
myopic,17,100,4,6,0,0,91.99999988079071,12352.941175922751,10000.0,45.65943292921784,4200.667824045013,55.48941880342484,1
myopic,17,99,4,6,0,0,91.99999988079071,12352.941175922751,9969.812305680094,54.33186629183906,9199.199516417342,55.48941880342484,1
myopic,17,98,4,6,0,0,91.99999988079071,12352.941175922751,9934.43570690143,60.50884988582731,14766.013698700237,55.48941880342484,1
myopic,17,97,4,6,0,0,91.99999988079071,12352.941175922751,9894.383503865134,44.42074009321242,18852.721781980414,56.829019946353895,1
myopic,17,96,4,6,0,0,91.99999988079071,12352.941175922751,9864.434761214236,47.58163707155506,23230.232386891304,57.148724943126965,1
myopic,17,95,4,6,0,0,91.99999988079071,12352.941175922751,9831.81493954809,68.52094681163416,29534.159485393313,58.20839583537179,1
myopic,17,94,4,6,0,0,91.99999988079071,12352.941175922751,9786.638493062817,74.54037421788146,36391.8739045525,58.20839583537179,1
myopic,17,93,4,6,0,0,91.99999988079071,12352.941175922751,9736.987227600139,70.68309741198178,42894.71885802874,58.20839583537179,1
myopic,17,92,4,6,0,0,91.99999988079071,12352.941175922751,9689.772728366945,73.9279807120377,49696.09307472331,59.44865838134444,1
myopic,17,91,4,6,0,0,91.99999988079071,12352.941175922751,9639.503904195668,59.47796538681707,55168.06588322015,59.44865838134444,1
myopic,17,90,4,6,0,0,91.99999988079071,12352.941175922751,9600.191720869449,69.48245493486105,61560.45172894441,60.89109345881038,1
myopic,17,89,4,6,0,0,91.99999988079071,12352.941175922751,9553.8657219274,48.750329743854365,66045.48205956753,60.89109345881038,1
myopic,17,88,4,6,0,0,91.99999988079071,12352.941175922751,9520.064019024194,51.595415543301414,70792.26028340061,61.15843374890705,1
myopic,17,87,4,6,0,0,91.99999988079071,12352.941175922751,9486.793416730541,58.786335176388356,76200.60311262046,62.95185624470667,1
myopic,17,86,4,6,0,0,91.99999988079071,12352.941175922751,9446.901656719474,84.10584505628071,83938.3408477721,62.95185624470667,1
myopic,17,85,4,6,0,0,91.99999988079071,12352.941175922751,9390.555883697514,66.6091261988825,90066.38045012885,63.6293292994672,1
myopic,17,84,4,6,0,0,91.99999988079071,12352.941175922751,9345.543899089955,66.80286705720636,96212.24421142832,63.6293292994672,1
myopic,17,83,4,6,0,0,91.99999988079071,12352.941175922751,9300.413475713993,60.617973328334486,101789.09775040887,63.6293292994672,1
myopic,17,82,4,6,0,0,91.99999988079071,12352.941175922751,9259.14962953745,73.2710255066664,108530.03208828758,63.6293292994672,1
myopic,17,81,4,6,0,0,91.99999988079071,12352.941175922751,9211.857066893015,69.24858275882764,114900.90169384464,63.98758232653586,1
myopic,17,80,4,6,0,0,91.99999988079071,12352.941175922751,9164.815963562662,75.13017641179121,121812.87791477321,63.98758232653586,1
myopic,17,79,4,6,0,0,91.99999988079071,12352.941175922751,9114.607812831815,60.50573317723031,127379.40535986556,64.45289985172099,1
myopic,17,78,4,6,0,0,91.99999988079071,12352.941175922751,9074.218017185907,76.3778981143922,134406.17197728468,64.89964160446222,1
myopic,17,77,4,6,0,0,91.99999988079071,12352.941175922751,9023.065387574816,65.88041990867615,140467.17060102933,65.68756414862953,1
myopic,17,76,4,6,0,0,91.99999988079071,12352.941175922751,8977.307203906968,65.70430968503189,146511.9670842197,65.68756414862953,1
myopic,17,75,4,6,0,0,91.99999988079071,12352.941175922751,8933.214670534615,71.26366989275782,153068.22470585813,65.68756414862953,1
myopic,17,74,4,6,0,0,91.99999988079071,12352.941175922751,8884.363462377465,80.119664768655,160439.23385502337,65.68756414862953,1
myopic,17,73,4,6,0,0,91.99999988079071,12352.941175922751,8830.41990600333,59.27339074380265,165892.38579638727,65.5279447130899,1
myopic,17,72,4,6,0,0,91.99999988079071,12352.941175922751,8789.898717764323,79.02931032802272,173163.08233714433,65.5279447130899,1
myopic,17,71,4,6,0,0,91.99999988079071,12352.941175922751,8737.137845802587,69.98211167590978,179601.43660298552,67.40895593591064,1
myopic,17,70,4,6,0,0,91.99999988079071,12352.941175922751,8688.793575447053,75.72841020236439,186568.4503325755,67.40895593591064,1
myopic,17,69,4,6,0,0,91.99999988079071,12352.941175922751,8636.602954145135,72.72333031688831,193258.99671305993,67.40895593591064,1
myopic,17,68,4,6,0,0,91.99999988079071,12352.941175922751,8587.195205283806,67.35334244821914,199455.50421026695,68.22850945101008,1
myopic,17,67,4,6,0,0,91.99999988079071,12352.941175922751,8539.79132159601,67.61664597066552,205676.23563150765,68.22850945101008,1
myopic,17,66,4,6,0,0,91.99999988079071,12352.941175922751,8492.075361940946,66.03385620282675,211751.35039429585,69.84883539218049,1
myopic,17,65,4,6,0,0,91.99999988079071,12352.941175922751,8444.208523979803,62.64943625868224,217515.0985226262,69.84883539218049,1
myopic,17,64,4,6,0,0,91.99999988079071,12352.941175922751,8399.599033942053,69.37774642742775,223897.8511856791,69.84883539218049,1
myopic,17,63,4,6,0,0,91.99999988079071,12352.941175922751,8351.505834766354,76.02990312243138,230892.6022638793,69.84883539218049,1
myopic,17,62,4,6,0,0,91.99999988079071,12352.941175922751,8299.218045210699,94.43036890605806,239580.19619197966,69.84883539218049,1
myopic,17,61,4,6,0,0,91.99999988079071,12352.941175922751,8233.307327654336,87.09233776398331,247592.6912558839,69.89345595574414,1
myopic,17,60,4,6,0,0,91.99999988079071,12352.941175922751,8171.852199781237,103.3601416808512,257101.82427820071,89.10668574861131,1
myopic,17,59,4,6,0,0,91.99999988079071,12352.941175922751,8101.061516239752,101.94583204374726,266480.8408140726,89.10668574861131,1
myopic,17,58,4,6,0,0,91.99999988079071,12352.941175922751,8029.584837415879,104.22361299009097,276069.41319673654,89.10668574861131,1
myopic,17,57,4,6,0,0,91.99999988079071,12352.941175922751,7955.598870567341,97.593388455315,285048.0049229915,89.10668574861131,1
myopic,17,56,4,6,0,0,91.99999988079071,12352.941175922751,7887.507461561667,107.68163190861898,294954.7150457478,89.10668574861131,1
myopic,17,55,4,6,0,0,91.99999988079071,12352.941175922751,7811.311057057168,88.4844314583836,303095.2827293709,91.60460794927438,1
myopic,17,54,4,6,0,0,91.99999988079071,12352.941175922751,7749.50846118657,96.53215125457851,311976.2406332846,91.60460794927438,1
myopic,17,53,4,6,0,0,91.99999988079071,12352.941175922751,7681.629929907169,119.03551790489878,322927.5082663452,91.60460794927438,1
myopic,17,52,4,6,0,0,91.99999988079071,12352.941175922751,7597.945368367486,106.04187445835213,332683.3607038724,91.93538435860836,1
myopic,17,51,4,6,0,0,91.99999988079071,12352.941175922751,7520.767622662165,106.25240940283213,342458.5823562667,93.26932573131452,1
myopic,17,50,4,6,0,0,91.99999988079071,12352.941175922751,7444.7685130568825,114.03309723848763,352949.62728861376,93.26932573131452,1
myopic,17,49,4,6,0,0,91.99999988079071,12352.941175922751,7363.369907812197,105.13728662213794,362622.2576453171,94.57064547423397,1
myopic,17,48,4,6,0,0,91.99999988079071,12352.941175922751,7287.57971997013,106.94604266368233,372461.29355762695,94.57064547423397,1
myopic,17,47,4,6,0,0,91.99999988079071,12352.941175922751,7212.092179047417,96.96623736876661,381382.1873839942,94.57064547423397,1
myopic,17,46,4,6,0,0,91.99999988079071,12352.941175922751,7142.843990964891,117.85078219088719,392224.4593315069,96.98299627115883,1
myopic,17,45,4,6,0,0,91.99999988079071,12352.941175922751,7058.678090699938,116.43701865693433,402936.6650340645,97.32361841658812,1
myopic,17,44,4,6,0,0,91.99999988079071,12352.941175922751,6974.476168912617,104.77840648130936,412576.2784178544,97.85545855988339,1
myopic,17,43,4,6,0,0,91.99999988079071,12352.941175922751,6902.616116842393,109.0266519692899,422606.7303860321,97.85545855988339,1
myopic,17,42,4,6,0,0,91.99999988079071,12352.941175922751,6824.349849140157,95.2946680286046,431373.8398333037,97.85545855988339,1
myopic,17,41,4,6,0,0,91.99999988079071,12352.941175922751,6754.911607281676,107.89544194169002,441300.220479077,98.63031199072775,1
myopic,17,40,4,6,0,0,91.99999988079071,12352.941175922751,6676.30401780569,103.26349491588303,450800.4619990283,98.63031199072775,1
myopic,17,39,4,6,0,0,91.99999988079071,12352.941175922751,6601.1216651191135,106.21861071497142,460572.5741721434,98.63031199072775,1
myopic,17,38,4,6,0,0,91.99999988079071,12352.941175922751,6522.583123740982,110.99907153507363,470784.48874013807,100.36903837561965,1
myopic,17,37,4,6,0,0,91.99999988079071,12352.941175922751,6443.6030671980225,112.06261030481843,481094.24887482246,100.36903837561965,1
myopic,17,36,4,6,0,0,91.99999988079071,12352.941175922751,6361.659327601944,108.7205267344872,491096.53732143476,100.68255637139985,1
myopic,17,35,4,6,0,0,91.99999988079071,12352.941175922751,6283.867232028799,118.8243841681018,502028.38065073517,100.68255637139985,1
myopic,17,34,4,6,0,0,91.99999988079071,12352.941175922751,6197.722509913557,123.00916546266177,513345.2238586362,100.68255637139985,1
myopic,17,33,4,6,0,0,91.99999988079071,12352.941175922751,6108.223633507014,112.7555269710441,523718.7323265308,100.68255637139985,1
myopic,17,32,4,6,0,0,91.99999988079071,12352.941175922751,6025.1583138603855,118.84749572552084,534652.701919111,102.64207294651457,1
myopic,17,31,4,6,0,0,91.99999988079071,12352.941175922751,5933.98966530932,114.56184474265875,545192.3916217787,107.33403298465377,1
myopic,17,30,4,6,0,0,91.99999988079071,12352.941175922751,5846.559095582902,127.25960436723601,556900.2752083939,108.1643677223478,1
myopic,17,29,4,6,0,0,91.99999988079071,12352.941175922751,5753.0944029991415,132.31642226091728,569073.3860406249,111.5619876042391,1
myopic,17,28,4,6,0,0,91.99999988079071,12352.941175922751,5653.329164411634,130.36856245701603,581067.2937711292,111.5619876042391,1
myopic,17,27,4,6,0,0,91.99999988079071,12352.941175922751,5558.09896559954,126.75556048187384,592728.8053203512,111.98272580370616,1
myopic,17,26,4,6,0,0,91.99999988079071,12352.941175922751,5463.810638643184,125.26571167448797,604253.2507794712,111.98272580370616,1
myopic,17,25,4,6,0,0,91.99999988079071,12352.941175922751,5369.976479614224,128.31790739934937,616058.4982449147,115.33123750327402,1
myopic,17,24,4,6,0,0,91.99999988079071,12352.941175922751,5271.206811326953,131.99871141271723,628202.3796791492,116.78153326033612,1
myopic,17,23,4,6,0,0,91.99999988079071,12352.941175922751,5174.512120528629,140.85579242062795,641161.1125650557,117.67444316715728,1
myopic,17,22,4,6,0,0,91.99999988079071,12352.941175922751,5067.7321029042605,131.9330697710581,653298.9549682654,119.41683443425565,1
myopic,17,21,4,6,0,0,91.99999988079071,12352.941175922751,4970.432257797846,134.07887729361263,665634.2116632942,119.41683443425565,1
myopic,17,20,4,6,0,0,91.99999988079071,12352.941175922751,4869.052710485549,138.52581037738693,678378.5862015003,119.41683443425565,1
myopic,17,19,4,6,0,0,91.99999988079071,12352.941175922751,4762.50094192979,143.5217306785546,691582.5854068182,119.41683443425565,1
myopic,17,18,4,6,0,0,91.99999988079071,12352.941175922751,4653.048681358941,122.2651866885775,702830.9825675922,124.90873747636871,1
myopic,17,17,4,6,0,0,91.99999988079071,12352.941175922751,4557.735406925494,142.53859636055964,715944.5334157718,124.90873747636871,1
myopic,17,16,4,6,0,0,91.99999988079071,12352.941175922751,4448.18988080298,135.10763998785433,728374.4362785483,126.98521596814824,1
myopic,17,15,4,6,0,0,91.99999988079071,12352.941175922751,4344.810275074713,126.89898805144398,740049.1431641537,127.33955759766313,1
myopic,17,14,4,6,0,0,91.99999988079071,12352.941175922751,4247.7499984998985,140.43838290791697,752969.4743749405,128.64897873426494,1
myopic,17,13,4,6,0,0,91.99999988079071,12352.941175922751,4135.837730527533,144.9644922569214,766306.2076452961,128.64897873426494,1
myopic,17,12,4,6,0,0,91.99999988079071,12352.941175922751,4019.8783602383564,133.26058570791002,778566.1815145379,128.95909757847755,1
myopic,17,11,4,6,0,0,91.99999988079071,12352.941175922751,3913.2650782218643,138.82508730611494,791338.0895301512,128.95909757847755,1
myopic,17,10,4,6,0,0,91.99999988079071,12352.941175922751,3801.4581106543183,151.9813138656705,805320.3703876754,129.70269371597854,1
myopic,17,9,4,6,0,0,91.99999988079071,12352.941175922751,3680.502063135429,143.23012847158327,818497.5421899867,129.70269371597854,1
myopic,17,8,4,6,0,0,91.99999988079071,12352.941175922751,3564.3614200757047,135.78803742315023,830990.0416167293,129.70269371597854,1
myopic,17,7,4,6,0,0,91.99999988079071,12352.941175922751,3458.2513908873707,148.68958980135565,844669.4838607289,129.70269371597854,1
myopic,17,6,4,6,0,0,91.99999988079071,12352.941175922751,3335.2454659088135,113.37947527617801,855100.3955726214,129.70269371597854,1
myopic,17,5,4,6,0,0,91.99999988079071,12352.941175922751,3242.6392359441707,112.16089028529626,865419.197465498,117.28918192833491,1
myopic,17,4,4,6,0,0,91.99999988079071,12352.941175922751,3150.802797386429,108.52378549455265,875403.3857180598,110.96544227839588,1
myopic,17,3,4,6,0,0,91.99999988079071,12352.941175922751,3060.14152655181,108.22827774529313,885360.387257725,106.31749860242833,1
myopic,17,2,4,6,0,0,91.99999988079071,12352.941175922751,2969.59812771432,95.7434439476746,894168.7840894975,102.72787383917988,1
myopic,17,1,4,6,0,0,91.99999988079071,12352.941175922751,2887.7159007311484,94.13624012999202,902829.3181702349,95.2678864120809,1
myopic,18,100,5,12,1,1,91.99999988079071,12352.941175922751,10000.0,131.51883978787447,12099.733244806184,122.62129846453644,0
myopic,18,99,5,12,1,1,91.99999988079071,12352.941175922751,9905.51095859162,147.28565601168404,25650.0135803233,122.62129846453644,0
myopic,18,98,5,12,1,1,91.99999988079071,12352.941175922751,9796.645261845022,128.54217095121854,37475.89329251198,122.62129846453644,0
myopic,18,97,5,12,1,1,91.99999988079071,12352.941175922751,9703.50590464734,140.07021330723026,50362.352900079495,124.02216067174243,0
myopic,18,96,5,12,1,1,91.99999988079071,12352.941175922751,9603.660606699726,145.8272730377178,63778.462002165565,124.02216067174243,0
myopic,18,95,5,12,1,1,91.99999988079071,12352.941175922751,9498.50677446706,145.69961425934636,77182.82649665668,125.08183156398725,0
myopic,18,94,5,12,1,1,91.99999988079071,12352.941175922751,9394.756654829152,137.6043691326448,89842.42844045628,125.08183156398725,0
myopic,18,93,5,12,1,1,91.99999988079071,12352.941175922751,9295.448644716012,138.87416051277657,102618.85119107664,125.56961748732996,0
myopic,18,92,5,12,1,1,91.99999988079071,12352.941175922751,9195.602607949006,132.57000967726114,114815.29206558109,126.56691740931149,0
myopic,18,91,5,12,1,1,91.99999988079071,12352.941175922751,9100.040001140422,141.79672918500975,127860.5911336985,126.56691740931149,0
myopic,18,90,5,12,1,1,91.99999988079071,12352.941175922751,8997.95836707552,140.17757446718005,140756.9279679686,128.0068958182441,0
myopic,18,89,5,12,1,1,91.99999988079071,12352.941175922751,8895.93234795567,135.31973824606112,153206.34387047484,128.0068958182441,0
myopic,18,88,5,12,1,1,91.99999988079071,12352.941175922751,8797.326683764511,141.2398415129341,166200.40927282767,128.27423610834077,0
myopic,18,87,5,12,1,1,91.99999988079071,12352.941175922751,8695.125362628638,140.94057554078069,179166.94220577806,129.9887842880545,0
myopic,18,86,5,12,1,1,91.99999988079071,12352.941175922751,8591.922081814815,150.08871793695005,192975.1042380855,129.9887842880545,0
myopic,18,85,5,12,1,1,91.99999988079071,12352.941175922751,8483.126614944838,143.60575310215881,206186.833506365,131.39065547928402,0
myopic,18,84,5,12,1,1,91.99999988079071,12352.941175922751,8376.51346341447,151.42606660244874,220118.03161573887,134.22803013497784,0
myopic,18,83,5,12,1,1,91.99999988079071,12352.941175922751,8268.172641348865,147.07887122815347,233649.28775119584,134.22803013497784,0
myopic,18,82,5,12,1,1,91.99999988079071,12352.941175922751,8161.331340441959,153.2817261292351,247751.20653681285,134.22803013497784,0
myopic,18,81,5,12,1,1,91.99999988079071,12352.941175922751,8050.011865720527,141.59194870804498,260777.66580107392,134.58628316204653,0
myopic,18,80,5,12,1,1,91.99999988079071,12352.941175922751,7945.031176776829,134.48716754468558,273150.4851991529,134.58628316204653,0
myopic,18,79,5,12,1,1,91.99999988079071,12352.941175922751,7848.677938715607,146.24530516473845,286605.053256875,137.25137735790267,0
myopic,18,78,5,12,1,1,91.99999988079071,12352.941175922751,7742.467964724094,150.60809261487842,300460.9977594899,137.25137735790267,0
myopic,18,77,5,12,1,1,91.99999988079071,12352.941175922751,7632.230319752495,161.2688999882949,315297.7365391883,138.34527592112582,0
myopic,18,76,5,12,1,1,91.99999988079071,12352.941175922751,7516.405040005703,177.15532646658977,331596.026552996,139.8599388733162,0
myopic,18,75,5,12,1,1,91.99999988079071,12352.941175922751,7385.389368797141,147.10185698238635,345129.39737783966,139.8599388733162,0
myopic,18,74,5,12,1,1,91.99999988079071,12352.941175922751,7278.0813037660255,150.2589517634175,358953.2209221618,139.8599388733162,0
myopic,18,73,5,12,1,1,91.99999988079071,12352.941175922751,7170.826170180015,157.32831225900352,373427.4256312352,140.6224031964283,0
myopic,18,72,5,12,1,1,91.99999988079071,12352.941175922751,7056.578500564741,149.78459731872738,387207.6085667024,140.6224031964283,0
myopic,18,71,5,12,1,1,91.99999988079071,12352.941175922751,6947.63833249882,149.33830772521242,400946.7328596194,140.6224031964283,0
myopic,18,70,5,12,1,1,91.99999988079071,12352.941175922751,6837.278284237197,147.25660935903258,414494.3409030961,140.6224031964283,0
myopic,18,69,5,12,1,1,91.99999988079071,12352.941175922751,6726.360617609247,150.26499641096092,428318.7205549915,143.74385215300907,0
myopic,18,68,5,12,1,1,91.99999988079071,12352.941175922751,6615.750725636042,160.2638467997287,443062.99444146163,146.41315056855447,0
myopic,18,67,5,12,1,1,91.99999988079071,12352.941175922751,6495.968743089648,163.8457598680843,458136.80432979343,146.41315056855447,0
myopic,18,66,5,12,1,1,91.99999988079071,12352.941175922751,6374.218395855089,166.0450050746604,473412.9447768681,147.95730716934838,0
myopic,18,65,5,12,1,1,91.99999988079071,12352.941175922751,6250.164981949711,154.31657987598473,487610.0701070627,147.95730716934838,0
myopic,18,64,5,12,1,1,91.99999988079071,12352.941175922751,6134.431594823063,158.70422599873262,502210.8588800271,147.95730716934838,0
myopic,18,63,5,12,1,1,91.99999988079071,12352.941175922751,6017.808900354208,163.10223502098387,517216.2644825143,149.66408283344634,0
myopic,18,62,5,12,1,1,91.99999988079071,12352.941175922751,5896.777431385496,166.05554097128467,532493.3742320772,149.66408283344634,0
myopic,18,61,5,12,1,1,91.99999988079071,12352.941175922751,5772.167479075037,187.65046678279927,549757.217153725,149.93764281533836,0
myopic,18,60,5,12,1,1,91.99999988079071,12352.941175922751,5631.119712245175,192.22560701891217,567441.9729765499,175.84600634426346,0
myopic,18,59,5,12,1,1,91.99999988079071,12352.941175922751,5489.96138771932,211.74559612993116,586922.5677952615,176.08019672204279,0
myopic,18,58,5,12,1,1,91.99999988079071,12352.941175922751,5330.963833229724,198.13651912884166,605151.1275314952,182.18293728047686,0
myopic,18,57,5,12,1,1,91.99999988079071,12352.941175922751,5180.466909537699,188.12217961091991,622458.3680332738,182.18293728047686,0
myopic,18,56,5,12,1,1,91.99999988079071,12352.941175922751,5039.981813662447,209.22125752123227,641706.7237002861,182.18293728047686,0
myopic,18,55,5,12,1,1,91.99999988079071,12352.941175922751,4886.00564353857,194.88285055789711,659635.9459283808,184.4032916851394,0
myopic,18,54,5,12,1,1,91.99999988079071,12352.941175922751,4736.039096232165,206.50540306745,678634.4429859689,184.4032916851394,0
myopic,18,53,5,12,1,1,91.99999988079071,12352.941175922751,4581.690366937928,202.1452882975533,697231.8094852462,184.4032916851394,0
myopic,18,52,5,12,1,1,91.99999988079071,12352.941175922751,4427.2139670352935,197.85033573836833,715434.0403495905,184.4032916851394,0
myopic,18,51,5,12,1,1,91.99999988079071,12352.941175922751,4277.034630590302,216.6364893292503,735364.5973420565,186.63549510603517,0
myopic,18,50,5,12,1,1,91.99999988079071,12352.941175922751,4112.287591491452,226.93405416582473,756242.5302982597,195.43755580295394,0
myopic,18,49,5,12,1,1,91.99999988079071,12352.941175922751,3939.285440528938,213.48909090406573,775883.5266359838,196.20027183670678,0
myopic,18,48,5,12,1,1,91.99999988079071,12352.941175922751,3776.060162331325,215.76793198081666,795734.1763524974,196.20027183670678,0
myopic,18,47,5,12,1,1,91.99999988079071,12352.941175922751,3612.8248907604466,216.9415322758098,815692.7972960104,199.91319423353335,0
myopic,18,46,5,12,1,1,91.99999988079071,12352.941175922751,3448.091275386467,233.6221527360224,837186.0353198745,199.91319423353335,0
myopic,18,45,5,12,1,1,91.99999988079071,12352.941175922751,3264.946077411234,216.52428176561315,857106.2692164993,199.91319423353335,0
myopic,18,44,5,12,1,1,91.99999988079071,12352.941175922751,3104.475980931378,216.661080620186,877039.0886077284,200.5032029124764,0
myopic,18,43,5,12,1,1,91.99999988079071,12352.941175922751,2936.613772877973,214.579752197464,896780.4257843151,200.5032029124764,0
myopic,18,42,5,12,1,1,91.99999988079071,12352.941175922751,2770.0518322490952,228.4385932702969,917796.7763379504,200.5032029124764,0
myopic,18,41,5,12,1,1,91.99999988079071,12352.941175922751,2594.986274046011,221.43239653136473,938168.5567924391,203.90988037788304,0
myopic,18,40,5,12,1,1,91.99999988079071,12352.941175922751,2425.7047415980232,219.9990521692672,958408.4695657857,203.90988037788304,0
myopic,18,39,5,12,1,1,91.99999988079071,12352.941175922751,2257.454385944261,226.99849524119222,979292.3311009151,203.90988037788304,0
myopic,18,38,5,12,1,1,91.99999988079071,12352.941175922751,2078.602208097578,228.76251964388877,1000338.4828808822,211.06427502110148,0
myopic,18,37,5,12,1,1,91.99999988079071,12352.941175922751,1898.7228983499026,234.22659507840768,1021887.3296001737,211.06427502110148,0
myopic,18,36,5,12,1,1,91.99999988079071,12352.941175922751,1719.3908815537925,230.87093222758602,1043127.4553375897,211.3777930168817,0
myopic,18,35,5,12,1,1,91.99999988079071,12352.941175922751,1540.129962966017,221.80794456011847,1063533.786210679,211.3777930168817,0
myopic,18,34,5,12,1,1,91.99999988079071,12352.941175922751,1367.5906328289748,241.3962889752218,1085742.2447676228,211.3777930168817,0
myopic,18,33,5,12,1,1,91.99999988079071,12352.941175922751,1176.1725365595503,228.31061829970477,1106746.821623979,211.3777930168817,0
myopic,18,32,5,12,1,1,91.99999988079071,12352.941175922751,998.3534551175471,236.19705964007807,1128476.9510827092,211.3777930168817,0
myopic,18,31,5,12,1,1,91.99999988079071,12352.941175922751,811.9495756882025,248.95424472159266,1151380.7415674182,215.8582445896582,0
myopic,18,30,5,12,1,1,91.99999988079071,12352.941175922751,616.9633593683411,242.67531854166427,1173706.8708443223,217.62011982881515,0
myopic,18,29,5,12,1,1,91.99999988079071,10000.0,425.4387856471694,0.0,1173706.8708443223,228.32407060173463,0
myopic,18,28,5,12,1,1,91.99999988079071,10000.0,425.4387856471694,0.0,1173706.8708443223,228.32407060173463,0
myopic,18,27,5,12,1,1,91.99999988079071,10000.0,425.4387856471694,0.0,1173706.8708443223,228.74480880120169,0
myopic,18,26,5,12,1,1,91.99999988079071,10000.0,425.4387856471694,0.0,1173706.8708443223,228.74480880120169,0
myopic,18,25,5,12,1,1,91.99999988079071,10000.0,425.4387856471694,0.0,1173706.8708443223,232.96745592437514,0
myopic,18,24,5,12,1,1,91.99999988079071,10000.0,425.4387856471694,0.0,1173706.8708443223,236.4388957050125,0
myopic,18,23,5,12,1,1,91.99999988079071,10000.0,425.4387856471694,0.0,1173706.8708443223,238.0786546384911,0
myopic,18,22,5,12,1,1,91.99999988079071,10000.0,425.4387856471694,0.0,1173706.8708443223,240.89903206973992,0
myopic,18,21,5,12,1,1,91.99999988079071,10000.0,425.4387856471694,0.0,1173706.8708443223,240.89903206973992,0
myopic,18,20,5,12,1,1,91.99999988079071,10000.0,425.4387856471694,0.0,1173706.8708443223,240.89903206973992,0
myopic,18,19,5,12,1,1,91.99999988079071,10000.0,425.4387856471694,0.0,1173706.8708443223,240.89903206973992,0
myopic,18,18,5,12,1,1,91.99999988079071,10000.0,425.4387856471694,0.0,1173706.8708443223,246.92805639126922,0
myopic,18,17,5,12,1,1,91.99999988079071,10000.0,425.4387856471694,0.0,1173706.8708443223,246.92805639126922,0
myopic,18,16,5,12,1,1,91.99999988079071,10000.0,425.4387856471694,0.0,1173706.8708443223,249.22632805170318,0
myopic,18,15,5,12,1,1,91.99999988079071,10000.0,425.4387856471694,0.0,1173706.8708443223,251.8711947131633,0
myopic,18,14,5,12,1,1,91.99999988079071,10000.0,425.4387856471694,0.0,1173706.8708443223,253.63584708782395,0
myopic,18,13,5,12,1,1,91.99999988079071,10000.0,425.4387856471694,0.0,1173706.8708443223,254.08714017232143,0
myopic,18,12,5,12,1,1,91.99999988079071,10000.0,425.4387856471694,0.0,1173706.8708443223,254.80629722425985,0
myopic,18,11,5,12,1,1,91.99999988079071,10000.0,425.4387856471694,0.0,1173706.8708443223,254.80629722425985,0
myopic,18,10,5,12,1,1,91.99999988079071,10000.0,425.4387856471694,0.0,1173706.8708443223,255.9433429025627,0
myopic,18,9,5,12,1,1,91.99999988079071,10000.0,425.4387856471694,0.0,1173706.8708443223,255.9433429025627,0
myopic,18,8,5,12,1,1,91.99999988079071,10000.0,425.4387856471694,0.0,1173706.8708443223,255.9433429025627,0
myopic,18,7,5,12,1,1,91.99999988079071,10000.0,425.4387856471694,0.0,1173706.8708443223,255.9433429025627,0
myopic,18,6,5,12,1,1,91.99999988079071,10000.0,425.4387856471694,0.0,1173706.8708443223,255.9433429025627,0
myopic,18,5,5,12,1,1,91.99999988079071,10000.0,425.4387856471694,0.0,1173706.8708443223,230.04512928449802,0
myopic,18,4,5,12,1,1,91.99999988079071,10000.0,425.4387856471694,0.0,1173706.8708443223,226.42549507794118,0
myopic,18,3,5,12,1,1,91.99999988079071,10000.0,425.4387856471694,0.0,1173706.8708443223,215.56234262596197,0
myopic,18,2,5,12,1,1,91.99999988079071,10000.0,425.4387856471694,0.0,1173706.8708443223,203.8312723170848,0
myopic,18,1,5,12,1,1,91.99999988079071,10000.0,425.4387856471694,0.0,1173706.8708443223,196.37128488998587,0
myopic,19,100,4,6,0,0,91.99999988079071,12352.941175922751,10000.0,64.14326293310245,5901.180182198952,55.48941880342484,1
myopic,19,99,4,6,0,0,91.99999988079071,12352.941175922751,9959.144162230503,66.19352950048919,11990.984888353074,55.48941880342484,1
myopic,19,98,4,6,0,0,91.99999988079071,12352.941175922751,9917.60017860639,67.03248302865329,18157.97331899828,55.48941880342484,1
myopic,19,97,4,6,0,0,91.99999988079071,12352.941175922751,9874.753902409358,67.6866273950236,24385.143031271575,56.829019946353895,1
myopic,19,96,4,6,0,0,91.99999988079071,12352.941175922751,9830.64406009212,57.658411471541264,29689.716879779953,57.148724943126965,1
myopic,19,95,4,6,0,0,91.99999988079071,12352.941175922751,9792.964176638392,66.53182330694868,35810.64461608802,58.20839583537179,1
myopic,19,94,4,6,0,0,91.99999988079071,12352.941175922751,9750.345591770247,79.8056063605406,43152.76039174419,58.20839583537179,1
myopic,19,93,4,6,0,0,91.99999988079071,12352.941175922751,9697.814922028643,55.699207608800165,48277.08748511394,58.20839583537179,1
myopic,19,92,4,6,0,0,91.99999988079071,12352.941175922751,9662.275085886407,67.69038315441368,54504.602727250676,59.44865838134444,1
myopic,19,91,4,6,0,0,91.99999988079071,12352.941175922751,9617.985025541237,60.92179013123042,60109.40741206143,59.44865838134444,1
myopic,19,90,4,6,0,0,91.99999988079071,12352.941175922751,9577.450658571339,67.51277544672215,66320.58274511172,60.89109345881038,1
myopic,19,89,4,6,0,0,91.99999988079071,12352.941175922751,9534.102293740152,64.0328617952609,72211.60602264242,60.89109345881038,1
myopic,19,88,4,6,0,0,91.99999988079071,12352.941175922751,9492.410125631255,56.56874978670556,77415.93099627581,61.15843374890705,1
myopic,19,87,4,6,0,0,91.99999988079071,12352.941175922751,9455.972001212607,54.51593853002221,82431.39733453906,62.95185624470667,1
myopic,19,86,4,6,0,0,91.99999988079071,12352.941175922751,9420.45690750849,74.63886128884823,89298.17256421545,62.95185624470667,1
myopic,19,85,4,6,0,0,91.99999988079071,12352.941175922751,9372.66640467296,72.3144350830443,95951.10058323498,63.6293292994672,1
myopic,19,84,4,6,0,0,91.99999988079071,12352.941175922751,9326.20902609406,68.42873938882227,102246.54459884929,63.6293292994672,1
myopic,19,83,4,6,0,0,91.99999988079071,12352.941175922751,9281.632494305913,60.04027942996292,107770.25029924851,63.6293292994672,1
myopic,19,82,4,6,0,0,91.99999988079071,12352.941175922751,9242.490834319226,60.32663631592094,113320.30083312174,63.6293292994672,1
myopic,19,81,4,6,0,0,91.99999988079071,12352.941175922751,9202.508797616634,70.49979452411766,119806.28192093634,63.98758232653586,1
myopic,19,80,4,6,0,0,91.99999988079071,12352.941175922751,9154.996703889214,58.93435201332055,125228.2422991363,63.98758232653586,1
myopic,19,79,4,6,0,0,91.99999988079071,12352.941175922751,9115.29511761108,70.49994856573676,131714.23755877983,64.45289985172099,1
myopic,19,78,4,6,0,0,91.99999988079071,12352.941175922751,9068.285911354054,70.48583608797219,138198.9344704707,64.89964160446222,1
myopic,19,77,4,6,0,0,91.99999988079071,12352.941175922751,9020.319080872654,83.08171275484223,145842.45203401207,65.68756414862953,1
myopic,19,76,4,6,0,0,91.99999988079071,12352.941175922751,8964.14046436333,74.0692245169574,152656.8206807424,65.68756414862953,1
myopic,19,75,4,6,0,0,91.99999988079071,12352.941175922751,8917.040536512908,76.44419551870864,159689.68665935076,65.68756414862953,1
myopic,19,74,4,6,0,0,91.99999988079071,12352.941175922751,8866.168409875865,70.74687078639727,166198.39876326564,65.68756414862953,1
myopic,19,73,4,6,0,0,91.99999988079071,12352.941175922751,8818.634783388381,81.36630413648697,173684.09873412282,65.5279447130899,1
myopic,19,72,4,6,0,0,91.99999988079071,12352.941175922751,8764.043802850465,70.14880885411665,180137.78914033915,65.5279447130899,1
myopic,19,71,4,6,0,0,91.99999988079071,12352.941175922751,8717.781790770705,76.84078289299815,187207.14115733485,67.40895593591064,1
myopic,19,70,4,6,0,0,91.99999988079071,12352.941175922751,8665.349451611075,78.26403354636133,194407.4322342703,67.40895593591064,1
myopic,19,69,4,6,0,0,91.99999988079071,12352.941175922751,8612.433872157888,71.17048908724317,200955.11722181248,67.40895593591064,1
myopic,19,68,4,6,0,0,91.99999988079071,12352.941175922751,8565.686170805802,82.3468215624754,208531.02479574372,68.22850945101008,1
myopic,19,67,4,6,0,0,91.99999988079071,12352.941175922751,8509.70207322011,61.9333879400985,214228.89647884975,68.22850945101008,1
myopic,19,66,4,6,0,0,91.99999988079071,12352.941175922751,8468.497723459881,84.56528368289094,222008.90256759475,69.84883539218049,1
myopic,19,65,4,6,0,0,91.99999988079071,12352.941175922751,8410.390118836687,71.42730623396582,228580.2147326048,69.84883539218049,1
myopic,19,64,4,6,0,0,91.99999988079071,12352.941175922751,8360.32274383315,87.76815339371834,236654.88483436411,69.84883539218049,1
myopic,19,63,4,6,0,0,91.99999988079071,12352.941175922751,8299.937781089999,75.53289536762935,243603.9111991818,69.84883539218049,1
myopic,19,62,4,6,0,0,91.99999988079071,12352.941175922751,8249.994550930056,83.08729506133785,251247.9423349201,69.84883539218049,1
myopic,19,61,4,6,0,0,91.99999988079071,12352.941175922751,8191.90305883781,104.97262849309048,260905.4241437707,69.89345595574414,1
myopic,19,60,4,6,0,0,91.99999988079071,12352.941175922751,8121.850782016506,106.7706265364203,270728.3217723933,89.10668574861131,1
myopic,19,59,4,6,0,0,91.99999988079071,12352.941175922751,8049.937100282748,80.07646443851098,278095.35649119044,89.10668574861131,1
myopic,19,58,4,6,0,0,91.99999988079071,12352.941175922751,7994.978019416321,75.97870858936123,285085.3976723543,89.10668574861131,1
myopic,19,57,4,6,0,0,91.99999988079071,12352.941175922751,7942.926515754554,105.7569509707428,294815.03714905545,89.10668574861131,1
myopic,19,56,4,6,0,0,91.99999988079071,12352.941175922751,7869.2402309028585,122.1657696018191,306054.28793785954,89.10668574861131,1
myopic,19,55,4,6,0,0,91.99999988079071,12352.941175922751,7784.481364459627,92.5320577782192,314567.23724242504,91.60460794927438,1
myopic,19,54,4,6,0,0,91.99999988079071,12352.941175922751,7720.2292247812875,105.83215524626883,324303.7955124656,91.60460794927438,1
myopic,19,53,4,6,0,0,91.99999988079071,12352.941175922751,7648.096859036257,86.76162814360248,332285.8652913342,91.60460794927438,1
myopic,19,52,4,6,0,0,91.99999988079071,12352.941175922751,7588.638301069537,96.66817929223498,341179.3377746961,91.93538435860836,1
myopic,19,51,4,6,0,0,91.99999988079071,12352.941175922751,7522.296962160946,100.72011027777131,350445.5879082443,93.26932573131452,1
myopic,19,50,4,6,0,0,91.99999988079071,12352.941175922751,7451.70826580848,108.41434261869429,360419.7074162402,93.26932573131452,1
myopic,19,49,4,6,0,0,91.99999988079071,12352.941175922751,7374.791735681167,99.44817368972836,369568.9393838401,94.57064547423397,1
myopic,19,48,4,6,0,0,91.99999988079071,12352.941175922751,7304.673753526926,89.69514354084845,377820.8925789056,94.57064547423397,1
myopic,19,47,4,6,0,0,91.99999988079071,12352.941175922751,7242.2098752469155,93.61382077325189,386433.3640788852,94.57064547423397,1
myopic,19,46,4,6,0,0,91.99999988079071,12352.941175922751,7177.90915293318,115.01631814265635,397014.8653342985,96.98299627115883,1
myopic,19,45,4,6,0,0,91.99999988079071,12352.941175922751,7098.845549421601,118.76824370625174,407941.5437411154,97.32361841658812,1
myopic,19,44,4,6,0,0,91.99999988079071,12352.941175922751,7013.440134734628,111.54584323592745,418203.76130552345,97.85545855988339,1
myopic,19,43,4,6,0,0,91.99999988079071,12352.941175922751,6935.575720203451,99.39040214269157,427347.6782908028,97.85545855988339,1
myopic,19,42,4,6,0,0,91.99999988079071,12352.941175922751,6866.695721779761,107.53477178394337,437240.87728210643,97.85545855988339,1
myopic,19,41,4,6,0,0,91.99999988079071,12352.941175922751,6792.218835184925,107.36925549290373,447118.84877465415,98.63031199072775,1
myopic,19,40,4,6,0,0,91.99999988079071,12352.941175922751,6717.419379065446,113.01575300063267,457516.2980372398,98.63031199072775,1
myopic,19,39,4,6,0,0,91.99999988079071,12352.941175922751,6640.005429842648,113.86614878264513,467991.9837116693,98.63031199072775,1
myopic,19,38,4,6,0,0,91.99999988079071,12352.941175922751,6558.073390178786,101.97644711135608,477373.8168337575,100.36903837561965,1
myopic,19,37,4,6,0,0,91.99999988079071,12352.941175922751,6483.982877297443,122.60615048782097,488653.58266402123,100.36903837561965,1
myopic,19,36,4,6,0,0,91.99999988079071,12352.941175922751,6395.739907912581,98.41024705354641,497707.32538121607,100.68255637139985,1
myopic,19,35,4,6,0,0,91.99999988079071,12352.941175922751,6325.213399275902,97.4676553088575,506674.3496580119,100.68255637139985,1
myopic,19,34,4,6,0,0,91.99999988079071,12352.941175922751,6256.017094664327,100.27012731133412,515899.2013587015,100.68255637139985,1
myopic,19,33,4,6,0,0,91.99999988079071,12352.941175922751,6183.956455684151,106.52633608200595,525699.6242655471,100.68255637139985,1
myopic,19,32,4,6,0,0,91.99999988079071,12352.941175922751,6107.003863135456,125.00409456903665,537200.0009509969,102.64207294651457,1
myopic,19,31,4,6,0,0,91.99999988079071,12352.941175922751,6017.983417618112,122.87193933610263,548504.2193552708,107.33403298465377,1
myopic,19,30,4,6,0,0,91.99999988079071,12352.941175922751,5929.835959070488,120.49681510428428,559589.9263305006,108.1643677223478,1
myopic,19,29,4,6,0,0,91.99999988079071,12352.941175922751,5843.024508940876,116.26786917123148,570286.5702803937,111.5619876042391,1
myopic,19,28,4,6,0,0,91.99999988079071,12352.941175922751,5759.399480059705,130.00852573374772,582247.3546324002,111.5619876042391,1
myopic,19,27,4,6,0,0,91.99999988079071,12352.941175922751,5663.334282687483,122.43292992922409,593511.1841712936,111.98272580370616,1
myopic,19,26,4,6,0,0,91.99999988079071,12352.941175922751,5572.899991117533,134.31161088686193,605867.8523568737,111.98272580370616,1
myopic,19,25,4,6,0,0,91.99999988079071,12352.941175922751,5473.686545267531,111.12835868396895,616091.6613425513,115.33123750327402,1
myopic,19,24,4,6,0,0,91.99999988079071,12352.941175922751,5392.256511073376,139.06180809431717,628885.347670651,116.78153326033612,1
myopic,19,23,4,6,0,0,91.99999988079071,12352.941175922751,5289.47076399705,130.0646813751556,640851.2983416604,117.67444316715728,1
myopic,19,22,4,6,0,0,91.99999988079071,12352.941175922751,5193.999682755156,133.09865626891184,653096.3747025337,119.41683443425565,1
myopic,19,21,4,6,0,0,91.99999988079071,12352.941175922751,5096.021145596723,137.62562289664376,665757.9319926187,119.41683443425565,1
myopic,19,20,4,6,0,0,91.99999988079071,12352.941175922751,4993.971580704013,130.80998893341012,677792.4509588986,119.41683443425565,1
myopic,19,19,4,6,0,0,91.99999988079071,12352.941175922751,4895.864481595007,146.65287589797748,691284.5155240302,119.41683443425565,1
myopic,19,18,4,6,0,0,91.99999988079071,12352.941175922751,4786.498763421229,140.46990521302772,704207.7467868835,124.90873747636871,1
myopic,19,17,4,6,0,0,91.99999988079071,12352.941175922751,4681.569523390214,129.53661400941024,716125.1152603072,124.90873747636871,1
myopic,19,16,4,6,0,0,91.99999988079071,12352.941175922751,4584.079197053958,143.88468995351556,729362.5067188783,126.98521596814824,1
myopic,19,15,4,6,0,0,91.99999988079071,12352.941175922751,4474.857474400287,140.26922098644283,742267.2750329096,127.33955759766313,1
myopic,19,14,4,6,0,0,91.99999988079071,12352.941175922751,4368.865142049251,131.16949966965558,754334.8689868812,128.64897873426494,1
myopic,19,13,4,6,0,0,91.99999988079071,12352.941175922751,4269.1705608179755,153.98084283917837,768501.1065097296,128.64897873426494,1
myopic,19,12,4,6,0,0,91.99999988079071,12352.941175922751,4151.799768195545,141.01775974723535,781474.7403896647,128.95909757847755,1
myopic,19,11,4,6,0,0,91.99999988079071,12352.941175922751,4041.669960814377,143.07301495718622,794637.4577486701,128.95909757847755,1
myopic,19,10,4,6,0,0,91.99999988079071,12352.941175922751,3930.9294100976513,132.93832764381133,806867.7838760533,129.70269371597854,1
myopic,19,9,4,6,0,0,91.99999988079071,12352.941175922751,3826.841160978216,153.15904137058118,820958.4156638888,129.70269371597854,1
myopic,19,8,4,6,0,0,91.99999988079071,12352.941175922751,3707.5356024399553,150.52682394089334,834806.8834485068,129.70269371597854,1
myopic,19,7,4,6,0,0,91.99999988079071,12352.941175922751,3588.2366919384694,120.29744167498957,845874.2480682653,129.70269371597854,1
myopic,19,6,4,6,0,0,91.99999988079071,12352.941175922751,3491.9827289147197,117.32858066652537,856668.4774755989,129.70269371597854,1
myopic,19,5,4,6,0,0,91.99999988079071,12352.941175922751,3398.3563355642627,125.22762443242206,868189.4189084534,117.28918192833491,1
myopic,19,4,4,6,0,0,91.99999988079071,12352.941175922751,3298.3540627571783,113.63596647802187,878643.927810885,110.96544227839588,1
myopic,19,3,4,6,0,0,91.99999988079071,12352.941175922751,3206.90165984567,108.8091277763452,888654.3675533377,106.31749860242833,1
myopic,19,2,4,6,0,0,91.99999988079071,12352.941175922751,3118.3825745102804,98.60748945084282,897726.2565710603,102.72787383917988,1
myopic,19,1,4,6,0,0,91.99999988079071,12352.941175922751,3036.6525681917747,99.00899629084783,906835.0842180155,95.2678864120809,1
myopic,20,100,5,6,1,0,91.99999988079071,12352.941175922751,10000.0,108.67955469765609,9998.519019228748,96.84458680514814,0
myopic,20,99,5,6,1,0,91.99999988079071,12352.941175922751,9923.366454336961,102.22526884893787,19403.24374114483,96.84458680514814,0
myopic,20,98,5,6,1,0,91.99999988079071,12352.941175922751,9852.491450659025,100.40698509929831,28640.686358310828,96.84458680514814,0
myopic,20,97,5,6,1,0,91.99999988079071,12352.941175922751,9782.87974174404,115.39390540121853,39256.92564146691,98.1841879480772,0
myopic,20,96,5,6,1,0,91.99999988079071,12352.941175922751,9701.741141573455,110.14789886767026,49390.53232416192,98.50389294485028,0
myopic,20,95,5,6,1,0,91.99999988079071,12352.941175922751,9624.81407315599,100.41912843936778,58629.09212861286,99.5635638370951,0
myopic,20,94,5,6,1,0,91.99999988079071,12352.941175922751,9555.151073223104,102.38911263206501,68048.8904785571,99.5635638370951,0
myopic,20,93,5,6,1,0,91.99999988079071,12352.941175922751,9482.288657365767,110.62851451574912,78226.71380081808,99.5635638370951,0
myopic,20,92,5,6,1,0,91.99999988079071,12352.941175922751,9404.559559990494,108.56676664512005,88214.85631922695,100.80382638306776,0
myopic,20,91,5,6,1,0,91.99999988079071,12352.941175922751,9329.21785503036,121.74628008597568,99415.51407262342,100.80382638306776,0
myopic,20,90,5,6,1,0,91.99999988079071,12352.941175922751,9244.372487820867,112.23987482968862,109741.58254357474,102.09928872109144,0
myopic,20,89,5,6,1,0,91.99999988079071,12352.941175922751,9162.627180457395,91.78430345080477,118185.73845010724,102.09928872109144,0
myopic,20,88,5,6,1,0,91.99999988079071,12352.941175922751,9098.680179022846,107.69301281211088,128093.49561598343,102.36662901118811,0
myopic,20,87,5,6,1,0,91.99999988079071,12352.941175922751,9021.981588280483,99.76364997394798,137271.75140169388,103.54257348173525,0
myopic,20,86,5,6,1,0,91.99999988079071,12352.941175922751,8951.172109316189,114.79169009602153,147832.58687684362,103.54257348173525,0
myopic,20,85,5,6,1,0,91.99999988079071,12352.941175922751,8869.163931800482,95.91212515724303,156656.50237987636,104.94444467296476,0
myopic,20,84,5,6,1,0,91.99999988079071,12352.941175922751,8800.145775130077,127.79405729073221,168413.5556353895,104.94444467296476,0
myopic,20,83,5,6,1,0,91.99999988079071,12352.941175922751,8708.316276621563,109.23418074735181,178463.10025112412,104.94444467296476,0
myopic,20,82,5,6,1,0,91.99999988079071,12352.941175922751,8630.794146244749,94.24129100218917,187133.2990120911,104.94444467296476,0
myopic,20,81,5,6,1,0,91.99999988079071,12352.941175922751,8562.875595336454,127.43629667198599,198857.43829072223,105.30269770003343,0
myopic,20,80,5,6,1,0,91.99999988079071,12352.941175922751,8470.721551965073,93.5040646694892,207459.8122291687,105.30269770003343,0
myopic,20,79,5,6,1,0,91.99999988079071,12352.941175922751,8403.94461197993,116.49932928513499,218177.7505095133,107.04578516915666,0
myopic,20,78,5,6,1,0,91.99999988079071,12352.941175922751,8320.70245031763,126.80144104641016,229843.48307066713,107.04578516915666,0
myopic,20,77,5,6,1,0,91.99999988079071,12352.941175922751,8231.541449365051,114.45366785123515,240373.22049933684,108.15295924674302,0
myopic,20,76,5,6,1,0,91.99999988079071,12352.941175922751,8148.417899818454,128.1231401920927,252160.5493817359,109.66762219893337,0
myopic,20,75,5,6,1,0,91.99999988079071,12352.941175922751,8055.74016563735,128.63794548238272,263995.2403507803,109.66762219893337,0
myopic,20,74,5,6,1,0,91.99999988079071,12352.941175922751,7962.163568631293,111.96866574927694,274296.35758636607,109.66762219893337,0
myopic,20,73,5,6,1,0,91.99999988079071,12352.941175922751,7879.853223356356,116.39746714381242,285004.9245497211,109.89307416174906,0
myopic,20,72,5,6,1,0,91.99999988079071,12352.941175922751,7797.320459896246,123.94709750805106,296408.0575056862,109.89307416174906,0
myopic,20,71,5,6,1,0,91.99999988079071,12352.941175922751,7705.431459835872,128.1161911350021,308194.7470748337,109.89307416174906,0
myopic,20,70,5,6,1,0,91.99999988079071,12352.941175922751,7611.214303883247,125.38902643062043,319730.5374915033,109.89307416174906,0
myopic,20,69,5,6,1,0,91.99999988079071,12352.941175922751,7522.9981933078125,132.2296977431328,331895.6696681085,113.01452311832983,0
myopic,20,68,5,6,1,0,91.99999988079071,12352.941175922751,7426.47820117023,105.66045760925763,341616.4317555645,115.68382153387522,0
myopic,20,67,5,6,1,0,91.99999988079071,12352.941175922751,7350.0339902386595,122.0453811102734,352844.60680316074,115.68382153387522,0
myopic,20,66,5,6,1,0,91.99999988079071,12352.941175922751,7259.740353095605,130.06987025504978,364811.0348511198,117.77633053076984,0
myopic,20,65,5,6,1,0,91.99999988079071,12352.941175922751,7164.244029527217,131.02458339771076,376865.2965080898,117.77633053076984,0
myopic,20,64,5,6,1,0,91.99999988079071,12352.941175922751,7069.893131773428,115.24290460375246,387467.643717897,117.77633053076984,0
myopic,20,63,5,6,1,0,91.99999988079071,12352.941175922751,6985.2954761437195,128.60644409842348,399299.4365596209,119.48310619486782,0
myopic,20,62,5,6,1,0,91.99999988079071,12352.941175922751,6890.836945623006,129.98948374585515,411258.4690487436,119.48310619486782,0
myopic,20,61,5,6,1,0,91.99999988079071,12352.941175922751,6795.800084758829,162.3313825381565,426192.9562229026,119.81792724103677,0
myopic,20,60,5,6,1,0,91.99999988079071,12352.941175922751,6675.9315038351515,152.9068160512753,440260.383281392,144.0601159519614,0
myopic,20,59,5,6,1,0,91.99999988079071,12352.941175922751,6565.86127728844,142.69295980157654,453388.13556612673,144.0601159519614,0
myopic,20,58,5,6,1,0,91.99999988079071,12352.941175922751,6462.341959907302,162.18721508233398,468309.3593343672,149.09961677913984,0
myopic,20,57,5,6,1,0,91.99999988079071,12352.941175922751,6341.0527202278,160.05345096394058,483034.2768039699,149.09961677913984,0
myopic,20,56,5,6,1,0,91.99999988079071,12352.941175922751,6221.502925531958,174.81271960348298,499117.046986651,149.09961677913984,0
myopic,20,55,5,6,1,0,91.99999988079071,12352.941175922751,6088.336076012915,167.82285660268596,514556.7497740921,151.02766539478267,0
myopic,20,54,5,6,1,0,91.99999988079071,12352.941175922751,5961.479953087825,167.4012993719418,529957.669296355,151.02766539478267,0
myopic,20,53,5,6,1,0,91.99999988079071,12352.941175922751,5838.756635806214,147.3611756122993,543514.8974351197,151.02766539478267,0
myopic,20,52,5,6,1,0,91.99999988079071,12352.941175922751,5728.506833309817,174.6106881540501,559579.0807244771,151.02766539478267,0
myopic,20,51,5,6,1,0,91.99999988079071,12352.941175922751,5594.621174158867,165.75281988332793,574828.340133984,152.83113474757658,0
myopic,20,50,5,6,1,0,91.99999988079071,12352.941175922751,5469.9542054622525,171.5983398355967,590615.3873784028,156.11217061502776,0
myopic,20,49,5,6,1,0,91.99999988079071,12352.941175922751,5345.216338755791,175.52363510171926,606763.5617868368,157.41349035794718,0
myopic,20,48,5,6,1,0,91.99999988079071,12352.941175922751,5214.014393349536,163.61579213295306,621816.214643564,157.41349035794718,0
myopic,20,47,5,6,1,0,91.99999988079071,12352.941175922751,5088.790771998768,168.89051604873194,637354.142099914,158.60134809389282,0
myopic,20,46,5,6,1,0,91.99999988079071,12352.941175922751,4960.985112064985,172.0769860494681,653185.224795952,158.60134809389282,0
myopic,20,45,5,6,1,0,91.99999988079071,12352.941175922751,4832.3208310593745,174.20230702634666,669211.8370216093,158.94197023932213,0
myopic,20,44,5,6,1,0,91.99999988079071,12352.941175922751,4699.599360265397,170.02573380697638,684854.2045115825,160.16913603518637,0
myopic,20,43,5,6,1,0,91.99999988079071,12352.941175922751,4573.491078339593,189.91635050565304,702326.5087354628,160.16913603518637,0
myopic,20,42,5,6,1,0,91.99999988079071,12352.941175922751,4428.864748232804,171.13252525061614,718070.7010381189,160.16913603518637,0
myopic,20,41,5,6,1,0,91.99999988079071,12352.941175922751,4299.079350300605,166.2866415746812,733369.0720431667,163.14309017483365,0
myopic,20,40,5,6,1,0,91.99999988079071,12352.941175922751,4172.709231621599,185.68987043319643,750452.5401008849,163.14309017483365,0
myopic,20,39,5,6,1,0,91.99999988079071,12352.941175922751,4034.4487965231638,188.75565500378258,767818.0603387314,163.14309017483365,0
myopic,20,38,5,6,1,0,91.99999988079071,12352.941175922751,3889.1478242891853,179.64440991629158,784345.3460296149,165.89358265658913,0
myopic,20,37,5,6,1,0,91.99999988079071,12352.941175922751,3751.634749330524,179.4955034817316,800858.9323285366,165.89358265658913,0
myopic,20,36,5,6,1,0,91.99999988079071,12352.941175922751,3614.8048312870906,167.2686707203641,816247.6500148701,166.20710065236935,0
myopic,20,35,5,6,1,0,91.99999988079071,12352.941175922751,3484.3131695145357,176.79114894100766,832512.4356963676,166.20710065236935,0
myopic,20,34,5,6,1,0,91.99999988079071,12352.941175922751,3348.176985247108,180.34019176247094,849103.7333170167,166.20710065236935,0
myopic,20,33,5,6,1,0,91.99999988079071,12352.941175922751,3208.580945031551,186.69980848602862,866280.115675475,166.20710065236935,0
myopic,20,32,5,6,1,0,91.99999988079071,12352.941175922751,3066.0570010437877,189.9718860029037,883757.5291650956,166.20710065236935,0
myopic,20,31,5,6,1,0,91.99999988079071,12352.941175922751,2919.5327773636154,180.91532623808277,900401.7391574325,170.68755222514585,0
myopic,20,30,5,6,1,0,91.99999988079071,12352.941175922751,2777.530544307506,210.5521252996778,919772.534659903,171.5178869628399,0
myopic,20,29,5,6,1,0,91.99999988079071,12352.941175922751,2615.5655054762665,198.7057110865209,938053.4600561754,183.5069626646924,0
myopic,20,28,5,6,1,0,91.99999988079071,12352.941175922751,2462.5581434943642,192.4857367676827,955762.147815856,183.5069626646924,0
myopic,20,27,5,6,1,0,91.99999988079071,12352.941175922751,2313.9633104183204,206.02210522581984,974716.1814720717,183.92770086415945,0
myopic,20,26,5,6,1,0,91.99999988079071,12352.941175922751,2155.3158787524408,193.0383639489856,992475.7109323664,183.92770086415945,0
myopic,20,25,5,6,1,0,91.99999988079071,12352.941175922751,2003.6750239012908,203.62813083114915,1011209.4989445577,186.80626150679473,0
myopic,20,24,5,6,1,0,91.99999988079071,12352.941175922751,1841.9845200814816,203.86975358274526,1029965.5162498672,191.0448872510231,0
myopic,20,23,5,6,1,0,91.99999988079071,12352.941175922751,1682.3111216134512,206.61998784700066,1048974.5551071602,193.02588321644785,0
myopic,20,22,5,6,1,0,91.99999988079071,12352.941175922751,1523.2490163105704,215.60770647065164,1068810.4640767577,194.18334326878238,0
myopic,20,21,5,6,1,0,91.99999988079071,12352.941175922751,1351.6898724470302,220.4659261402651,1089093.3292553804,194.18334326878238,0
myopic,20,20,5,6,1,0,91.99999988079071,12352.941175922751,1177.2397522809206,218.16760399966884,1109164.7487973424,194.18334326878238,0
myopic,20,19,5,6,1,0,91.99999988079071,12352.941175922751,1004.1120446416571,218.4925789902613,1129266.0660384002,194.18334326878238,0
myopic,20,18,5,6,1,0,91.99999988079071,12352.941175922751,831.3202674175591,217.9832058760271,1149320.5209530091,200.04238084998562,0
myopic,20,17,5,6,1,0,91.99999988079071,12352.941175922751,658.683306571902,226.56271977574474,1170164.2911453692,200.04238084998562,0
myopic,20,16,5,6,1,0,91.99999988079071,10000.0,478.27881934399375,0.0,1170164.2911453692,202.34065251041957,0
myopic,20,15,5,6,1,0,91.99999988079071,10000.0,478.27881934399375,0.0,1170164.2911453692,202.69499413993447,0
myopic,20,14,5,6,1,0,91.99999988079071,10000.0,478.27881934399375,0.0,1170164.2911453692,204.00441527653624,0
myopic,20,13,5,6,1,0,91.99999988079071,10000.0,478.27881934399375,0.0,1170164.2911453692,204.00441527653624,0
myopic,20,12,5,6,1,0,91.99999988079071,10000.0,478.27881934399375,0.0,1170164.2911453692,204.31453412074885,0
myopic,20,11,5,6,1,0,91.99999988079071,10000.0,478.27881934399375,0.0,1170164.2911453692,204.31453412074885,0
myopic,20,10,5,6,1,0,91.99999988079071,10000.0,478.27881934399375,0.0,1170164.2911453692,204.97914192627147,0
myopic,20,9,5,6,1,0,91.99999988079071,10000.0,478.27881934399375,0.0,1170164.2911453692,204.97914192627147,0
myopic,20,8,5,6,1,0,91.99999988079071,10000.0,478.27881934399375,0.0,1170164.2911453692,204.97914192627147,0
myopic,20,7,5,6,1,0,91.99999988079071,10000.0,478.27881934399375,0.0,1170164.2911453692,204.97914192627147,0
myopic,20,6,5,6,1,0,91.99999988079071,10000.0,478.27881934399375,0.0,1170164.2911453692,204.97914192627147,0
myopic,20,5,5,6,1,0,91.99999988079071,10000.0,478.27881934399375,0.0,1170164.2911453692,186.73816117636846,0
myopic,20,4,5,6,1,0,91.99999988079071,10000.0,478.27881934399375,0.0,1170164.2911453692,183.11852696981163,0
myopic,20,3,5,6,1,0,91.99999988079071,10000.0,478.27881934399375,0.0,1170164.2911453692,174.43812562988745,0
myopic,20,2,5,6,1,0,91.99999988079071,10000.0,478.27881934399375,0.0,1170164.2911453692,166.42268074179484,0
myopic,20,1,5,6,1,0,91.99999988079071,10000.0,478.27881934399375,0.0,1170164.2911453692,158.9626933146959,0
myopic,21,100,0,6,0,0,91.99999988079071,12352.941175922751,10000.0,58.269134174212915,5360.760337081366,53.51064944791461,1
myopic,21,99,0,6,0,0,91.99999988079071,12352.941175922751,9963.307064956542,52.22401812433912,10165.369998294977,53.51064944791461,1
myopic,21,98,0,6,0,0,91.99999988079071,12352.941175922751,9930.557921765681,59.07475015891885,15600.247005873252,53.51064944791461,1
myopic,21,97,0,6,0,0,91.99999988079071,12352.941175922751,9892.151202607607,65.88681955624286,21661.834397193274,55.53276728716988,1
myopic,21,96,0,6,0,0,91.99999988079071,12352.941175922751,9849.407731605475,48.01997513662777,26079.6721040386,55.852472283942966,1
myopic,21,95,0,6,0,0,91.99999988079071,12352.941175922751,9819.468983606022,74.00886766509709,32888.48792040499,56.18471002774361,1
myopic,21,94,0,6,0,0,91.99999988079071,12352.941175922751,9771.064192215337,79.044154282561,40160.5501049778,56.18471002774361,1
myopic,21,93,0,6,0,0,91.99999988079071,12352.941175922751,9719.091682537404,54.12111827978562,45139.692980266336,56.18471002774361,1
myopic,21,92,0,6,0,0,91.99999988079071,12352.941175922751,9683.417277079849,67.34340307438472,51335.28605508177,56.85789131285237,1
myopic,21,91,0,6,0,0,91.99999988079071,12352.941175922751,9639.779981266722,56.855355645525584,56565.97876769244,56.85789131285237,1
myopic,21,90,0,6,0,0,91.99999988079071,12352.941175922751,9603.030759069594,62.23835261185723,62291.90720056392,57.85980122566746,1
myopic,21,89,0,6,0,0,91.99999988079071,12352.941175922751,9562.120528407406,64.41031777809036,68217.65642846993,57.85980122566746,1
myopic,21,88,0,6,0,0,91.99999988079071,12352.941175922751,9519.239045813063,58.52928699529782,73602.35082506009,57.85980122566746,1
myopic,21,87,0,6,0,0,91.99999988079071,12352.941175922751,9480.945329077116,68.71591204066266,79924.21472460948,59.05581472314141,1
myopic,21,86,0,6,0,0,91.99999988079071,12352.941175922751,9437.003269440338,55.56587664056272,85036.27536891728,59.05581472314141,1
myopic,21,85,0,6,0,0,91.99999988079071,12352.941175922751,9400.214314916115,69.15552878338237,91398.58400874448,59.321172379079584,1
myopic,21,84,0,6,0,0,91.99999988079071,12352.941175922751,9355.294716012419,68.17094420116726,97670.31086712526,59.321172379079584,1
myopic,21,83,0,6,0,0,91.99999988079071,12352.941175922751,9311.369213749434,66.92279062871941,103827.20759698963,59.321172379079584,1
myopic,21,82,0,6,0,0,91.99999988079071,12352.941175922751,9268.132721935019,66.91895806374036,109983.75173087638,59.321172379079584,1
myopic,21,81,0,6,0,0,91.99999988079071,12352.941175922751,9223.611310410673,62.69160837041322,115751.37969348097,59.67942540614826,1
myopic,21,80,0,6,0,0,91.99999988079071,12352.941175922751,9181.941092373188,57.645043612537954,121054.72369896263,59.67942540614826,1
myopic,21,79,0,6,0,0,91.99999988079071,12352.941175922751,9144.326554967256,55.490326529221754,126159.83373303607,60.144742931333404,1
myopic,21,78,0,6,0,0,91.99999988079071,12352.941175922751,9107.94473834433,68.23747300264944,132437.68124114527,60.59148468407464,1
myopic,21,77,0,6,0,0,91.99999988079071,12352.941175922751,9063.21965444376,65.46683460238822,138460.63001676073,61.68635059106254,1
myopic,21,76,0,6,0,0,91.99999988079071,12352.941175922751,9019.108893997824,78.99858303078685,145728.49964617574,61.68635059106254,1
myopic,21,75,0,6,0,0,91.99999988079071,12352.941175922751,8968.151801056953,77.00115628209474,152812.6060149492,61.68635059106254,1
myopic,21,74,0,6,0,0,91.99999988079071,12352.941175922751,8918.898355909749,61.86943618645634,158504.59413672777,61.68635059106254,1
myopic,21,73,0,6,0,0,91.99999988079071,12352.941175922751,8878.095725182919,68.63375501452312,164818.89958988212,61.811377832783585,1
myopic,21,72,0,6,0,0,91.99999988079071,12352.941175922751,8833.485583794618,64.02710826080097,170709.39354224317,61.811377832783585,1
myopic,21,71,0,6,0,0,91.99999988079071,12352.941175922751,8790.94825988052,64.25947670899332,176621.26539181022,63.69238905560433,1
myopic,21,70,0,6,0,0,91.99999988079071,12352.941175922751,8748.738200830423,75.13696611384681,183533.8662653271,63.69238905560433,1
myopic,21,69,0,6,0,0,91.99999988079071,12352.941175922751,8697.940494098792,70.22464890113575,189994.53395586016,63.69238905560433,1
myopic,21,68,0,6,0,0,91.99999988079071,12352.941175922751,8651.123141088361,70.54830421245848,196484.97793499634,64.51194257070377,1
myopic,21,67,0,6,0,0,91.99999988079071,12352.941175922751,8604.4110573648,68.27027401628729,202765.84313635633,64.51194257070377,1
myopic,21,66,0,6,0,0,91.99999988079071,12352.941175922751,8559.618834557545,77.54852950497354,209900.3078415694,66.02319309723785,1
myopic,21,65,0,6,0,0,91.99999988079071,12352.941175922751,8507.771862098562,71.26190454424604,216456.40305114494,66.02319309723785,1
myopic,21,64,0,6,0,0,91.99999988079071,12352.941175922751,8459.817307687228,76.60681846939514,223504.23034119705,66.02319309723785,1
myopic,21,63,0,6,0,0,91.99999988079071,12352.941175922751,8407.140426908065,70.17305317230523,229960.15122468385,66.02319309723785,1
myopic,21,62,0,6,0,0,91.99999988079071,12352.941175922751,8360.262937971778,74.0149118945688,236769.52311016092,66.02319309723785,1
myopic,21,61,0,6,0,0,91.99999988079071,12352.941175922751,8311.134042302057,103.53313055851162,246294.57110920188,66.0678136608015,1
myopic,21,60,0,6,0,0,91.99999988079071,12352.941175922751,8240.166402343379,98.90508772015875,255393.83916766607,85.17672399217258,1
myopic,21,59,0,6,0,0,91.99999988079071,12352.941175922751,8173.43976233449,99.27034701414937,264526.71108113386,85.17672399217258,1
myopic,21,58,0,6,0,0,91.99999988079071,12352.941175922751,8105.037067652358,97.3529376127485,273483.18132990133,85.17672399217258,1
myopic,21,57,0,6,0,0,91.99999988079071,12352.941175922751,8039.3203946448975,79.87310565176108,280831.50704034173,85.17672399217258,1
myopic,21,56,0,6,0,0,91.99999988079071,12352.941175922751,7984.192099661189,93.26540462755892,289411.92425495904,85.17672399217258,1
myopic,21,55,0,6,0,0,91.99999988079071,12352.941175922751,7921.64719702354,103.21619940921582,298907.8145883026,87.67464619283565,1
myopic,21,54,0,6,0,0,91.99999988079071,12352.941175922751,7850.870487774932,84.74072074186755,306703.9608864525,87.67464619283565,1
myopic,21,53,0,6,0,0,91.99999988079071,12352.941175922751,7793.08850034515,94.3000710404595,315379.5674109334,87.67464619283565,1
myopic,21,52,0,6,0,0,91.99999988079071,12352.941175922751,7727.509075132486,82.75496840939999,322993.024494733,88.00542260216963,1
myopic,21,51,0,6,0,0,91.99999988079071,12352.941175922751,7671.157294509494,96.80995010063049,331899.5398924504,89.3393639748758,1
myopic,21,50,0,6,0,0,91.99999988079071,12352.941175922751,7603.1484637357935,89.83329870265304,340164.2033623855,89.3393639748758,1
myopic,21,49,0,6,0,0,91.99999988079071,12352.941175922751,7544.66909994989,87.42819092292845,348207.59691687266,89.87264365606573,1
myopic,21,48,0,6,0,0,91.99999988079071,12352.941175922751,7484.144232011557,104.97715436756977,357865.49510617484,89.87264365606573,1
myopic,21,47,0,6,0,0,91.99999988079071,12352.941175922751,7409.65198587908,104.3518350368134,367465.86391712195,89.87264365606573,1
myopic,21,46,0,6,0,0,91.99999988079071,12352.941175922751,7338.44216714397,108.26241036018556,377426.00565735315,92.28499445299059,1
myopic,21,45,0,6,0,0,91.99999988079071,12352.941175922751,7263.405858333246,100.16252688025972,386640.95811839675,92.32417290804567,1
myopic,21,44,0,6,0,0,91.99999988079071,12352.941175922751,7193.8141865793095,111.96679884438214,396941.90359873243,92.85601305134094,1
myopic,21,43,0,6,0,0,91.99999988079071,12352.941175922751,7117.082007078534,93.57877221199604,405551.1506310806,92.85601305134094,1
myopic,21,42,0,6,0,0,91.99999988079071,12352.941175922751,7051.894369194472,102.08687018597395,414943.1426760205,92.85601305134094,1
myopic,21,41,0,6,0,0,91.99999988079071,12352.941175922751,6981.534102591266,95.58377772730833,423736.8502155384,93.6308664821853,1
myopic,21,40,0,6,0,0,91.99999988079071,12352.941175922751,6914.192468558818,113.32211087307145,434162.48440235195,93.6308664821853,1
myopic,21,39,0,6,0,0,91.99999988079071,12352.941175922751,6833.766979215841,109.65294883735636,444250.55568231706,93.6308664821853,1
myopic,21,38,0,6,0,0,91.99999988079071,12352.941175922751,6755.155463836962,88.24419813601538,452369.02190031094,95.04742683727991,1
myopic,21,37,0,6,0,0,91.99999988079071,12352.941175922751,6694.558106347331,98.52879439819284,461433.6709731991,95.04742683727991,1
myopic,21,36,0,6,0,0,91.99999988079071,12352.941175922751,6626.357155621955,96.25679815448235,470289.2963919368,95.04742683727991,1
myopic,21,35,0,6,0,0,91.99999988079071,12352.941175922751,6558.139674161432,93.89686268684201,478927.80774793285,95.04742683727991,1
myopic,21,34,0,6,0,0,91.99999988079071,12352.941175922751,6491.995679788713,87.82674249403001,487007.8680469138,95.04742683727991,1
myopic,21,33,0,6,0,0,91.99999988079071,12352.941175922751,6430.533394618059,117.08399320616667,497779.5954079237,95.04742683727991,1
myopic,21,32,0,6,0,0,91.99999988079071,12352.941175922751,6347.797629904417,114.05510926453888,508272.66544666485,97.00694341239463,1
myopic,21,31,0,6,0,0,91.99999988079071,12352.941175922751,6265.407753391988,107.5347794853728,518165.8651465,101.69890345053383,1
myopic,21,30,0,6,0,0,91.99999988079071,12352.941175922751,6187.690120770936,116.90207200611023,528920.8557571264,101.69890345053383,1
myopic,21,29,0,6,0,0,91.99999988079071,12352.941175922751,6102.846490367572,110.10136759790589,539050.1815630086,105.09652333242514,1
myopic,21,28,0,6,0,0,91.99999988079071,12352.941175922751,6025.432228124301,107.46995964709248,548937.4178377297,105.09652333242514,1
myopic,21,27,0,6,0,0,91.99999988079071,12352.941175922751,5948.5266621367755,119.93354834712484,559971.304271368,105.51726153189219,1
myopic,21,26,0,6,0,0,91.99999988079071,12352.941175922751,5861.989444799717,116.12643710523848,570654.9364712066,105.51726153189219,1
myopic,21,25,0,6,0,0,91.99999988079071,12352.941175922751,5777.935610643545,129.7044667016401,582587.7473922955,108.86577323146005,1
myopic,21,24,0,6,0,0,91.99999988079071,12352.941175922751,5684.367453034221,133.97569437970265,594913.511259257,110.31606898852215,1
myopic,21,23,0,6,0,0,91.99999988079071,12352.941175922751,5588.453549237786,119.05682041390195,605866.7387231432,111.20897889534331,1
myopic,21,22,0,6,0,0,91.99999988079071,12352.941175922751,5500.219991347293,127.93731685174566,617636.9718582525,112.95137016244168,1
myopic,21,21,0,6,0,0,91.99999988079071,12352.941175922751,5407.494946984433,122.92242995269987,628945.8353992475,112.95137016244168,1
myopic,21,20,0,6,0,0,91.99999988079071,12352.941175922751,5317.91022073937,130.60287207515316,640961.2996145925,112.95137016244168,1
myopic,21,19,0,6,0,0,91.99999988079071,12352.941175922751,5220.657114793753,122.9701811725182,652274.5562678049,112.95137016244168,1
myopic,21,18,0,6,0,0,91.99999988079071,12352.941175922751,5128.969400256795,125.73788724874605,663842.4418797004,117.40424760711261,1
myopic,21,17,0,6,0,0,91.99999988079071,12352.941175922751,5035.514590764586,129.22981847497803,675731.585163993,117.40424760711261,1
myopic,21,16,0,6,0,0,91.99999988079071,12352.941175922751,4939.80327323985,132.50131640401062,687921.7062573666,117.43877695873326,1
myopic,21,15,0,6,0,0,91.99999988079071,12352.941175922751,4839.883569791206,132.8821264500807,700146.8618749332,117.79311858824813,1
myopic,21,14,0,6,0,0,91.99999988079071,12352.941175922751,4738.4780185046375,127.30074406332984,711858.5303135841,118.13382576143007,1
myopic,21,13,0,6,0,0,91.99999988079071,12352.941175922751,4644.366998046354,126.12945697050048,723462.4403398344,118.13382576143007,1
myopic,21,12,0,6,0,0,91.99999988079071,12352.941175922751,4548.443542090587,130.2179187235888,735442.4888468814,118.65148982084473,1
myopic,21,11,0,6,0,0,91.99999988079071,12352.941175922751,4448.506929170851,137.66717008713104,748107.8684784863,118.65148982084473,1
myopic,21,10,0,6,0,0,91.99999988079071,12352.941175922751,4343.288864783553,130.5584113940991,760119.2423111796,119.72247037978816,1
myopic,21,9,0,6,0,0,91.99999988079071,12352.941175922751,4244.150998846236,139.70613667432548,772972.2068685633,119.9282594332441,1
myopic,21,8,0,6,0,0,91.99999988079071,12352.941175922751,4136.461654893516,122.7749110182429,784267.4986676058,119.9282594332441,1
myopic,21,7,0,6,0,0,91.99999988079071,12352.941175922751,4042.2978152965734,128.12324629736588,796054.83731169,119.9282594332441,1
myopic,21,6,0,6,0,0,91.99999988079071,12352.941175922751,3940.3888478514637,128.53239756000866,807879.8178718885,119.9282594332441,1
myopic,21,5,0,6,0,0,91.99999988079071,12352.941175922751,3841.1549354406643,114.43229320642743,818407.5888332385,111.6350613497792,1
myopic,21,4,0,6,0,0,91.99999988079071,12352.941175922751,3750.0301672324076,115.33952105616927,829018.8247566565,105.31132169984018,1
myopic,21,3,0,6,0,0,91.99999988079071,12352.941175922751,3657.2964200013557,101.68869828555007,838374.184986805,100.66337802387262,1
myopic,21,2,0,6,0,0,91.99999988079071,12352.941175922751,3574.604233389803,94.74034723487648,847090.2969211197,97.45860423514522,1
myopic,21,1,0,6,0,0,91.99999988079071,12352.941175922751,3498.1469939311046,86.15734583527589,855016.7727276942,90.48681714092218,1
myopic,22,100,6,12,1,1,91.99999988079071,12352.941175922751,10000.0,142.24134950447618,13086.204137455317,119.21816460837967,0
myopic,22,99,6,12,1,1,91.99999988079071,12352.941175922751,9899.103872802994,138.21486429546235,25801.971636161357,119.21816460837967,0
myopic,22,98,6,12,1,1,91.99999988079071,12352.941175922751,9797.079141978265,129.21161505210037,37689.440205551364,119.21816460837967,0
myopic,22,97,6,12,1,1,91.99999988079071,12352.941175922751,9704.021887907995,135.83221702331514,50186.00415550389,120.48841230422327,0
myopic,22,96,6,12,1,1,91.99999988079071,12352.941175922751,9603.593543018336,150.46094958441532,64028.41149933376,120.48841230422327,0
myopic,22,95,6,12,1,1,91.99999988079071,12352.941175922751,9492.672163638723,145.96744068316698,77457.41602478444,121.5480831964681,0
myopic,22,94,6,12,1,1,91.99999988079071,12352.941175922751,9386.817139527784,126.75757686011818,89119.11308080463,121.5480831964681,0
myopic,22,93,6,12,1,1,91.99999988079071,12352.941175922751,9296.423817264003,125.6147327518368,100675.66847899917,122.03586911981081,0
myopic,22,92,6,12,1,1,91.99999988079071,12352.941175922751,9205.007544610251,136.388311222478,113223.39309520839,123.03316904179233,0
myopic,22,91,6,12,1,1,91.99999988079071,12352.941175922751,9106.935599282857,142.9512566955013,126374.90869415339,123.03316904179233,0
myopic,22,90,6,12,1,1,91.99999988079071,12352.941175922751,9002.293502756122,131.28496118301345,138453.12510734025,124.47314745072495,0
myopic,22,89,6,12,1,1,91.99999988079071,12352.941175922751,8906.933192541386,152.88108092544726,152518.18453425655,124.47314745072495,0
myopic,22,88,6,12,1,1,91.99999988079071,12352.941175922751,8794.356028403567,131.41130723569884,164608.0247842754,124.74048774082162,0
myopic,22,87,6,12,1,1,91.99999988079071,12352.941175922751,8698.921158004985,153.29731499353605,178711.37774540624,126.45503592053535,0
myopic,22,86,6,12,1,1,91.99999988079071,12352.941175922751,8586.880376418703,149.64080311232058,192478.33161390116,126.45503592053535,0
myopic,22,85,6,12,1,1,91.99999988079071,12352.941175922751,8474.561516205342,124.64572215332797,203945.7380371484,127.85690711176491,0
myopic,22,84,6,12,1,1,91.99999988079071,12352.941175922751,8380.974284139433,141.57347594507263,216970.4978072182,130.6942817674587,0
myopic,22,83,6,12,1,1,91.99999988079071,12352.941175922751,8277.834405475533,138.89019342015365,229748.39558531533,130.6942817674587,0
myopic,22,82,6,12,1,1,91.99999988079071,12352.941175922751,8174.304505782671,146.62539076517112,243237.93151823196,130.6942817674587,0
myopic,22,81,6,12,1,1,91.99999988079071,12352.941175922751,8065.060216646082,137.83441018998923,255918.69723927983,131.0525347945274,0
myopic,22,80,6,12,1,1,91.99999988079071,12352.941175922751,7961.1635879874475,159.64786094553844,270606.3004272379,131.0525347945274,0
myopic,22,79,6,12,1,1,91.99999988079071,12352.941175922751,7839.8990612529215,155.63451827008168,284924.6760895323,134.69965047598188,0
myopic,22,78,6,12,1,1,91.99999988079071,12352.941175922751,7721.4597017445285,165.85843906637885,300183.6524638673,134.69965047598188,0
myopic,22,77,6,12,1,1,91.99999988079071,12352.941175922751,7596.841691058175,157.8163909314239,314702.76041074516,136.04655404778723,0
myopic,22,76,6,12,1,1,91.99999988079071,12352.941175922751,7478.294148780371,155.1784892456321,328979.1814028446,137.5612169999776,0
myopic,22,75,6,12,1,1,91.99999988079071,12352.941175922751,7361.181836226509,137.09523881653766,341591.94335762307,137.5612169999776,0
myopic,22,74,6,12,1,1,91.99999988079071,12352.941175922751,7259.107079456788,155.50560894061783,355898.45936162217,137.5612169999776,0
myopic,22,73,6,12,1,1,91.99999988079071,12352.941175922751,7145.974401607028,140.0680305331268,368784.7181539724,138.32368132308972,0
myopic,22,72,6,12,1,1,91.99999988079071,12352.941175922751,7038.967110975134,143.12945391590625,381952.6278971734,138.32368132308972,0
myopic,22,71,6,12,1,1,91.99999988079071,12352.941175922751,6932.169372529933,154.6037081244709,396176.16902619455,138.32368132308972,0
myopic,22,70,6,12,1,1,91.99999988079071,12352.941175922751,6816.671761821002,148.13747238976066,409804.81646839314,138.32368132308972,0
myopic,22,69,6,12,1,1,91.99999988079071,12352.941175922751,6705.911800099101,154.52383389361788,424021.0091681853,141.44513027967048,0
myopic,22,68,6,12,1,1,91.99999988079071,12352.941175922751,6590.31387187127,159.4083270629372,438686.57523897255,144.11442869521588,0
myopic,22,67,6,12,1,1,91.99999988079071,12352.941175922751,6467.713329262788,162.49224783549906,453635.8620204679,144.11442869521588,0
myopic,22,66,6,12,1,1,91.99999988079071,12352.941175922751,6342.55657551749,165.5591270755176,468867.3016916793,145.6585852960098,0
myopic,22,65,6,12,1,1,91.99999988079071,12352.941175922751,6216.008245503455,164.3351129113764,483986.13205993565,145.6585852960098,0
myopic,22,64,6,12,1,1,91.99999988079071,12352.941175922751,6091.939277832067,164.8855561774996,499155.60320860974,145.6585852960098,0
myopic,22,63,6,12,1,1,91.99999988079071,12352.941175922751,5966.3542458688535,152.61380633166857,513196.0733729303,147.36536096010775,0
myopic,22,62,6,12,1,1,91.99999988079071,12352.941175922751,5849.339972595178,166.14814074136277,528481.7023013292,147.36536096010775,0
myopic,22,61,6,12,1,1,91.99999988079071,12352.941175922751,5722.337516029842,185.08659104234906,545509.6686551613,147.3781006109956,0
myopic,22,60,6,12,1,1,91.99999988079071,12352.941175922751,5586.1516226218555,201.5506700312559,564052.3302740101,172.95101534140753,0
myopic,22,59,6,12,1,1,91.99999988079071,12352.941175922751,5432.457166401354,179.08026647588846,580527.7147684438,173.18520571918685,0
myopic,22,58,6,12,1,1,91.99999988079071,12352.941175922751,5294.529222792583,190.90440896197245,598090.9203701877,179.28794627762093,0
myopic,22,57,6,12,1,1,91.99999988079071,12352.941175922751,5147.218970177665,195.6847105897702,616093.9137211192,179.28794627762093,0
myopic,22,56,6,12,1,1,91.99999988079071,12352.941175922751,4995.239703683436,200.8005587891413,634567.5651057828,179.28794627762093,0
myopic,22,55,6,12,1,1,91.99999988079071,12352.941175922751,4840.566662568458,200.13263933717235,652979.767900945,181.50830068228348,0
myopic,22,54,6,12,1,1,91.99999988079071,12352.941175922751,4684.516910081537,188.56572178537928,670327.8142827211,181.50830068228348,0
myopic,22,53,6,12,1,1,91.99999988079071,12352.941175922751,4537.356060050652,204.4435512816903,689136.620976265,181.50830068228348,0
myopic,22,52,6,12,1,1,91.99999988079071,12352.941175922751,4380.720464801382,201.36090504938872,707661.8242168047,181.50830068228348,0
myopic,22,51,6,12,1,1,91.99999988079071,12352.941175922751,4225.998895274267,211.50145476783032,727119.9580302321,183.74050410317923,0
myopic,22,50,6,12,1,1,91.99999988079071,12352.941175922751,4060.618243487803,206.42816831301772,746111.3494904216,192.542564800098,0
myopic,22,49,6,12,1,1,91.99999988079071,12352.941175922751,3899.3034640718643,219.38812754785715,766295.0571986714,193.30528083385084,0
myopic,22,48,6,12,1,1,91.99999988079071,12352.941175922751,3727.7921315059084,228.43501527583547,787311.0785768167,193.30528083385084,0
myopic,22,47,6,12,1,1,91.99999988079071,12352.941175922751,3550.3474031723126,221.47480572304312,807686.7606769348,197.01820323067741,0
myopic,22,46,6,12,1,1,91.99999988079071,12352.941175922751,3373.3648836163047,216.16020716393209,827573.4997102483,197.01820323067741,0
myopic,22,45,6,12,1,1,91.99999988079071,12352.941175922751,3205.0289337666154,216.61349055692676,847501.9408156632,197.01820323067741,0
myopic,22,44,6,12,1,1,91.99999988079071,12352.941175922751,3034.684815435884,211.63294285370102,866972.171532975,197.60821190962048,0
myopic,22,43,6,12,1,1,91.99999988079071,12352.941175922751,2869.5152360329566,202.53998999002053,885605.8505879123,197.60821190962048,0
myopic,22,42,6,12,1,1,91.99999988079071,12352.941175922751,2712.660882318498,212.14335371457008,905123.0391043632,197.60821190962048,0
myopic,22,41,6,12,1,1,91.99999988079071,12352.941175922751,2548.2933911083965,216.75907740160903,925064.8741994716,201.0148893750271,0
myopic,22,40,6,12,1,1,91.99999988079071,12352.941175922751,2376.4870011935764,217.24683758656872,945051.5832315381,201.0148893750271,0
myopic,22,39,6,12,1,1,91.99999988079071,12352.941175922751,2207.876610516396,230.0918436760633,966220.0328223068,201.0148893750271,0
myopic,22,38,6,12,1,1,91.99999988079071,12352.941175922751,2025.8756200246453,216.93968645195653,986178.4839500256,208.16928401824555,0
myopic,22,37,6,12,1,1,91.99999988079071,12352.941175922751,1854.0052574091278,220.0451279867894,1006422.6356985788,208.16928401824555,0
myopic,22,36,6,12,1,1,91.99999988079071,12352.941175922751,1680.8464731935564,222.72974507361474,1026913.7722187999,208.605935944052,0
myopic,22,35,6,12,1,1,91.99999988079071,12352.941175922751,1502.504972389679,222.02351807031923,1047339.935854802,208.605935944052,0
myopic,22,34,6,12,1,1,91.99999988079071,12352.941175922751,1326.5070025346322,230.07952764011807,1068507.2523702653,208.605935944052,0
myopic,22,33,6,12,1,1,91.99999988079071,12352.941175922751,1141.2148431591868,238.07478928071686,1090410.1329557106,208.605935944052,0
myopic,22,32,6,12,1,1,91.99999988079071,12352.941175922751,953.2061499042484,243.01041743563115,1112767.0913308195,208.605935944052,0
myopic,22,31,6,12,1,1,91.99999988079071,12352.941175922751,758.1694563985584,245.02700380672493,1135309.5756518287,213.0863875168285,0
myopic,22,30,6,12,1,1,91.99999988079071,12352.941175922751,559.6691861506788,242.94094224179793,1157660.1423091132,214.84826275598544,0
myopic,22,29,6,12,1,1,91.99999988079071,10000.0,364.41080042824797,0.0,1157660.1423091132,225.55221352890493,0
myopic,22,28,6,12,1,1,91.99999988079071,10000.0,364.41080042824797,0.0,1157660.1423091132,225.55221352890493,0
myopic,22,27,6,12,1,1,91.99999988079071,10000.0,364.41080042824797,0.0,1157660.1423091132,225.97295172837198,0
myopic,22,26,6,12,1,1,91.99999988079071,10000.0,364.41080042824797,0.0,1157660.1423091132,225.97295172837198,0
myopic,22,25,6,12,1,1,91.99999988079071,10000.0,364.41080042824797,0.0,1157660.1423091132,230.19559885154544,0
myopic,22,24,6,12,1,1,91.99999988079071,10000.0,364.41080042824797,0.0,1157660.1423091132,233.6670386321828,0
myopic,22,23,6,12,1,1,91.99999988079071,10000.0,364.41080042824797,0.0,1157660.1423091132,235.30679756566138,0
myopic,22,22,6,12,1,1,91.99999988079071,10000.0,364.41080042824797,0.0,1157660.1423091132,238.1271749969102,0
myopic,22,21,6,12,1,1,91.99999988079071,10000.0,364.41080042824797,0.0,1157660.1423091132,238.1271749969102,0
myopic,22,20,6,12,1,1,91.99999988079071,10000.0,364.41080042824797,0.0,1157660.1423091132,238.1271749969102,0
myopic,22,19,6,12,1,1,91.99999988079071,10000.0,364.41080042824797,0.0,1157660.1423091132,238.1271749969102,0
myopic,22,18,6,12,1,1,91.99999988079071,10000.0,364.41080042824797,0.0,1157660.1423091132,244.15619931843952,0
myopic,22,17,6,12,1,1,91.99999988079071,10000.0,364.41080042824797,0.0,1157660.1423091132,244.15619931843952,0
myopic,22,16,6,12,1,1,91.99999988079071,10000.0,364.41080042824797,0.0,1157660.1423091132,246.45447097887347,0
myopic,22,15,6,12,1,1,91.99999988079071,10000.0,364.41080042824797,0.0,1157660.1423091132,249.0993376403336,0
myopic,22,14,6,12,1,1,91.99999988079071,10000.0,364.41080042824797,0.0,1157660.1423091132,251.01425215790965,0
myopic,22,13,6,12,1,1,91.99999988079071,10000.0,364.41080042824797,0.0,1157660.1423091132,251.46554524240713,0
myopic,22,12,6,12,1,1,91.99999988079071,10000.0,364.41080042824797,0.0,1157660.1423091132,252.18470229434556,0
myopic,22,11,6,12,1,1,91.99999988079071,10000.0,364.41080042824797,0.0,1157660.1423091132,252.18470229434556,0
myopic,22,10,6,12,1,1,91.99999988079071,10000.0,364.41080042824797,0.0,1157660.1423091132,253.3217479726484,0
myopic,22,9,6,12,1,1,91.99999988079071,10000.0,364.41080042824797,0.0,1157660.1423091132,253.3217479726484,0
myopic,22,8,6,12,1,1,91.99999988079071,10000.0,364.41080042824797,0.0,1157660.1423091132,253.3217479726484,0
myopic,22,7,6,12,1,1,91.99999988079071,10000.0,364.41080042824797,0.0,1157660.1423091132,253.3217479726484,0
myopic,22,6,6,12,1,1,91.99999988079071,10000.0,364.41080042824797,0.0,1157660.1423091132,253.3217479726484,0
myopic,22,5,6,12,1,1,91.99999988079071,10000.0,364.41080042824797,0.0,1157660.1423091132,227.42353435458372,0
myopic,22,4,6,12,1,1,91.99999988079071,10000.0,364.41080042824797,0.0,1157660.1423091132,223.80390014802688,0
myopic,22,3,6,12,1,1,91.99999988079071,10000.0,364.41080042824797,0.0,1157660.1423091132,212.94074769604768,0
myopic,22,2,6,12,1,1,91.99999988079071,10000.0,364.41080042824797,0.0,1157660.1423091132,199.91705650403023,0
myopic,22,1,6,12,1,1,91.99999988079071,10000.0,364.41080042824797,0.0,1157660.1423091132,192.4570690769313,0
myopic,23,100,5,6,1,0,91.99999988079071,12352.941175922751,10000.0,87.59017851920714,8058.2964133254945,96.84458680514814,0
myopic,23,99,5,6,1,0,91.99999988079071,12352.941175922751,9937.197339171886,89.13142900137261,16258.387870826482,96.84458680514814,0
myopic,23,98,5,6,1,0,91.99999988079071,12352.941175922751,9872.824480407098,112.45759471559752,26604.486571255464,96.84458680514814,0
myopic,23,97,5,6,1,0,91.99999988079071,12352.941175922751,9791.59671687906,114.58185355818998,37146.01708494972,98.1841879480772,0
myopic,23,96,5,6,1,0,91.99999988079071,12352.941175922751,9709.306348600621,104.84165479801165,46791.449313868696,98.50389294485028,0
myopic,23,95,5,6,1,0,91.99999988079071,12352.941175922751,9634.529594631182,121.18624428046013,57940.5837732245,99.5635638370951,0
myopic,23,94,5,6,1,0,91.99999988079071,12352.941175922751,9548.318977963898,107.29667567707278,67811.87792272444,99.5635638370951,0
myopic,23,93,5,6,1,0,91.99999988079071,12352.941175922751,9472.049496364078,106.34299916011705,77595.43383277813,99.5635638370951,0
myopic,23,92,5,6,1,0,91.99999988079071,12352.941175922751,9395.936145005448,112.53340702698347,87948.50726584558,100.80382638306776,0
myopic,23,91,5,6,1,0,91.99999988079071,12352.941175922751,9315.283531039553,109.06315286446029,97982.31731637458,100.80382638306776,0
myopic,23,90,5,6,1,0,91.99999988079071,12352.941175922751,9237.366850889275,112.61749631961915,108343.1269643545,102.09928872109144,0
myopic,23,89,5,6,1,0,91.99999988079071,12352.941175922751,9157.628136770303,112.61130473716103,118703.366986749,102.09928872109144,0
myopic,23,88,5,6,1,0,91.99999988079071,12352.941175922751,9074.964408975591,107.34735765342984,128579.32387806773,102.36662901118811,0
myopic,23,87,5,6,1,0,91.99999988079071,12352.941175922751,8997.406375102033,136.02033281597463,141093.1944809225,103.54257348173525,0
myopic,23,86,5,6,1,0,91.99999988079071,12352.941175922751,8900.262778929642,102.04997931799868,150481.7925660131,103.54257348173525,0
myopic,23,85,5,6,1,0,91.99999988079071,12352.941175922751,8826.725569447935,129.47461535471896,162393.45716321265,104.94444467296476,0
myopic,23,84,5,6,1,0,91.99999988079071,12352.941175922751,8730.425244151163,105.29121340664946,172080.2487840727,104.94444467296476,0
myopic,23,83,5,6,1,0,91.99999988079071,12352.941175922751,8653.380123010302,115.0552829624387,182665.3348029014,104.94444467296476,0
myopic,23,82,5,6,1,0,91.99999988079071,12352.941175922751,8570.342813182457,99.84617429103528,191851.18282577407,104.94444467296476,0
myopic,23,81,5,6,1,0,91.99999988079071,12352.941175922751,8496.694582574586,108.52745037603273,201835.7082474316,105.30269770003343,0
myopic,23,80,5,6,1,0,91.99999988079071,12352.941175922751,8417.26000641215,117.97733240389051,212689.62281452556,105.30269770003343,0
myopic,23,79,5,6,1,0,91.99999988079071,12352.941175922751,8329.158374151717,126.73013901383462,224348.79558869093,107.04578516915666,0
myopic,23,78,5,6,1,0,91.99999988079071,12352.941175922751,8237.93416063799,116.43648224212356,235060.95194108598,107.04578516915666,0
myopic,23,77,5,6,1,0,91.99999988079071,12352.941175922751,8151.613896558078,109.53159437266106,245137.85861031362,108.15295924674302,0
myopic,23,76,5,6,1,0,91.99999988079071,12352.941175922751,8071.749630624762,122.01632049252828,256363.36008108075,109.66762219893337,0
myopic,23,75,5,6,1,0,91.99999988079071,12352.941175922751,7984.13520987727,110.31204891541748,266512.06856814894,109.66762219893337,0
myopic,23,74,5,6,1,0,91.99999988079071,12352.941175922751,7904.917275987872,122.73861646876932,277804.02126864414,109.66762219893337,0
myopic,23,73,5,6,1,0,91.99999988079071,12352.941175922751,7815.269494237634,127.87199573964425,289568.2448614479,109.89307416174906,0
myopic,23,72,5,6,1,0,91.99999988079071,12352.941175922751,7720.935589470014,125.0189474654922,301069.98801336973,109.89307416174906,0
myopic,23,71,5,6,1,0,91.99999988079071,12352.941175922751,7628.813673190425,126.45819980044558,312704.1423799357,109.89307416174906,0
myopic,23,70,5,6,1,0,91.99999988079071,12352.941175922751,7535.529913395465,116.00630509279848,323376.7224346441,109.89307416174906,0
myopic,23,69,5,6,1,0,91.99999988079071,12352.941175922751,7448.501071530417,134.62953374785388,335762.6395233976,113.01452311832983,0
myopic,23,68,5,6,1,0,91.99999988079071,12352.941175922751,7346.144839288727,125.65186111467803,347322.6107309691,115.68382153387522,0
myopic,23,67,5,6,1,0,91.99999988079071,12352.941175922751,7253.64108043186,117.50651840837068,358133.2104105314,115.68382153387522,0
myopic,23,66,5,6,1,0,91.99999988079071,12352.941175922751,7171.022568584716,118.61567170950558,369045.8521936658,117.77633053076984,0
myopic,23,65,5,6,1,0,91.99999988079071,12352.941175922751,7082.288512108025,121.99860929924604,380269.72423465305,117.77633053076984,0
myopic,23,64,5,6,1,0,91.99999988079071,12352.941175922751,6994.559213397386,135.81956222328753,392765.1239430045,117.77633053076984,0
myopic,23,63,5,6,1,0,91.99999988079071,12352.941175922751,6894.0197948721425,128.06545181227426,404547.1454944672,119.48310619486782,0
myopic,23,62,5,6,1,0,91.99999988079071,12352.941175922751,6798.890837311454,130.2428612627478,416529.48871511384,119.48310619486782,0
myopic,23,61,5,6,1,0,91.99999988079071,12352.941175922751,6700.93029684009,144.01375408072158,429778.75407337246,119.81792724103677,0
myopic,23,60,5,6,1,0,91.99999988079071,12352.941175922751,6593.371206651044,153.82117440369052,443930.30210017506,144.0601159519614,0
myopic,23,59,5,6,1,0,91.99999988079071,12352.941175922751,6476.464763146119,155.13080137676903,458202.33580834477,144.0601159519614,0
myopic,23,58,5,6,1,0,91.99999988079071,12352.941175922751,6357.748631744962,168.27744578340446,473683.86080035777,149.09961677913984,0
myopic,23,57,5,6,1,0,91.99999988079071,12352.941175922751,6228.8092118066825,157.7772972024122,488199.3721241712,149.09961677913984,0
myopic,23,56,5,6,1,0,91.99999988079071,12352.941175922751,6108.827239284289,168.43115349010117,503695.0382251819,149.09961677913984,0
myopic,23,55,5,6,1,0,91.99999988079071,12352.941175922751,5984.120203928619,163.438978310903,518731.42421030154,151.02766539478267,0
myopic,23,54,5,6,1,0,91.99999988079071,12352.941175922751,5861.293045074241,157.7970913583478,533248.7565964586,151.02766539478267,0
myopic,23,53,5,6,1,0,91.99999988079071,12352.941175922751,5742.98385261623,154.00770700916655,547417.4656229428,151.02766539478267,0
myopic,23,52,5,6,1,0,91.99999988079071,12352.941175922751,5626.90361347723,170.17601432580665,563073.6589206305,151.02766539478267,0
myopic,23,51,5,6,1,0,91.99999988079071,12352.941175922751,5498.923960954904,158.59372332630687,577664.2814477448,152.83113474757658,0
myopic,23,50,5,6,1,0,91.99999988079071,12352.941175922751,5376.91614756263,169.5586687593454,593263.6789533916,156.11217061502776,0
myopic,23,49,5,6,1,0,91.99999988079071,12352.941175922751,5247.748662846389,170.65363835016598,608963.8136612634,157.41349035794718,0
myopic,23,48,5,6,1,0,91.99999988079071,12352.941175922751,5118.406007830563,178.64114765609887,625398.7992243288,157.41349035794718,0
myopic,23,47,5,6,1,0,91.99999988079071,12352.941175922751,4982.768894497313,174.05689609219377,641412.0336440614,158.60134809389282,0
myopic,23,46,5,6,1,0,91.99999988079071,12352.941175922751,4851.876617134915,161.09027327233835,656232.338765913,158.60134809389282,0
myopic,23,45,5,6,1,0,91.99999988079071,12352.941175922751,4728.950678811799,190.8307453522729,673788.7673155733,158.94197023932213,0
myopic,23,44,5,6,1,0,91.99999988079071,12352.941175922751,4582.129023918442,191.01441380471874,691362.0933628367,160.16913603518637,0
myopic,23,43,5,6,1,0,91.99999988079071,12352.941175922751,4434.479415256681,179.1730477865892,707846.0137378438,160.16913603518637,0
myopic,23,42,5,6,1,0,91.99999988079071,12352.941175922751,4297.356853790146,178.62548653285035,724279.5584775723,160.16913603518637,0
myopic,23,41,5,6,1,0,91.99999988079071,12352.941175922751,4156.907858576051,188.2863437088537,741601.9020763413,163.14309017483365,0
myopic,23,40,5,6,1,0,91.99999988079071,12352.941175922751,4012.3674870204277,175.04629138515702,757706.1608629086,163.14309017483365,0
myopic,23,39,5,6,1,0,91.99999988079071,12352.941175922751,3874.8869053204253,177.70108472123331,774054.6606360784,163.14309017483365,0
myopic,23,38,5,6,1,0,91.99999988079071,12352.941175922751,3735.6646649114664,174.54286892942707,790112.6045567786,165.89358265658913,0
myopic,23,37,5,6,1,0,91.99999988079071,12352.941175922751,3599.0831411439067,194.37259923009245,807994.8836627761,165.89358265658913,0
myopic,23,36,5,6,1,0,91.99999988079071,12352.941175922751,3446.3890882173437,184.11053450347848,824933.0528151484,166.20710065236935,0
myopic,23,35,5,6,1,0,91.99999988079071,12352.941175922751,3302.5262174933296,181.48653290866724,841629.8138211109,166.20710065236935,0
myopic,23,34,5,6,1,0,91.99999988079071,12352.941175922751,3160.6904687796577,191.59356203728697,859256.4215057015,166.20710065236935,0
myopic,23,33,5,6,1,0,91.99999988079071,12352.941175922751,3008.8773597347317,185.42547990952633,876315.5656352735,166.20710065236935,0
myopic,23,32,5,6,1,0,91.99999988079071,12352.941175922751,2865.368579852123,182.90828835066853,893143.1281417306,166.20710065236935,0
myopic,23,31,5,6,1,0,91.99999988079071,12352.941175922751,2721.1036806783277,188.395568509324,910475.5204221299,170.68755222514585,0
myopic,23,30,5,6,1,0,91.99999988079071,12352.941175922751,2574.8347259713264,206.43570599988914,929467.6053495107,171.5178869628399,0
myopic,23,29,5,6,1,0,91.99999988079071,12352.941175922751,2407.921313475168,191.31130398503512,947068.2452933278,183.5069626646924,0
myopic,23,28,5,6,1,0,91.99999988079071,12352.941175922751,2256.4584636609143,214.5430689399128,966806.2076102243,183.5069626646924,0
myopic,23,27,5,6,1,0,91.99999988079071,12352.941175922751,2087.0712247405563,198.32282641767588,985051.9076170085,183.92770086415945,0
myopic,23,26,5,6,1,0,91.99999988079071,12352.941175922751,1929.2183922792774,209.2755157896121,1004305.2550447052,183.92770086415945,0
myopic,23,25,5,6,1,0,91.99999988079071,12352.941175922751,1763.2390722505152,217.22371153467193,1024289.8364799999,186.80626150679473,0
myopic,23,24,5,6,1,0,91.99999988079071,12352.941175922751,1593.3076524334156,216.7997431393116,1044235.412822972,191.0448872510231,0
myopic,23,23,5,6,1,0,91.99999988079071,12352.941175922751,1419.2602205060975,211.55367259538417,1063698.3506765282,193.02588321644785,0
myopic,23,22,5,6,1,0,91.99999988079071,12352.941175922751,1249.0019368074027,213.20796684583723,1083313.483600929,194.18334326878238,0
myopic,23,21,5,6,1,0,91.99999988079071,12352.941175922751,1075.6002537612985,209.1312512349968,1102553.5586896183,194.18334326878238,0
myopic,23,20,5,6,1,0,91.99999988079071,12352.941175922751,907.140413503008,201.7237054492678,1121112.1395669035,194.18334326878238,0
myopic,23,19,5,6,1,0,91.99999988079071,12352.941175922751,745.9179877202077,217.31858628274182,1141105.4494790093,194.18334326878238,0
myopic,23,18,5,6,1,0,91.99999988079071,12352.941175922751,572.5120304525863,212.468144962232,1160652.5187902064,200.04238084998562,0
myopic,23,17,5,6,1,0,91.99999988079071,10000.0,402.08830737640164,0.0,1160652.5187902064,200.04238084998562,0
myopic,23,16,5,6,1,0,91.99999988079071,10000.0,402.08830737640164,0.0,1160652.5187902064,202.34065251041957,0
myopic,23,15,5,6,1,0,91.99999988079071,10000.0,402.08830737640164,0.0,1160652.5187902064,202.69499413993447,0
myopic,23,14,5,6,1,0,91.99999988079071,10000.0,402.08830737640164,0.0,1160652.5187902064,204.00441527653624,0
myopic,23,13,5,6,1,0,91.99999988079071,10000.0,402.08830737640164,0.0,1160652.5187902064,204.00441527653624,0
myopic,23,12,5,6,1,0,91.99999988079071,10000.0,402.08830737640164,0.0,1160652.5187902064,204.31453412074885,0
myopic,23,11,5,6,1,0,91.99999988079071,10000.0,402.08830737640164,0.0,1160652.5187902064,204.31453412074885,0
myopic,23,10,5,6,1,0,91.99999988079071,10000.0,402.08830737640164,0.0,1160652.5187902064,204.97914192627147,0
myopic,23,9,5,6,1,0,91.99999988079071,10000.0,402.08830737640164,0.0,1160652.5187902064,204.97914192627147,0
myopic,23,8,5,6,1,0,91.99999988079071,10000.0,402.08830737640164,0.0,1160652.5187902064,204.97914192627147,0
myopic,23,7,5,6,1,0,91.99999988079071,10000.0,402.08830737640164,0.0,1160652.5187902064,204.97914192627147,0
myopic,23,6,5,6,1,0,91.99999988079071,10000.0,402.08830737640164,0.0,1160652.5187902064,204.97914192627147,0
myopic,23,5,5,6,1,0,91.99999988079071,10000.0,402.08830737640164,0.0,1160652.5187902064,186.73816117636846,0
myopic,23,4,5,6,1,0,91.99999988079071,10000.0,402.08830737640164,0.0,1160652.5187902064,183.11852696981163,0
myopic,23,3,5,6,1,0,91.99999988079071,10000.0,402.08830737640164,0.0,1160652.5187902064,174.43812562988745,0
myopic,23,2,5,6,1,0,91.99999988079071,10000.0,402.08830737640164,0.0,1160652.5187902064,166.42268074179484,0
myopic,23,1,5,6,1,0,91.99999988079071,10000.0,402.08830737640164,0.0,1160652.5187902064,158.9626933146959,0
myopic,24,100,3,6,0,0,91.99999988079071,12352.941175922751,10000.0,57.638323159702075,5302.725723821567,53.96532052694327,1
myopic,24,99,3,6,0,0,91.99999988079071,12352.941175922751,9961.363566783333,64.45540661058334,11232.62312431155,53.96532052694327,1
myopic,24,98,3,6,0,0,91.99999988079071,12352.941175922751,9919.313624115064,75.01484195526243,18133.98857525323,53.96532052694327,1
myopic,24,97,3,6,0,0,91.99999988079071,12352.941175922751,9869.36200620357,53.57877343322007,23063.235724722388,55.53276728716988,1
myopic,24,96,3,6,0,0,91.99999988079071,12352.941175922751,9833.845435944091,54.93002320166935,28116.7978527278,55.852472283942966,1
myopic,24,95,3,6,0,0,91.99999988079071,12352.941175922751,9797.133583712248,50.843900038824565,32794.4366502386,56.18471002774361,1
myopic,24,94,3,6,0,0,91.99999988079071,12352.941175922751,9763.083082011754,47.41421875958107,37156.54477046784,56.18471002774361,1
myopic,24,93,3,6,0,0,91.99999988079071,12352.941175922751,9730.952039494981,64.49375097401423,43089.969852388895,56.18471002774361,1
myopic,24,92,3,6,0,0,91.99999988079071,12352.941175922751,9687.002325404304,56.63254147048507,48300.16366092239,56.85789131285237,1
myopic,24,91,3,6,0,0,91.99999988079071,12352.941175922751,9650.73933528043,52.45762101988666,53126.26478849853,56.85789131285237,1
myopic,24,90,3,6,0,0,91.99999988079071,12352.941175922751,9615.881929656909,79.12505929717356,60405.77023440605,57.85980122566746,1
myopic,24,89,3,6,0,0,91.99999988079071,12352.941175922751,9562.469997388325,73.90933120859907,67205.42869678649,57.85980122566746,1
myopic,24,88,3,6,0,0,91.99999988079071,12352.941175922751,9513.807212855047,60.47223482407301,72768.87429339235,57.85980122566746,1
myopic,24,87,3,6,0,0,91.99999988079071,12352.941175922751,9473.533225048353,74.08026338897375,79584.25851634688,59.05581472314141,1
myopic,24,86,3,6,0,0,91.99999988079071,12352.941175922751,9424.341285234486,62.688690401810824,85351.61802584039,59.05581472314141,1
myopic,24,85,3,6,0,0,91.99999988079071,12352.941175922751,9381.05313297764,58.034069023695324,90690.75236910216,59.321172379079584,1
myopic,24,84,3,6,0,0,91.99999988079071,12352.941175922751,9342.037486596857,54.26034737323307,95682.70432097127,59.321172379079584,1
myopic,24,83,3,6,0,0,91.99999988079071,12352.941175922751,9305.64274656645,71.65144231760682,102274.63700564958,59.321172379079584,1
myopic,24,82,3,6,0,0,91.99999988079071,12352.941175922751,9256.315628342067,54.274889932382536,107267.9268729587,59.321172379079584,1
myopic,24,81,3,6,0,0,91.99999988079071,12352.941175922751,9221.40143194047,69.71753727367232,113681.94029382558,59.67942540614826,1
myopic,24,80,3,6,0,0,91.99999988079071,12352.941175922751,9172.904839148645,60.31292111727221,119230.72902942477,59.67942540614826,1
myopic,24,79,3,6,0,0,91.99999988079071,12352.941175922751,9131.865018077526,66.62241653146684,125359.9913423777,60.144742931333404,1
myopic,24,78,3,6,0,0,91.99999988079071,12352.941175922751,9088.495944920876,46.244844470559144,129614.51702815633,60.59148468407464,1
myopic,24,77,3,6,0,0,91.99999988079071,12352.941175922751,9057.124296235008,71.49692400913445,136192.2340284736,61.68635059106254,1
myopic,24,76,3,6,0,0,91.99999988079071,12352.941175922751,9009.847663262428,64.99123360495317,142171.42751238175,61.68635059106254,1
myopic,24,75,3,6,0,0,91.99999988079071,12352.941175922751,8966.21252065799,59.89745325494745,147681.99320469657,61.68635059106254,1
myopic,24,74,3,6,0,0,91.99999988079071,12352.941175922751,8926.315484439609,77.10573018324482,154775.72037236337,61.68635059106254,1
myopic,24,73,3,6,0,0,91.99999988079071,12352.941175922751,8873.634994007287,65.87631775454749,160836.34159792867,61.811377832783585,1
myopic,24,72,3,6,0,0,91.99999988079071,12352.941175922751,8828.961856115791,72.83988384917302,167537.61090336938,61.811377832783585,1
myopic,24,71,3,6,0,0,91.99999988079071,12352.941175922751,8779.515333644813,71.00286860535064,174069.87480659745,63.69238905560433,1
myopic,24,70,3,6,0,0,91.99999988079071,12352.941175922751,8731.480763200669,72.45824675829905,180736.03349972327,63.69238905560433,1
myopic,24,69,3,6,0,0,91.99999988079071,12352.941175922751,8681.977986228892,75.02218422168367,187638.07443917482,63.69238905560433,1
myopic,24,68,3,6,0,0,91.99999988079071,12352.941175922751,8631.849146135517,64.0425641627801,193529.99033451613,64.51194257070377,1
myopic,24,67,3,6,0,0,91.99999988079071,12352.941175922751,8588.725727475521,84.54441539054548,201308.07654036782,64.51194257070377,1
myopic,24,66,3,6,0,0,91.99999988079071,12352.941175922751,8531.051940924408,71.37441778738152,207874.52296829844,66.02319309723785,1
myopic,24,65,3,6,0,0,91.99999988079071,12352.941175922751,8483.310698766478,64.1835485022328,213779.40942285256,66.02319309723785,1
myopic,24,64,3,6,0,0,91.99999988079071,12352.941175922751,8440.308243879694,70.80324107684619,220293.30759348202,66.02319309723785,1
myopic,24,63,3,6,0,0,91.99999988079071,12352.941175922751,8392.127398951401,83.87636586598438,228009.93324315373,66.02319309723785,1
myopic,24,62,3,6,0,0,91.99999988079071,12352.941175922751,8334.873037204212,79.6513072388697,235337.85349963457,66.02319309723785,1
myopic,24,61,3,6,0,0,91.99999988079071,12352.941175922751,8279.684592133704,96.65118816965077,244229.76279972072,66.0678136608015,1
myopic,24,60,3,6,0,0,91.99999988079071,12352.941175922751,8213.54520841972,92.11900679799065,252704.71141415442,85.17672399217258,1
myopic,24,59,3,6,0,0,91.99999988079071,12352.941175922751,8149.531211779424,86.19831354916398,260634.95625040185,85.17672399217258,1
myopic,24,58,3,6,0,0,91.99999988079071,12352.941175922751,8088.7963321209845,80.55405725047923,268045.92950784316,85.17672399217258,1
myopic,24,57,3,6,0,0,91.99999988079071,12352.941175922751,8032.644824426628,90.8861532495997,276407.45559597184,85.17672399217258,1
myopic,24,56,3,6,0,0,91.99999988079071,12352.941175922751,7968.894838234095,86.028743765795,284322.10001216957,85.17672399217258,1
myopic,24,55,3,6,0,0,91.99999988079071,12352.941175922751,7907.86200679944,88.05284018069338,292422.96129829664,87.67464619283565,1
myopic,24,54,3,6,0,0,91.99999988079071,12352.941175922751,7846.627358161239,87.57153610050743,300479.54260910396,87.67464619283565,1
myopic,24,53,3,6,0,0,91.99999988079071,12352.941175922751,7785.385147426989,98.64950417768527,309555.29698169103,87.67464619283565,1
myopic,24,52,3,6,0,0,91.99999988079071,12352.941175922751,7712.6251493141135,75.91702482599973,316539.663256633,88.00542260216963,1
myopic,24,51,3,6,0,0,91.99999988079071,12352.941175922751,7658.165499466234,104.23214998992205,326129.0210432804,89.3393639748758,1
myopic,24,50,3,6,0,0,91.99999988079071,12352.941175922751,7582.599582962167,99.85586391090457,335315.76051117986,89.3393639748758,1
myopic,24,49,3,6,0,0,91.99999988079071,12352.941175922751,7511.210503193393,112.20720786159171,345638.8236210701,89.87264365606573,1
myopic,24,48,3,6,0,0,91.99999988079071,12352.941175922751,7431.305833866736,99.42032268769073,354785.49329648586,89.87264365606573,1
myopic,24,47,3,6,0,0,91.99999988079071,12352.941175922751,7360.490207731218,104.23356688655532,364374.9814376233,89.87264365606573,1
myopic,24,46,3,6,0,0,91.99999988079071,12352.941175922751,7283.993395166225,93.62260428300937,372988.2610204995,92.28499445299059,1
myopic,24,45,3,6,0,0,91.99999988079071,12352.941175922751,7215.767927525681,82.80276476917439,380606.1153693927,92.32417290804567,1
myopic,24,44,3,6,0,0,91.99999988079071,12352.941175922751,7155.975798348955,97.96406578785053,389618.80941019667,92.85601305134094,1
myopic,24,43,3,6,0,0,91.99999988079071,12352.941175922751,7084.1981967861175,107.80629047964266,399536.9881214723,92.85601305134094,1
myopic,24,42,3,6,0,0,91.99999988079071,12352.941175922751,7005.648582460555,106.75221292528347,409358.19169787253,92.85601305134094,1
myopic,24,41,3,6,0,0,91.99999988079071,12352.941175922751,6928.269908631609,85.90777594410798,417261.70707448944,93.6308664821853,1
myopic,24,40,3,6,0,0,91.99999988079071,12352.941175922751,6865.913652487783,91.2484713100091,425656.5664241326,93.6308664821853,1
myopic,24,39,3,6,0,0,91.99999988079071,12352.941175922751,6798.7616021053655,98.27731926100354,434698.0797844294,93.6308664821853,1
myopic,24,38,3,6,0,0,91.99999988079071,12352.941175922751,6727.472575673584,99.58502176937198,443859.90177534014,95.04742683727991,1
myopic,24,37,3,6,0,0,91.99999988079071,12352.941175922751,6655.004020028295,105.03233429567925,453522.8765180218,95.04742683727991,1
myopic,24,36,3,6,0,0,91.99999988079071,12352.941175922751,6577.876817793257,93.50284799837395,462125.1385227258,95.04742683727991,1
myopic,24,35,3,6,0,0,91.99999988079071,12352.941175922751,6507.997460899328,94.79134015803136,470845.9418059647,95.04742683727991,1
myopic,24,34,3,6,0,0,91.99999988079071,12352.941175922751,6438.8546002574685,81.72373880240792,478364.525766044,95.04742683727991,1
myopic,24,33,3,6,0,0,91.99999988079071,12352.941175922751,6378.66291848332,113.22298573090451,488781.04043978994,95.04742683727991,1
myopic,24,32,3,6,0,0,91.99999988079071,12352.941175922751,6293.9265954884095,114.72122297889284,499335.3929401722,97.00694341239463,1
myopic,24,31,3,6,0,0,91.99999988079071,12352.941175922751,6208.786313493896,105.24331206119008,509017.7776372557,101.69890345053383,1
myopic,24,30,3,6,0,0,91.99999988079071,12352.941175922751,6131.58098164052,112.65249758233324,519381.80740140117,101.69890345053383,1
myopic,24,29,3,6,0,0,91.99999988079071,12352.941175922751,6047.998915931999,105.6371225744398,529100.4226656567,105.09652333242514,1
myopic,24,28,3,6,0,0,91.99999988079071,12352.941175922751,5970.057957877092,118.94773502042491,540043.614273356,105.09652333242514,1
myopic,24,27,3,6,0,0,91.99999988079071,12352.941175922751,5881.326486827461,113.67692034313677,550501.8909313732,105.51726153189219,1
myopic,24,26,3,6,0,0,91.99999988079071,12352.941175922751,5797.610534966135,120.73541381610276,561609.548988062,105.51726153189219,1
myopic,24,25,3,6,0,0,91.99999988079071,12352.941175922751,5707.024058885886,131.89235065017013,573743.6452321549,108.86577323146005,1
myopic,24,24,3,6,0,0,91.99999988079071,12352.941175922751,5608.040918352412,128.82842112541556,585595.8599603355,110.31606898852215,1
myopic,24,23,3,6,0,0,91.99999988079071,12352.941175922751,5513.132201797742,137.11608325647538,598210.5396035857,111.20897889534331,1
myopic,24,22,3,6,0,0,91.99999988079071,12352.941175922751,5411.893047091077,122.15396909230317,609448.7047455157,112.95137016244168,1
myopic,24,21,3,6,0,0,91.99999988079071,12352.941175922751,5319.952841322894,118.00411304443735,620305.0831315367,112.95137016244168,1
myopic,24,20,3,6,0,0,91.99999988079071,12352.941175922751,5230.809118513265,118.28810732034448,631187.5889909074,112.95137016244168,1
myopic,24,19,3,6,0,0,91.99999988079071,12352.941175922751,5140.607691888486,129.59082406827827,643109.9447897406,112.95137016244168,1
myopic,24,18,3,6,0,0,91.99999988079071,12352.941175922751,5040.041844187649,137.32438392171434,655743.788094168,117.40424760711261,1
myopic,24,17,3,6,0,0,91.99999988079071,12352.941175922751,4932.293529661626,131.30316110496395,667823.6789001721,117.40424760711261,1
myopic,24,16,3,6,0,0,91.99999988079071,12352.941175922751,4832.461948019613,146.49718426845897,681301.4198354065,117.43877695873326,1
myopic,24,15,3,6,0,0,91.99999988079071,12352.941175922751,4718.458953692707,108.06244116051303,691243.1644092916,117.79311858824813,1
myopic,24,14,3,6,0,0,91.99999988079071,12352.941175922751,4633.817471580949,127.21735093722042,702947.1606803504,118.13382576143007,1
myopic,24,13,3,6,0,0,91.99999988079071,12352.941175922751,4535.768032443681,124.07949803480761,714362.4744847612,118.13382576143007,1
myopic,24,12,3,6,0,0,91.99999988079071,12352.941175922751,4438.690718479868,122.39993011775253,725623.2680410033,118.65148982084473,1
myopic,24,11,3,6,0,0,91.99999988079071,12352.941175922751,4342.277567435084,128.72944438384533,737466.3769089712,118.65148982084473,1
myopic,24,10,3,6,0,0,91.99999988079071,12352.941175922751,4240.9492538439845,133.94894294250196,749789.6796437134,119.72247037978816,1
myopic,24,9,3,6,0,0,91.99999988079071,12352.941175922751,4134.2927372829645,143.19429901921177,762963.5551364108,119.9282594332441,1
myopic,24,8,3,6,0,0,91.99999988079071,12352.941175922751,4019.4728488071714,122.79398044818939,774260.601323006,119.9282594332441,1
myopic,24,7,3,6,0,0,91.99999988079071,12352.941175922751,3920.971434450743,144.07206253570587,787515.2310591162,119.9282594332441,1
myopic,24,6,3,6,0,0,91.99999988079071,12352.941175922751,3802.600120059097,115.06957809241112,798101.6322299007,119.9282594332441,1
myopic,24,5,3,6,0,0,91.99999988079071,12352.941175922751,3708.4062759579174,110.82635043019906,808297.6564562675,111.6350613497792,1
myopic,24,4,3,6,0,0,91.99999988079071,12352.941175922751,3617.881336630412,97.15985665226148,817236.3632566931,105.31132169984018,1
myopic,24,3,3,6,0,0,91.99999988079071,12352.941175922751,3538.9777377257233,103.5452575103166,826762.5269352987,100.66337802387262,1
myopic,24,2,3,6,0,0,91.99999988079071,12352.941175922751,3452.232808017914,102.2425388063662,836168.8404932962,97.45860423514522,1
myopic,24,1,3,6,0,0,91.99999988079071,12352.941175922751,3366.024564329384,89.01645084448576,844358.3539603773,90.48681714092218,1
myopic,25,100,2,12,0,1,91.99999988079071,12352.941175922751,10000.0,103.7046141534338,9540.824489753355,78.34826956228913,0
myopic,25,99,2,12,0,1,91.99999988079071,12352.941175922751,9928.930416090865,84.04389435713749,17272.86276059119,78.34826956228913,0
myopic,25,98,2,12,0,1,91.99999988079071,12352.941175922751,9873.300729108198,95.82480685995543,26088.744980283882,78.34826956228913,0
myopic,25,97,2,12,0,1,91.99999988079071,12352.941175922751,9809.910624889424,89.95121521655403,34364.256769483836,80.43164846582134,0
myopic,25,96,2,12,0,1,91.99999988079071,12352.941175922751,9748.773895273605,98.03498349071467,43383.475238942905,80.43164846582134,0
myopic,25,95,2,12,0,1,91.99999988079071,12352.941175922751,9684.089719660999,84.87225104720194,51191.722325167924,80.76388620962199,0
myopic,25,94,2,12,0,1,91.99999988079071,12352.941175922751,9628.040136105503,88.93856706409557,59374.07048446241,80.76388620962199,0
myopic,25,93,2,12,0,1,91.99999988079071,12352.941175922751,9568.557389181395,86.41385508799921,67324.14514225701,81.2516721329647,0
myopic,25,92,2,12,0,1,91.99999988079071,12352.941175922751,9509.976789894983,89.9202457619676,75596.8077416387,81.68189079408234,0
myopic,25,91,2,12,0,1,91.99999988079071,12352.941175922751,9449.751237727725,75.02978666033651,82499.5481054454,81.68189079408234,0
myopic,25,90,2,12,0,1,91.99999988079071,12352.941175922751,9400.734704294833,85.21803190591521,90339.60703063081,82.82831677780638,0
myopic,25,89,2,12,0,1,91.99999988079071,12352.941175922751,9343.158629604708,83.85052129424281,98053.85497970539,82.82831677780638,0
myopic,25,88,2,12,0,1,91.99999988079071,12352.941175922751,9285.274311494964,93.86202098598392,106689.16089922668,82.82831677780638,0
myopic,25,87,2,12,0,1,91.99999988079071,12352.941175922751,9221.808574521314,93.64067720380028,115304.10319081348,84.56293398444693,0
myopic,25,86,2,12,0,1,91.99999988079071,12352.941175922751,9158.148142468674,100.36363464576478,124537.55756625955,84.56293398444693,0
myopic,25,85,2,12,0,1,91.99999988079071,12352.941175922751,9091.0911969379,108.62983972707877,134531.50280820113,84.8282916403851,0
myopic,25,84,2,12,0,1,91.99999988079071,12352.941175922751,9018.72159857384,100.22084012044088,143751.82008733443,87.66566629607894,0
myopic,25,83,2,12,0,1,91.99999988079071,12352.941175922751,8951.155379768563,94.7502854721787,152468.84633947976,87.66566629607894,0
myopic,25,82,2,12,0,1,91.99999988079071,12352.941175922751,8886.199267826472,98.08872557148892,161493.00908036364,87.66566629607894,0
myopic,25,81,2,12,0,1,91.99999988079071,12352.941175922751,8817.811941923012,92.41149135136311,169994.86627367273,88.02391932314761,0
myopic,25,80,2,12,0,1,91.99999988079071,12352.941175922751,8754.454046699724,102.6657078307963,179440.1113818673,88.02391932314761,0
myopic,25,79,2,12,0,1,91.99999988079071,12352.941175922751,8682.110732273108,111.3588915610647,189685.12939221022,89.41124357506565,0
myopic,25,78,2,12,0,1,91.99999988079071,12352.941175922751,8605.305533130075,113.22642382418172,200101.9603705373,89.85798532780689,0
myopic,25,77,2,12,0,1,91.99999988079071,12352.941175922751,8526.912281012155,93.59166589210656,208712.3936214541,91.10061121112462,0
myopic,25,76,2,12,0,1,91.99999988079071,12352.941175922751,8462.592632521304,109.66615769093394,218801.6801159468,91.10061121112462,0
myopic,25,75,2,12,0,1,91.99999988079071,12352.941175922751,8388.254757828396,112.05927806139063,229111.13368423624,91.10061121112462,0
myopic,25,74,2,12,0,1,91.99999988079071,12352.941175922751,8310.99098803844,95.36185103462199,237884.42396805345,91.10061121112462,0
myopic,25,73,2,12,0,1,91.99999988079071,12352.941175922751,8245.023628557377,87.83437194505399,245965.18617652776,91.59938678561403,0
myopic,25,72,2,12,0,1,91.99999988079071,12352.941175922751,8185.404950961243,94.09235058687254,254621.68241930334,91.59938678561403,0
myopic,25,71,2,12,0,1,91.99999988079071,12352.941175922751,8120.085612061559,94.26859360430052,263294.3930196613,93.48039800843478,0
myopic,25,70,2,12,0,1,91.99999988079071,12352.941175922751,8056.961763237663,104.88643553499588,272943.9450763775,93.48039800843478,0
myopic,25,69,2,12,0,1,91.99999988079071,12352.941175922751,7985.173576668488,98.44592236640077,282000.96992235066,93.48039800843478,0
myopic,25,68,2,12,0,1,91.99999988079071,12352.941175922751,7917.832821493346,112.61866659873272,292361.8872360089,95.11469441166237,0
myopic,25,67,2,12,0,1,91.99999988079071,12352.941175922751,7839.622044851532,99.53062607797652,301518.70482331776,95.11469441166237,0
myopic,25,66,2,12,0,1,91.99999988079071,12352.941175922751,7767.461598465716,109.44974117891832,311588.08099873085,96.29318018780998,0
myopic,25,65,2,12,0,1,91.99999988079071,12352.941175922751,7689.030801698125,113.9517710333096,322071.64392021124,96.29318018780998,0
myopic,25,64,2,12,0,1,91.99999988079071,12352.941175922751,7607.944110650355,98.52964311001192,331136.3710745867,96.29318018780998,0
myopic,25,63,2,12,0,1,91.99999988079071,12352.941175922751,7539.982990793893,110.69077362497039,341319.9222348886,96.29318018780998,0
myopic,25,62,2,12,0,1,91.99999988079071,12352.941175922751,7462.848028456487,106.28943484976283,351098.5502283961,96.29318018780998,0
myopic,25,61,2,12,0,1,91.99999988079071,12352.941175922751,7387.194285606831,114.72595174426223,361653.3377751918,96.40873891602581,0
myopic,25,60,2,12,0,1,91.99999988079071,12352.941175922751,7307.335590895049,145.69351105786262,375057.1407751472,121.48371342624034,0
myopic,25,59,2,12,0,1,91.99999988079071,12352.941175922751,7205.9940901215505,133.7386340477857,387361.09509160055,121.717787817549,0
myopic,25,58,2,12,0,1,91.99999988079071,12352.941175922751,7111.436734248076,135.95938504505995,399869.35849953844,121.717787817549,0
myopic,25,57,2,12,0,1,91.99999988079071,12352.941175922751,7015.2555633772445,125.9424064511035,411456.0598780265,121.717787817549,0
myopic,25,56,2,12,0,1,91.99999988079071,12352.941175922751,6925.983551339494,132.75682338931483,423669.68761401763,121.717787817549,0
myopic,25,55,2,12,0,1,91.99999988079071,12352.941175922751,6829.831552719274,132.56452897923788,435865.6242643046,125.52438207732914,0
myopic,25,54,2,12,0,1,91.99999988079071,12352.941175922751,6735.666510294534,135.97975498674006,448375.76170687465,125.52438207732914,0
myopic,25,53,2,12,0,1,91.99999988079071,12352.941175922751,6637.527441851735,138.8184137681263,461147.0557569938,125.52438207732914,0
myopic,25,52,2,12,0,1,91.99999988079071,12352.941175922751,6537.83492245193,135.29927056842143,473594.58863315964,125.77567823347204,0
myopic,25,51,2,12,0,1,91.99999988079071,12352.941175922751,6442.255057176238,132.25094748354468,485761.6757858802,127.57061847614774,0
myopic,25,50,2,12,0,1,91.99999988079071,12352.941175922751,6348.318432711524,137.5491763556441,498416.1999942023,127.57061847614774,0
myopic,25,49,2,12,0,1,91.99999988079071,12352.941175922751,6252.087299960011,129.76022721553826,510354.1408825632,127.56529444817109,0
myopic,25,48,2,12,0,1,91.99999988079071,12352.941175922751,6159.061686692956,138.44211433160496,523090.81538456725,127.56529444817109,0
myopic,25,47,2,12,0,1,91.99999988079071,12352.941175922751,6061.086418132311,136.0079322722552,535603.5451374013,127.56529444817109,0
myopic,25,46,2,12,0,1,91.99999988079071,12352.941175922751,5965.335160461111,144.15034216090382,548865.3765990204,130.8145259896823,0
myopic,25,45,2,12,0,1,91.99999988079071,12352.941175922751,5862.6112881573135,138.7376047524943,561629.2362197111,130.8145259896823,0
myopic,25,44,2,12,0,1,91.99999988079071,12352.941175922751,5763.597895872484,140.043206185551,574513.2111720874,131.2339851260106,0
myopic,25,43,2,12,0,1,91.99999988079071,12352.941175922751,5663.015621488163,144.5084566184096,587807.9891637543,131.2339851260106,0
myopic,25,42,2,12,0,1,91.99999988079071,12352.941175922751,5561.672018397844,144.96688201661735,601144.9422920017,131.2339851260106,0
myopic,25,41,2,12,0,1,91.99999988079071,12352.941175922751,5458.739413139346,144.06126216402288,614398.5783939183,134.1721664575167,0
myopic,25,40,2,12,0,1,91.99999988079071,12352.941175922751,5352.042758964795,131.7286624408292,626517.6153227714,134.1721664575167,0
myopic,25,39,2,12,0,1,91.99999988079071,12352.941175922751,5258.2565634789635,144.06690132286525,639771.7702273008,134.1721664575167,0
myopic,25,38,2,12,0,1,91.99999988079071,12352.941175922751,5157.377952282063,167.30930843647104,655164.2265835113,135.24479254111014,0
myopic,25,37,2,12,0,1,91.99999988079071,12352.941175922751,5036.343906348471,161.28797478049265,670002.7202440896,135.24479254111014,0
myopic,25,36,2,12,0,1,91.99999988079071,12352.941175922751,4918.334720372027,157.850352070676,684524.9526157746,135.3776796692217,0
myopic,25,35,2,12,0,1,91.99999988079071,12352.941175922751,4800.954248577749,145.8998358175206,697947.7374935938,135.3776796692217,0
myopic,25,34,2,12,0,1,91.99999988079071,12352.941175922751,4692.728087751791,143.07410802215927,711110.5554145767,135.3776796692217,0
myopic,25,33,2,12,0,1,91.99999988079071,12352.941175922751,4587.998372409199,162.78083614388942,726086.3923204095,135.3776796692217,0
myopic,25,32,2,12,0,1,91.99999988079071,12352.941175922751,4469.325329519505,153.3607374239727,740195.580145133,137.67563429490323,0
myopic,25,31,2,12,0,1,91.99999988079071,12352.941175922751,4351.448429971213,157.66313569969492,754700.58861071,146.59908961842842,0
myopic,25,30,2,12,0,1,91.99999988079071,12352.941175922751,4233.743804238224,176.46535601034643,770935.4013426255,146.67867998707746,0
myopic,25,29,2,12,0,1,91.99999988079071,12352.941175922751,4103.298457631329,158.84838322518218,785549.4525804061,149.0471367442043,0
myopic,25,28,2,12,0,1,91.99999988079071,12352.941175922751,3981.5093739231334,163.644768717029,800604.7712828647,149.0471367442043,0
myopic,25,27,2,12,0,1,91.99999988079071,12352.941175922751,3858.470653220057,161.16577147239485,815432.0222391126,149.46787494367135,0
myopic,25,26,2,12,0,1,91.99999988079071,12352.941175922751,3736.498112911214,156.27940462382534,829809.7274458746,149.46787494367135,0
myopic,25,25,2,12,0,1,91.99999988079071,12352.941175922751,3618.535625118656,177.7468317839914,846162.4359488128,154.18295349612166,0
myopic,25,24,2,12,0,1,91.99999988079071,12352.941175922751,3482.46305264915,166.6110316421332,861490.6508400274,154.86606328959272,0
myopic,25,23,2,12,0,1,91.99999988079071,12352.941175922751,3355.1329412598443,191.14540861233306,879076.0284095757,155.75897319641388,0
myopic,25,22,2,12,0,1,91.99999988079071,12352.941175922751,3209.705114127387,179.45408920491826,895585.8045950356,158.80352394212818,0
myopic,25,21,2,12,0,1,91.99999988079071,12352.941175922751,3073.731120398964,160.19793725813784,910324.0148036872,158.80352394212818,0
myopic,25,20,2,12,0,1,91.99999988079071,12352.941175922751,2950.028963463138,166.40285502996664,925633.0774466074,158.80352394212818,0
myopic,25,19,2,12,0,1,91.99999988079071,12352.941175922751,2823.790623857126,179.61050801074649,942157.2441621849,158.80352394212818,0
myopic,25,18,2,12,0,1,91.99999988079071,12352.941175922751,2685.6811435094323,178.14659635618142,958546.7310057168,163.45135432315968,0
myopic,25,17,2,12,0,1,91.99999988079071,12352.941175922751,2546.117992831646,180.2701288845042,975131.5828416013,163.45135432315968,0
myopic,25,16,2,12,0,1,91.99999988079071,12352.941175922751,2406.4117976188754,173.99019729139147,991138.6809716681,163.48588367478033,0
myopic,25,15,2,12,0,1,91.99999988079071,12352.941175922751,2269.5140906003844,173.46350689013337,1007097.323584882,166.63305223218825,0
myopic,25,14,2,12,0,1,91.99999988079071,12352.941175922751,2138.759970887162,177.67043390713744,1023443.0034831587,167.6035577215017,0
myopic,25,13,2,12,0,1,91.99999988079071,12352.941175922751,1998.2735692010874,188.11237422639954,1040749.3418895627,168.05485080599917,0
myopic,25,12,2,12,0,1,91.99999988079071,12352.941175922751,1847.9076947634112,188.53615497815838,1058094.668125078,169.09384479432455,0
myopic,25,11,2,12,0,1,91.99999988079071,12352.941175922751,1698.1963152664212,189.6584991069003,1075543.2500203038,169.09384479432455,0
myopic,25,10,2,12,0,1,91.99999988079071,12352.941175922751,1548.8702090703846,183.56383750430564,1092431.1230488173,170.63726322604822,0
myopic,25,9,2,12,0,1,91.99999988079071,12352.941175922751,1403.2456451265498,188.70859310978688,1109792.3135924218,170.84305227950415,0
myopic,25,8,2,12,0,1,91.99999988079071,12352.941175922751,1253.6529830825275,183.86620934379226,1126708.0048301322,170.84305227950415,0
myopic,25,7,2,12,0,1,91.99999988079071,12352.941175922751,1104.8321055317156,186.61963888108536,1143877.0115849453,170.84305227950415,0
myopic,25,6,2,12,0,1,91.99999988079071,12352.941175922751,953.8162572007604,168.65302566776367,1159393.0899262745,170.84305227950415,0
myopic,25,5,2,12,0,1,91.99999988079071,12352.941175922751,817.9373370270259,152.49975653239972,1173423.0675090759,155.39122305741984,0
myopic,25,4,2,12,0,1,91.99999988079071,12352.941175922751,693.3975745837361,163.4689008017716,1188462.2063633518,149.0674834074808,0
myopic,25,3,2,12,0,1,91.99999988079071,12352.941175922751,556.5221037084048,150.46891454212843,1202305.3464832902,142.23678861945825,0
myopic,25,2,2,12,0,1,91.99999988079071,10000.0,429.38289511220137,0.0,1202305.3464832902,135.31638940994628,0
myopic,25,1,2,12,0,1,91.99999988079071,10000.0,429.38289511220137,0.0,1202305.3464832902,127.3584148712835,0
myopic,26,100,2,6,0,0,91.99999988079071,12352.941175922751,10000.0,67.88337704410029,6245.270679964897,53.51064944791461,1
myopic,26,99,2,6,0,0,91.99999988079071,12352.941175922751,9953.000627529525,69.28381084190885,12619.381269161237,53.51064944791461,1
myopic,26,98,2,6,0,0,91.99999988079071,12352.941175922751,9906.615904643993,60.280806454827314,18165.215455819318,53.51064944791461,1
myopic,26,97,2,6,0,0,91.99999988079071,12352.941175922751,9866.105924095466,72.1602511453995,24803.9585525939,55.53276728716988,1
myopic,26,96,2,6,0,0,91.99999988079071,12352.941175922751,9816.541547620538,62.0454640292362,30512.141235887233,55.852472283942966,1
myopic,26,95,2,6,0,0,91.99999988079071,12352.941175922751,9773.992151206,72.46089054260003,37178.543157168424,56.18471002774361,1
myopic,26,94,2,6,0,0,91.99999988079071,12352.941175922751,9724.526713616931,52.894307913640844,42044.81947891789,56.18471002774361,1
myopic,26,93,2,6,0,0,91.99999988079071,12352.941175922751,9688.661542075492,58.90299655863637,47463.89515529065,56.18471002774361,1
myopic,26,92,2,6,0,0,91.99999988079071,12352.941175922751,9649.803287852716,45.9493972795925,51691.23969953557,56.85789131285237,1
myopic,26,91,2,6,0,0,91.99999988079071,12352.941175922751,9618.442589126462,55.05128524818939,56755.957935806364,56.85789131285237,1
myopic,26,90,2,6,0,0,91.99999988079071,12352.941175922751,9580.645138327583,57.01262358601672,62001.11929892347,57.85980122566746,1
myopic,26,89,2,6,0,0,91.99999988079071,12352.941175922751,9541.18697817131,70.49494255751493,68486.65400581119,57.85980122566746,1
myopic,26,88,2,6,0,0,91.99999988079071,12352.941175922751,9492.688507061719,55.13106027664994,73558.71154469084,57.85980122566746,1
myopic,26,87,2,6,0,0,91.99999988079071,12352.941175922751,9456.407846537983,81.86006468501606,81089.83748595385,59.05581472314141,1
myopic,26,86,2,6,0,0,91.99999988079071,12352.941175922751,9400.37686249825,81.4101356589215,88579.56995686977,59.05581472314141,1
myopic,26,85,2,6,0,0,91.99999988079071,12352.941175922751,9344.76474334305,55.5830903040677,93693.21425821798,59.321172379079584,1
myopic,26,84,2,6,0,0,91.99999988079071,12352.941175922751,9306.57913224117,55.14930767566079,98766.95055780446,59.321172379079584,1
myopic,26,83,2,6,0,0,91.99999988079071,12352.941175922751,9268.61142439356,78.18315998218067,105959.80126684492,59.321172379079584,1
myopic,26,82,2,6,0,0,91.99999988079071,12352.941175922751,9213.911750409465,90.21640674001216,114259.71067617141,59.321172379079584,1
myopic,26,81,2,6,0,0,91.99999988079071,12352.941175922751,9151.278011685527,68.19503538049908,120533.65392304784,59.67942540614826,1
myopic,26,80,2,6,0,0,91.99999988079071,12352.941175922751,9104.947128851443,58.48133558880389,125913.93679024628,59.67942540614826,1
myopic,26,79,2,6,0,0,91.99999988079071,12352.941175922751,9064.30090212162,59.30582542592226,131370.07272236134,60.144742931333404,1
myopic,26,78,2,6,0,0,91.99999988079071,12352.941175922751,9023.454108999273,65.17461567801953,137366.1373569697,60.59148468407464,1
myopic,26,77,2,6,0,0,91.99999988079071,12352.941175922751,8979.19931841589,86.33069624860921,145308.56140155034,61.68635059106254,1
myopic,26,76,2,6,0,0,91.99999988079071,12352.941175922751,8921.389199697922,68.85776198890173,151643.4754963208,61.68635059106254,1
myopic,26,75,2,6,0,0,91.99999988079071,12352.941175922751,8872.667618474758,76.70867518194095,158700.673603915,61.68635059106254,1
myopic,26,74,2,6,0,0,91.99999988079071,12352.941175922751,8819.628937374708,59.49028364430556,164173.7796920993,61.68635059106254,1
myopic,26,73,2,6,0,0,91.99999988079071,12352.941175922751,8776.424634018047,85.527232586142,172042.28507982873,61.811377832783585,1
myopic,26,72,2,6,0,0,91.99999988079071,12352.941175922751,8716.48601020569,70.21975189975498,178502.50224623532,61.811377832783585,1
myopic,26,71,2,6,0,0,91.99999988079071,12352.941175922751,8667.243513357722,60.907998427740246,184106.03809432662,63.69238905560433,1
myopic,26,70,2,6,0,0,91.99999988079071,12352.941175922751,8624.578042055986,78.91754638508168,191366.45235234644,63.69238905560433,1
myopic,26,69,2,6,0,0,91.99999988079071,12352.941175922751,8568.454059297337,63.22340466433002,197183.00557392798,63.69238905560433,1
myopic,26,68,2,6,0,0,91.99999988079071,12352.941175922751,8523.399100100463,64.13294505983883,203083.2365117879,64.51194257070377,1
myopic,26,67,2,6,0,0,91.99999988079071,12352.941175922751,8479.60567760385,75.50768607681638,210029.94362185377,64.51194257070377,1
myopic,26,66,2,6,0,0,91.99999988079071,12352.941175922751,8425.749389890883,84.59261672558065,217812.46435052296,66.02319309723785,1
myopic,26,65,2,6,0,0,91.99999988079071,12352.941175922751,8366.91395169317,81.2119248363476,225283.96142578573,66.02319309723785,1
myopic,26,64,2,6,0,0,91.99999988079071,12352.941175922751,8308.90802590485,74.66236653779691,232152.8991383626,66.02319309723785,1
myopic,26,63,2,6,0,0,91.99999988079071,12352.941175922751,8256.403834034396,70.53091668342697,238641.74346482995,66.02319309723785,1
myopic,26,62,2,6,0,0,91.99999988079071,12352.941175922751,8205.911509927222,75.31314310440345,245570.55262145706,66.02319309723785,1
myopic,26,61,2,6,0,0,91.99999988079071,12352.941175922751,8153.550119206581,88.64135159560712,253725.55695768603,66.0678136608015,1
myopic,26,60,2,6,0,0,91.99999988079071,12352.941175922751,8090.549647379071,101.43155859606236,263057.2603364322,85.17672399217258,1
myopic,26,59,2,6,0,0,91.99999988079071,12352.941175922751,8017.63961928253,93.14078750792541,271626.21277605806,85.17672399217258,1
myopic,26,58,2,6,0,0,91.99999988079071,12352.941175922751,7951.419233545491,106.41031028911797,281415.9613099718,85.17672399217258,1
myopic,26,57,2,6,0,0,91.99999988079071,12352.941175922751,7875.921802190845,87.01567881659457,289421.40375072544,85.17672399217258,1
myopic,26,56,2,6,0,0,91.99999988079071,12352.941175922751,7814.070617710589,99.036370725698,298532.7498456836,85.17672399217258,1
myopic,26,55,2,6,0,0,91.99999988079071,12352.941175922751,7742.980530122872,91.62497135521495,306962.2471994408,87.67464619283565,1
myopic,26,54,2,6,0,0,91.99999988079071,12352.941175922751,7677.647765541247,100.49313662063582,316207.61575655953,87.67464619283565,1
myopic,26,53,2,6,0,0,91.99999988079071,12352.941175922751,7604.665319510204,99.12660960579201,325327.2638284756,87.67464619283565,1
myopic,26,52,2,6,0,0,91.99999988079071,12352.941175922751,7534.331959329655,98.03770486597803,334346.73266445857,88.00542260216963,1
myopic,26,51,2,6,0,0,91.99999988079071,12352.941175922751,7462.017301173735,92.02873794104309,342813.37654406385,89.3393639748758,1
myopic,26,50,2,6,0,0,91.99999988079071,12352.941175922751,7393.506661208139,100.48524169239616,352058.0187677855,89.3393639748758,1
myopic,26,49,2,6,0,0,91.99999988079071,12352.941175922751,7319.425415345546,90.31600244593568,360367.0909820451,89.87264365606573,1
myopic,26,48,2,6,0,0,91.99999988079071,12352.941175922751,7252.266364376466,99.28956405119091,369501.7308629184,89.87264365606573,1
myopic,26,47,2,6,0,0,91.99999988079071,12352.941175922751,7179.415676126126,107.27987768873587,379371.47959749337,89.87264365606573,1
myopic,26,46,2,6,0,0,91.99999988079071,12352.941175922751,7099.056476021278,100.3144141383184,388600.40568626026,92.28499445299059,1
myopic,26,45,2,6,0,0,91.99999988079071,12352.941175922751,7024.881409543752,104.00074312080224,398168.4740409762,92.32417290804567,1
myopic,26,44,2,6,0,0,91.99999988079071,12352.941175922751,6950.635593092697,92.95047671333046,406719.917887522,92.85601305134094,1
myopic,26,43,2,6,0,0,91.99999988079071,12352.941175922751,6884.005230784747,101.29843915077797,416039.3742773179,92.85601305134094,1
myopic,26,42,2,6,0,0,91.99999988079071,12352.941175922751,6809.114671628133,107.46565532915649,425926.21455478936,92.85601305134094,1
myopic,26,41,2,6,0,0,91.99999988079071,12352.941175922751,6728.5406946082385,105.51464816529017,435633.5621734177,93.6308664821853,1
myopic,26,40,2,6,0,0,91.99999988079071,12352.941175922751,6652.197521519097,117.6501140921899,446457.3726558742,93.6308664821853,1
myopic,26,39,2,6,0,0,91.99999988079071,12352.941175922751,6564.774554485051,99.92878331973147,455650.82070937706,93.6308664821853,1
myopic,26,38,2,6,0,0,91.99999988079071,12352.941175922751,6492.632497832198,109.45444411444515,465720.629554858,95.04742683727991,1
myopic,26,37,2,6,0,0,91.99999988079071,12352.941175922751,6413.324712681595,114.44849076573587,476249.8906916624,95.04742683727991,1
myopic,26,36,2,6,0,0,91.99999988079071,12352.941175922751,6327.667803862081,90.20004247658325,484548.29458875535,95.04742683727991,1
myopic,26,35,2,6,0,0,91.99999988079071,12352.941175922751,6260.77019899596,119.42201662824627,495535.1201043178,95.04742683727991,1
myopic,26,34,2,6,0,0,91.99999988079071,12352.941175922751,6174.299312462639,100.03583367198338,504738.41679021507,95.04742683727991,1
myopic,26,33,2,6,0,0,91.99999988079071,12352.941175922751,6102.027805151594,107.3669228599043,514616.17368052714,95.04742683727991,1
myopic,26,32,2,6,0,0,91.99999988079071,12352.941175922751,6019.076451442372,111.00371471343772,524828.5154209307,97.00694341239463,1
myopic,26,31,2,6,0,0,91.99999988079071,12352.941175922751,5935.636386385826,108.63093432042619,534822.56136546,101.69890345053383,1
myopic,26,30,2,6,0,0,91.99999988079071,12352.941175922751,5853.981093970376,112.0560395641159,545131.7169920006,101.69890345053383,1
myopic,26,29,2,6,0,0,91.99999988079071,12352.941175922751,5768.265918858611,123.55613446472657,556498.8813480263,105.09652333242514,1
myopic,26,28,2,6,0,0,91.99999988079071,12352.941175922751,5678.322656888181,93.74996603507739,565123.8782120775,105.09652333242514,1
myopic,26,27,2,6,0,0,91.99999988079071,12352.941175922751,5605.892781451,123.66594858612987,576501.1454672593,105.51726153189219,1
myopic,26,26,2,6,0,0,91.99999988079071,12352.941175922751,5513.842560334987,116.49346962698509,587218.5446590548,105.51726153189219,1
myopic,26,25,2,6,0,0,91.99999988079071,12352.941175922751,5424.284599142589,126.29427883882381,598837.6182971712,108.86577323146005,1
myopic,26,24,2,6,0,0,91.99999988079071,12352.941175922751,5327.241112773636,123.92483383264388,610238.7029950015,110.31606898852215,1
myopic,26,23,2,6,0,0,91.99999988079071,12352.941175922751,5232.264455880367,129.68314121456504,622169.551971282,111.20897889534331,1
myopic,26,22,2,6,0,0,91.99999988079071,12352.941175922751,5132.272872220866,121.25375762977922,633324.8976587671,112.95137016244168,1
myopic,26,21,2,6,0,0,91.99999988079071,12352.941175922751,5038.955408901699,117.57145537209934,644141.4715389846,112.95137016244168,1
myopic,26,20,2,6,0,0,91.99999988079071,12352.941175922751,4946.7967880715205,125.81536951218253,655716.485519107,112.95137016244168,1
myopic,26,19,2,6,0,0,91.99999988079071,12352.941175922751,4848.458812575735,125.71177780016069,667281.9690617358,112.95137016244168,1
myopic,26,18,2,6,0,0,91.99999988079071,12352.941175922751,4749.2225731924245,130.53052649738834,679290.777483935,117.40424760711261,1
myopic,26,17,2,6,0,0,91.99999988079071,12352.941175922751,4648.676267344155,107.93092114285894,689220.4222162117,117.40424760711261,1
myopic,26,16,2,6,0,0,91.99999988079071,12352.941175922751,4564.390557228639,127.81470958558602,700979.3754828488,117.43877695873326,1
myopic,26,15,2,6,0,0,91.99999988079071,12352.941175922751,4460.748075787133,140.42861204742783,713898.8077744718,117.79311858824813,1
myopic,26,14,2,6,0,0,91.99999988079071,12352.941175922751,4348.210813484812,148.85999959442486,727593.9277194134,118.13382576143007,1
myopic,26,13,2,6,0,0,91.99999988079071,12352.941175922751,4230.607993134873,131.28428744793348,739672.082148973,118.13382576143007,1
myopic,26,12,2,6,0,0,91.99999988079071,12352.941175922751,4124.524261203003,129.6861546682759,751603.2083629946,118.65148982084473,1
myopic,26,11,2,6,0,0,91.99999988079071,12352.941175922751,4020.6242478406803,134.42017154873412,763969.864129454,118.65148982084473,1
myopic,26,10,2,6,0,0,91.99999988079071,12352.941175922751,3912.3855818720976,140.68793091902018,776913.1537572326,119.72247037978816,1
myopic,26,9,2,6,0,0,91.99999988079071,12352.941175922751,3801.4154762524477,135.00766204898392,789333.858649645,119.9282594332441,1
myopic,26,8,2,6,0,0,91.99999988079071,12352.941175922751,3689.22131143759,126.37262059066849,800960.1397289217,119.9282594332441,1
myopic,26,7,2,6,0,0,91.99999988079071,12352.941175922751,3586.6604265278174,133.90729258964177,813279.6106312057,119.9282594332441,1
myopic,26,6,2,6,0,0,91.99999988079071,12352.941175922751,3476.1980329684366,126.15682494938834,824886.0385115104,119.9282594332441,1
myopic,26,5,2,6,0,0,91.99999988079071,12352.941175922751,3371.980149037864,117.37774680117803,835684.7912032262,111.6350613497792,1
myopic,26,4,2,6,0,0,91.99999988079071,12352.941175922751,3272.997206544668,91.55046158605994,844107.43365823,105.31132169984018,1
myopic,26,3,2,6,0,0,91.99999988079071,12352.941175922751,3195.672569920178,110.72213026582756,854293.869629487,100.66337802387262,1
myopic,26,2,2,6,0,0,91.99999988079071,12352.941175922751,3102.170890577605,88.52194081520864,862437.8881739336,97.45860423514522,1
myopic,26,1,2,6,0,0,91.99999988079071,12352.941175922751,3024.9074448689125,86.03046024409235,870352.6905061344,90.48681714092218,1
myopic,27,100,5,12,1,1,91.99999988079071,12352.941175922751,10000.0,141.32908215746025,13002.275541638603,122.62129846453644,0
myopic,27,99,5,12,1,1,91.99999988079071,12352.941175922751,9897.18445407377,132.8756554595354,25226.835828075848,122.62129846453644,0
myopic,27,98,5,12,1,1,91.99999988079071,12352.941175922751,9798.777271835233,132.43405576376057,37410.76894255445,122.62129846453644,0
myopic,27,97,5,12,1,1,91.99999988079071,12352.941175922751,9703.6975822742,132.1722900795384,49570.61961411582,124.02216067174243,0
myopic,27,96,5,12,1,1,91.99999988079071,12352.941175922751,9608.582092193812,122.37083043388232,60828.735999445256,124.02216067174243,0
myopic,27,95,5,12,1,1,91.99999988079071,12352.941175922751,9519.124810389589,140.27591935872826,73734.12056372606,125.08183156398725,0
myopic,27,94,5,12,1,1,91.99999988079071,12352.941175922751,9419.365159786697,137.7401193965858,86406.21153179205,125.08183156398725,0
myopic,27,93,5,12,1,1,91.99999988079071,12352.941175922751,9317.90433046452,140.10286998750772,99295.6755539412,125.56961748732996,0
myopic,27,92,5,12,1,1,91.99999988079071,12352.941175922751,9216.70987009348,136.22965103732633,111828.80343313538,126.56691740931149,0
myopic,27,91,5,12,1,1,91.99999988079071,12352.941175922751,9116.711111384478,143.75936666939077,125054.66514958188,126.56691740931149,0
myopic,27,90,5,12,1,1,91.99999988079071,12352.941175922751,9012.65099393334,143.3628601496283,138244.0482662575,128.0068958182441,0
myopic,27,89,5,12,1,1,91.99999988079071,12352.941175922751,8905.563009397894,122.28739985855997,149494.48903866723,128.0068958182441,0
myopic,27,88,5,12,1,1,91.99999988079071,12352.941175922751,8814.993437879457,130.2548004760323,161477.9306669346,128.27423610834077,0
myopic,27,87,5,12,1,1,91.99999988079071,12352.941175922751,8718.90424973106,137.02652082848388,174084.3705668203,129.9887842880545,0
myopic,27,86,5,12,1,1,91.99999988079071,12352.941175922751,8615.837798845798,144.46102806582562,187374.78513165514,129.9887842880545,0
myopic,27,85,5,12,1,1,91.99999988079071,12352.941175922751,8507.684815388177,138.73968981567828,200138.8365781585,131.39065547928402,0
myopic,27,84,5,12,1,1,91.99999988079071,12352.941175922751,8404.124962087757,158.49290310490366,214720.18364491579,134.22803013497784,0
myopic,27,83,5,12,1,1,91.99999988079071,12352.941175922751,8287.471528597183,152.44091136291252,228744.74747213136,134.22803013497784,0
myopic,27,82,5,12,1,1,91.99999988079071,12352.941175922751,8173.378240688979,146.989174740238,242267.75153071078,134.22803013497784,0
myopic,27,81,5,12,1,1,91.99999988079071,12352.941175922751,8065.727991329177,149.77138234741128,256046.71868881848,134.58628316204653,0
myopic,27,80,5,12,1,1,91.99999988079071,12352.941175922751,7954.432200662963,155.24366742560593,270329.13607346773,134.58628316204653,0
myopic,27,79,5,12,1,1,91.99999988079071,12352.941175922751,7837.382484312915,162.70383052713757,285297.8884625686,137.25137735790267,0
myopic,27,78,5,12,1,1,91.99999988079071,12352.941175922751,7717.078246269806,158.54675748256807,299884.19013206457,137.25137735790267,0
myopic,27,77,5,12,1,1,91.99999988079071,12352.941175922751,7597.354894270298,153.8898789623164,314042.0589782526,138.34527592112582,0
myopic,27,76,5,12,1,1,91.99999988079071,12352.941175922751,7481.128565777181,154.3400373682202,328241.3423977301,139.8599388733162,0
myopic,27,75,5,12,1,1,91.99999988079071,12352.941175922751,7364.329822586383,156.42249663603724,342632.2120695985,139.8599388733162,0
myopic,27,74,5,12,1,1,91.99999988079071,12352.941175922751,7247.638879974802,154.9766668425277,356890.0654006364,139.8599388733162,0
myopic,27,73,5,12,1,1,91.99999988079071,12352.941175922751,7130.06826545962,147.30984619713112,370442.5712332118,140.6224031964283,0
myopic,27,72,5,12,1,1,91.99999988079071,12352.941175922751,7019.64705366425,164.6396620491019,385589.4201221026,140.6224031964283,0
myopic,27,71,5,12,1,1,91.99999988079071,12352.941175922751,6894.938600300921,149.17325066935072,399313.35916590004,140.6224031964283,0
myopic,27,70,5,12,1,1,91.99999988079071,12352.941175922751,6783.056587610801,168.91137674997316,414853.20580676175,140.6224031964283,0
myopic,27,69,5,12,1,1,91.99999988079071,12352.941175922751,6654.54300612031,145.36333787553986,428226.6328739828,143.74385215300907,0
myopic,27,68,5,12,1,1,91.99999988079071,12352.941175922751,6543.725337005702,153.45839043513732,442344.80477572174,146.41315056855447,0
myopic,27,67,5,12,1,1,91.99999988079071,12352.941175922751,6427.479971632241,149.48274769403062,456097.2175457528,146.41315056855447,0
myopic,27,66,5,12,1,1,91.99999988079071,12352.941175922751,6314.33054259546,156.11526120418262,470459.82155792724,147.95730716934838,0
myopic,27,65,5,12,1,1,91.99999988079071,12352.941175922751,6197.408747397045,169.53742917903816,486057.2650221883,147.95730716934838,0
myopic,27,64,5,12,1,1,91.99999988079071,12352.941175922751,6064.603762582053,168.55699921893032,501564.50893023633,147.95730716934838,0
myopic,27,63,5,12,1,1,91.99999988079071,12352.941175922751,5935.733633716776,154.2136638902816,515752.16598975856,149.66408283344634,0
myopic,27,62,5,12,1,1,91.99999988079071,12352.941175922751,5818.3158455503635,158.98181641754155,530378.4930812203,149.66408283344634,0
myopic,27,61,5,12,1,1,91.99999988079071,12352.941175922751,5699.636152192515,197.13143403832225,548514.5849892461,149.93764281533836,0
myopic,27,60,5,12,1,1,91.99999988079071,12352.941175922751,5548.747629540589,187.17401178962535,565734.5940515788,175.84600634426346,0
myopic,27,59,5,12,1,1,91.99999988079071,12352.941175922751,5407.887008225336,203.22830995352135,584431.5985430761,176.08019672204279,0
myopic,27,58,5,12,1,1,91.99999988079071,12352.941175922751,5249.324365727075,200.43332956010698,602871.4648387124,182.18293728047686,0
myopic,27,57,5,12,1,1,91.99999988079071,12352.941175922751,5096.08275612877,204.57636911931942,621692.4907733024,182.18293728047686,0
myopic,27,56,5,12,1,1,91.99999988079071,12352.941175922751,4940.359506441452,184.66167214771357,638681.3645888787,182.18293728047686,0
myopic,27,55,5,12,1,1,91.99999988079071,12352.941175922751,4795.1054304983645,215.60529317789366,658517.0515355428,184.4032916851394,0
myopic,27,54,5,12,1,1,91.99999988079071,12352.941175922751,4629.086843107207,202.65284690112404,677161.1134262881,184.4032916851394,0
myopic,27,53,5,12,1,1,91.99999988079071,12352.941175922751,4469.296831248119,193.2956445102523,694944.3126981887,184.4032916851394,0
myopic,27,52,5,12,1,1,91.99999988079071,12352.941175922751,4319.246385355578,211.4817342717622,714400.6322259803,184.4032916851394,0
myopic,27,51,5,12,1,1,91.99999988079071,12352.941175922751,4151.883197065945,207.7705391379428,733515.5218019028,186.63549510603517,0
myopic,27,50,5,12,1,1,91.99999988079071,12352.941175922751,3991.8937448682173,216.5464237239031,753437.7927586875,195.43755580295394,0
myopic,27,49,5,12,1,1,91.99999988079071,12352.941175922751,3824.392341875063,227.40611422666316,774359.1552404317,196.20027183670678,0
myopic,27,48,5,12,1,1,91.99999988079071,12352.941175922751,3648.568082482928,220.6045655800951,794654.7752475023,196.20027183670678,0
myopic,27,47,5,12,1,1,91.99999988079071,12352.941175922751,3475.851380346766,216.9289026188522,814612.2342625767,199.91319423353335,0
myopic,27,46,5,12,1,1,91.99999988079071,12352.941175922751,3309.5228932406053,229.68743344861593,835743.4781124685,199.91319423353335,0
myopic,27,45,5,12,1,1,91.99999988079071,12352.941175922751,3129.0569755803235,225.22750771844602,856464.4087957164,199.91319423353335,0
myopic,27,44,5,12,1,1,91.99999988079071,12352.941175922751,2951.029946683184,215.24873379173806,876267.2922788966,200.5032029124764,0
myopic,27,43,5,12,1,1,91.99999988079071,12352.941175922751,2782.557231812867,216.23625164133304,896161.0274041218,200.5032029124764,0
myopic,27,42,5,12,1,1,91.99999988079071,12352.941175922751,2610.0527903433676,219.292694746109,916335.9552946221,200.5032029124764,0
myopic,27,41,5,12,1,1,91.99999988079071,12352.941175922751,2441.6333281664756,220.93855269740243,936662.3021164451,203.90988037788304,0
myopic,27,40,5,12,1,1,91.99999988079071,12352.941175922751,2268.7696233556344,230.91673825049122,957906.6420079629,203.90988037788304,0
myopic,27,39,5,12,1,1,91.99999988079071,12352.941175922751,2087.2108658843254,234.4878905377612,979479.5279094838,203.90988037788304,0
myopic,27,38,5,12,1,1,91.99999988079071,12352.941175922751,1901.26246924297,232.66575045791015,1000884.7769238756,211.06427502110148,0
myopic,27,37,5,12,1,1,91.99999988079071,12352.941175922751,1718.1646419333392,227.88896518438804,1021850.5616936728,211.06427502110148,0
myopic,27,36,5,12,1,1,91.99999988079071,12352.941175922751,1536.8176965978582,235.19119842470352,1043488.1519207086,211.3777930168817,0
myopic,27,35,5,12,1,1,91.99999988079071,12352.941175922751,1348.3830921898352,222.17800503343932,1063928.5283572993,211.3777930168817,0
myopic,27,34,5,12,1,1,91.99999988079071,12352.941175922751,1171.391736632675,239.2632721908895,1085940.7493703386,211.3777930168817,0
myopic,27,33,5,12,1,1,91.99999988079071,12352.941175922751,978.3950861810663,227.12579623731844,1106836.3225970964,211.3777930168817,0
myopic,27,32,5,12,1,1,91.99999988079071,12352.941175922751,797.1081692021926,248.87888260038946,1129733.1797666636,211.3777930168817,0
myopic,27,31,5,12,1,1,91.99999988079071,12352.941175922751,595.5402343618625,224.76763534083946,1150411.8021912265,215.8582445896582,0
myopic,27,30,5,12,1,1,91.99999988079071,10000.0,410.82899203831585,0.0,1150411.8021912265,217.62011982881515,0
myopic,27,29,5,12,1,1,91.99999988079071,10000.0,410.82899203831585,0.0,1150411.8021912265,228.32407060173463,0
myopic,27,28,5,12,1,1,91.99999988079071,10000.0,410.82899203831585,0.0,1150411.8021912265,228.32407060173463,0
myopic,27,27,5,12,1,1,91.99999988079071,10000.0,410.82899203831585,0.0,1150411.8021912265,228.74480880120169,0
myopic,27,26,5,12,1,1,91.99999988079071,10000.0,410.82899203831585,0.0,1150411.8021912265,228.74480880120169,0
myopic,27,25,5,12,1,1,91.99999988079071,10000.0,410.82899203831585,0.0,1150411.8021912265,232.96745592437514,0
myopic,27,24,5,12,1,1,91.99999988079071,10000.0,410.82899203831585,0.0,1150411.8021912265,236.4388957050125,0
myopic,27,23,5,12,1,1,91.99999988079071,10000.0,410.82899203831585,0.0,1150411.8021912265,238.0786546384911,0
myopic,27,22,5,12,1,1,91.99999988079071,10000.0,410.82899203831585,0.0,1150411.8021912265,240.89903206973992,0
myopic,27,21,5,12,1,1,91.99999988079071,10000.0,410.82899203831585,0.0,1150411.8021912265,240.89903206973992,0
myopic,27,20,5,12,1,1,91.99999988079071,10000.0,410.82899203831585,0.0,1150411.8021912265,240.89903206973992,0
myopic,27,19,5,12,1,1,91.99999988079071,10000.0,410.82899203831585,0.0,1150411.8021912265,240.89903206973992,0
myopic,27,18,5,12,1,1,91.99999988079071,10000.0,410.82899203831585,0.0,1150411.8021912265,246.92805639126922,0
myopic,27,17,5,12,1,1,91.99999988079071,10000.0,410.82899203831585,0.0,1150411.8021912265,246.92805639126922,0
myopic,27,16,5,12,1,1,91.99999988079071,10000.0,410.82899203831585,0.0,1150411.8021912265,249.22632805170318,0
myopic,27,15,5,12,1,1,91.99999988079071,10000.0,410.82899203831585,0.0,1150411.8021912265,251.8711947131633,0
myopic,27,14,5,12,1,1,91.99999988079071,10000.0,410.82899203831585,0.0,1150411.8021912265,253.63584708782395,0
myopic,27,13,5,12,1,1,91.99999988079071,10000.0,410.82899203831585,0.0,1150411.8021912265,254.08714017232143,0
myopic,27,12,5,12,1,1,91.99999988079071,10000.0,410.82899203831585,0.0,1150411.8021912265,254.80629722425985,0
myopic,27,11,5,12,1,1,91.99999988079071,10000.0,410.82899203831585,0.0,1150411.8021912265,254.80629722425985,0
myopic,27,10,5,12,1,1,91.99999988079071,10000.0,410.82899203831585,0.0,1150411.8021912265,255.9433429025627,0
myopic,27,9,5,12,1,1,91.99999988079071,10000.0,410.82899203831585,0.0,1150411.8021912265,255.9433429025627,0
myopic,27,8,5,12,1,1,91.99999988079071,10000.0,410.82899203831585,0.0,1150411.8021912265,255.9433429025627,0
myopic,27,7,5,12,1,1,91.99999988079071,10000.0,410.82899203831585,0.0,1150411.8021912265,255.9433429025627,0
myopic,27,6,5,12,1,1,91.99999988079071,10000.0,410.82899203831585,0.0,1150411.8021912265,255.9433429025627,0
myopic,27,5,5,12,1,1,91.99999988079071,10000.0,410.82899203831585,0.0,1150411.8021912265,230.04512928449802,0
myopic,27,4,5,12,1,1,91.99999988079071,10000.0,410.82899203831585,0.0,1150411.8021912265,226.42549507794118,0
myopic,27,3,5,12,1,1,91.99999988079071,10000.0,410.82899203831585,0.0,1150411.8021912265,215.56234262596197,0
myopic,27,2,5,12,1,1,91.99999988079071,10000.0,410.82899203831585,0.0,1150411.8021912265,203.8312723170848,0
myopic,27,1,5,12,1,1,91.99999988079071,10000.0,410.82899203831585,0.0,1150411.8021912265,196.37128488998587,0
myopic,28,100,2,12,0,1,91.99999988079071,12352.941175922751,10000.0,82.1855500378809,7561.070593687762,78.34826956228913,0
myopic,28,99,2,12,0,1,91.99999988079071,12352.941175922751,9945.13904454546,83.18167904129116,15213.785055570519,78.34826956228913,0
myopic,28,98,2,12,0,1,91.99999988079071,12352.941175922751,9889.822944071566,78.85348842418011,22468.305981195022,78.34826956228913,0
myopic,28,97,2,12,0,1,91.99999988079071,12352.941175922751,9836.427818815333,81.71465197034587,29986.0539527257,80.43164846582134,0
myopic,28,96,2,12,0,1,91.99999988079071,12352.941175922751,9783.19209602645,91.34286509029975,38389.597530144354,80.43164846582134,0
myopic,28,95,2,12,0,1,91.99999988079071,12352.941175922751,9720.56566293973,87.99344422927204,46484.99438874774,80.76388620962199,0
myopic,28,94,2,12,0,1,91.99999988079071,12352.941175922751,9662.263147388085,71.12054829170528,53028.0848231064,80.76388620962199,0
myopic,28,93,2,12,0,1,91.99999988079071,12352.941175922751,9614.503389925087,87.04843405114063,61036.54074543436,81.2516721329647,0
myopic,28,92,2,12,0,1,91.99999988079071,12352.941175922751,9556.20384898776,103.44138142245171,70553.14782396874,81.68189079408234,0
myopic,28,91,2,12,0,1,91.99999988079071,12352.941175922751,9489.79134076347,88.08263864046987,78656.7505683917,81.68189079408234,0
myopic,28,90,2,12,0,1,91.99999988079071,12352.941175922751,9430.11778489599,101.99014937611567,88039.84429883616,82.82831677780638,0
myopic,28,89,2,12,0,1,91.99999988079071,12352.941175922751,9361.920338894553,82.86489745125083,95663.41485447297,82.82831677780638,0
myopic,28,88,2,12,0,1,91.99999988079071,12352.941175922751,9307.62247845826,86.68720608842415,103638.63780427407,82.82831677780638,0
myopic,28,87,2,12,0,1,91.99999988079071,12352.941175922751,9249.666668002752,96.62716928673456,112528.3373671348,84.56293398444693,0
myopic,28,86,2,12,0,1,91.99999988079071,12352.941175922751,9185.027843185746,94.18955965967331,121193.77684459646,84.56293398444693,0
myopic,28,85,2,12,0,1,91.99999988079071,12352.941175922751,9121.735211601239,89.76596424167658,129452.24554412976,84.8282916403851,0
myopic,28,84,2,12,0,1,91.99999988079071,12352.941175922751,9061.683024449809,80.01044227166811,136813.20622358524,87.66566629607894,0
myopic,28,83,2,12,0,1,91.99999988079071,12352.941175922751,9008.93514974898,102.15584691971586,146211.54412802117,87.66566629607894,0
myopic,28,82,2,12,0,1,91.99999988079071,12352.941175922751,8939.858421488476,106.72747648888149,156030.47195227537,87.66566629607894,0
myopic,28,81,2,12,0,1,91.99999988079071,12352.941175922751,8870.320417082818,102.64507844209437,165473.8191567118,88.02391932314761,0
myopic,28,80,2,12,0,1,91.99999988079071,12352.941175922751,8802.635679170253,103.43100823525783,174989.4719020256,88.02391932314761,0
myopic,28,79,2,12,0,1,91.99999988079071,12352.941175922751,8735.630324056465,92.3645248043894,183487.00817301872,89.41124357506565,0
myopic,28,78,2,12,0,1,91.99999988079071,12352.941175922751,8673.774998104713,86.37195761839894,191433.22826361508,89.85798532780689,0
myopic,28,77,2,12,0,1,91.99999988079071,12352.941175922751,8616.576491045467,115.37035331703743,202047.3007550293,91.10061121112462,0
myopic,28,76,2,12,0,1,91.99999988079071,12352.941175922751,8537.204282764738,102.72195721722203,211497.72080676834,91.10061121112462,0
myopic,28,75,2,12,0,1,91.99999988079071,12352.941175922751,8468.179975767867,95.89687674354056,220320.23345574227,91.10061121112462,0
myopic,28,74,2,12,0,1,91.99999988079071,12352.941175922751,8403.72630615895,120.58344829708582,231413.9106846995,91.10061121112462,0
myopic,28,73,2,12,0,1,91.99999988079071,12352.941175922751,8321.168248703896,106.36969619542798,241199.92272199862,91.59938678561403,0
myopic,28,72,2,12,0,1,91.99999988079071,12352.941175922751,8249.363766228907,103.28457817715706,250702.10390198458,91.59938678561403,0
myopic,28,71,2,12,0,1,91.99999988079071,12352.941175922751,8178.321887703066,99.93519611170991,259896.1419323487,93.48039800843478,0
myopic,28,70,2,12,0,1,91.99999988079071,12352.941175922751,8109.943719420677,101.86266921352785,269267.50748785026,93.48039800843478,0
myopic,28,69,2,12,0,1,91.99999988079071,12352.941175922751,8040.5118226515815,99.60222947626845,278430.9125877934,93.48039800843478,0
myopic,28,68,2,12,0,1,91.99999988079071,12352.941175922751,7971.654183867969,104.61328831142876,288055.335099974,95.11469441166237,0
myopic,28,67,2,12,0,1,91.99999988079071,12352.941175922751,7898.781913784892,108.59489437603871,298046.06536962406,95.11469441166237,0
myopic,28,66,2,12,0,1,91.99999988079071,12352.941175922751,7825.411046108985,108.77837233399526,308053.6756113842,96.29318018780998,0
myopic,28,65,2,12,0,1,91.99999988079071,12352.941175922751,7750.1660600648775,114.83650835831453,318618.63436665956,96.29318018780998,0
myopic,28,64,2,12,0,1,91.99999988079071,12352.941175922751,7670.738388347347,109.5081464139944,328693.3838236927,96.29318018780998,0
myopic,28,63,2,12,0,1,91.99999988079071,12352.941175922751,7593.477244622802,114.29226976511829,339208.27262845886,96.29318018780998,0
myopic,28,62,2,12,0,1,91.99999988079071,12352.941175922751,7514.737197754804,118.86960561558843,350144.2763309226,96.29318018780998,0
myopic,28,61,2,12,0,1,91.99999988079071,12352.941175922751,7432.829367116011,132.4369237081295,362328.4732962828,96.40873891602581,0
myopic,28,60,2,12,0,1,91.99999988079071,12352.941175922751,7339.462461129095,133.73285257146202,374631.89571691514,121.48371342624034,0
myopic,28,59,2,12,0,1,91.99999988079071,12352.941175922751,7249.28073160025,133.5732128609943,386920.63128420344,121.717787817549,0
myopic,28,58,2,12,0,1,91.99999988079071,12352.941175922751,7156.123117560813,145.87477500946673,400341.11056768475,121.717787817549,0
myopic,28,57,2,12,0,1,91.99999988079071,12352.941175922751,7055.32408105608,124.49915353168318,411795.03267775814,121.717787817549,0
myopic,28,56,2,12,0,1,91.99999988079071,12352.941175922751,6966.647051046795,140.2905976509263,424701.7676449194,121.717787817549,0
myopic,28,55,2,12,0,1,91.99999988079071,12352.941175922751,6866.908518536184,138.17117142530591,437413.5153995763,125.52438207732914,0
myopic,28,54,2,12,0,1,91.99999988079071,12352.941175922751,6769.992371766373,138.88727965068364,450191.1451108825,125.52438207732914,0
myopic,28,53,2,12,0,1,91.99999988079071,12352.941175922751,6672.565718374404,133.10083678706718,462436.4220794258,125.52438207732914,0
myopic,28,52,2,12,0,1,91.99999988079071,12352.941175922751,6578.048345351494,133.24363575283303,474694.8365528026,125.77567823347204,0
myopic,28,51,2,12,0,1,91.99999988079071,12352.941175922751,6486.0685246937355,138.59185200208654,487445.2869204731,127.57061847614774,0
myopic,28,50,2,12,0,1,91.99999988079071,12352.941175922751,6385.259833498976,118.25499349286324,498324.74630771944,127.57061847614774,0
myopic,28,49,2,12,0,1,91.99999988079071,12352.941175922751,6303.369213925765,122.24748741494308,509571.5151353212,127.56529444817109,0
myopic,28,48,2,12,0,1,91.99999988079071,12352.941175922751,6216.561020293473,135.04943747770298,521996.0633671707,127.56529444817109,0
myopic,28,47,2,12,0,1,91.99999988079071,12352.941175922751,6123.827748904724,149.44401388931846,535744.9126271729,127.56529444817109,0
myopic,28,46,2,12,0,1,91.99999988079071,12352.941175922751,6019.985322474736,161.05637614250568,550562.099213084,130.8145259896823,0
myopic,28,45,2,12,0,1,91.99999988079071,12352.941175922751,5904.436017070041,148.8867692513137,564259.6819664561,130.8145259896823,0
myopic,28,44,2,12,0,1,91.99999988079071,12352.941175922751,5798.830798024108,150.53333723115816,578108.7489737778,131.2339851260106,0
myopic,28,43,2,12,0,1,91.99999988079071,12352.941175922751,5690.823393549668,132.88679810338311,590334.3343834477,131.2339851260106,0
myopic,28,42,2,12,0,1,91.99999988079071,12352.941175922751,5596.385823482108,139.47375712622085,603165.9200224334,131.2339851260106,0
myopic,28,41,2,12,0,1,91.99999988079071,12352.941175922751,5496.929147073607,142.3975158623005,616266.49146479,134.1721664575167,0
myopic,28,40,2,12,0,1,91.99999988079071,12352.941175922751,5395.246827688218,146.12823546382035,629710.2891100416,134.1721664575167,0
myopic,28,39,2,12,0,1,91.99999988079071,12352.941175922751,5291.790332903518,155.12778136727823,643982.0449773385,134.1721664575167,0
myopic,28,38,2,12,0,1,91.99999988079071,12352.941175922751,5183.747252690706,140.37344074068096,656896.4015087474,135.24479254111014,0
myopic,28,37,2,12,0,1,91.99999988079071,12352.941175922751,5085.312141848438,152.6447869460979,670939.7218895917,135.24479254111014,0
myopic,28,36,2,12,0,1,91.99999988079071,12352.941175922751,4975.704229543803,149.3230018495859,684677.4380419529,135.3776796692217,0
myopic,28,35,2,12,0,1,91.99999988079071,12352.941175922751,4868.918777431192,150.87162292453928,698557.6273330252,135.3776796692217,0
myopic,28,34,2,12,0,1,91.99999988079071,12352.941175922751,4758.543782904121,150.1182648331416,712368.5076797787,135.3776796692217,0
myopic,28,33,2,12,0,1,91.99999988079071,12352.941175922751,4647.119587874532,158.73688921838837,726972.3014689476,135.3776796692217,0
myopic,28,32,2,12,0,1,91.99999988079071,12352.941175922751,4532.074062390162,145.64419485888544,740371.5673786029,137.67563429490323,0
myopic,28,31,2,12,0,1,91.99999988079071,12352.941175922751,4427.707608969005,166.21130181271522,755663.0071255588,146.59908961842842,0
myopic,28,30,2,12,0,1,91.99999988079071,12352.941175922751,4306.558831005331,167.39872599126807,771063.6898968,146.67867998707746,0
myopic,28,29,2,12,0,1,91.99999988079071,12352.941175922751,4186.621645831137,165.40329626861703,786280.7931337951,149.0471367442043,0
myopic,28,28,2,12,0,1,91.99999988079071,12352.941175922751,4065.2813455843007,160.55471479897392,801051.8268761612,149.0471367442043,0
myopic,28,27,2,12,0,1,91.99999988079071,12352.941175922751,3947.5840627337247,159.34193538238642,815711.2849123457,149.46787494367135,0
myopic,28,26,2,12,0,1,91.99999988079071,12352.941175922751,3828.272342281647,178.85866981791585,832166.2825142724,149.46787494367135,0
myopic,28,25,2,12,0,1,91.99999988079071,12352.941175922751,3694.2649045245853,177.64885419726747,848509.9770792436,154.18295349612166,0
myopic,28,24,2,12,0,1,91.99999988079071,12352.941175922751,3560.197403520695,164.84332454532625,863675.5629177628,154.86606328959272,0
myopic,28,23,2,12,0,1,91.99999988079071,12352.941175922751,3438.6450771573827,179.53686674141616,880192.9546365706,155.75897319641388,0
myopic,28,22,2,12,0,1,91.99999988079071,12352.941175922751,3301.9221921948174,191.92264605455958,897849.8380507112,158.80352394212818,0
myopic,28,21,2,12,0,1,91.99999988079071,12352.941175922751,3156.1580984904012,170.57454078990196,913542.6957830482,158.80352394212818,0
myopic,28,20,2,12,0,1,91.99999988079071,12352.941175922751,3027.1878865801127,183.42313354996378,930417.6240477791,158.80352394212818,0
myopic,28,19,2,12,0,1,91.99999988079071,12352.941175922751,2888.3619114413113,180.3165992389031,947006.7511562628,158.80352394212818,0
myopic,28,18,2,12,0,1,91.99999988079071,12352.941175922751,2758.1078733255736,167.2496523582304,962393.7191532823,163.45135432315968,0
myopic,28,17,2,12,0,1,91.99999988079071,12352.941175922751,2626.373635110467,175.9335404350701,978579.6048523359,163.45135432315968,0
myopic,28,16,2,12,0,1,91.99999988079071,12352.941175922751,2492.2098592006705,177.95564108940962,994951.5238113475,163.48588367478033,0
myopic,28,15,2,12,0,1,91.99999988079071,12352.941175922751,2355.0294455830553,178.44642557455472,1011368.5949429341,166.63305223218825,0
myopic,28,14,2,12,0,1,91.99999988079071,12352.941175922751,2219.0840995324334,179.08933359734604,1027844.8136125408,167.6035577215017,0
myopic,28,13,2,12,0,1,91.99999988079071,12352.941175922751,2080.9827850335832,194.94005754198807,1045779.2988831651,168.05485080599917,0
myopic,28,12,2,12,0,1,91.99999988079071,12352.941175922751,1928.6433680370956,186.2346426893577,1062912.8859883852,169.09384479432455,0
myopic,28,11,2,12,0,1,91.99999988079071,12352.941175922751,1782.4386751207603,196.92308993050327,1081029.8102385164,169.09384479432455,0
myopic,28,10,2,12,0,1,91.99999988079071,12352.941175922751,1625.9748315452798,190.78531056228834,1098582.0587875035,170.63726322604822,0
myopic,28,9,2,12,0,1,91.99999988079071,12352.941175922751,1477.049918782035,179.00908897218685,1115050.8949516052,170.84305227950415,0
myopic,28,8,2,12,0,1,91.99999988079071,12352.941175922751,1333.6310349936466,189.79156328406594,1132511.7187511143,170.84305227950415,0
myopic,28,7,2,12,0,1,91.99999988079071,12352.941175922751,1178.9187943625184,185.49441133112094,1149577.2045714648,170.84305227950415,0
myopic,28,6,2,12,0,1,91.99999988079071,12352.941175922751,1028.7342743089193,169.55401168151306,1165176.1736259516,170.84305227950415,0
myopic,28,5,2,12,0,1,91.99999988079071,12352.941175922751,891.7636781485435,163.14322120183533,1180185.3499570724,155.39122305741984,0
myopic,28,4,2,12,0,1,91.99999988079071,12352.941175922751,758.7232239485638,156.67376896117014,1194599.336682823,149.0674834074808,0
myopic,28,3,2,12,0,1,91.99999988079071,12352.941175922751,631.5767788787853,144.1514935462986,1207861.2740718983,142.23678861945825,0
myopic,28,2,2,12,0,1,91.99999988079071,12352.941175922751,511.80270975258827,149.6491596030143,1221628.996737536,135.31638940994628,0
myopic,28,1,2,12,0,1,91.99999988079071,10000.0,384.8895071054794,0.0,1221628.996737536,127.3584148712835,0
myopic,29,100,3,12,0,1,91.99999988079071,12352.941175922751,10000.0,85.16957345671698,7835.600747864957,78.9152323625027,0
myopic,29,99,3,12,0,1,91.99999988079071,12352.941175922751,9944.07556792555,86.99202180228619,15838.866743305029,78.9152323625027,0
myopic,29,98,3,12,0,1,91.99999988079071,12352.941175922751,9886.945041971221,90.6515407409103,24178.808480662272,78.9152323625027,0
myopic,29,97,3,12,0,1,91.99999988079071,12352.941175922751,9827.146005056926,92.820716039453,32718.314345226856,80.54394018700624,0
myopic,29,96,3,12,0,1,91.99999988079071,12352.941175922751,9766.523309666725,85.75501121477738,40607.775366763584,80.54394018700624,0
myopic,29,95,3,12,0,1,91.99999988079071,12352.941175922751,9710.655511843213,75.28060060477131,47533.5906134284,80.87617793080689,0
myopic,29,94,3,12,0,1,91.99999988079071,12352.941175922751,9662.869194827066,89.65586182638674,55781.929890768166,80.87617793080689,0
myopic,29,93,3,12,0,1,91.99999988079071,12352.941175922751,9604.283928285595,83.60532796068041,63473.62005318423,81.3639638541496,0
myopic,29,92,3,12,0,1,91.99999988079071,12352.941175922751,9549.325566135258,92.98821308349075,72028.53564578033,81.79418251526724,0
myopic,29,91,3,12,0,1,91.99999988079071,12352.941175922751,9486.844891608542,96.39104324125809,80896.51161248537,81.79418251526724,0
myopic,29,90,3,12,0,1,91.99999988079071,12352.941175922751,9421.59757367976,114.76307607165744,91454.71459739702,82.94060849899128,0
myopic,29,89,3,12,0,1,91.99999988079071,12352.941175922751,9344.656362136811,92.13784455016275,99931.3962850283,82.94060849899128,0
myopic,29,88,3,12,0,1,91.99999988079071,12352.941175922751,9285.649579763538,79.33156240937343,107229.9000172336,82.94060849899128,0
myopic,29,87,3,12,0,1,91.99999988079071,12352.941175922751,9230.621802637828,114.77033824311657,117788.77112191863,84.67522570563183,0
myopic,29,86,3,12,0,1,91.99999988079071,12352.941175922751,9153.169633119183,92.45262430179781,126294.41254666282,84.67522570563183,0
myopic,29,85,3,12,0,1,91.99999988079071,12352.941175922751,9090.576375284852,79.92240400728677,133647.2737058057,84.94058336157,0
myopic,29,84,3,12,0,1,91.99999988079071,12352.941175922751,9037.435312270885,92.96129234467176,142199.71259043366,87.77795801726384,0
myopic,29,83,3,12,0,1,91.99999988079071,12352.941175922751,8973.085623217972,88.27471933285254,150320.98675853293,87.77795801726384,0
myopic,29,82,3,12,0,1,91.99999988079071,12352.941175922751,8913.282220416342,102.39010609356922,159740.87650693546,87.77795801726384,0
myopic,29,81,3,12,0,1,91.99999988079071,12352.941175922751,8842.970610655277,93.16505031009714,168312.06112435827,88.13621104433251,0
myopic,29,80,3,12,0,1,91.99999988079071,12352.941175922751,8780.864008926008,80.70376232717086,175736.80724883734,88.13621104433251,0
myopic,29,79,3,12,0,1,91.99999988079071,12352.941175922751,8725.232151559723,108.0650238426543,185678.7894294792,89.52353529625056,0
myopic,29,78,3,12,0,1,91.99999988079071,12352.941175922751,8652.72757507637,101.81840265687926,195046.08246177438,89.97027704899179,0
myopic,29,77,3,12,0,1,91.99999988079071,12352.941175922751,8585.474431045961,98.29520262874601,204089.24109190132,91.21290293230952,0
myopic,29,76,3,12,0,1,91.99999988079071,12352.941175922751,8517.90866183162,96.1021352828731,212930.63752646936,91.21290293230952,0
myopic,29,75,3,12,0,1,91.99999988079071,12352.941175922751,8452.509138388907,108.76914821150808,222937.39914896182,91.21290293230952,0
myopic,29,74,3,12,0,1,91.99999988079071,12352.941175922751,8377.692373677664,95.61335021536635,231733.82735737754,91.21290293230952,0
myopic,29,73,3,12,0,1,91.99999988079071,12352.941175922751,8310.727467556884,114.71283901143627,242287.40853275484,91.71167850679893,0
myopic,29,72,3,12,0,1,91.99999988079071,12352.941175922751,8231.060634511312,107.38294074818478,252166.63906878678,91.71167850679893,0
myopic,29,71,3,12,0,1,91.99999988079071,12352.941175922751,8156.731663352023,109.63238566852102,262252.8185372215,93.59268972961968,0
myopic,29,70,3,12,0,1,91.99999988079071,12352.941175922751,8083.375001452715,111.21390125026177,272484.4974389879,93.59268972961968,0
myopic,29,69,3,12,0,1,91.99999988079071,12352.941175922751,8008.252219692036,105.96934213608598,282233.67690287525,93.59268972961968,0
myopic,29,68,3,12,0,1,91.99999988079071,12352.941175922751,7935.595779156682,108.16654290500982,292184.99883724167,95.22698613284727,0
myopic,29,67,3,12,0,1,91.99999988079071,12352.941175922751,7859.005582601203,109.92336454003448,302297.94836182095,95.22698613284727,0
myopic,29,66,3,12,0,1,91.99999988079071,12352.941175922751,7783.432163621943,111.01685913811261,312511.4993892931,96.40547190899488,0
myopic,29,65,3,12,0,1,91.99999988079071,12352.941175922751,7706.675282580323,92.4303174432166,321015.08858305047,96.40547190899488,0
myopic,29,64,3,12,0,1,91.99999988079071,12352.941175922751,7644.902410360704,101.39352532433196,330343.292900802,96.40547190899488,0
myopic,29,63,3,12,0,1,91.99999988079071,12352.941175922751,7572.41773581291,103.41242922022496,339857.236376735,96.40547190899488,0
myopic,29,62,3,12,0,1,91.99999988079071,12352.941175922751,7499.922170745429,116.00592715834294,350529.78166147356,96.40547190899488,0
myopic,29,61,3,12,0,1,91.99999988079071,12352.941175922751,7421.282774925718,144.05182062863676,363782.54914213583,96.52103063721071,0
myopic,29,60,3,12,0,1,91.99999988079071,12352.941175922751,7319.648957176725,137.80292342385445,376460.41808070306,121.59600514742525,0
myopic,29,59,3,12,0,1,91.99999988079071,12352.941175922751,7222.09686018056,116.95623354910856,387220.3915532788,121.8300795387339,0
myopic,29,58,3,12,0,1,91.99999988079071,12352.941175922751,7140.253958036261,121.01972909753943,398354.2066158257,121.8300795387339,0
myopic,29,57,3,12,0,1,91.99999988079071,12352.941175922751,7055.182958650195,132.00154747389928,410498.3489676886,121.8300795387339,0
myopic,29,56,3,12,0,1,91.99999988079071,12352.941175922751,6963.468601267327,142.2384540099442,423584.28671964735,121.8300795387339,0
myopic,29,55,3,12,0,1,91.99999988079071,12352.941175922751,6866.897329798459,138.23114179321166,436301.5517481444,125.63667379851404,0
myopic,29,54,3,12,0,1,91.99999988079071,12352.941175922751,6766.383819503908,145.9195982643615,449726.1547710707,125.63667379851404,0
myopic,29,53,3,12,0,1,91.99999988079071,12352.941175922751,6665.4075113535455,141.29216022209755,462725.03349466034,125.63667379851404,0
myopic,29,52,3,12,0,1,91.99999988079071,12352.941175922751,6566.083052850163,143.8881590476545,475962.74410989176,125.88796995465694,0
myopic,29,51,3,12,0,1,91.99999988079071,12352.941175922751,6466.558146046748,143.7093589878602,489184.0051196434,127.68291019733265,0
myopic,29,50,3,12,0,1,91.99999988079071,12352.941175922751,6364.855189199556,130.57095077279527,501196.5325751753,127.68291019733265,0
myopic,29,49,3,12,0,1,91.99999988079071,12352.941175922751,6271.214533253822,150.90349056850596,515079.6536894887,127.67758616935599,0
myopic,29,48,3,12,0,1,91.99999988079071,12352.941175922751,6162.018388062765,118.80985270805287,526010.1601244663,127.67758616935599,0
myopic,29,47,3,12,0,1,91.99999988079071,12352.941175922751,6076.978823868549,146.41799948856126,539480.6160599595,127.67758616935599,0
myopic,29,46,3,12,0,1,91.99999988079071,12352.941175922751,5972.920105993026,142.0947937246007,552553.3370656838,130.9268177108672,0
myopic,29,45,3,12,0,1,91.99999988079071,12352.941175922751,5870.695434112747,149.3489309324001,566293.4386936608,130.9268177108672,0
myopic,29,44,3,12,0,1,91.99999988079071,12352.941175922751,5765.106627283497,145.70562431300698,579698.356113088,131.3462768471955,0
myopic,29,43,3,12,0,1,91.99999988079071,12352.941175922751,5661.01404788437,137.94847046631185,592389.615379544,131.3462768471955,0
myopic,29,42,3,12,0,1,91.99999988079071,12352.941175922751,5561.272001050854,142.57172898662364,605506.2144293175,131.3462768471955,0
myopic,29,41,3,12,0,1,91.99999988079071,12352.941175922751,5461.7407415801235,142.86835253598736,618650.1028455971,134.2844581787016,0
myopic,29,40,3,12,0,1,91.99999988079071,12352.941175922751,5361.807711432845,154.50752366076688,632864.7950039689,134.2844581787016,0
myopic,29,39,3,12,0,1,91.99999988079071,12352.941175922751,5250.596178606869,156.3462852948665,647248.6532324586,134.2844581787016,0
myopic,29,38,3,12,0,1,91.99999988079071,12352.941175922751,5141.281107416426,161.279741166515,662086.3894005519,135.35708426229505,0
myopic,29,37,3,12,0,1,91.99999988079071,12352.941175922751,5023.248134777335,139.3215582940523,674903.9727469963,135.35708426229505,0
myopic,29,36,3,12,0,1,91.99999988079071,12352.941175922751,4918.693258284436,142.73606794552907,688035.6909809696,135.4899713904066,0
myopic,29,35,3,12,0,1,91.99999988079071,12352.941175922751,4816.559573888078,147.19373344345883,701577.5144402209,135.4899713904066,0
myopic,29,34,3,12,0,1,91.99999988079071,12352.941175922751,4708.244737862428,155.45877430256866,715879.721657525,135.4899713904066,0
myopic,29,33,3,12,0,1,91.99999988079071,12352.941175922751,4590.379144429426,144.10666757858493,729137.535057576,135.4899713904066,0
myopic,29,32,3,12,0,1,91.99999988079071,12352.941175922751,4487.7396837725155,163.27521329535955,744158.8546612852,137.78792601608814,0
myopic,29,31,3,12,0,1,91.99999988079071,12352.941175922751,4370.037209012966,150.09802607572402,757967.8730423587,146.71138133961333,0
myopic,29,30,3,12,0,1,91.99999988079071,12352.941175922751,4259.333167584109,174.1137598418197,773986.3389270501,146.79097170826236,0
myopic,29,29,3,12,0,1,91.99999988079071,12352.941175922751,4132.252588449641,157.47413504354208,788473.9593322836,149.1594284653892,0
myopic,29,28,3,12,0,1,91.99999988079071,12352.941175922751,4015.8383164970464,161.08917441767076,803294.1633595059,149.1594284653892,0
myopic,29,27,3,12,0,1,91.99999988079071,12352.941175922751,3894.0274066119628,164.0303211703156,818384.952887621,149.58016666485625,0
myopic,29,26,3,12,0,1,91.99999988079071,12352.941175922751,3774.1577345760998,188.28794952133725,835707.4442211384,149.58016666485625,0
myopic,29,25,3,12,0,1,91.99999988079071,12352.941175922751,3634.7215604931307,156.49309907675269,850104.8093175442,154.29524521730656,0
myopic,29,24,3,12,0,1,91.99999988079071,12352.941175922751,3516.3166671232702,171.17329061380096,865852.7520336085,154.97835501077762,0
myopic,29,23,3,12,0,1,91.99999988079071,12352.941175922751,3386.374721189418,173.4624092211474,881811.2936612758,155.87126491759878,0
myopic,29,22,3,12,0,1,91.99999988079071,12352.941175922751,3255.4616959555015,175.51622853948362,897958.7866659851,158.91581566331308,0
myopic,29,21,3,12,0,1,91.99999988079071,12352.941175922751,3120.9322908839576,156.37939785605155,912345.6912501,158.91581566331308,0
myopic,29,20,3,12,0,1,91.99999988079071,12352.941175922751,3001.9963369379966,174.21828014518138,928373.7730026883,158.91581566331308,0
myopic,29,19,3,12,0,1,91.99999988079071,12352.941175922751,2865.4302672208314,173.32789671802385,944319.9394800842,158.91581566331308,0
myopic,29,18,3,12,0,1,91.99999988079071,12352.941175922751,2730.733090062872,186.85641378882133,961510.7295263808,163.56364604434458,0
myopic,29,17,3,12,0,1,91.99999988079071,12352.941175922751,2588.8927600355673,184.1632192939299,978453.7456794684,163.56364604434458,0
myopic,29,16,3,12,0,1,91.99999988079071,12352.941175922751,2445.468617530265,193.1519742757825,996223.7272898149,163.59817539596523,0
myopic,29,15,3,12,0,1,91.99999988079071,12352.941175922751,2294.453302619624,183.40759270244982,1013097.2257965764,166.74534395337315,0
myopic,29,14,3,12,0,1,91.99999988079071,12352.941175922751,2151.1901525018848,179.40140530628693,1029602.1550633685,167.7158494426866,0
myopic,29,13,3,12,0,1,91.99999988079071,12352.941175922751,2013.2937110140629,181.7962188469146,1046327.4071756129,168.16714252718407,0
myopic,29,12,3,12,0,1,91.99999988079071,12352.941175922751,1872.542775467352,178.7499284097659,1062772.4005680026,169.09384479432455,0
myopic,29,11,3,12,0,1,91.99999988079071,12352.941175922751,1729.3730474083895,172.81166264191907,1078671.0735104585,169.09384479432455,0
myopic,29,10,3,12,0,1,91.99999988079071,12352.941175922751,1592.3921072029552,190.6349249482369,1096209.4865829707,170.63726322604822,0
myopic,29,9,3,12,0,1,91.99999988079071,12352.941175922751,1443.556751858474,198.38487020771584,1114460.8946184313,170.84305227950415,0
myopic,29,8,3,12,0,1,91.99999988079071,12352.941175922751,1287.4248267499715,189.03975638777985,1131852.5521835717,170.84305227950415,0
myopic,29,7,3,12,0,1,91.99999988079071,12352.941175922751,1139.2063065507155,176.16391709583237,1148059.632535388,170.84305227950415,0
myopic,29,6,3,12,0,1,91.99999988079071,12352.941175922751,998.5117240565778,172.7272279507175,1163950.5374862633,170.84305227950415,0
myopic,29,5,3,12,0,1,91.99999988079071,12352.941175922751,856.0276433377403,153.69188708829773,1178090.1910800652,155.39122305741984,0
myopic,29,4,3,12,0,1,91.99999988079071,12352.941175922751,729.1778015450727,151.29043447867394,1192008.911034068,149.0674834074808,0
myopic,29,3,3,12,0,1,91.99999988079071,12352.941175922751,603.3649416464286,154.17132951402988,1206192.6733309801,142.23678861945825,0
myopic,29,2,3,12,0,1,91.99999988079071,10000.0,474.3773193221059,0.0,1206192.6733309801,135.31638940994628,0
myopic,29,1,3,12,0,1,91.99999988079071,10000.0,474.3773193221059,0.0,1206192.6733309801,127.3584148712835,0
