policy,seed,days_prior,dow,month,weekend,peak_month,price,selling_limit,remain,accepted,cum_revenue,base_demand,is_soft
monotone_clamp_retrained,0,100,2,12,0,1,80.11198163032532,11885.76877117157,10000.0,86.92319968536508,6963.5897764430665,78.34826956228913,0
monotone_clamp_retrained,0,99,2,12,0,1,80.12182116508484,11686.860769987106,9942.923297667288,97.36792836225096,14764.88551989813,78.34826956228913,0
monotone_clamp_retrained,0,98,2,12,0,1,80.13320922851562,11616.562902927399,9881.024486772356,97.85633993207364,22606.428082011735,78.34826956228913,0
monotone_clamp_retrained,0,97,2,12,0,1,80.1437771320343,11546.077728271484,9817.371715891906,93.73833447909637,30118.97226923252,80.43164846582134,0
monotone_clamp_retrained,0,96,2,12,0,1,80.15320658683777,11544.000655412674,9755.500675337187,97.46833493682688,37931.3718550991,80.43164846582134,0
monotone_clamp_retrained,0,95,2,12,0,1,80.16892433166504,11619.438529014587,9689.963956486488,108.3236100294651,46615.55915088408,80.76388620962199,0
monotone_clamp_retrained,0,94,2,12,0,1,80.18309831619263,11682.762205600739,9617.737269132766,111.50525667700914,55556.396109789,80.76388620962199,0
monotone_clamp_retrained,0,93,2,12,0,1,80.1959776878357,11732.261776924133,9544.028166413882,103.9055312082558,63889.201772208995,81.2516721329647,0
monotone_clamp_retrained,0,92,2,12,0,1,80.20660400390625,11787.548959255219,9473.302769481355,101.83513329853281,72057.05198236942,81.68189079408234,0
monotone_clamp_retrained,0,91,2,12,0,1,80.21201491355896,11841.912567615509,9405.912751945181,95.12257973335,79687.0257665571,81.68189079408234,0
monotone_clamp_retrained,0,90,2,12,0,1,80.21201491355896,11833.007335662842,9342.54713258099,104.25794373117773,88049.76550397932,82.82831677780638,0
monotone_clamp_retrained,0,89,2,12,0,1,80.21201491355896,11840.746998786926,9273.722299302708,100.82297814444364,96136.97973053086,82.82831677780638,0
monotone_clamp_retrained,0,88,2,12,0,1,80.21201491355896,11856.144815683365,9206.016383364547,108.9696595805326,104877.65568992999,82.82831677780638,0
monotone_clamp_retrained,0,87,2,12,0,1,80.21201491355896,11871.574074029922,9132.252812949848,107.48587657536551,113499.31442479017,84.56293398444693,0
monotone_clamp_retrained,0,86,2,12,0,1,80.2128005027771,11891.61941409111,9060.535987398505,103.93355452720581,121836.11589962544,84.56293398444693,0
monotone_clamp_retrained,0,85,2,12,0,1,80.21506547927856,11909.874975681305,8989.29745426473,120.42662906644509,131496.14583563912,84.8282916403851,0
monotone_clamp_retrained,0,84,2,12,0,1,80.21506547927856,11926.233917474747,8909.649544836546,120.5905701025915,141169.32631260203,87.66566629607894,0
monotone_clamp_retrained,0,83,2,12,0,1,80.21506547927856,11945.863664150238,8825.995349462679,114.72967111028242,150372.37439312943,87.66566629607894,0
monotone_clamp_retrained,0,82,2,12,0,1,80.21506547927856,11965.932548046112,8747.74568063031,106.41110656764509,158908.14827417556,87.66566629607894,0
monotone_clamp_retrained,0,81,2,12,0,1,80.21506547927856,11984.67880487442,8673.595966178586,124.60455561553623,168903.3108618922,88.02391932314761,0
monotone_clamp_retrained,0,80,2,12,0,1,80.21506547927856,12002.966701984406,8586.17277128257,121.16002088752802,178622.16987085604,88.02391932314761,0
monotone_clamp_retrained,0,79,2,12,0,1,80.21506547927856,12038.405537605286,8503.062998719572,101.5254485400448,186766.04037330888,89.41124357506565,0
monotone_clamp_retrained,0,78,2,12,0,1,80.21506547927856,12076.737731695175,8433.765607407056,117.98144622305293,196229.92980743104,89.85798532780689,0
monotone_clamp_retrained,0,77,2,12,0,1,80.21506547927856,12112.039029598236,8355.012464969761,115.8906232238983,205526.10373777043,91.10061121112462,0
monotone_clamp_retrained,0,76,2,12,0,1,80.21506547927856,12156.826108694077,8275.083219662964,118.29798853414519,215015.38463410383,91.10061121112462,0
monotone_clamp_retrained,0,75,2,12,0,1,80.21506547927856,12211.509943008423,8195.731458898108,107.43602616612996,223633.37250785343,91.10061121112462,0
monotone_clamp_retrained,0,74,2,12,0,1,80.21506547927856,12254.371643066406,8122.5490266173765,103.98842595973044,231974.8109053003,91.10061121112462,0
monotone_clamp_retrained,0,73,2,12,0,1,80.21506547927856,12294.201701879501,8048.956950827522,109.37955539437614,240748.69910335456,91.59938678561403,0
monotone_clamp_retrained,0,72,2,12,0,1,80.21506547927856,12298.839390277863,7973.215043355681,113.60586028745772,249861.60062514275,91.59938678561403,0
monotone_clamp_retrained,0,71,2,12,0,1,80.21506547927856,12355.900704860687,7892.784947482076,126.23732854790383,259987.73620054204,93.48039800843478,0
monotone_clamp_retrained,0,70,2,12,0,1,80.21506547927856,12401.942312717438,7804.657123850985,98.0463616060759,267852.53151677846,93.48039800843478,0
monotone_clamp_retrained,0,69,2,12,0,1,80.21506547927856,12435.047924518585,7736.786730882125,123.16623994859268,277732.31951909134,93.48039800843478,0
monotone_clamp_retrained,0,68,2,12,0,1,80.21506547927856,12471.55949473381,7650.015698551766,112.7534940647196,286776.84842851025,95.11469441166237,0
monotone_clamp_retrained,0,67,2,12,0,1,80.21506547927856,12529.807388782501,7569.422164011674,108.59158360539786,295487.5294179158,95.11469441166237,0
monotone_clamp_retrained,0,66,2,12,0,1,80.21506547927856,12699.982225894928,7494.860125690631,126.63543127041638,305645.59882926894,96.29318018780998,0
monotone_clamp_retrained,0,65,2,12,0,1,80.21506547927856,12874.465882778168,7406.6648100156135,135.17417203466624,316488.60389013693,96.29318018780998,0
monotone_clamp_retrained,0,64,2,12,0,1,80.21506547927856,13058.159351348877,7312.1480103507665,114.08947864396639,325640.29889005946,96.29318018780998,0
monotone_clamp_retrained,0,63,2,12,0,1,80.21506547927856,13192.05641746521,7233.033803700902,110.42586242455064,334498.1166750506,96.29318018780998,0
monotone_clamp_retrained,0,62,2,12,0,1,80.21506547927856,13285.2241396904,7157.592389797368,124.34131788231846,344472.16363076057,96.29318018780998,0
monotone_clamp_retrained,0,61,2,12,0,1,80.21506547927856,13376.920223236084,7069.654351720513,160.68275176743632,357361.34108517616,96.40873891602581,0
monotone_clamp_retrained,0,60,2,12,0,1,80.21506547927856,13453.54974269867,6958.440318020342,164.12878898082565,370526.94264030777,121.48371342624034,0
monotone_clamp_retrained,0,59,2,12,0,1,80.21506547927856,13532.362580299377,6843.697562410202,163.21119559203296,383618.93938167405,121.717787817549,0
monotone_clamp_retrained,0,58,2,12,0,1,80.21506547927856,13603.90841960907,6729.697585740718,144.73206302253809,395228.631293978,121.717787817549,0
monotone_clamp_retrained,0,57,2,12,0,1,80.21506547927856,13662.503361701965,6627.23320647869,158.86755404023205,407972.2025438481,121.717787817549,0
monotone_clamp_retrained,0,56,2,12,0,1,80.21506547927856,13659.567832946777,6514.739658780481,150.64205164619017,420055.96458058007,121.717787817549,0
monotone_clamp_retrained,0,55,2,12,0,1,80.21506547927856,13675.554394721985,6410.710290523575,144.11412051983743,431616.0881945675,125.52438207732914,0
monotone_clamp_retrained,0,54,2,12,0,1,80.21506547927856,13689.12011384964,6307.728125197265,163.2439865054633,444710.71526120167,125.52438207732914,0
monotone_clamp_retrained,0,53,2,12,0,1,80.21506547927856,13701.59924030304,6192.174480247753,147.04232206542744,456505.7247539051,125.52438207732914,0
monotone_clamp_retrained,0,52,2,12,0,1,80.21506547927856,13718.512058258057,6086.100744635352,147.61518291825342,468346.6863174285,125.77567823347204,0
monotone_clamp_retrained,0,51,2,12,0,1,80.21506547927856,13711.6539478302,5982.234974877523,162.8264773042908,481407.82285615243,127.57061847614774,0
monotone_clamp_retrained,0,50,2,12,0,1,80.21506547927856,13694.83768939972,5870.728397150534,160.9427032019849,494317.85233191174,127.57061847614774,0
monotone_clamp_retrained,0,49,2,12,0,1,80.21506547927856,13673.133254051208,5756.799111408927,158.72598400127697,507050.0675318371,127.56529444817109,0
monotone_clamp_retrained,0,48,2,12,0,1,80.21506547927856,13588.708937168121,5643.242840783152,159.46866158180615,519841.85666251456,127.56529444817109,0
monotone_clamp_retrained,0,47,2,12,0,1,80.21506547927856,13496.896028518677,5527.49138939894,155.80544995527595,532339.8010327055,127.56529444817109,0
monotone_clamp_retrained,0,46,2,12,0,1,80.21506547927856,13388.819992542267,5412.9105657548,167.68115827404534,545790.3561232993,130.8145259896823,0
monotone_clamp_retrained,0,45,2,12,0,1,80.21506547927856,13298.457860946655,5290.450385856146,171.71036660623625,559564.1144240896,130.8145259896823,0
monotone_clamp_retrained,0,44,2,12,0,1,80.21506547927856,13223.622441291809,5164.916818884974,169.14408420197674,573132.0182137837,131.2339851260106,0
monotone_clamp_retrained,0,43,2,12,0,1,80.21506547927856,13125.839233398438,5042.421452775263,150.97726394943015,585242.6693273697,131.2339851260106,0
monotone_clamp_retrained,0,42,2,12,0,1,80.21506547927856,13024.924099445343,4933.242818196602,159.87109967048673,598066.740055682,131.2339851260106,0
monotone_clamp_retrained,0,41,2,12,0,1,80.21506547927856,12873.945236206055,4819.969531171983,168.09483911920427,611550.4785823578,134.1721664575167,0
monotone_clamp_retrained,0,40,2,12,0,1,80.21506547927856,12715.663611888885,4698.795245923231,157.78878128780866,624207.5160052549,134.1721664575167,0
monotone_clamp_retrained,0,39,2,12,0,1,80.21506547927856,12655.74723482132,4585.7421273210775,169.5018415551145,637804.1173244567,134.1721664575167,0
monotone_clamp_retrained,0,38,2,12,0,1,80.21506547927856,12614.611983299255,4461.14718737088,177.93416467557785,652077.117994909,135.24479254111014,0
monotone_clamp_retrained,0,37,2,12,0,1,80.21506547927856,12522.014379501343,4330.849249014813,175.85366007679733,666183.23085274,135.24479254111014,0
monotone_clamp_retrained,0,36,2,12,0,1,80.21506547927856,12433.286309242249,4198.97344910777,176.72026709229226,680358.8586490639,135.3776796692217,0
monotone_clamp_retrained,0,35,2,12,0,1,80.21506547927856,12368.929535150528,4074.2817171517154,177.3484117567221,694584.8731107754,135.3776796692217,0
monotone_clamp_retrained,0,34,2,12,0,1,80.21506547927856,12291.26289486885,3942.8033756833083,170.9091128259215,708294.358787112,135.3776796692217,0
monotone_clamp_retrained,0,33,2,12,0,1,80.21506547927856,12286.558598279953,3815.7450008826627,173.42453249255072,722205.6190167153,135.3776796692217,0
monotone_clamp_retrained,0,32,2,12,0,1,80.21506547927856,12238.876819610596,3686.6174318119,178.53322381689523,736526.6732554142,137.67563429490323,0
monotone_clamp_retrained,0,31,2,12,0,1,80.21506547927856,12201.82865858078,3558.2587915516096,180.63169911338028,751016.0568274274,146.59908961842842,0
monotone_clamp_retrained,0,30,2,12,0,1,80.21506547927856,12183.448821306229,3425.519288177652,193.07509813632853,766503.588466851,146.67867998707746,0
monotone_clamp_retrained,0,29,2,12,0,1,80.21714806556702,12161.320447921753,3282.069571814177,185.0978688426017,781351.611618419,149.0471367442043,0
monotone_clamp_retrained,0,28,2,12,0,1,80.2262806892395,12162.717282772064,3145.441309101813,180.84932486183044,795860.4803172436,149.0471367442043,0
monotone_clamp_retrained,0,27,2,12,0,1,80.23641109466553,12151.777893304825,3009.784908703965,173.03313308885095,809744.0379167587,149.46787494367135,0
monotone_clamp_retrained,0,26,2,12,0,1,80.25364279747009,12119.84783411026,2879.0284160283427,189.8689955598454,824981.7164647329,149.46787494367135,0
monotone_clamp_retrained,0,25,2,12,0,1,80.27100563049316,12091.662585735321,2738.4993927408213,172.34442065442732,838815.9764254685,154.18295349612166,0
monotone_clamp_retrained,0,24,2,12,0,1,80.28573393821716,12036.550343036652,2607.142044276712,190.2263869541177,854088.4415164951,154.86606328959272,0
monotone_clamp_retrained,0,23,2,12,0,1,80.30320644378662,11976.456344127655,2464.0009123896734,194.4493296283521,869703.3461764966,155.75897319641388,0
monotone_clamp_retrained,0,22,2,12,0,1,80.32663106918335,11932.012736797333,2312.3247484529547,195.8955199579782,885438.9733362669,158.80352394212818,0
monotone_clamp_retrained,0,21,2,12,0,1,80.35552382469177,11889.919489622116,2162.6324945259157,184.34228549635853,900251.8942503677,158.80352394212818,0
monotone_clamp_retrained,0,20,2,12,0,1,80.39014935493469,11852.034330368042,2018.32323076813,203.51278844666473,916612.3177092343,158.80352394212818,0
monotone_clamp_retrained,0,19,2,12,0,1,80.42996048927307,11809.35651063919,1859.707132024987,202.21772971908584,932876.6817207709,158.80352394212818,0
monotone_clamp_retrained,0,18,2,12,0,1,80.47902226448059,11756.29198551178,1701.9100453352876,204.7076919869097,949351.3566218958,163.45135432315968,0
monotone_clamp_retrained,0,17,2,12,0,1,80.54725170135498,11714.04242515564,1542.2820871595704,200.43133695359873,965495.5499683364,163.45135432315968,0
monotone_clamp_retrained,0,16,2,12,0,1,80.60329794883728,11676.799356937408,1390.15955288869,213.6494670068968,982716.4016141036,163.48588367478033,0
monotone_clamp_retrained,0,15,2,12,0,1,80.66332936286926,11507.768034934998,1228.5845739008637,204.5748018707015,999218.0862367437,166.63305223218825,0
monotone_clamp_retrained,0,14,2,12,0,1,80.74450969696045,11023.226231336594,1069.0849158372584,198.54371227900725,1015249.4009381265,167.6035577215017,0
monotone_clamp_retrained,0,13,2,12,0,1,80.77687501907349,10745.076388120651,911.9762917959433,206.4973525268883,1031929.6117749605,168.05485080599917,0
monotone_clamp_retrained,0,12,2,12,0,1,80.79040765762329,10504.634529352188,750.1498950739133,0.0,1031929.6117749605,169.09384479432455,0
monotone_clamp_retrained,0,11,2,12,0,1,80.79040765762329,10453.110784292221,750.1498950739133,0.0,1031929.6117749605,169.09384479432455,0
monotone_clamp_retrained,0,10,2,12,0,1,80.79040765762329,10462.162792682648,750.1498950739133,0.0,1031929.6117749605,170.63726322604822,0
monotone_clamp_retrained,0,9,2,12,0,1,80.7909345626831,10461.789518594742,750.1498950739133,0.0,1031929.6117749605,170.84305227950415,0
monotone_clamp_retrained,0,8,2,12,0,1,80.79794645309448,10461.610704660416,750.1498950739133,0.0,1031929.6117749605,170.84305227950415,0
monotone_clamp_retrained,0,7,2,12,0,1,80.80565810203552,10460.437089204788,750.1498950739133,0.0,1031929.6117749605,170.84305227950415,0
monotone_clamp_retrained,0,6,2,12,0,1,80.81335544586182,10458.721965551376,750.1498950739133,11.801466397626427,1032883.3278737343,170.84305227950415,0
monotone_clamp_retrained,0,5,2,12,0,1,80.82184553146362,10442.383587360382,740.5357626928162,9.63608468617349,1033662.1340217683,155.39122305741984,0
monotone_clamp_retrained,0,4,2,12,0,1,80.8277428150177,10424.429774284363,732.6390667232154,7.3205532291358395,1034253.8378154365,149.0674834074808,0
monotone_clamp_retrained,0,3,2,12,0,1,80.83369493484497,10410.990715026855,726.6460353932744,11.125107984355054,1035153.1214003611,142.23678861945825,0
monotone_clamp_retrained,0,2,2,12,0,1,80.83975791931152,10393.115133047104,717.2141033590633,6.2782997161612,1035660.6576295604,135.31638940994628,0
monotone_clamp_retrained,0,1,2,12,0,1,80.8456563949585,10380.238145589828,711.8388994065372,10.568981328215159,1036515.1138624661,127.3584148712835,0
monotone_clamp_retrained,1,100,2,6,0,0,80.10906457901001,13348.027765750885,10000.0,68.92666852742614,5521.650940279598,53.51064944791461,1
monotone_clamp_retrained,1,99,2,6,0,0,80.13344526290894,13227.30004787445,9956.58333845653,73.51036333659098,11412.289616968861,53.51064944791461,1
monotone_clamp_retrained,1,98,2,6,0,0,80.13842463493347,13215.098977088928,9908.694492289038,64.47276031674552,16579.035060618502,53.51064944791461,1
monotone_clamp_retrained,1,97,2,6,0,0,80.14008164405823,13198.426961898804,9866.542807480477,72.07975792787086,22355.512745842025,55.53276728716988,1
monotone_clamp_retrained,1,96,2,6,0,0,80.14008164405823,13209.879994392395,9819.597078464698,69.801973006309,27949.448561483976,55.852472283942966,1
monotone_clamp_retrained,1,95,2,6,0,0,80.14008164405823,13163.444101810455,9773.876317494827,63.68296237976929,33053.006365934176,56.18471002774361,1
monotone_clamp_retrained,1,94,2,6,0,0,80.14008164405823,13069.206476211548,9732.63571592521,65.7176405743428,38319.62344701688,56.18471002774361,1
monotone_clamp_retrained,1,93,2,6,0,0,80.14008164405823,13008.618652820587,9689.443871301579,70.72598512507675,43987.60966929697,56.18471002774361,1
monotone_clamp_retrained,1,92,2,6,0,0,80.14008164405823,12950.762212276459,9643.634711599087,64.15294056636874,49128.83156399218,56.85789131285237,1
monotone_clamp_retrained,1,91,2,6,0,0,80.14008164405823,12877.478897571564,9602.003002318945,71.7140298110075,54875.999768070746,56.85789131285237,1
monotone_clamp_retrained,1,90,2,6,0,0,80.14008164405823,12785.815298557281,9555.42036177842,82.00140288204642,61447.59888996526,57.85980122566746,1
monotone_clamp_retrained,1,89,2,6,0,0,80.14008164405823,12686.410546302795,9500.874266784196,49.95959253513301,65451.3647146347,57.85980122566746,1
monotone_clamp_retrained,1,88,2,6,0,0,80.14008164405823,12577.49080657959,9469.3289567683,71.73176189284266,71199.95396919925,57.85980122566746,1
monotone_clamp_retrained,1,87,2,6,0,0,80.14008164405823,12487.277835607529,9422.677537149459,74.83908260927285,77197.5641596728,59.05581472314141,1
monotone_clamp_retrained,1,86,2,6,0,0,80.14008164405823,12490.715384483337,9373.37677520468,90.4012461022152,84442.32740302892,59.05581472314141,1
monotone_clamp_retrained,1,85,2,6,0,0,80.14008164405823,12496.443390846252,9315.184513863038,70.43769600479082,90087.2101116722,59.321172379079584,1
monotone_clamp_retrained,1,84,2,6,0,0,80.14008164405823,12502.132952213287,9267.227130046775,78.63216003142159,96388.79783643899,59.321172379079584,1
monotone_clamp_retrained,1,83,2,6,0,0,80.14008164405823,12507.834434509277,9214.817057100325,69.3464850883071,101946.23081314439,59.321172379079584,1
monotone_clamp_retrained,1,82,2,6,0,0,80.14008164405823,12510.363161563873,9170.459856439904,75.24188555307765,107976.12166442092,59.321172379079584,1
monotone_clamp_retrained,1,81,2,6,0,0,80.14008164405823,12512.816786766052,9120.655337534576,64.08335116533912,113111.76665883604,59.67942540614826,1
monotone_clamp_retrained,1,80,2,6,0,0,80.14008164405823,12514.898180961609,9078.783366434061,73.90202970338022,119034.28135292655,59.67942540614826,1
monotone_clamp_retrained,1,79,2,6,0,0,80.14008164405823,12514.835596084595,9030.664282415473,74.24542820794912,124984.31603120966,60.144742931333404,1
monotone_clamp_retrained,1,78,2,6,0,0,80.14008164405823,12507.269978523254,8981.32680323147,76.67207112448045,131128.82207094456,60.59148468407464,1
monotone_clamp_retrained,1,77,2,6,0,0,80.14008164405823,12499.547451734543,8930.853113455732,81.13736580232316,137631.17719072656,61.68635059106254,1
monotone_clamp_retrained,1,76,2,6,0,0,80.14008164405823,12491.816729307175,8876.041921403796,78.95416766456908,143958.57063350378,61.68635059106254,1
monotone_clamp_retrained,1,75,2,6,0,0,80.14008164405823,12484.031319618225,8824.215719287053,82.2405994983201,150549.33899175545,61.68635059106254,1
monotone_clamp_retrained,1,74,2,6,0,0,80.14008164405823,12476.923912763596,8769.837132571934,83.57548978581568,157247.08556663286,61.68635059106254,1
monotone_clamp_retrained,1,73,2,6,0,0,80.14008164405823,12472.742646932602,8715.077601391793,83.85794246454205,163967.467922244,61.811377832783585,1
monotone_clamp_retrained,1,72,2,6,0,0,80.14008164405823,12496.627271175385,8658.985264218354,68.88150569139918,169487.63741211838,61.811377832783585,1
monotone_clamp_retrained,1,71,2,6,0,0,80.14008164405823,12519.754469394684,8613.082739676529,79.30431504424685,175843.09169449043,63.69238905560433,1
monotone_clamp_retrained,1,70,2,6,0,0,80.14008164405823,12543.280720710754,8559.607102133916,71.01399181454669,181534.15879637867,63.69238905560433,1
monotone_clamp_retrained,1,69,2,6,0,0,80.14008164405823,12556.920647621155,8512.8280585811,81.48304178272898,188064.2164174528,63.69238905560433,1
monotone_clamp_retrained,1,68,2,6,0,0,80.14008164405823,12570.587992668152,8458.43095828686,81.77041041379414,194617.3037840824,64.51194257070377,1
monotone_clamp_retrained,1,67,2,6,0,0,80.14008164405823,12605.319917201996,8402.586161674311,68.56747686054693,200112.3069778137,64.51194257070377,1
monotone_clamp_retrained,1,66,2,6,0,0,80.14008164405823,12640.93965291977,8356.08430956155,91.55495153164037,207449.52826847718,66.02319309723785,1
monotone_clamp_retrained,1,65,2,6,0,0,80.14008164405823,12661.223411560059,8294.491729721709,75.27125912545395,213481.7731202421,66.02319309723785,1
monotone_clamp_retrained,1,64,2,6,0,0,80.14008164405823,12682.117819786072,8242.854723426164,83.78534792101965,220196.33774320845,66.02319309723785,1
monotone_clamp_retrained,1,63,2,6,0,0,80.14008164405823,12747.344672679901,8185.151505979151,78.99605011094428,226527.08764865765,66.02319309723785,1
monotone_clamp_retrained,1,62,2,6,0,0,80.14008164405823,12826.794385910034,8132.905472140426,80.9329441662206,233013.06040183257,66.02319309723785,1
monotone_clamp_retrained,1,61,2,6,0,0,80.14008164405823,12904.506921768188,8078.252751318482,111.67854798028678,241962.98835486264,66.0678136608015,1
monotone_clamp_retrained,1,60,2,6,0,0,80.14008164405823,12972.338795661926,8001.86844563004,92.42916354442538,249370.2690676049,85.17672399217258,1
monotone_clamp_retrained,1,59,2,6,0,0,80.14008164405823,13051.078617572784,7940.095882389836,112.54626969660424,258389.73630982498,85.17672399217258,1
monotone_clamp_retrained,1,58,2,6,0,0,80.14008164405823,13131.05046749115,7862.235687806782,100.35401047663828,266432.11490273144,85.17672399217258,1
monotone_clamp_retrained,1,57,2,6,0,0,80.14008164405823,13213.84847164154,7793.482978380185,109.04054583411568,275170.63314839016,85.17672399217258,1
monotone_clamp_retrained,1,56,2,6,0,0,80.14008164405823,13283.082246780396,7718.058550934116,115.57911954506002,284433.15322507964,85.17672399217258,1
monotone_clamp_retrained,1,55,2,6,0,0,80.14008164405823,13351.560533046722,7638.257060579053,107.81055526439724,293073.0999260597,87.67464619283565,1
monotone_clamp_retrained,1,54,2,6,0,0,80.14008164405823,13419.841229915619,7564.342475096364,117.01512438041122,302450.7015474955,87.67464619283565,1
monotone_clamp_retrained,1,53,2,6,0,0,80.14008164405823,13484.51316356659,7486.903563585835,107.86954609454983,311095.37577842025,87.67464619283565,1
monotone_clamp_retrained,1,52,2,6,0,0,80.14008164405823,13550.462126731873,7412.314072888574,99.22784198206787,319047.50313622685,88.00542260216963,1
monotone_clamp_retrained,1,51,2,6,0,0,80.14008164405823,13613.15131187439,7343.232057795813,105.42038556948222,327495.9014427133,89.3393639748758,1
monotone_clamp_retrained,1,50,2,6,0,0,80.14008164405823,13659.109771251678,7269.074984834107,110.28626736909648,336334.2519138911,89.3393639748758,1
monotone_clamp_retrained,1,49,2,6,0,0,80.14008164405823,13673.30938577652,7191.593636435016,121.04175288274088,346034.54787225387,89.87264365606573,1
monotone_clamp_retrained,1,48,2,6,0,0,80.14008164405823,13717.564940452576,7106.792653487257,104.28523489398833,354391.9751109279,89.87264365606573,1
monotone_clamp_retrained,1,47,2,6,0,0,80.14008164405823,13753.506541252136,7035.9813478241085,128.30533685690077,364674.3752820083,89.87264365606573,1
monotone_clamp_retrained,1,46,2,6,0,0,80.14008164405823,13771.660923957825,6946.486395984134,108.81825976177475,373395.0795036813,92.28499445299059,1
monotone_clamp_retrained,1,45,2,6,0,0,80.14008164405823,13793.827891349792,6870.112907763505,113.45407646417448,382487.29845437146,92.32417290804567,1
monotone_clamp_retrained,1,44,2,6,0,0,80.14008164405823,13806.24532699585,6789.42313934141,115.25679256753247,391723.9872207658,92.85601305134094,1
monotone_clamp_retrained,1,43,2,6,0,0,80.14008164405823,13809.763491153717,6708.385800469472,109.26872933977197,400480.7921111976,92.85601305134094,1
monotone_clamp_retrained,1,42,2,6,0,0,80.14008164405823,13811.699151992798,6630.834059582354,107.67394907053286,409109.79118064826,92.85601305134094,1
monotone_clamp_retrained,1,41,2,6,0,0,80.14008164405823,13814.656138420105,6554.023194728479,128.13638295329378,419378.6513720995,93.6308664821853,1
monotone_clamp_retrained,1,40,2,6,0,0,80.14008164405823,13815.813660621643,6465.765827277075,96.21504899856217,427089.3332542314,93.6308664821853,1
monotone_clamp_retrained,1,39,2,6,0,0,80.14008164405823,13819.158673286438,6396.89949653855,138.08221900431366,438155.2535588298,93.6308664821853,1
monotone_clamp_retrained,1,38,2,6,0,0,80.14008164405823,13809.382021427155,6300.46758293017,107.69347041003275,446785.81707002176,95.04742683727991,1
monotone_clamp_retrained,1,37,2,6,0,0,80.14008164405823,13767.251372337341,6223.091719063328,110.97326375998219,455679.22348805435,95.04742683727991,1
monotone_clamp_retrained,1,36,2,6,0,0,80.14008164405823,13732.160925865173,6144.579193189461,114.91409674697843,464888.4485834104,95.04742683727991,1
monotone_clamp_retrained,1,35,2,6,0,0,80.14008164405823,13692.74228811264,6061.72579437899,114.4566175893037,474061.01126172,95.04742683727991,1
monotone_clamp_retrained,1,34,2,6,0,0,80.14008164405823,13654.614686965942,5979.340715369983,116.28677040930005,483380.24253644515,95.04742683727991,1
monotone_clamp_retrained,1,33,2,6,0,0,80.14008164405823,13627.40933895111,5896.963958610769,117.56693306400432,492802.066150836,95.04742683727991,1
monotone_clamp_retrained,1,32,2,6,0,0,80.14008164405823,13613.077402114868,5813.627779216377,125.98780637048871,502898.7392395228,97.00694341239463,1
monotone_clamp_retrained,1,31,2,6,0,0,80.14008164405823,13601.346611976624,5724.3662025962885,117.19253152916878,512290.5582843442,101.69890345053383,1
monotone_clamp_retrained,1,30,2,6,0,0,80.14008164405823,13612.383008003235,5637.733417548219,129.71755004448593,522686.1333355765,101.69890345053383,1
monotone_clamp_retrained,1,29,2,6,0,0,80.14008164405823,13612.533211708069,5543.721736229617,134.2353151662696,533443.7624525173,105.09652333242514,1
monotone_clamp_retrained,1,28,2,6,0,0,80.14008164405823,13612.319231033325,5446.749487979495,128.83574898205813,543768.6698946129,105.09652333242514,1
monotone_clamp_retrained,1,27,2,6,0,0,80.14008164405823,13588.43982219696,5352.207489487177,132.9233586598386,554421.1587100148,105.51726153189219,1
monotone_clamp_retrained,1,26,2,6,0,0,80.14008164405823,13548.97916316986,5256.825936811529,141.47729842241657,565759.1609563681,105.51726153189219,1
monotone_clamp_retrained,1,25,2,6,0,0,80.14008164405823,13479.180335998535,5154.061810128414,128.15785486753452,576029.7419087797,108.86577323146005,1
monotone_clamp_retrained,1,24,2,6,0,0,80.14008164405823,13410.362005233765,5061.170083806173,134.58783103621076,586815.6216763183,110.31606898852215,1
monotone_clamp_retrained,1,23,2,6,0,0,80.14008164405823,13336.709141731262,4959.668767441577,130.46554279848962,597271.1409279257,111.20897889534331,1
monotone_clamp_retrained,1,22,2,6,0,0,80.14008164405823,13243.690133094788,4862.969357951509,122.76723517313125,607109.7171779157,112.95137016244168,1
monotone_clamp_retrained,1,21,2,6,0,0,80.14008164405823,13149.847388267517,4771.91647219978,147.06636137766392,618895.6273858163,112.95137016244168,1
monotone_clamp_retrained,1,20,2,6,0,0,80.14008164405823,13050.95374584198,4662.8793705831395,134.83499064678915,629701.3145447258,112.95137016244168,1
monotone_clamp_retrained,1,19,2,6,0,0,80.14008164405823,12921.94664478302,4561.903746785857,150.98512688173415,641801.2749400665,112.95137016244168,1
monotone_clamp_retrained,1,18,2,6,0,0,80.14008164405823,12776.75837278366,4447.786282944278,161.1637037039673,654716.9473129612,117.40424760711261,1
monotone_clamp_retrained,1,17,2,6,0,0,80.14008164405823,12612.433433532715,4326.321358066729,140.68739042737496,665991.6462681006,117.40424760711261,1
monotone_clamp_retrained,1,16,2,6,0,0,80.14008164405823,12545.322179794312,4220.410646186711,145.28547083994215,677634.835762909,117.43877695873326,1
monotone_clamp_retrained,1,15,2,6,0,0,80.14008164405823,12511.505484580994,4110.274179460348,146.04714087195921,689339.0655562691,117.79311858824813,1
monotone_clamp_retrained,1,14,2,6,0,0,80.14008164405823,12467.885464429855,3999.0385182788677,132.9205628928738,699991.3303186782,118.13382576143007,1
monotone_clamp_retrained,1,13,2,6,0,0,80.14008164405823,12419.809252023697,3896.541981108001,142.33048247731045,711397.706804848,118.13382576143007,1
monotone_clamp_retrained,1,12,2,6,0,0,80.14371514320374,12410.738319158554,3789.2814747862467,152.02523246476767,723581.5737300838,118.65148982084473,1
monotone_clamp_retrained,1,11,2,6,0,0,80.15348553657532,12401.725053787231,3670.41068908967,152.1795804556565,735779.2975310984,118.65148982084473,1
monotone_clamp_retrained,1,10,2,6,0,0,80.1635754108429,12385.454177856445,3552.518703304165,141.01787148254544,747083.794305966,119.72247037978816,1
monotone_clamp_retrained,1,9,2,6,0,0,80.17573475837708,12407.825738191605,3439.535284615353,155.5002038981857,759551.1374085805,119.9282594332441,1
monotone_clamp_retrained,1,8,2,6,0,0,80.19197821617126,12420.63045501709,3319.8519980189985,142.1976550075305,770954.2486613351,119.9282594332441,1
monotone_clamp_retrained,1,7,2,6,0,0,80.20173072814941,12432.269304990768,3208.033011265611,135.98287406004084,781860.3105103383,119.9282594332441,1
monotone_clamp_retrained,1,6,2,6,0,0,80.21069288253784,12443.484961986542,3100.3383525159643,134.47265507360726,792646.4553475468,119.9282594332441,1
monotone_clamp_retrained,1,5,2,6,0,0,80.21976828575134,12463.176846504211,2991.96757248263,138.0055471531456,803717.2283623205,111.6350613497792,1
monotone_clamp_retrained,1,4,2,6,0,0,80.2283263206482,12504.245042800903,2884.899792821174,124.88040025308204,813736.1738648779,105.31132169984018,1
monotone_clamp_retrained,1,3,2,6,0,0,80.24052143096924,12541.136741638184,2785.558102824846,129.44448265015743,824122.8666490886,100.66337802387262,1
monotone_clamp_retrained,1,2,2,6,0,0,80.2560567855835,12581.626772880554,2679.4571482977217,116.31285970982206,833457.6781228536,97.45860423514522,1
monotone_clamp_retrained,1,1,2,6,0,0,80.2718734741211,12621.122002601624,2583.6010987005475,118.2473747404914,842949.6164266693,90.48681714092218,1
monotone_clamp_retrained,2,100,2,6,0,0,80.10906457901001,13348.027765750885,10000.0,80.68083097972627,6463.265899243083,53.51064944791461,1
monotone_clamp_retrained,2,99,2,6,0,0,80.13346076011658,13230.865001678467,9944.880171811756,63.664123757075714,11564.892462157915,53.51064944791461,1
monotone_clamp_retrained,2,98,2,6,0,0,80.13878345489502,13216.696083545685,9901.607499577645,71.01783244282392,17256.175157729398,53.51064944791461,1
monotone_clamp_retrained,2,97,2,6,0,0,80.14019966125488,13201.790153980255,9854.414360857483,76.98363926876408,23425.659379378172,55.53276728716988,1
monotone_clamp_retrained,2,96,2,6,0,0,80.14019966125488,13214.021027088165,9802.962223370063,66.94392427417526,28790.558836818505,55.852472283942966,1
monotone_clamp_retrained,2,95,2,6,0,0,80.14019966125488,13152.154088020325,9758.564530815418,73.21418007656581,34657.95784618956,56.18471002774361,1
monotone_clamp_retrained,2,94,2,6,0,0,80.14019966125488,13061.650395393372,9709.320026367279,73.93682521835642,40583.269781507945,56.18471002774361,1
monotone_clamp_retrained,2,93,2,6,0,0,80.14019966125488,12996.81842327118,9659.989609265185,71.42275051961114,46307.103268505576,56.18471002774361,1
monotone_clamp_retrained,2,92,2,6,0,0,80.14019966125488,12936.17457151413,9612.531193542076,77.13984752167734,52489.106050731556,56.85789131285237,1
monotone_clamp_retrained,2,91,2,6,0,0,80.14019966125488,12852.60409116745,9560.180231419767,74.2933784905249,58442.9922364714,56.85789131285237,1
monotone_clamp_retrained,2,90,2,6,0,0,80.14019966125488,12753.739953041077,9509.49835561419,63.562750424215615,63536.92374648655,57.85980122566746,1
monotone_clamp_retrained,2,89,2,6,0,0,80.14019966125488,12655.5135846138,9465.800719312689,88.10243297218125,70597.47031551949,57.85980122566746,1
monotone_clamp_retrained,2,88,2,6,0,0,80.14019966125488,12542.001903057098,9407.7993191526,59.294563256827715,75349.34845374856,57.85980122566746,1
monotone_clamp_retrained,2,87,2,6,0,0,80.14019966125488,12487.367391586304,9368.608096469727,79.86152614169556,81749.46710399658,59.05581472314141,1
monotone_clamp_retrained,2,86,2,6,0,0,80.14019966125488,12494.083642959595,9314.115040534827,82.0851915766996,88327.79074618564,59.05581472314141,1
monotone_clamp_retrained,2,85,2,6,0,0,80.14019966125488,12499.722987413406,9257.448599544436,75.14302654978745,94349.76789703658,59.321172379079584,1
monotone_clamp_retrained,2,84,2,6,0,0,80.14019966125488,12505.34176826477,9205.89800451747,72.10036806900013,100127.90578973622,59.321172379079584,1
monotone_clamp_retrained,2,83,2,6,0,0,80.14019966125488,12510.081827640533,9155.868637925505,64.42072435653917,105290.59550199193,59.321172379079584,1
monotone_clamp_retrained,2,82,2,6,0,0,80.14019966125488,12512.611746788025,9112.110812690242,75.8455939057038,111368.8765410215,59.321172379079584,1
monotone_clamp_retrained,2,81,2,6,0,0,80.14019966125488,12515.135109424591,9058.53125906776,67.78637015515072,116801.289779567,59.67942540614826,1
monotone_clamp_retrained,2,80,2,6,0,0,80.14019966125488,12517.092525959015,9012.922618092103,69.97199637579831,122408.85953982009,59.67942540614826,1
monotone_clamp_retrained,2,79,2,6,0,0,80.14019966125488,12515.291571617126,8964.02451813127,73.15145808558631,128271.23199631089,60.144742931333404,1
monotone_clamp_retrained,2,78,2,6,0,0,80.14019966125488,12507.804334163666,8912.53430228401,61.40705772658636,133192.40586312974,60.59148468407464,1
monotone_clamp_retrained,2,77,2,6,0,0,80.14019966125488,12500.238418579102,8869.389596056057,84.66622378687086,139977.57394197406,61.68635059106254,1
monotone_clamp_retrained,2,76,2,6,0,0,80.14019966125488,12492.618411779404,8812.470942758364,77.61594895972222,146197.73158850396,61.68635059106254,1
monotone_clamp_retrained,2,75,2,6,0,0,80.14019966125488,12484.89648103714,8757.707290538277,77.09064620591073,152375.7913674608,61.68635059106254,1
monotone_clamp_retrained,2,74,2,6,0,0,80.14019966125488,12475.580275058746,8703.430119635976,95.54121260838255,160032.48322177498,61.68635059106254,1
monotone_clamp_retrained,2,73,2,6,0,0,80.14019966125488,12480.015009641647,8636.887015849466,74.2990587903019,165986.82462787308,61.811377832783585,1
monotone_clamp_retrained,2,72,2,6,0,0,80.14019966125488,12503.802180290222,8586.02292539233,84.05592342486393,172723.08311385283,61.811377832783585,1
monotone_clamp_retrained,2,71,2,6,0,0,80.14019966125488,12527.830600738525,8527.789784204242,77.44143564615551,178929.25522858996,63.69238905560433,1
monotone_clamp_retrained,2,70,2,6,0,0,80.14019966125488,12547.68192768097,8473.971767963818,84.070363833192,185666.6709717763,63.69238905560433,1
monotone_clamp_retrained,2,69,2,6,0,0,80.14019966125488,12561.997473239899,8416.474801068915,67.64726223236454,191087.93607361527,63.69238905560433,1
monotone_clamp_retrained,2,68,2,6,0,0,80.14019966125488,12579.021155834198,8371.36962338671,89.47564135284962,198258.53183645147,64.51194257070377,1
monotone_clamp_retrained,2,67,2,6,0,0,80.14019966125488,12615.653574466705,8308.708944015052,93.83863759386733,205778.77898916413,64.51194257070377,1
monotone_clamp_retrained,2,66,2,6,0,0,80.14019966125488,12649.251222610474,8242.98623150499,75.82043864729515,211855.04408076228,66.02319309723785,1
monotone_clamp_retrained,2,65,2,6,0,0,80.14019966125488,12672.17069864273,8189.355058898825,81.14497498539099,218358.01857759905,66.02319309723785,1
monotone_clamp_retrained,2,64,2,6,0,0,80.14019966125488,12700.647413730621,8133.618941760602,74.67714963728238,224342.66025966426,66.02319309723785,1
monotone_clamp_retrained,2,63,2,6,0,0,80.14019966125488,12775.201797485352,8079.523291940917,84.59248705147677,231121.91906181173,66.02319309723785,1
monotone_clamp_retrained,2,62,2,6,0,0,80.14019966125488,12853.889465332031,8019.466794092985,79.60052297168464,237501.12086590283,66.02319309723785,1
monotone_clamp_retrained,2,61,2,6,0,0,80.14019966125488,12928.170561790466,7963.94587006838,112.60908330065544,246525.63528528824,66.0678136608015,1
monotone_clamp_retrained,2,60,2,6,0,0,80.14019966125488,12994.604706764221,7884.450975665169,99.40297188210454,254491.8092988422,85.17672399217258,1
monotone_clamp_retrained,2,59,2,6,0,0,80.14019966125488,13081.603944301605,7814.198772126467,98.23098864230916,262364.06034155935,85.17672399217258,1
monotone_clamp_retrained,2,58,2,6,0,0,80.14019966125488,13162.997961044312,7744.271235550123,114.5096578166403,271540.88718212687,85.17672399217258,1
monotone_clamp_retrained,2,57,2,6,0,0,80.14019966125488,13241.886496543884,7664.075892179496,116.90418881745424,280909.6122151947,85.17672399217258,1
monotone_clamp_retrained,2,56,2,6,0,0,80.14019966125488,13312.891125679016,7581.8120635074665,109.79635511254521,289708.7140359921,85.17672399217258,1
monotone_clamp_retrained,2,55,2,6,0,0,80.14019966125488,13381.664454936981,7504.650211974335,106.79117647991902,298266.9802411531,87.67464619283565,1
monotone_clamp_retrained,2,54,2,6,0,0,80.14019966125488,13447.728753089905,7428.293711674318,105.09157824136628,306689.04030413256,87.67464619283565,1
monotone_clamp_retrained,2,53,2,6,0,0,80.14019966125488,13511.871993541718,7353.997120133883,103.55557453613206,314988.0047234942,87.67464619283565,1
monotone_clamp_retrained,2,52,2,6,0,0,80.14019966125488,13576.041460037231,7280.809556884979,98.06986720265851,322847.343461868,88.00542260216963,1
monotone_clamp_retrained,2,51,2,6,0,0,80.14019966125488,13627.914190292358,7210.686521782175,113.83977282293505,331970.4855852899,89.3393639748758,1
monotone_clamp_retrained,2,50,2,6,0,0,80.14019966125488,13658.133447170258,7127.5491673475135,116.46769859153041,341304.230204502,89.3393639748758,1
monotone_clamp_retrained,2,49,2,6,0,0,80.14019966125488,13687.905371189117,7040.3556160945855,113.8403298437843,350427.416967686,89.87264365606573,1
monotone_clamp_retrained,2,48,2,6,0,0,80.14019966125488,13730.486035346985,6958.7750334883,126.26395385929013,360546.23543998896,89.87264365606573,1
monotone_clamp_retrained,2,47,2,6,0,0,80.14019966125488,13752.263188362122,6869.062128581908,122.02595409835146,370325.419765286,89.87264365606573,1
monotone_clamp_retrained,2,46,2,6,0,0,80.14019966125488,13772.197365760803,6782.0463382224,117.15954185358052,379714.60884165304,92.28499445299059,1
monotone_clamp_retrained,2,45,2,6,0,0,80.14019966125488,13792.636394500732,6699.897208608965,122.17942526596431,389506.0923769648,92.32417290804567,1
monotone_clamp_retrained,2,44,2,6,0,0,80.14019966125488,13789.761662483215,6611.208869638671,107.24378383096578,398100.63062560686,92.85601305134094,1
monotone_clamp_retrained,2,43,2,6,0,0,80.14019966125488,13791.765570640564,6530.938241816984,121.10807307488842,407806.25578241824,92.85601305134094,1
monotone_clamp_retrained,2,42,2,6,0,0,80.14019966125488,13793.301582336426,6442.374718402634,109.98120313842313,416620.1713609165,92.85601305134094,1
monotone_clamp_retrained,2,41,2,6,0,0,80.14019966125488,13795.216679573059,6361.901437539505,114.63332014510257,425806.90852517757,93.6308664821853,1
monotone_clamp_retrained,2,40,2,6,0,0,80.14019966125488,13797.57821559906,6276.814604724934,122.32935169802249,435610.407194689,93.6308664821853,1
monotone_clamp_retrained,2,39,2,6,0,0,80.14019966125488,13796.2406873703,6187.866620190347,113.30393738762187,444690.6073593393,93.6308664821853,1
monotone_clamp_retrained,2,38,2,6,0,0,80.14019966125488,13753.163516521454,6105.1103241842775,106.90436390361506,453257.94442723447,95.04742683727991,1
monotone_clamp_retrained,2,37,2,6,0,0,80.14019966125488,13716.90034866333,6026.934410133421,116.95963735202713,462631.1131169339,95.04742683727991,1
monotone_clamp_retrained,2,36,2,6,0,0,80.14019966125488,13676.741421222687,5939.429787247136,128.2619377886125,472910.0504202528,95.04742683727991,1
monotone_clamp_retrained,2,35,2,6,0,0,80.14019966125488,13632.61491060257,5845.555504870535,122.1067141287287,482695.70687050885,95.04742683727991,1
monotone_clamp_retrained,2,34,2,6,0,0,80.14019966125488,13597.986698150635,5755.427154422046,134.3004040842014,493458.568068404,95.04742683727991,1
monotone_clamp_retrained,2,33,2,6,0,0,80.14019966125488,13579.879105091095,5655.424529749635,124.1424215073688,503407.3665144362,95.04742683727991,1
monotone_clamp_retrained,2,32,2,6,0,0,80.14019966125488,13568.690419197083,5564.111415820028,119.45002674250131,512980.1155071225,97.00694341239463,1
monotone_clamp_retrained,2,31,2,6,0,0,80.14019966125488,13579.676151275635,5474.3888853018625,122.86310685292786,522826.3894213182,101.69890345053383,1
monotone_clamp_retrained,2,30,2,6,0,0,80.14019966125488,13579.472303390503,5381.662098903867,117.64828201427798,532254.746231746,101.69890345053383,1
monotone_clamp_retrained,2,29,2,6,0,0,80.14019966125488,13582.284450531006,5292.239748502052,122.94703210632605,542107.7459325057,105.09652333242514,1
monotone_clamp_retrained,2,28,2,6,0,0,80.14019966125488,13566.073179244995,5197.1558436594905,128.35614455112275,552394.2329845816,105.09652333242514,1
monotone_clamp_retrained,2,27,2,6,0,0,80.14019966125488,13530.439734458923,5098.489095824162,119.50401590476238,561971.3086795111,105.51726153189219,1
monotone_clamp_retrained,2,26,2,6,0,0,80.14019966125488,13471.626341342926,5007.267293673647,127.70616626630216,572205.7063420659,105.51726153189219,1
monotone_clamp_retrained,2,25,2,6,0,0,80.14019966125488,13404.934406280518,4910.875202147216,136.80310129725956,583169.1341943071,108.86577323146005,1
monotone_clamp_retrained,2,24,2,6,0,0,80.14019966125488,13324.488401412964,4807.046077308369,139.82608129736204,594374.8242673286,110.31606898852215,1
monotone_clamp_retrained,2,23,2,6,0,0,80.14019966125488,13221.380114555359,4698.935376106499,145.09192718812596,606002.5202814213,111.20897889534331,1
monotone_clamp_retrained,2,22,2,6,0,0,80.14019966125488,13114.94767665863,4587.777926021546,128.9622259955323,616337.578821463,112.95137016244168,1
monotone_clamp_retrained,2,21,2,6,0,0,80.14019966125488,13006.60103559494,4489.760642724433,138.303620407585,627421.2585748013,112.95137016244168,1
monotone_clamp_retrained,2,20,2,6,0,0,80.14019966125488,12869.197428226471,4386.599944233258,145.88631478917333,639112.6169698503,112.95137016244168,1
monotone_clamp_retrained,2,19,2,6,0,0,80.14019966125488,12724.873721599579,4274.028792684378,143.37319221503176,650602.5732200344,112.95137016244168,1
monotone_clamp_retrained,2,18,2,6,0,0,80.14019966125488,12569.586634635925,4161.182991560838,150.72703065388222,662681.8675509846,117.40424760711261,1
monotone_clamp_retrained,2,17,2,6,0,0,80.14019966125488,12536.796033382416,4043.3125562406094,137.4158362099879,673694.4001014713,117.40424760711261,1
monotone_clamp_retrained,2,16,2,6,0,0,80.14019966125488,12497.900277376175,3935.340858170025,148.63471269399076,685606.015653361,117.43877695873326,1
monotone_clamp_retrained,2,15,2,6,0,0,80.14019966125488,12454.875707626343,3820.1043106204206,154.63369083748273,697998.3905114336,117.79311858824813,1
monotone_clamp_retrained,2,14,2,6,0,0,80.14019966125488,12380.286455154419,3697.3813541428726,130.5302011437895,708459.1068929207,118.13382576143007,1
monotone_clamp_retrained,2,13,2,6,0,0,80.14727115631104,12393.290996551514,3593.90295281999,136.80057612081183,719423.299761615,118.13382576143007,1
monotone_clamp_retrained,2,12,2,6,0,0,80.15593409538269,12376.681715250015,3483.6211616050778,153.36204928541588,731716.1780768696,118.65148982084473,1
monotone_clamp_retrained,2,11,2,6,0,0,80.16608953475952,12386.546730995178,3363.0344404235548,141.1382658808892,743030.6809362576,118.65148982084473,1
monotone_clamp_retrained,2,10,2,6,0,0,80.18047094345093,12406.899780035019,3249.6879213359507,146.5408323584386,754780.3938872025,119.72247037978816,1
monotone_clamp_retrained,2,9,2,6,0,0,80.19546270370483,12420.013546943665,3129.4850509294693,154.35753421258286,767159.1677651835,119.9282594332441,1
monotone_clamp_retrained,2,8,2,6,0,0,80.2052366733551,12431.508600711823,3004.8402635824295,153.0348450425457,779433.3637310911,119.9282594332441,1
monotone_clamp_retrained,2,7,2,6,0,0,80.21504878997803,12442.703545093536,2883.433764901467,150.88047407165405,791536.2483202039,119.9282594332441,1
monotone_clamp_retrained,2,6,2,6,0,0,80.22746682167053,12455.647587776184,2758.537658821161,136.69113671401203,802502.6319557437,119.9282594332441,1
monotone_clamp_retrained,2,5,2,6,0,0,80.23989200592041,12491.7271733284,2646.5775909146023,134.80954640428587,813319.7354005907,111.6350613497792,1
monotone_clamp_retrained,2,4,2,6,0,0,80.25517344474792,12530.560791492462,2532.3572179986522,126.15330077193192,823444.1904346695,105.31132169984018,1
monotone_clamp_retrained,2,3,2,6,0,0,80.2719247341156,12571.063935756683,2427.648487880141,132.09709069440865,834047.8781564867,100.66337802387262,1
monotone_clamp_retrained,2,2,2,6,0,0,80.29061079025269,12612.36548423767,2317.560768889537,115.91373475215644,843354.6627187167,97.45860423514522,1
monotone_clamp_retrained,2,1,2,6,0,0,80.31256437301636,12642.875611782074,2218.0627002181145,111.02380888910497,852271.2695170604,90.48681714092218,1
monotone_clamp_retrained,3,100,2,6,0,0,80.10906457901001,13348.027765750885,10000.0,64.42771289680553,5161.243813128111,53.51064944791461,1
monotone_clamp_retrained,3,99,2,6,0,0,80.13352990150452,13226.822316646576,9957.739042804751,92.8514581875705,12601.758914200087,53.51064944791461,1
monotone_clamp_retrained,3,98,2,6,0,0,80.13821721076965,13218.511641025543,9895.521914894973,65.94747807094886,17886.672236352257,53.51064944791461,1
monotone_clamp_retrained,3,97,2,6,0,0,80.14038443565369,13203.283548355103,9851.681887670915,63.818605049600336,23001.119779174376,55.53276728716988,1
monotone_clamp_retrained,3,96,2,6,0,0,80.14038443565369,13212.222456932068,9809.81727680027,66.4479831108095,28326.286690648474,55.852472283942966,1
monotone_clamp_retrained,3,95,2,6,0,0,80.14038443565369,13156.58450126648,9764.92551429096,67.6659620760998,33749.06290463547,56.18471002774361,1
monotone_clamp_retrained,3,94,2,6,0,0,80.14038443565369,13064.963817596436,9718.777434053409,67.9759738961541,39196.683585061226,56.18471002774361,1
monotone_clamp_retrained,3,93,2,6,0,0,80.14038443565369,13002.459704875946,9673.110467524733,82.77456848182646,45830.26932469014,56.18471002774361,1
monotone_clamp_retrained,3,92,2,6,0,0,80.14038443565369,12942.942380905151,9616.916826275532,66.36617178721183,51148.87984523993,56.85789131285237,1
monotone_clamp_retrained,3,91,2,6,0,0,80.14038443565369,12858.78598690033,9572.384813577582,75.97288318736086,57237.37591056004,56.85789131285237,1
monotone_clamp_retrained,3,90,2,6,0,0,80.14038443565369,12763.167321681976,9519.469438164087,69.49171951458715,62806.46902755367,57.85980122566746,1
monotone_clamp_retrained,3,89,2,6,0,0,80.14038443565369,12663.8725399971,9472.771392546429,79.66719094352798,69191.02833667662,57.85980122566746,1
monotone_clamp_retrained,3,88,2,6,0,0,80.14038443565369,12550.296783447266,9419.801319814149,70.79596219051271,74864.64396311631,57.85980122566746,1
monotone_clamp_retrained,3,87,2,6,0,0,80.14038443565369,12487.03047633171,9371.150757676945,77.77252417955881,81097.36394939732,59.05581472314141,1
monotone_clamp_retrained,3,86,2,6,0,0,80.14038443565369,12493.880093097687,9318.365297949476,78.8191553570055,87413.96136060124,59.05581472314141,1
monotone_clamp_retrained,3,85,2,6,0,0,80.14038443565369,12499.170303344727,9267.76281039525,81.6287750583783,93955.72277479118,59.321172379079584,1
monotone_clamp_retrained,3,84,2,6,0,0,80.14038443565369,12504.80055809021,9213.27334908262,60.109361777129905,98772.91013579216,59.321172379079584,1
monotone_clamp_retrained,3,83,2,6,0,0,80.14038443565369,12509.748637676239,9172.178967613556,79.06267960117279,105109.02367354307,59.321172379079584,1
monotone_clamp_retrained,3,82,2,6,0,0,80.14038443565369,12512.11017370224,9118.748263522983,65.29070403334804,110341.44579485006,59.321172379079584,1
monotone_clamp_retrained,3,81,2,6,0,0,80.14038443565369,12514.762580394745,9074.187448006982,73.47997228821147,116230.15902234851,59.67942540614826,1
monotone_clamp_retrained,3,80,2,6,0,0,80.14038443565369,12516.685426235199,9022.779021896164,80.4574245051608,122678.04795289467,59.67942540614826,1
monotone_clamp_retrained,3,79,2,6,0,0,80.14038443565369,12515.18040895462,8967.552327716132,83.92443343345097,129403.78431179587,60.144742931333404,1
monotone_clamp_retrained,3,78,2,6,0,0,80.14038443565369,12507.523596286774,8910.2726595632,68.97996050154747,134931.86486474608,60.59148468407464,1
monotone_clamp_retrained,3,77,2,6,0,0,80.14038443565369,12499.82088804245,8862.470842261138,81.04746443997993,141427.03982250104,61.68635059106254,1
monotone_clamp_retrained,3,76,2,6,0,0,80.14038443565369,12492.182850837708,8807.007112821026,70.12468846702268,147046.8593146787,61.68635059106254,1
monotone_clamp_retrained,3,75,2,6,0,0,80.14038443565369,12484.507411718369,8758.571305397227,56.436002863070485,151569.66228013684,61.68635059106254,1
monotone_clamp_retrained,3,74,2,6,0,0,80.14038443565369,12475.68592429161,8719.22532294549,80.47292633388318,158018.79353319627,61.68635059106254,1
monotone_clamp_retrained,3,73,2,6,0,0,80.14038443565369,12477.66762971878,8665.371620635433,77.03280832662863,164192.23240665032,61.811377832783585,1
monotone_clamp_retrained,3,72,2,6,0,0,80.14038443565369,12501.260042190552,8613.070280847442,84.9290337458985,170998.47782079523,61.811377832783585,1
monotone_clamp_retrained,3,71,2,6,0,0,80.14038443565369,12524.946928024292,8556.508904557913,71.55530908387658,176732.94779918913,63.69238905560433,1
monotone_clamp_retrained,3,70,2,6,0,0,80.14038443565369,12546.190023422241,8506.315042993621,88.12247377529054,183795.11672496173,63.69238905560433,1
monotone_clamp_retrained,3,69,2,6,0,0,80.14038443565369,12560.665905475616,8447.592809233633,75.9018123578537,189877.91714668297,63.69238905560433,1
monotone_clamp_retrained,3,68,2,6,0,0,80.14038443565369,12576.020658016205,8394.534204436635,75.01240201226517,195889.4398813877,64.51194257070377,1
monotone_clamp_retrained,3,67,2,6,0,0,80.14038443565369,12612.847983837128,8340.921312561664,72.22772244319655,201677.79732489714,64.51194257070377,1
monotone_clamp_retrained,3,66,2,6,0,0,80.14038443565369,12645.435333251953,8290.253901946886,73.37029174778272,207557.72071172053,66.02319309723785,1
monotone_clamp_retrained,3,65,2,6,0,0,80.14038443565369,12667.092680931091,8237.809455001789,81.58432606369433,214095.9199663887,66.02319309723785,1
monotone_clamp_retrained,3,64,2,6,0,0,80.14038443565369,12687.686681747437,8181.12133656882,68.01205629827787,219546.43230439202,66.02319309723785,1
monotone_clamp_retrained,3,63,2,6,0,0,80.14038443565369,12758.4707736969,8132.147527917956,87.7797646377179,226581.13638812993,66.02319309723785,1
monotone_clamp_retrained,3,62,2,6,0,0,80.14038443565369,12835.233211517334,8069.769982137654,90.91584029790837,233867.1667808948,66.02319309723785,1
monotone_clamp_retrained,3,61,2,6,0,0,80.14038443565369,12913.388311862946,8005.494680850661,100.36167502974098,241910.19000038438,66.0678136608015,1
monotone_clamp_retrained,3,60,2,6,0,0,80.14038443565369,12983.22468996048,7935.843957184544,99.0740480794643,249850.02230106908,85.17672399217258,1
monotone_clamp_retrained,3,59,2,6,0,0,80.14038443565369,13063.804805278778,7864.400268971674,93.79259830478905,257366.5971864337,85.17672399217258,1
monotone_clamp_retrained,3,58,2,6,0,0,80.14038443565369,13145.422637462616,7798.8482765197405,102.90569656006278,265613.49926937587,85.17672399217258,1
monotone_clamp_retrained,3,57,2,6,0,0,80.14038443565369,13223.673105239868,7725.769421834897,110.07844302241482,274435.2280112704,85.17672399217258,1
monotone_clamp_retrained,3,56,2,6,0,0,80.14038443565369,13293.412029743195,7649.486916264441,94.72875580021301,282026.82691821066,85.17672399217258,1
monotone_clamp_retrained,3,55,2,6,0,0,80.14038443565369,13362.106680870056,7582.2470869078,118.27737401268185,291505.62114162656,87.67464619283565,1
monotone_clamp_retrained,3,54,2,6,0,0,80.14038443565369,13426.51218175888,7497.077667181104,110.29406967999287,300344.63028675393,87.67464619283565,1
monotone_clamp_retrained,3,53,2,6,0,0,80.14038443565369,13493.846952915192,7418.936674234386,111.3243384940545,309266.2055707123,87.67464619283565,1
monotone_clamp_retrained,3,52,2,6,0,0,80.14038443565369,13558.966517448425,7339.823524299993,117.16796169846747,318656.0910647694,88.00542260216963,1
monotone_clamp_retrained,3,51,2,6,0,0,80.14038443565369,13616.770207881927,7257.210791939335,111.70422863121742,327608.11089036334,89.3393639748758,1
monotone_clamp_retrained,3,50,2,6,0,0,80.14038443565369,13660.352528095245,7177.357818764918,115.63755260543839,336875.3488113613,89.3393639748758,1
monotone_clamp_retrained,3,49,2,6,0,0,80.14038443565369,13678.215146064758,7094.073659808988,131.6909545796604,347429.1125380735,89.87264365606573,1
monotone_clamp_retrained,3,48,2,6,0,0,80.14038443565369,13725.119233131409,6997.126819225417,123.26457481334525,357307.58295091236,89.87264365606573,1
monotone_clamp_retrained,3,47,2,6,0,0,80.14038443565369,13755.007982254028,6911.563591607288,111.55539560170227,366247.6752403042,89.87264365606573,1
monotone_clamp_retrained,3,46,2,6,0,0,80.14038443565369,13772.435188293457,6831.897873999946,118.58821668215826,375751.38051475096,92.28499445299059,1
monotone_clamp_retrained,3,45,2,6,0,0,80.14038443565369,13795.461654663086,6749.635447379453,124.38101914786509,385719.3232057593,92.32417290804567,1
monotone_clamp_retrained,3,44,2,6,0,0,80.14038443565369,13796.583414077759,6657.987931830491,104.56846284982522,394099.48001838964,92.85601305134094,1
monotone_clamp_retrained,3,43,2,6,0,0,80.14038443565369,13798.449635505676,6583.350831244115,108.57565362954213,402800.7746406135,92.85601305134094,1
monotone_clamp_retrained,3,42,2,6,0,0,80.14038443565369,13801.5678524971,6504.325254653732,121.07231115921513,412503.55620142614,92.85601305134094,1
monotone_clamp_retrained,3,41,2,6,0,0,80.14038443565369,13802.56712436676,6413.300412870307,114.364979202598,421668.8096006979,93.6308664821853,1
monotone_clamp_retrained,3,40,2,6,0,0,80.14038443565369,13804.372549057007,6328.752618902787,117.18788512217483,431060.2917655902,93.6308664821853,1
monotone_clamp_retrained,3,39,2,6,0,0,80.14038443565369,13804.14366722107,6240.658070417062,123.63595401539699,440968.5246504529,93.6308664821853,1
monotone_clamp_retrained,3,38,2,6,0,0,80.14038443565369,13772.803843021393,6148.049246061402,109.07728960743674,449710.020572792,95.04742683727991,1
monotone_clamp_retrained,3,37,2,6,0,0,80.14038443565369,13730.460107326508,6068.125131891149,111.18851175096812,458620.71064934274,95.04742683727991,1
monotone_clamp_retrained,3,36,2,6,0,0,80.14038443565369,13693.011403083801,5984.325669209222,122.95981035624662,468474.7571214274,95.04742683727991,1
monotone_clamp_retrained,3,35,2,6,0,0,80.14038443565369,13651.01307630539,5893.991796179086,114.07894802914123,477617.08787249774,95.04742683727991,1
monotone_clamp_retrained,3,34,2,6,0,0,80.14038443565369,13610.838651657104,5808.930193014484,112.08672688426802,486599.7612551371,95.04742683727991,1
monotone_clamp_retrained,3,33,2,6,0,0,80.14038443565369,13599.777817726135,5727.060953251038,123.97538658947634,496535.19639697653,95.04742683727991,1
monotone_clamp_retrained,3,32,2,6,0,0,80.14038443565369,13576.610684394836,5631.580139615282,123.9662485281334,506469.89921106695,97.00694341239463,1
monotone_clamp_retrained,3,31,2,6,0,0,80.14038443565369,13593.75,5540.014191267411,116.56606228844757,515811.5482550135,101.69890345053383,1
monotone_clamp_retrained,3,30,2,6,0,0,80.14038443565369,13590.16239643097,5454.830868226206,134.34250781531472,526577.8084773826,101.69890345053383,1
monotone_clamp_retrained,3,29,2,6,0,0,80.14038443565369,13595.999777317047,5352.914781679571,130.21603970586085,537013.3719590987,105.09652333242514,1
monotone_clamp_retrained,3,28,2,6,0,0,80.14038443565369,13584.52171087265,5254.63580983788,131.59098114506062,547559.1237763287,105.09652333242514,1
monotone_clamp_retrained,3,27,2,6,0,0,80.14038443565369,13552.902340888977,5155.352540321118,118.45437610434101,557052.1030154162,105.51726153189219,1
monotone_clamp_retrained,3,26,2,6,0,0,80.14038443565369,13495.430946350098,5066.567530553938,135.70199654608484,567927.3131873051,105.51726153189219,1
monotone_clamp_retrained,3,25,2,6,0,0,80.14038443565369,13427.192866802216,4965.101401150287,132.79464768582707,578569.5273038445,108.86577323146005,1
monotone_clamp_retrained,3,24,2,6,0,0,80.14038443565369,13354.949653148651,4865.57978299435,135.04381631973604,589391.9906593659,110.31606898852215,1
monotone_clamp_retrained,3,23,2,6,0,0,80.14038443565369,13259.360194206238,4761.500387145472,136.6167768239041,600340.5116743934,111.20897889534331,1
monotone_clamp_retrained,3,22,2,6,0,0,80.14038443565369,13157.121241092682,4657.4274453544285,146.37916650465382,612071.394351447,112.95137016244168,1
monotone_clamp_retrained,3,21,2,6,0,0,80.14038443565369,13053.223192691803,4544.282327670771,153.43108010082597,624367.4200951047,112.95137016244168,1
monotone_clamp_retrained,3,20,2,6,0,0,80.14038443565369,12905.87693452835,4430.308106911199,146.72429118533375,636125.9611967462,112.95137016244168,1
monotone_clamp_retrained,3,19,2,6,0,0,80.14038443565369,12759.64617729187,4318.026150681222,146.46102083483862,647863.4037112885,112.95137016244168,1
monotone_clamp_retrained,3,18,2,6,0,0,80.14038443565369,12605.932652950287,4203.454174630149,154.04951152982633,660208.9907874134,117.40424760711261,1
monotone_clamp_retrained,3,17,2,6,0,0,80.14038443565369,12541.811764240265,4082.230872646486,146.6670980403287,671962.9484084271,117.40424760711261,1
monotone_clamp_retrained,3,16,2,6,0,0,80.14038443565369,12505.011856555939,3965.608754442629,143.6012373859758,683471.2067779747,117.43877695873326,1
monotone_clamp_retrained,3,15,2,6,0,0,80.14038443565369,12462.30810880661,3853.588722292946,152.68174364979242,695707.180410375,117.79311858824813,1
monotone_clamp_retrained,3,14,2,6,0,0,80.14038443565369,12395.970523357391,3734.7137714836854,163.5741842082497,708816.0784165725,118.13382576143007,1
monotone_clamp_retrained,3,13,2,6,0,0,80.14667630195618,12391.300648450851,3604.165890550783,164.32360961782845,721986.0695653816,118.13382576143007,1
monotone_clamp_retrained,3,12,2,6,0,0,80.15647530555725,12372.241020202637,3474.216137489544,143.84034663826253,733515.8047586343,118.65148982084473,1
monotone_clamp_retrained,3,11,2,6,0,0,80.16721248626709,12391.309887170792,3359.674798882049,154.09224618857596,745868.95060132,118.65148982084473,1
monotone_clamp_retrained,3,10,2,6,0,0,80.18187999725342,12404.782474040985,3237.605831244722,151.48690505504635,758015.455443599,119.72247037978816,1
monotone_clamp_retrained,3,9,2,6,0,0,80.19660472869873,12419.552952051163,3116.0959234656684,161.353554226924,770955.4626535063,119.9282594332441,1
monotone_clamp_retrained,3,8,2,6,0,0,80.20657896995544,12430.474162101746,2987.037848824426,156.7830399954252,783530.493932049,119.9282594332441,1
monotone_clamp_retrained,3,7,2,6,0,0,80.21721124649048,12440.471649169922,2860.857090730239,140.71337095171216,794818.1281348882,119.9282594332441,1
monotone_clamp_retrained,3,6,2,6,0,0,80.22974967956543,12456.054836511612,2746.9653312749415,128.5982117441077,805135.5304723578,119.9282594332441,1
monotone_clamp_retrained,3,5,2,6,0,0,80.2415943145752,12491.438090801239,2641.1062619711247,138.53081387743418,816251.4638395788,111.6350613497792,1
monotone_clamp_retrained,3,4,2,6,0,0,80.25722980499268,12531.007826328278,2526.1695009249233,129.50646619389326,826645.2940581345,105.31132169984018,1
monotone_clamp_retrained,3,3,2,6,0,0,80.27465224266052,12571.856081485748,2416.3785508950477,122.68767413837392,836494.0044340533,100.66337802387262,1
monotone_clamp_retrained,3,2,2,6,0,0,80.29380440711975,12614.341080188751,2312.5141527360156,109.68413640311441,845300.9610289688,97.45860423514522,1
monotone_clamp_retrained,3,1,2,6,0,0,80.31391978263855,12639.240622520447,2219.625164467263,109.65557014097436,854107.8296929905,90.48681714092218,1
monotone_clamp_retrained,4,100,6,12,1,1,116.05848789215088,10942.31441617012,10000.0,109.55439510485186,12714.717437808364,119.21816460837967,0
monotone_clamp_retrained,4,99,6,12,1,1,116.05848789215088,11789.308488368988,9920.229179484992,83.11342481704511,22360.735845612588,119.21816460837967,0
monotone_clamp_retrained,4,98,6,12,1,1,116.05848789215088,11753.591895103455,9860.168449126251,92.28236185473389,33070.887221589306,119.21816460837967,0
monotone_clamp_retrained,4,97,6,12,1,1,116.05848789215088,11762.612462043762,9793.269918594211,84.40456950914992,42866.75393000919,120.48841230422327,0
monotone_clamp_retrained,4,96,6,12,1,1,116.05848789215088,11799.812465906143,9731.93772897485,100.00858947847217,54473.59960110754,120.48841230422327,0
monotone_clamp_retrained,4,95,6,12,1,1,116.05848789215088,11855.630278587341,9657.954110779752,100.65870226034775,66155.89637862972,121.5480831964681,0
monotone_clamp_retrained,4,94,6,12,1,1,116.05848789215088,11957.583725452423,9584.388058823355,86.57439732007384,76203.59002177177,121.5480831964681,0
monotone_clamp_retrained,4,93,6,12,1,1,116.05848789215088,12098.730504512787,9519.686465400977,83.99928471343904,85952.41998963577,122.03586911981081,0
monotone_clamp_retrained,4,92,6,12,1,1,116.05848789215088,12204.48613166809,9457.695982210063,96.68521658611463,97173.56002814535,123.03316904179233,0
monotone_clamp_retrained,4,91,6,12,1,1,116.05848789215088,12292.756140232086,9388.093431402162,95.23666098846817,108226.58289436436,123.03316904179233,0
monotone_clamp_retrained,4,90,6,12,1,1,116.05848789215088,12452.209293842316,9319.253538742014,103.52845381389236,120241.93869781708,124.47314745072495,0
monotone_clamp_retrained,4,89,6,12,1,1,116.05848789215088,12540.238201618195,9243.76166179691,112.56333370052872,133305.86899920003,124.47314745072495,0
monotone_clamp_retrained,4,88,6,12,1,1,116.05848789215088,12598.913311958313,9163.528736238646,102.06226824443148,145151.06152249183,124.74048774082162,0
monotone_clamp_retrained,4,87,6,12,1,1,116.05848789215088,12617.965638637543,9089.711108314317,108.29389074142277,157719.48672989916,126.45503592053535,0
monotone_clamp_retrained,4,86,6,12,1,1,116.05848789215088,12621.487975120544,9012.65787635994,100.46908917358343,169379.7772992869,126.45503592053535,0
monotone_clamp_retrained,4,85,6,12,1,1,116.05848789215088,12611.186802387238,8938.737207307036,93.6351025994548,180246.92572060606,127.85690711176491,0
monotone_clamp_retrained,4,84,6,12,1,1,116.05848789215088,12585.733532905579,8869.089136868912,106.93895870437278,192658.09956459672,130.6942817674587,0
monotone_clamp_retrained,4,83,6,12,1,1,116.05848789215088,12589.04367685318,8789.429279953245,113.1827301408217,205793.91608024586,130.6942817674587,0
monotone_clamp_retrained,4,82,6,12,1,1,116.05848789215088,12581.448256969452,8707.158339271033,99.41610221260788,217331.99857517265,130.6942817674587,0
monotone_clamp_retrained,4,81,6,12,1,1,116.05848789215088,12556.62590265274,8634.045386348007,111.78214608342927,230305.26542295498,131.0525347945274,0
monotone_clamp_retrained,4,80,6,12,1,1,116.05848789215088,12520.719170570374,8550.633345178854,103.06529903536628,242266.86818315194,131.0525347945274,0
monotone_clamp_retrained,4,79,6,12,1,1,116.05848789215088,12480.696141719818,8475.049601617775,102.36019467970353,254146.6375980245,134.69965047598188,0
monotone_clamp_retrained,4,78,6,12,1,1,116.05848789215088,12444.543987512589,8399.863771634693,107.92674373592651,266672.4522791398,134.69965047598188,0
monotone_clamp_retrained,4,77,6,12,1,1,116.05848789215088,12412.506937980652,8320.015729819348,127.51783109647513,281471.9789354834,136.04655404778723,0
monotone_clamp_retrained,4,76,6,12,1,1,116.05848789215088,12388.437390327454,8226.011973769962,108.74312041225967,294092.5410592043,137.5612169999776,0
monotone_clamp_retrained,4,75,6,12,1,1,116.05848789215088,12373.533099889755,8144.751252341695,103.42832282393404,306096.27581137134,137.5612169999776,0
monotone_clamp_retrained,4,74,6,12,1,1,116.05848789215088,12361.802905797958,8068.1685483512865,111.77499923168294,319068.7132063468,137.5612169999776,0
monotone_clamp_retrained,4,73,6,12,1,1,116.05848789215088,12333.415746688843,7984.105870661817,101.14033251242078,330806.9072626477,138.32368132308972,0
monotone_clamp_retrained,4,72,6,12,1,1,116.05848789215088,12295.9865629673,7907.407041397675,108.84879245518201,343439.7335238827,138.32368132308972,0
monotone_clamp_retrained,4,71,6,12,1,1,116.05848789215088,12252.437025308609,7825.936352505238,118.44515781387092,357186.29943790776,138.32368132308972,0
monotone_clamp_retrained,4,70,6,12,1,1,116.05848789215088,12214.367091655731,7736.6316765755855,122.66224642507694,371422.2942794566,138.32368132308972,0
monotone_clamp_retrained,4,69,6,12,1,1,116.05848789215088,12182.640731334686,7644.573071849747,116.18640416878344,384906.7126609119,141.44513027967048,0
monotone_clamp_retrained,4,68,6,12,1,1,116.05848789215088,12166.363447904587,7557.103726380705,108.3775878742868,397484.85163100035,144.11442869521588,0
monotone_clamp_retrained,4,67,6,12,1,1,116.05848789215088,12147.828936576843,7474.532650102086,111.38681576651597,410412.2370399838,144.11442869521588,0
monotone_clamp_retrained,4,66,6,12,1,1,116.05848789215088,12127.38186120987,7392.129911798664,134.04117600315243,425968.8532421953,145.6585852960098,0
monotone_clamp_retrained,4,65,6,12,1,1,116.05848789215088,12109.747678041458,7291.3685701481345,108.15690677700461,438521.38029782684,145.6585852960098,0
monotone_clamp_retrained,4,64,6,12,1,1,116.05848789215088,12111.849635839462,7208.048290535138,116.33008158830293,452022.47366333584,145.6585852960098,0
monotone_clamp_retrained,4,63,6,12,1,1,116.05848789215088,12107.419073581696,7119.096304437826,112.33187279692393,465059.54096224025,147.36536096010775,0
monotone_clamp_retrained,4,62,6,12,1,1,116.05848789215088,12090.393602848053,7034.414669884368,105.46983245242633,477300.21023490734,147.36536096010775,0
monotone_clamp_retrained,4,61,6,12,1,1,116.05848789215088,12075.426876544952,6956.511270355952,131.81155720736334,492598.06025110366,147.3781006109956,0
monotone_clamp_retrained,4,60,6,12,1,1,116.05848789215088,12093.074023723602,6856.648536038832,146.19598105098055,509565.34474779,172.95101534140753,0
monotone_clamp_retrained,4,59,6,12,1,1,116.05848789215088,12109.659910202026,6742.5841422440835,136.48392254277078,525405.4624196935,173.18520571918685,0
monotone_clamp_retrained,4,58,6,12,1,1,116.05848789215088,12126.235365867615,6637.5553271131885,139.90409883564047,541642.520580472,179.28794627762093,0
monotone_clamp_retrained,4,57,6,12,1,1,116.05848789215088,12118.401527404785,6531.190559710198,132.88929355714976,557065.4510477709,179.28794627762093,0
monotone_clamp_retrained,4,56,6,12,1,1,116.05848789215088,12129.020094871521,6431.696706308673,140.30362967390346,573348.8781535045,179.28794627762093,0
monotone_clamp_retrained,4,55,6,12,1,1,116.05848789215088,12154.013514518738,6326.091369117071,146.50287937089558,590351.7808051368,181.50830068228348,0
monotone_clamp_retrained,4,54,6,12,1,1,116.05848789215088,12187.538743019104,6214.955535975718,156.53689108629064,608519.21568395,181.50830068228348,0
monotone_clamp_retrained,4,53,6,12,1,1,116.05848789215088,12229.78264093399,6094.788690968023,147.85322001036525,625678.8368283384,181.50830068228348,0
monotone_clamp_retrained,4,52,6,12,1,1,116.05848789215088,12268.65828037262,5979.849814482121,152.47826633020952,643375.2338550392,181.50830068228348,0
monotone_clamp_retrained,4,51,6,12,1,1,116.05848789215088,12302.273958921432,5862.697407558222,154.71346855996617,661331.0450726587,183.74050410317923,0
monotone_clamp_retrained,4,50,6,12,1,1,116.05848789215088,12326.596975326538,5743.75699560701,164.66877034118218,680442.2535615162,192.542564800098,0
monotone_clamp_retrained,4,49,6,12,1,1,116.05848789215088,12337.442338466644,5615.655394516366,158.9823383559896,698893.5033526706,193.30528083385084,0
monotone_clamp_retrained,4,48,6,12,1,1,116.05848789215088,12357.529252767563,5491.76288251566,154.69616366647674,716847.3061905185,193.30528083385084,0
monotone_clamp_retrained,4,47,6,12,1,1,116.05848789215088,12377.738803625107,5371.400131050602,147.75376075355683,733995.384243955,197.01820323067741,0
monotone_clamp_retrained,4,46,6,12,1,1,116.05848789215088,12389.002293348312,5255.221817839865,159.77281612823876,752538.375690069,197.01820323067741,0
monotone_clamp_retrained,4,45,6,12,1,1,116.05848789215088,12418.971955776215,5130.958248952144,164.32381373590144,771609.5490369293,197.01820323067741,0
monotone_clamp_retrained,4,44,6,12,1,1,116.05848789215088,12398.226410150528,5003.219913592727,157.49587989021006,789888.2827062309,197.60821190962048,0
monotone_clamp_retrained,4,43,6,12,1,1,116.05848789215088,12362.49715089798,4878.987658883015,160.45474833521692,808510.4181731318,197.60821190962048,0
monotone_clamp_retrained,4,42,6,12,1,1,116.05848789215088,12439.445406198502,4755.14018007316,165.79541869520966,827752.3837663438,197.60821190962048,0
monotone_clamp_retrained,4,41,6,12,1,1,116.05848789215088,12504.4447183609,4628.181846385268,175.52328686686135,848123.351029972,201.0148893750271,0
monotone_clamp_retrained,4,40,6,12,1,1,116.05848789215088,12518.978714942932,4491.039008503607,162.64601819654803,866999.8019635426,201.0148893750271,0
monotone_clamp_retrained,4,39,6,12,1,1,116.05848789215088,12530.1992893219,4360.554025946439,185.26860552807412,888501.7961750183,201.0148893750271,0
monotone_clamp_retrained,4,38,6,12,1,1,116.05848789215088,12554.628252983093,4214.816878578582,173.05360769978014,908586.1362089362,208.16928401824555,0
monotone_clamp_retrained,4,37,6,12,1,1,116.05848789215088,12608.623206615448,4077.0589145053646,181.8633532367639,929692.9219885911,208.16928401824555,0
monotone_clamp_retrained,4,36,6,12,1,1,116.05848789215088,12664.56812620163,3933.857833171911,169.48926689639634,949363.5900185361,208.605935944052,0
monotone_clamp_retrained,4,35,6,12,1,1,116.05848789215088,12748.872637748718,3798.278036429284,170.5635876056078,969158.9420855034,208.605935944052,0
monotone_clamp_retrained,4,34,6,12,1,1,116.05848789215088,12829.449772834778,3662.2204539675904,173.2860613926088,989270.260343516,208.605935944052,0
monotone_clamp_retrained,4,33,6,12,1,1,116.05848789215088,12912.756204605103,3526.5093702665736,161.53565709043923,1008017.8444460974,208.605935944052,0
monotone_clamp_retrained,4,32,6,12,1,1,116.05848789215088,12954.259812831879,3402.0559271866705,169.9432797960405,1027741.2045266585,208.605935944052,0
monotone_clamp_retrained,4,31,6,12,1,1,116.05848789215088,12962.998151779175,3264.9589043329324,164.57295009315314,1046841.2922624203,213.0863875168285,0
monotone_clamp_retrained,4,30,6,12,1,1,116.05848789215088,12967.059314250946,3132.0697791310668,190.0842530326733,1068902.1832415015,214.84826275598544,0
monotone_clamp_retrained,4,29,6,12,1,1,116.05848789215088,12959.737181663513,2980.192942595404,182.02699049876756,1090027.9605143473,225.55221352890493,0
monotone_clamp_retrained,4,28,6,12,1,1,116.05848789215088,12851.04513168335,2834.2455722365294,175.53884950673583,1110400.7339544268,225.55221352890493,0
monotone_clamp_retrained,4,27,6,12,1,1,116.05848789215088,12779.7132730484,2693.719825042088,182.05503036433424,1131529.7654916712,225.97295172837198,0
monotone_clamp_retrained,4,26,6,12,1,1,116.05848789215088,12722.529470920563,2546.3754945655837,192.1709827726794,1153832.8391690168,225.97295172837198,0
monotone_clamp_retrained,4,25,6,12,1,1,116.05848789215088,12680.43965101242,2392.577318212524,195.24467203281435,1176492.6405741442,230.19559885154544,0
monotone_clamp_retrained,4,24,6,12,1,1,116.05848789215088,12554.733455181122,2236.0101708991833,188.61140898605413,1198382.5955002736,233.6670386321828,0
monotone_clamp_retrained,4,23,6,12,1,1,116.05848789215088,12406.460046768188,2082.6926915749036,192.0583995428299,1220672.602938201,235.30679756566138,0
monotone_clamp_retrained,4,22,6,12,1,1,116.05848789215088,12126.602828502655,1926.9368655731496,194.39515678222102,1243233.8108879032,238.1271749969102,0
monotone_clamp_retrained,4,21,6,12,1,1,116.05848789215088,11777.28682756424,1769.5497898994963,187.01829756590308,1264938.8717115663,238.1271749969102,0
monotone_clamp_retrained,4,20,6,12,1,1,116.05848789215088,11414.361596107483,1617.2444040367573,199.92979641831903,1288142.421568462,238.1271749969102,0
monotone_clamp_retrained,4,19,6,12,1,1,116.05848789215088,11057.519763708115,1453.8527648530471,212.34301753490456,1312786.6310980194,238.1271749969102,0
monotone_clamp_retrained,4,18,6,12,1,1,116.05848789215088,10782.179981470108,1279.3729144928802,173.3116579267303,1332900.9200510774,244.15619931843952,0
monotone_clamp_retrained,4,17,6,12,1,1,116.05848789215088,10593.294650316238,1137.4152884939504,212.28251017970067,1357538.1071884835,244.15619931843952,0
monotone_clamp_retrained,4,16,6,12,1,1,116.05848789215088,10268.395245075226,962.3587563677484,0.0,1357538.1071884835,246.45447097887347,0
monotone_clamp_retrained,4,15,6,12,1,1,116.05848789215088,10164.463520050049,962.3587563677484,0.0,1357538.1071884835,249.0993376403336,0
monotone_clamp_retrained,4,14,6,12,1,1,116.05848789215088,10150.59307217598,962.3587563677484,0.0,1357538.1071884835,251.01425215790965,0
monotone_clamp_retrained,4,13,6,12,1,1,116.05848789215088,10144.176930189133,962.3587563677484,0.0,1357538.1071884835,251.46554524240713,0
monotone_clamp_retrained,4,12,6,12,1,1,116.05848789215088,10138.416290283203,962.3587563677484,0.0,1357538.1071884835,252.18470229434556,0
monotone_clamp_retrained,4,11,6,12,1,1,116.05848789215088,10132.802426815033,962.3587563677484,0.0,1357538.1071884835,252.18470229434556,0
monotone_clamp_retrained,4,10,6,12,1,1,116.05848789215088,10129.978358745575,962.3587563677484,0.0,1357538.1071884835,253.3217479726484,0
monotone_clamp_retrained,4,9,6,12,1,1,116.05848789215088,10129.854381084442,962.3587563677484,0.0,1357538.1071884835,253.3217479726484,0
monotone_clamp_retrained,4,8,6,12,1,1,116.05848789215088,10129.916667938232,962.3587563677484,0.0,1357538.1071884835,253.3217479726484,0
monotone_clamp_retrained,4,7,6,12,1,1,116.05848789215088,10129.484385251999,962.3587563677484,6.193992313126728,1358256.9725703606,253.3217479726484,0
monotone_clamp_retrained,4,6,6,12,1,1,116.05848789215088,10126.33204460144,957.0635075681457,16.100999599248098,1360125.6302374015,253.3217479726484,0
monotone_clamp_retrained,4,5,6,12,1,1,116.05848789215088,10119.629949331284,943.2276611928282,12.437850064432496,1361569.1483085088,227.42353435458372,0
monotone_clamp_retrained,4,4,6,12,1,1,116.05848789215088,10116.533637046814,932.5238887659507,15.733211283140918,1363395.1210197178,223.80390014802688,0
monotone_clamp_retrained,4,3,6,12,1,1,116.05848789215088,10114.379674196243,918.9241647542949,16.481231098501667,1365307.907779611,212.94074769604768,0
monotone_clamp_retrained,4,2,6,12,1,1,116.05848789215088,10111.310929059982,904.447984143686,15.358542436888456,1367090.3969910636,199.91705650403023,0
monotone_clamp_retrained,4,1,6,12,1,1,116.05848789215088,10108.65181684494,890.9068133985602,15.530684733117596,1368892.864777119,192.4570690769313,0
monotone_clamp_retrained,5,100,1,6,0,0,80.06169080734253,12590.200006961823,10000.0,75.40196419334087,6036.808743513569,53.51064944791461,1
monotone_clamp_retrained,5,99,1,6,0,0,80.10311245918274,12264.655530452728,9951.006498722136,61.86581537523978,10992.453109895438,53.51064944791461,1
monotone_clamp_retrained,5,98,1,6,0,0,80.11296153068542,12256.059795618057,9911.417274366606,74.7753208052159,16982.92550900836,53.51064944791461,1
monotone_clamp_retrained,5,97,1,6,0,0,80.11677145957947,12358.62284898758,9861.423990781534,71.36095214233043,22700.134602933435,55.53276728716988,1
monotone_clamp_retrained,5,96,1,6,0,0,80.11828303337097,12509.89943742752,9816.037262173964,61.92317041573958,27661.312696625322,55.852472283942966,1
monotone_clamp_retrained,5,95,1,6,0,0,80.11828303337097,12695.728838443756,9774.559781985285,71.21235158329715,33366.72403624785,56.18471002774361,1
monotone_clamp_retrained,5,94,1,6,0,0,80.11828303337097,12885.645925998688,9729.597560856228,68.91972251669208,38888.453871421574,56.18471002774361,1
monotone_clamp_retrained,5,93,1,6,0,0,80.11828303337097,13076.530992984772,9685.537319816996,65.38877658917777,44127.29038139918,56.18471002774361,1
monotone_clamp_retrained,5,92,1,6,0,0,80.11828303337097,13271.840214729309,9643.14304840334,64.71657436861224,49312.271203613855,56.85789131285237,1
monotone_clamp_retrained,5,91,1,6,0,0,80.11828303337097,13451.827466487885,9600.33937656815,71.15933975083477,55013.43532623904,56.85789131285237,1
monotone_clamp_retrained,5,90,1,6,0,0,80.11828303337097,13608.512282371521,9554.172112271823,74.94113013869402,61017.590001531615,57.85980122566746,1
monotone_clamp_retrained,5,89,1,6,0,0,80.11828303337097,13725.762963294983,9504.242730883778,58.519840554991674,65706.09915018418,57.85980122566746,1
monotone_clamp_retrained,5,88,1,6,0,0,80.11828303337097,13762.181997299194,9465.943137707298,65.29940779749948,70937.77558601575,57.85980122566746,1
monotone_clamp_retrained,5,87,1,6,0,0,80.11828303337097,13789.03865814209,9423.085509574612,62.83003667182072,75971.61024708576,59.05581472314141,1
monotone_clamp_retrained,5,86,1,6,0,0,80.11828303337097,13814.420998096466,9381.6501300061,73.1709675631607,81833.94253613667,59.05581472314141,1
monotone_clamp_retrained,5,85,1,6,0,0,80.11828303337097,13828.672170639038,9333.613237488613,65.09064145055127,87048.89297069561,59.321172379079584,1
monotone_clamp_retrained,5,84,1,6,0,0,80.11828303337097,13901.778757572174,9290.895410929754,64.74342227794757,92236.02480130926,59.321172379079584,1
monotone_clamp_retrained,5,83,1,6,0,0,80.11828303337097,13988.937139511108,9249.11008265305,75.27233935119239,98266.71539003204,59.321172379079584,1
monotone_clamp_retrained,5,82,1,6,0,0,80.11828303337097,14069.307446479797,9200.231551667337,83.28014755144768,104938.97782261983,59.321172379079584,1
monotone_clamp_retrained,5,81,1,6,0,0,80.11828303337097,14139.872193336487,9144.2667643975,57.93524520242357,109580.65019535534,59.67942540614826,1
monotone_clamp_retrained,5,80,1,6,0,0,80.11828303337097,14169.89803314209,9105.577986705453,65.68037898258224,114842.84938842093,59.67942540614826,1
monotone_clamp_retrained,5,79,1,6,0,0,80.11828303337097,14196.89804315567,9061.840629412389,75.39649361354934,120883.48700347502,60.144742931333404,1
monotone_clamp_retrained,5,78,1,6,0,0,80.11828303337097,14218.57476234436,9013.447629033795,74.53613715880545,126855.19433657835,60.59148468407464,1
monotone_clamp_retrained,5,77,1,6,0,0,80.11828303337097,14224.966764450073,8963.929637382607,84.09952160367635,133593.10361139278,61.68635059106254,1
monotone_clamp_retrained,5,76,1,6,0,0,80.11828303337097,14228.909611701965,8908.930441451814,82.30785253169708,140187.46743639625,61.68635059106254,1
monotone_clamp_retrained,5,75,1,6,0,0,80.11828303337097,14232.012033462524,8854.940044958614,73.75319020733227,146096.44640404134,61.68635059106254,1
monotone_clamp_retrained,5,74,1,6,0,0,80.11828303337097,14235.630631446838,8806.254269418558,88.14822397682221,153158.73076150537,61.68635059106254,1
monotone_clamp_retrained,5,73,1,6,0,0,80.11828303337097,14239.822626113892,8746.502582464002,96.01223368821054,160851.0660748036,61.811377832783585,1
monotone_clamp_retrained,5,72,1,6,0,0,80.11828303337097,14243.148863315582,8681.244616631062,85.64809955094108,167713.0447558962,61.811377832783585,1
monotone_clamp_retrained,5,71,1,6,0,0,80.11828303337097,14247.594475746155,8622.751928684453,74.03526539391126,173644.62310317633,63.69238905560433,1
monotone_clamp_retrained,5,70,1,6,0,0,80.11828303337097,14251.94501876831,8572.898158422426,89.69126862314468,180830.53354834754,63.69238905560433,1
monotone_clamp_retrained,5,69,1,6,0,0,80.11828303337097,14252.527952194214,8512.76148507427,81.41363701893047,187353.25436180632,63.69238905560433,1
monotone_clamp_retrained,5,68,1,6,0,0,80.11828303337097,14253.329038619995,8457.7264060883,84.7769727112636,194145.4398561997,64.51194257070377,1
monotone_clamp_retrained,5,67,1,6,0,0,80.11828303337097,14248.614311218262,8400.67799259908,80.5561512478916,200599.46038195732,64.51194257070377,1
monotone_clamp_retrained,5,66,1,6,0,0,80.11828303337097,14239.870309829712,8345.80541656774,82.59923146584086,207217.1689868765,66.02319309723785,1
monotone_clamp_retrained,5,65,1,6,0,0,80.11828303337097,14230.034351348877,8290.552776335739,88.94131070346194,214342.99409117544,66.02319309723785,1
monotone_clamp_retrained,5,64,1,6,0,0,80.11828303337097,14206.00950717926,8231.44442872904,72.16612196751818,220124.81987638984,66.02319309723785,1
monotone_clamp_retrained,5,63,1,6,0,0,80.11828303337097,14163.807332515717,8183.392118557261,89.51082458941211,227296.27345539478,66.02319309723785,1
monotone_clamp_retrained,5,62,1,6,0,0,80.11828303337097,14110.224843025208,8122.675541428165,74.0620214943295,233229.99545550108,66.02319309723785,1
monotone_clamp_retrained,5,61,1,6,0,0,80.11828303337097,14053.305089473724,8073.06187252928,108.8672873145565,241952.25559364405,66.0678136608015,1
monotone_clamp_retrained,5,60,1,6,0,0,80.11828303337097,13983.182907104492,7999.900223137808,95.32161253407611,249589.2595258465,85.17672399217258,1
monotone_clamp_retrained,5,59,1,6,0,0,80.11828303337097,13891.372382640839,7933.832807244102,95.92457639731668,257274.5718875029,85.17672399217258,1
monotone_clamp_retrained,5,58,1,6,0,0,80.11828303337097,13794.046342372894,7868.290368121961,105.44414589208507,265722.57581229706,85.17672399217258,1
monotone_clamp_retrained,5,57,1,6,0,0,80.11828303337097,13658.077716827393,7796.277501478131,105.06548652209366,274140.242198513,85.17672399217258,1
monotone_clamp_retrained,5,56,1,6,0,0,80.11828303337097,13522.273600101471,7722.241727125324,104.45696298118503,282509.15472344594,85.17672399217258,1
monotone_clamp_retrained,5,55,1,6,0,0,80.11828303337097,13436.57672405243,7651.70648490512,93.89815056034979,290032.1133263501,87.67464619283565,1
monotone_clamp_retrained,5,54,1,6,0,0,80.11828303337097,13361.632525920868,7586.973345508039,105.77406011860938,298506.54941252165,87.67464619283565,1
monotone_clamp_retrained,5,53,1,6,0,0,80.11828303337097,13284.6599817276,7513.339833183441,105.28785271352875,306942.0313962,87.67464619283565,1
monotone_clamp_retrained,5,52,1,6,0,0,80.11828303337097,13198.979794979095,7440.842540337777,104.88347737441256,315345.11552200734,88.00542260216963,1
monotone_clamp_retrained,5,51,1,6,0,0,80.11828303337097,13128.150701522827,7368.5445468828075,111.9358170077408,324313.2209906051,89.3393639748758,1
monotone_clamp_retrained,5,50,1,6,0,0,80.11828303337097,13067.486882209778,7291.054980368252,112.11804804927706,333295.9264973662,89.3393639748758,1
monotone_clamp_retrained,5,49,1,6,0,0,80.11828303337097,13015.173971652985,7210.4184107124165,115.14745843299255,342521.34316267405,89.87264365606573,1
monotone_clamp_retrained,5,48,1,6,0,0,80.11828303337097,12972.549200057983,7132.116049104259,125.18274991152187,352550.770150981,89.87264365606573,1
monotone_clamp_retrained,5,47,1,6,0,0,80.11828303337097,12929.068505764008,7043.896028114581,106.77109784115818,361105.0871876027,89.87264365606573,1
monotone_clamp_retrained,5,46,1,6,0,0,80.11828303337097,12880.533933639526,6967.834673845293,114.49217469455499,370278.00364488724,92.28499445299059,1
monotone_clamp_retrained,5,45,1,6,0,0,80.11828303337097,12835.22218465805,6888.140972798408,109.94158528950847,379086.3346922496,92.32417290804567,1
monotone_clamp_retrained,5,44,1,6,0,0,80.11828303337097,12783.324122428894,6811.971854146868,115.3946085648961,388331.552601777,92.85601305134094,1
monotone_clamp_retrained,5,43,1,6,0,0,80.11828303337097,12720.35837173462,6729.088674651902,112.40923990252637,397337.5878998537,92.85601305134094,1
monotone_clamp_retrained,5,42,1,6,0,0,80.11828303337097,12651.285231113434,6649.003044926794,130.974543553256,407831.04345042,92.85601305134094,1
monotone_clamp_retrained,5,41,1,6,0,0,80.11828303337097,12579.635083675385,6558.05752756026,118.02955371444172,417287.36864121613,93.6308664821853,1
monotone_clamp_retrained,5,40,1,6,0,0,80.11828303337097,12522.578239440918,6474.619018930438,107.49532632443102,425899.7096204415,93.6308664821853,1
monotone_clamp_retrained,5,39,1,6,0,0,80.11828303337097,12480.27116060257,6399.401332833613,117.60161815737916,435321.7493491568,93.6308664821853,1
monotone_clamp_retrained,5,38,1,6,0,0,80.11828303337097,12435.770481824875,6314.90353020842,113.47118073675782,444412.86552355514,95.04742683727991,1
monotone_clamp_retrained,5,37,1,6,0,0,80.11828303337097,12390.096485614777,6233.688752668486,123.50156853817974,454307.5991467623,95.04742683727991,1
monotone_clamp_retrained,5,36,1,6,0,0,80.11828303337097,12342.301905155182,6144.758292631407,124.67326082062921,464296.20674388274,95.04742683727991,1
monotone_clamp_retrained,5,35,1,6,0,0,80.11828303337097,12264.048457145691,6054.553051491373,121.62794470814774,474040.8288427773,95.04742683727991,1
monotone_clamp_retrained,5,34,1,6,0,0,80.11828303337097,12170.105874538422,5964.582565885032,122.7092742922426,483872.0852113427,95.04742683727991,1
monotone_clamp_retrained,5,33,1,6,0,0,80.11828303337097,12070.862501859665,5875.852118185384,125.83046895260696,493953.4063371095,95.04742683727991,1
monotone_clamp_retrained,5,32,1,6,0,0,80.11828303337097,11970.284879207611,5786.200057461414,123.26065093508743,503828.83805560437,97.00694341239463,1
monotone_clamp_retrained,5,31,1,6,0,0,80.11828303337097,11882.009953260422,5695.740524578424,131.00858282192547,514325.0207739322,101.69890345053383,1
monotone_clamp_retrained,5,30,1,6,0,0,80.11828303337097,11817.782819271088,5598.32598255758,130.2542995366386,524760.7716105221,101.69890345053383,1
monotone_clamp_retrained,5,29,1,6,0,0,80.11828303337097,11757.780462503433,5505.683972667498,145.7484907522988,536437.8904443014,105.09652333242514,1
monotone_clamp_retrained,5,28,1,6,0,0,80.11828303337097,11685.901880264282,5397.472166112466,122.2217340095139,546230.085922505,105.09652333242514,1
monotone_clamp_retrained,5,27,1,6,0,0,80.11939883232117,11611.790359020233,5306.142643645287,130.94944303597936,556721.6765759749,105.51726153189219,1
monotone_clamp_retrained,5,26,1,6,0,0,80.12259244918823,11518.468856811523,5212.8141608147625,131.4705739743483,567255.4397935824,105.51726153189219,1
monotone_clamp_retrained,5,25,1,6,0,0,80.1258909702301,11420.831233263016,5116.75438878876,149.35205726486217,579222.4064501664,108.86577323146005,1
monotone_clamp_retrained,5,24,1,6,0,0,80.12837052345276,11326.013654470444,5007.810691597436,135.69888364918947,590095.7368788276,110.31606898852215,1
monotone_clamp_retrained,5,23,1,6,0,0,80.1316249370575,11205.937713384628,4907.7257224985115,136.8495102937513,601061.7105105064,111.20897889534331,1
monotone_clamp_retrained,5,22,1,6,0,0,80.13471722602844,11101.50158405304,4807.496380832489,141.62979633046035,612411.1741902279,112.95137016244168,1
monotone_clamp_retrained,5,21,1,6,0,0,80.13958930969238,11051.287055015564,4700.361728843338,144.8623185653243,624020.3809065028,112.95137016244168,1
monotone_clamp_retrained,5,20,1,6,0,0,80.1429009437561,11002.887189388275,4593.606606314387,130.66748265539707,634492.4520255243,112.95137016244168,1
monotone_clamp_retrained,5,19,1,6,0,0,80.146164894104,10956.653952598572,4495.458914550411,139.72270117080325,645690.6906730091,112.95137016244168,1
monotone_clamp_retrained,5,18,1,6,0,0,80.14915108680725,10935.340225696564,4391.312853597261,131.93357874858165,656265.0550095524,117.40424760711261,1
monotone_clamp_retrained,5,17,1,6,0,0,80.15078783035278,10935.828685760498,4289.170541221587,152.74453658863365,668507.6499539135,117.40424760711261,1
monotone_clamp_retrained,5,16,1,6,0,0,80.15078783035278,10937.54917383194,4175.091215281702,153.11600795839516,680780.0186212175,117.43877695873326,1
monotone_clamp_retrained,5,15,1,6,0,0,80.15078783035278,10950.14601945877,4056.61620932616,127.15575942742612,690971.6529164924,117.79311858824813,1
monotone_clamp_retrained,5,14,1,6,0,0,80.15078783035278,10975.505858659744,3960.2958152793717,143.16840047983413,702446.7130073626,118.13382576143007,1
monotone_clamp_retrained,5,13,1,6,0,0,80.15078783035278,11007.538586854935,3849.6396413846132,145.9414295908224,714144.0335661549,118.13382576143007,1
monotone_clamp_retrained,5,12,1,6,0,0,80.15078783035278,11040.829420089722,3737.66180721252,146.44618185665172,725881.8104167127,118.65148982084473,1
monotone_clamp_retrained,5,11,1,6,0,0,80.15078783035278,11074.238717556,3621.94546943957,165.5190747305329,739148.294657316,118.65148982084473,1
monotone_clamp_retrained,5,10,1,6,0,0,80.15078783035278,11105.823814868927,3494.27120326356,141.08408508676413,750456.2952273446,119.72247037978816,1
monotone_clamp_retrained,5,9,1,6,0,0,80.15078783035278,11134.31379199028,3380.901712598409,140.6560799672257,761729.9908498469,119.9282594332441,1
monotone_clamp_retrained,5,8,1,6,0,0,80.15078783035278,11096.468567848206,3271.321367911487,148.78668910755752,773655.3612004874,119.9282594332441,1
monotone_clamp_retrained,5,7,1,6,0,0,80.15078783035278,11050.345599651337,3153.2501601452295,156.7263214282701,786217.0993367163,119.9282594332441,1
monotone_clamp_retrained,5,6,1,6,0,0,80.15078783035278,11003.33347916603,3028.250386843968,131.2464129958579,796736.6027382422,119.9282594332441,1
monotone_clamp_retrained,5,5,1,6,0,0,80.15078783035278,10956.304669380188,2922.742569364941,132.39482355808317,807348.1521510831,111.6350613497792,1
monotone_clamp_retrained,5,4,1,6,0,0,80.15078783035278,10926.152169704437,2814.1900812059284,124.52044461593789,817328.5638880363,105.31132169984018,1
monotone_clamp_retrained,5,3,1,6,0,0,80.15078783035278,10906.276553869247,2714.351944892108,112.31216307872644,826330.4722417273,100.66337802387262,1
monotone_clamp_retrained,5,2,1,6,0,0,80.15078783035278,10889.786034822464,2620.940020116901,107.71887186812987,834964.2246861547,97.45860423514522,1
monotone_clamp_retrained,5,1,1,6,0,0,80.15078783035278,10871.823579072952,2532.6120619006997,99.09607697942401,842906.8533269529,90.48681714092218,1
monotone_clamp_retrained,6,100,6,6,1,0,116.58411741256714,11268.91702413559,10000.0,55.04842803052067,6417.772396887473,94.22677816891029,0
monotone_clamp_retrained,6,99,6,6,1,0,116.58411741256714,11987.075209617615,9961.633751955764,83.58451801060299,16162.399658508446,94.22677816891029,0
monotone_clamp_retrained,6,98,6,6,1,0,116.58411741256714,11968.950927257538,9902.18349715097,81.67345673009558,25684.22752742013,94.22677816891029,0
monotone_clamp_retrained,6,97,6,6,1,0,116.58411741256714,11957.130581140518,9843.92538762973,79.01889108002337,34896.57520290443,95.43576480047696,0
monotone_clamp_retrained,6,96,6,6,1,0,116.58411741256714,11963.365077972412,9788.162134798651,78.97791826395343,44104.14609878931,95.75546979725004,0
monotone_clamp_retrained,6,95,6,6,1,0,116.58411741256714,11975.796222686768,9733.57559235016,70.77498503348323,52355.3852638056,96.81514068949487,0
monotone_clamp_retrained,6,94,6,6,1,0,116.58411741256714,11984.280794858932,9683.627272913118,72.90645515054379,60855.11999121065,96.81514068949487,0
monotone_clamp_retrained,6,93,6,6,1,0,116.58411741256714,11986.073702573776,9631.534362219809,88.8805481403707,71217.18025130096,96.81514068949487,0
monotone_clamp_retrained,6,92,6,6,1,0,116.58411741256714,11987.403631210327,9567.551803167247,78.33286469278765,80349.54814590765,98.05540323546752,0
monotone_clamp_retrained,6,91,6,6,1,0,116.58411741256714,11984.186172485352,9511.378233904514,72.33236341038051,88782.35289447193,98.05540323546752,0
monotone_clamp_retrained,6,90,6,6,1,0,116.58411741256714,11980.905830860138,9460.905832114706,80.22953298731206,98135.84218822015,99.3508655734912,0
monotone_clamp_retrained,6,89,6,6,1,0,116.58411741256714,11961.257457733154,9404.027847288698,67.00133898696367,105947.13415947554,99.3508655734912,0
monotone_clamp_retrained,6,88,6,6,1,0,116.58411741256714,12011.73409819603,9357.766652030068,83.57579327570363,115690.74425557861,99.61820586358787,0
monotone_clamp_retrained,6,87,6,6,1,0,116.58411741256714,12064.285576343536,9299.273724444516,90.4020224876483,126230.18425961214,100.79415033413501,0
monotone_clamp_retrained,6,86,6,6,1,0,116.58411741256714,12092.942297458649,9234.862285877165,84.31552855870031,136060.03574080233,100.79415033413501,0
monotone_clamp_retrained,6,85,6,6,1,0,116.58411741256714,12119.240760803223,9174.858300386268,89.02185242257714,146438.5698359203,102.19602152536453,0
monotone_clamp_retrained,6,84,6,6,1,0,116.58411741256714,12144.62786912918,9111.725005776278,90.54309960122464,156994.45719072723,102.19602152536453,0
monotone_clamp_retrained,6,83,6,6,1,0,116.58411741256714,12150.563895702362,9047.750767224941,80.05806994588869,166327.95661712222,102.19602152536453,0
monotone_clamp_retrained,6,82,6,6,1,0,116.58411741256714,12155.26670217514,8991.231895541594,86.92630404582941,176462.1830542417,102.19602152536453,0
monotone_clamp_retrained,6,81,6,6,1,0,116.58411741256714,12184.456139802933,8929.204208826859,75.24687253294786,185234.77327655136,102.5542745524332,0
monotone_clamp_retrained,6,80,6,6,1,0,116.58411741256714,12199.127078056335,8874.153129854465,81.41808339077558,194726.82867008774,102.5542745524332,0
monotone_clamp_retrained,6,79,6,6,1,0,116.58411741256714,12255.352288484573,8816.024659647815,87.48111380037601,204925.7371127729,105.27938350715478,0
monotone_clamp_retrained,6,78,6,6,1,0,116.58411741256714,12274.646311998367,8752.05473449433,84.23021720351687,214745.64264491375,105.27938350715478,0
monotone_clamp_retrained,6,77,6,6,1,0,116.58411741256714,12278.797328472137,8691.142841217255,87.42087974520773,224937.52875343896,106.63956259332332,0
monotone_clamp_retrained,6,76,6,6,1,0,116.58411741256714,12275.977730751038,8629.613335569868,92.96633512309096,235775.92688284547,108.15422554551367,0
monotone_clamp_retrained,6,75,6,6,1,0,116.58411741256714,12265.094965696335,8561.956685469315,84.71062684132468,245651.84054860662,108.15422554551367,0
monotone_clamp_retrained,6,74,6,6,1,0,116.58411741256714,12268.250286579132,8501.010270208908,74.80057287360164,254372.39931902988,108.15422554551367,0
monotone_clamp_retrained,6,73,6,6,1,0,116.58411741256714,12267.448604106903,8448.194453590535,83.67894241087697,264128.034966019,108.37967750832935,0
monotone_clamp_retrained,6,72,6,6,1,0,116.58411741256714,12267.704010009766,8387.351971690168,83.05450509699178,273810.87113988935,108.37967750832935,0
monotone_clamp_retrained,6,71,6,6,1,0,116.58411741256714,12254.841029644012,8327.130784503359,94.55324074288552,284834.27726039663,108.37967750832935,0
monotone_clamp_retrained,6,70,6,6,1,0,116.58411741256714,12243.764847517014,8258.64807772635,93.90710003776233,295782.3536370728,108.37967750832935,0
monotone_clamp_retrained,6,69,6,6,1,0,116.58411741256714,12234.288603067398,8189.439702196265,81.4812111462341,305281.76872426353,111.50112646491013,0
monotone_clamp_retrained,6,68,6,6,1,0,116.58411741256714,12213.887572288513,8129.799237660205,76.3719592856673,314185.52619265154,114.17042488045551,0
monotone_clamp_retrained,6,67,6,6,1,0,116.58411741256714,12199.73310828209,8074.032499261415,94.74947325484177,325231.8099073729,114.17042488045551,0
monotone_clamp_retrained,6,66,6,6,1,0,116.58411741256714,12186.267375946045,8005.588171293562,84.5070117458679,335083.9852869384,116.26293387735014,0
monotone_clamp_retrained,6,65,6,6,1,0,116.58411741256714,12175.44972896576,7944.08460638761,89.84360684608595,345558.322896251,116.26293387735014,0
monotone_clamp_retrained,6,64,6,6,1,0,116.58411741256714,12165.135741233826,7878.47731378424,87.23021342884792,355727.9803405631,116.26293387735014,0
monotone_clamp_retrained,6,63,6,6,1,0,116.58411741256714,12154.98149394989,7814.3453392718075,86.20582539999901,365778.21041064383,117.96970954144811,0
monotone_clamp_retrained,6,62,6,6,1,0,116.58411741256714,12144.65320110321,7751.529192551198,91.41599680591483,376435.86371565145,117.96970954144811,0
monotone_clamp_retrained,6,61,6,6,1,0,116.58411741256714,12119.742929935455,7683.572321540709,101.73542453080505,388296.5983941682,118.04371025661288,0
monotone_clamp_retrained,6,60,6,6,1,0,116.58411741256714,12091.840505599976,7609.327258368461,123.16066029183688,402655.175274241,141.95045016902438,0
monotone_clamp_retrained,6,59,6,6,1,0,116.58411741256714,12060.111463069916,7519.590361106957,107.82179869238054,415225.4845126277,141.95045016902438,0
monotone_clamp_retrained,6,58,6,6,1,0,116.58411741256714,12023.639529943466,7440.0021187248185,115.41732446335054,428681.3114193073,146.98995099620282,0
monotone_clamp_retrained,6,57,6,6,1,0,116.58411741256714,12006.847113370895,7354.137282522645,110.374446521106,441549.21885187103,146.98995099620282,0
monotone_clamp_retrained,6,56,6,6,1,0,116.58411741256714,11985.564827919006,7272.513606017563,124.61093507230392,456076.8747372303,146.98995099620282,0
monotone_clamp_retrained,6,55,6,6,1,0,116.58411741256714,11990.079879760742,7179.3306485151825,110.43275460716418,468951.57996654516,148.91799961184566,0
monotone_clamp_retrained,6,54,6,6,1,0,116.58411741256714,11975.88562965393,7096.279722853313,112.0763432999581,482017.90153299866,148.91799961184566,0
monotone_clamp_retrained,6,53,6,6,1,0,116.58411741256714,11939.198672771454,7014.763828030169,111.64536289880766,495033.9776297619,148.91799961184566,0
monotone_clamp_retrained,6,52,6,6,1,0,116.58411741256714,11915.674954652786,6931.7341361926265,118.15220571904585,508808.64825386496,148.91799961184566,0
monotone_clamp_retrained,6,51,6,6,1,0,116.58411741256714,11896.442770957947,6843.4404180792335,127.319383582753,523652.0662183723,150.72146896463957,0
monotone_clamp_retrained,6,50,6,6,1,0,116.58411741256714,11904.019713401794,6748.280711296398,122.36067900247993,537917.3779858788,154.00250483209075,0
monotone_clamp_retrained,6,49,6,6,1,0,116.58411741256714,11912.862062454224,6655.200653678925,106.66863391222795,550353.2465261401,155.30382457501017,0
monotone_clamp_retrained,6,48,6,6,1,0,116.58411741256714,11921.858042478561,6577.200167043684,121.29327749025886,564494.1162304196,155.30382457501017,0
monotone_clamp_retrained,6,47,6,6,1,0,116.58411741256714,11939.542442560196,6487.803617204737,104.90096228958845,576723.9023346803,156.4916823109558,0
monotone_clamp_retrained,6,46,6,6,1,0,116.58411741256714,11972.628235816956,6409.914404733408,119.62711153965869,590670.5235521462,156.4916823109558,0
monotone_clamp_retrained,6,45,6,6,1,0,116.58411741256714,12033.737301826477,6322.814602926435,133.47369200997196,606231.4361329256,156.83230445638512,0
monotone_clamp_retrained,6,44,6,6,1,0,116.58411741256714,12119.377255439758,6221.027119404416,136.47855743732495,622142.6682974964,158.05947025224935,0
monotone_clamp_retrained,6,43,6,6,1,0,116.58411741256714,12208.41109752655,6118.81960374602,127.78504583165498,637040.3750843044,158.05947025224935,0
monotone_clamp_retrained,6,42,6,6,1,0,116.58411741256714,12313.47143650055,6023.652849979862,130.63775626773125,652270.6625995359,158.05947025224935,0
monotone_clamp_retrained,6,41,6,6,1,0,116.58411741256714,12414.468973875046,5925.66446578801,132.26532351745615,667690.6986061062,161.03342439189663,0
monotone_clamp_retrained,6,40,6,6,1,0,116.58411741256714,12518.396079540253,5825.89661859536,137.25631721714134,683692.605208166,161.03342439189663,0
monotone_clamp_retrained,6,39,6,6,1,0,116.58411741256714,12609.060406684875,5720.859731561835,141.10093403531206,700142.7330687616,161.03342439189663,0
monotone_clamp_retrained,6,38,6,6,1,0,116.58411741256714,12709.740996360779,5615.6206995796265,116.63251866444992,713740.2323188613,163.78391687365212,0
monotone_clamp_retrained,6,37,6,6,1,0,116.58411741256714,12802.786231040955,5526.442199185974,126.92184904276687,728537.3040698833,163.78391687365212,0
monotone_clamp_retrained,6,36,6,6,1,0,116.58411741256714,12885.59764623642,5429.226535342865,133.9301773376178,744151.435589698,164.22056879945856,0
monotone_clamp_retrained,6,35,6,6,1,0,116.58411741256714,12975.673973560333,5326.6868724663955,138.8931587492317,760344.1719171208,164.22056879945856,0
monotone_clamp_retrained,6,34,6,6,1,0,116.58411741256714,13042.443990707397,5219.732038167499,135.3186986581979,776120.1829696039,164.22056879945856,0
monotone_clamp_retrained,6,33,6,6,1,0,116.58411741256714,13106.992542743683,5116.940302510598,145.33645278830943,793064.1050458022,164.22056879945856,0
monotone_clamp_retrained,6,32,6,6,1,0,116.58411741256714,13182.349801063538,5005.087735292378,143.98432439741717,809850.3904269198,164.22056879945856,0
monotone_clamp_retrained,6,31,6,6,1,0,116.58411741256714,13271.51745557785,4893.8291812602465,145.9479438699929,826865.6026511819,168.70102037223506,0
monotone_clamp_retrained,6,30,6,6,1,0,116.58411741256714,13346.803188323975,4781.025550760036,147.13704248668262,844019.4448881871,169.5313551099291,0
monotone_clamp_retrained,6,29,6,6,1,0,116.58411741256714,13399.440348148346,4667.088155425999,139.7267224531572,860309.3615043391,181.5204308117816,0
monotone_clamp_retrained,6,28,6,6,1,0,116.58411741256714,13442.054092884064,4559.452824113617,144.55757383731702,877162.4786654648,181.5204308117816,0
monotone_clamp_retrained,6,27,6,6,1,0,116.58411741256714,13488.932847976685,4447.327651196467,137.87160999327315,893236.1186327802,181.94116901124866,0
monotone_clamp_retrained,6,26,6,6,1,0,116.58411741256714,13546.250462532043,4337.741282833393,140.18790124615163,909579.8013714829,181.94116901124866,0
monotone_clamp_retrained,6,25,6,6,1,0,116.58411741256714,13616.771399974823,4228.730687464139,170.99626235206418,929515.2496986461,184.81972965388394,0
monotone_clamp_retrained,6,24,6,6,1,0,116.58411741256714,13687.823116779327,4095.934126598745,159.14822905116736,948069.4055203495,189.05835539811233,0
monotone_clamp_retrained,6,23,6,6,1,0,116.58411741256714,13775.450587272644,3970.4664776594364,152.28367246226222,965823.2630707067,191.03935136353707,0
monotone_clamp_retrained,6,22,6,6,1,0,116.58411741256714,13842.056393623352,3852.5778343173224,141.52364251472358,982322.6720262974,192.1968114158716,0
monotone_clamp_retrained,6,21,6,6,1,0,116.58411741256714,13901.432156562805,3741.166727122558,157.3143662203313,1000663.0285684121,192.1968114158716,0
monotone_clamp_retrained,6,20,6,6,1,0,116.58411741256714,13951.005339622498,3619.707071483691,155.17062262201944,1018753.4586551588,192.1968114158716,0
monotone_clamp_retrained,6,19,6,6,1,0,116.58411741256714,14002.071022987366,3497.680486627769,165.80250320140408,1038083.3971556888,192.1968114158716,0
monotone_clamp_retrained,6,18,6,6,1,0,116.58411741256714,14066.815972328186,3365.9450105629912,152.22942488873042,1055830.9303005643,198.05584899707483,0
monotone_clamp_retrained,6,17,6,6,1,0,116.58411741256714,14135.35475730896,3245.31869905205,160.86964656355028,1074585.7760636474,198.05584899707483,0
monotone_clamp_retrained,6,16,6,6,1,0,116.58411741256714,14191.578328609467,3115.5976877652147,185.17342764606644,1096174.0566940238,200.3541206575088,0
monotone_clamp_retrained,6,15,6,6,1,0,116.58411741256714,14227.858185768127,2967.029469655844,162.9750169647372,1115174.355207156,200.70846228702368,0
monotone_clamp_retrained,6,14,6,6,1,0,116.58411741256714,14247.661828994751,2835.53724963023,162.30217150069532,1134096.2106257076,202.16814556654086,0
monotone_clamp_retrained,6,13,6,6,1,0,116.58411741256714,14218.254387378693,2704.2079031051844,165.93557767367813,1153441.6634961378,202.16814556654086,0
monotone_clamp_retrained,6,12,6,6,1,0,116.58411741256714,14182.305037975311,2570.168511920255,156.5314274171321,1171690.7418088934,202.47826441075347,0
monotone_clamp_retrained,6,11,6,6,1,0,116.58411741256714,14155.76547384262,2443.1540666680203,170.67029738470282,1191588.1877980293,202.47826441075347,0
monotone_clamp_retrained,6,10,6,6,1,0,116.58411741256714,14151.713252067566,2304.2791528143325,175.5801158802078,1212058.0406431195,203.1428722162761,0
monotone_clamp_retrained,6,9,6,6,1,0,116.58411741256714,14154.698252677917,2160.045948410225,162.43758621840536,1230995.6832670202,203.1428722162761,0
monotone_clamp_retrained,6,8,6,6,1,0,116.58411741256714,14135.51926612854,2025.4930500916707,154.50599381311667,1249008.628190674,203.1428722162761,0
monotone_clamp_retrained,6,7,6,6,1,0,116.58411741256714,14117.720127105713,1897.458955245751,178.37500229014782,1269804.3204011354,203.1428722162761,0
monotone_clamp_retrained,6,6,6,6,1,0,116.58411741256714,14107.851386070251,1750.309214713825,148.1191163636305,1287072.6568543185,203.1428722162761,0
monotone_clamp_retrained,6,5,6,6,1,0,116.58411741256714,14131.169319152832,1626.6907351541686,157.51937925326868,1305436.9146599362,184.9018914663731,0
monotone_clamp_retrained,6,4,6,6,1,0,116.58411741256714,14148.778021335602,1494.9151209164047,141.09300931521534,1321886.1186240336,181.28225725981625,0
monotone_clamp_retrained,6,3,6,6,1,0,116.58411741256714,14155.148267745972,1375.9458523650355,133.82235623494952,1337487.6799157553,172.60185591989207,0
monotone_clamp_retrained,6,2,6,6,1,0,116.58411741256714,14156.99452161789,1263.4341653123029,124.26934378089223,1351975.5116818894,163.29379014865918,0
monotone_clamp_retrained,6,1,6,6,1,0,116.58411741256714,14155.7976603508,1157.4016486905857,108.67302791623192,1364645.0607280545,155.83380272156026,0
monotone_clamp_retrained,7,100,6,12,1,1,116.05848789215088,10942.31441617012,10000.0,94.05150033082454,10915.474912383625,119.21816460837967,0
monotone_clamp_retrained,7,99,6,12,1,1,116.05848789215088,11790.523529052734,9933.284659166053,92.6072368923485,21663.330793979803,119.21816460837967,0
monotone_clamp_retrained,7,98,6,12,1,1,116.05848789215088,11753.067374229431,9867.612318716434,97.75122060342055,33008.18964682486,119.21816460837967,0
monotone_clamp_retrained,7,97,6,12,1,1,116.05848789215088,11761.810332536697,9796.042639735173,93.3324196342304,43840.20914088933,120.48841230422327,0
monotone_clamp_retrained,7,96,6,12,1,1,116.05848789215088,11798.80827665329,9729.357654865858,102.04427853005411,55683.313805132886,120.48841230422327,0
monotone_clamp_retrained,7,95,6,12,1,1,116.05848789215088,11856.310814619064,9655.402024242392,98.96885612055573,67169.48959490043,121.5480831964681,0
monotone_clamp_retrained,7,94,6,12,1,1,116.05848789215088,11960.550546646118,9584.830156241327,98.28531622008153,78576.33477740498,121.5480831964681,0
monotone_clamp_retrained,7,93,6,12,1,1,116.05848789215088,12099.90382194519,9513.125336805873,88.57073279882478,88855.72009753631,122.03586911981081,0
monotone_clamp_retrained,7,92,6,12,1,1,116.05848789215088,12208.394557237625,9449.404615233096,84.11466725869869,98617.9411891323,123.03316904179233,0
monotone_clamp_retrained,7,91,6,12,1,1,116.05848789215088,12302.062213420868,9389.515602203403,85.75306077356656,108570.31175463615,123.03316904179233,0
monotone_clamp_retrained,7,90,6,12,1,1,116.05848789215088,12453.430593013763,9327.490535721328,90.34736922435079,119055.89081184815,124.47314745072495,0
monotone_clamp_retrained,7,89,6,12,1,1,116.05848789215088,12538.865804672241,9261.628761565804,101.95677308925167,130888.83972694984,124.47314745072495,0
monotone_clamp_retrained,7,88,6,12,1,1,116.05848789215088,12595.381736755371,9187.660373803039,81.95283827519418,140400.16221563885,124.74048774082162,0
monotone_clamp_retrained,7,87,6,12,1,1,116.05848789215088,12616.596817970276,9128.41266484473,101.69890839854972,152203.18374465688,126.45503592053535,0
monotone_clamp_retrained,7,86,6,12,1,1,116.05848789215088,12622.832655906677,9054.162491694948,90.97755785033613,162761.90154088757,126.45503592053535,0
monotone_clamp_retrained,7,85,6,12,1,1,116.05848789215088,12617.01911687851,8988.1755997358,97.6810986469725,174098.62214549922,127.85690711176491,0
monotone_clamp_retrained,7,84,6,12,1,1,116.05848789215088,12590.628266334534,8917.556554242918,113.99644025851424,187328.8766269903,130.6942817674587,0
monotone_clamp_retrained,7,83,6,12,1,1,116.05848789215088,12590.218484401703,8835.03800075238,105.24907763186145,199543.92542898774,130.6942817674587,0
monotone_clamp_retrained,7,82,6,12,1,1,116.05848789215088,12589.215338230133,8757.071244917957,101.12966481377778,211280.88140831486,130.6942817674587,0
monotone_clamp_retrained,7,81,6,12,1,1,116.05848789215088,12564.743161201477,8683.000164140794,106.68218142172003,223662.2540691558,131.0525347945274,0
monotone_clamp_retrained,7,80,6,12,1,1,116.05848789215088,12531.792223453522,8604.587279859257,98.94233138969422,235145.3514387678,131.0525347945274,0
monotone_clamp_retrained,7,79,6,12,1,1,116.05848789215088,12494.167536497116,8531.760680076406,119.61336537496805,249027.49775587796,134.69965047598188,0
monotone_clamp_retrained,7,78,6,12,1,1,116.05848789215088,12455.22916316986,8445.511426775312,116.70519226061711,262572.12589880795,134.69965047598188,0
monotone_clamp_retrained,7,77,6,12,1,1,116.05848789215088,12417.7485704422,8359.345822928508,105.92115219563567,274865.17465842783,136.04655404778723,0
monotone_clamp_retrained,7,76,6,12,1,1,116.05848789215088,12395.967245101929,8279.269523245304,117.15099304517113,288461.5417663143,137.5612169999776,0
monotone_clamp_retrained,7,75,6,12,1,1,116.05848789215088,12375.13780593872,8194.04736018565,111.64904517866515,301419.3611243526,137.5612169999776,0
monotone_clamp_retrained,7,74,6,12,1,1,116.05848789215088,12369.649410247803,8110.826495085553,110.15819437958883,314204.1545929773,137.5612169999776,0
monotone_clamp_retrained,7,73,6,12,1,1,116.05848789215088,12342.770546674728,8028.50533529864,111.13631282119951,327102.4670089148,138.32368132308972,0
monotone_clamp_retrained,7,72,6,12,1,1,116.05848789215088,12305.715084075928,7945.361797365084,123.17663211564405,341398.1606759042,138.32368132308972,0
monotone_clamp_retrained,7,71,6,12,1,1,116.05848789215088,12259.397357702255,7854.637477841979,113.2935602655117,354546.83996823773,138.32368132308972,0
monotone_clamp_retrained,7,70,6,12,1,1,116.05848789215088,12220.168113708496,7770.847676737199,115.20653862547962,367917.53663639957,138.32368132308972,0
monotone_clamp_retrained,7,69,6,12,1,1,116.05848789215088,12187.528163194656,7686.34008819282,111.7088982237581,380882.3024483471,141.44513027967048,0
monotone_clamp_retrained,7,68,6,12,1,1,116.05848789215088,12172.096967697144,7603.214116927114,123.53342197258276,395219.40460662806,144.11442869521588,0
monotone_clamp_retrained,7,67,6,12,1,1,116.05848789215088,12153.369188308716,7509.664292384046,107.00168341577016,407637.858185777,144.11442869521588,0
monotone_clamp_retrained,7,66,6,12,1,1,116.05848789215088,12132.637202739716,7430.432335385742,122.76513313623157,421885.7939034466,145.6585852960098,0
monotone_clamp_retrained,7,65,6,12,1,1,116.05848789215088,12115.480452775955,7340.869981475565,113.88454683602527,435103.0622035185,145.6585852960098,0
monotone_clamp_retrained,7,64,6,12,1,1,116.05848789215088,12116.359323263168,7255.549694831409,129.0239024019983,450077.3812182389,145.6585852960098,0
monotone_clamp_retrained,7,63,6,12,1,1,116.05848789215088,12113.90733718872,7157.830993528185,116.35007522192616,463580.7950146337,147.36536096010775,0
monotone_clamp_retrained,7,62,6,12,1,1,116.05848789215088,12095.000594854355,7070.711283791083,116.9765040760938,477156.91119661514,147.36536096010775,0
monotone_clamp_retrained,7,61,6,12,1,1,116.05848789215088,12079.063057899475,6981.029846592962,136.19883437128226,492963.9419664197,147.3781006109956,0
monotone_clamp_retrained,7,60,6,12,1,1,116.05848789215088,12092.916518449783,6878.669752217558,142.63280790777432,509517.6899760076,172.95101534140753,0
monotone_clamp_retrained,7,59,6,12,1,1,116.05848789215088,12110.089361667633,6771.075789495619,143.16055267980187,526132.6872458301,173.18520571918685,0
monotone_clamp_retrained,7,58,6,12,1,1,116.05848789215088,12127.092331647873,6664.270277860806,144.64665475921927,542920.1592758431,179.28794627762093,0
monotone_clamp_retrained,7,57,6,12,1,1,116.05848789215088,12120.27296423912,6555.267272707641,154.06784871304944,560801.0408302762,179.28794627762093,0
monotone_clamp_retrained,7,56,6,12,1,1,116.05848789215088,12127.230316400528,6437.464610229503,146.33816559222805,577784.8270498214,179.28794627762093,0
monotone_clamp_retrained,7,55,6,12,1,1,116.05848789215088,12156.960517168045,6325.388154452978,143.81235808260232,594475.4718690928,181.50830068228348,0
monotone_clamp_retrained,7,54,6,12,1,1,116.05848789215088,12191.634774208069,6214.609611626513,146.4881180109345,611476.6613396088,181.50830068228348,0
monotone_clamp_retrained,7,53,6,12,1,1,116.05848789215088,12232.729494571686,6102.1917893648915,136.2041685337196,627284.31118424,181.50830068228348,0
monotone_clamp_retrained,7,52,6,12,1,1,116.05848789215088,12270.279675722122,5997.789294618223,134.82773523898365,642932.2142619997,181.50830068228348,0
monotone_clamp_retrained,7,51,6,12,1,1,116.05848789215088,12303.612679243088,5897.314995009003,153.0034404316139,660689.5622007896,183.74050410317923,0
monotone_clamp_retrained,7,50,6,12,1,1,116.05848789215088,12330.129593610764,5781.40582600587,157.36741705843798,678953.3866680854,192.542564800098,0
monotone_clamp_retrained,7,49,6,12,1,1,116.05848789215088,12341.13022685051,5657.764720481257,149.40120924144355,696292.6651019062,193.30528083385084,0
monotone_clamp_retrained,7,48,6,12,1,1,116.05848789215088,12358.819246292114,5543.8272439925895,160.69566162583715,714942.7606010296,193.30528083385084,0
monotone_clamp_retrained,7,47,6,12,1,1,116.05848789215088,12384.78571176529,5419.477806936698,157.64118153007348,733238.3577589421,197.01820323067741,0
monotone_clamp_retrained,7,46,6,12,1,1,116.05848789215088,12391.779273748398,5298.258193563008,164.67213369828391,752349.956593939,197.01820323067741,0
monotone_clamp_retrained,7,45,6,12,1,1,116.05848789215088,12421.388030052185,5170.3805702241525,151.25933631294828,769904.8864459901,197.01820323067741,0
monotone_clamp_retrained,7,44,6,12,1,1,116.05848789215088,12418.688237667084,5053.507649193466,159.81103775882957,788452.3138367552,197.60821190962048,0
monotone_clamp_retrained,7,43,6,12,1,1,116.05848789215088,12374.832034111023,4931.2280570063995,161.60745577493267,807208.2307860915,197.60821190962048,0
monotone_clamp_retrained,7,42,6,12,1,1,116.05848789215088,12427.259981632233,4807.059591298561,170.0554810323124,826944.6127724741,197.60821190962048,0
monotone_clamp_retrained,7,41,6,12,1,1,116.05848789215088,12502.915263175964,4674.585024479056,162.99339925512845,845861.380226426,201.0148893750271,0
monotone_clamp_retrained,7,40,6,12,1,1,116.05848789215088,12524.59704875946,4548.505897579501,161.3300687779545,864585.104060332,201.0148893750271,0
monotone_clamp_retrained,7,39,6,12,1,1,116.05848789215088,12538.807690143585,4425.610410910869,159.00341713096452,883038.8002222367,201.0148893750271,0
monotone_clamp_retrained,7,38,6,12,1,1,116.05848789215088,12556.335031986237,4300.8609100662525,151.02614056057183,900566.665727884,208.16928401824555,0
monotone_clamp_retrained,7,37,6,12,1,1,116.05848789215088,12611.420750617981,4181.561270926251,154.43841338200036,918490.5544574619,208.16928401824555,0
monotone_clamp_retrained,7,36,6,12,1,1,116.05848789215088,12664.645314216614,4059.458837567483,161.64320892195707,937250.6208629793,208.605935944052,0
monotone_clamp_retrained,7,35,6,12,1,1,116.05848789215088,12729.403674602509,3931.3988101626956,169.45479484567005,956917.2881188424,208.605935944052,0
monotone_clamp_retrained,7,34,6,12,1,1,116.05848789215088,12819.696962833405,3800.277737240379,178.40037518145928,977622.165901795,208.605935944052,0
monotone_clamp_retrained,7,33,6,12,1,1,116.05848789215088,12906.060516834259,3657.508530411047,167.88074593699,997106.1514214484,208.605935944052,0
monotone_clamp_retrained,7,32,6,12,1,1,116.05848789215088,12984.217405319214,3525.194364846271,170.74530970200948,1016922.5938801407,208.605935944052,0
monotone_clamp_retrained,7,31,6,12,1,1,116.05848789215088,13008.909225463867,3391.3806847089745,182.23529812064106,1038072.5470205976,213.0863875168285,0
monotone_clamp_retrained,7,30,6,12,1,1,116.05848789215088,13012.63302564621,3247.5805061411083,181.6783603473505,1059157.8628052364,214.84826275598544,0
monotone_clamp_retrained,7,29,6,12,1,1,116.05848789215088,13014.690279960632,3104.3048685148124,177.07929885112233,1079709.4184669,225.55221352890493,0
monotone_clamp_retrained,7,28,6,12,1,1,116.05848789215088,12955.779731273651,2965.0990866218217,192.48409932668324,1102048.8319780375,225.55221352890493,0
monotone_clamp_retrained,7,27,6,12,1,1,116.05848789215088,12853.170931339264,2811.6165422006816,190.15491776679858,1124117.9241993085,225.97295172837198,0
monotone_clamp_retrained,7,26,6,12,1,1,116.05848789215088,12797.032594680786,2659.4054988521048,180.2812517861147,1145041.093676909,225.97295172837198,0
monotone_clamp_retrained,7,25,6,12,1,1,116.05848789215088,12744.424939155579,2515.265935903323,184.1571185001237,1166414.090384609,230.19559885154544,0
monotone_clamp_retrained,7,24,6,12,1,1,116.05848789215088,12655.85869550705,2367.2031443508204,186.96060653245806,1188112.4556741656,233.6670386321828,0
monotone_clamp_retrained,7,23,6,12,1,1,116.05848789215088,12532.703876495361,2216.9888033971565,181.2110292460632,1209143.533717844,235.30679756566138,0
monotone_clamp_retrained,7,22,6,12,1,1,116.05848789215088,12338.477820158005,2071.7791458717484,205.47208710955394,1232990.313451823,238.1271749969102,0
monotone_clamp_retrained,7,21,6,12,1,1,116.05848789215088,12024.146616458893,1906.4907586040154,183.80687641816255,1254322.6615930945,238.1271749969102,0
monotone_clamp_retrained,7,20,6,12,1,1,116.05848789215088,11668.474823236465,1756.846732816155,203.49780431560276,1277940.3090513363,238.1271749969102,0
monotone_clamp_retrained,7,19,6,12,1,1,116.05848789215088,11288.951635360718,1593.5827950023086,195.4386720858445,1300622.6258092693,238.1271749969102,0
monotone_clamp_retrained,7,18,6,12,1,1,116.05848789215088,10960.764735937119,1435.0641440517957,183.01869107723545,1321863.4983516939,244.15619931843952,0
monotone_clamp_retrained,7,17,6,12,1,1,116.05848789215088,10728.241354227066,1284.415977032104,198.77468597226644,1344932.9878368722,244.15619931843952,0
monotone_clamp_retrained,7,16,6,12,1,1,116.05848789215088,10557.943135499954,1121.2678192728927,195.07894149148765,1367573.5548059756,246.45447097887347,0
monotone_clamp_retrained,7,15,6,12,1,1,116.05848789215088,10206.882357597351,960.1902615937197,0.0,1367573.5548059756,249.0993376403336,0
monotone_clamp_retrained,7,14,6,12,1,1,116.05848789215088,10129.37143445015,960.1902615937197,0.0,1367573.5548059756,251.01425215790965,0
monotone_clamp_retrained,7,13,6,12,1,1,116.05848789215088,10122.776478528976,960.1902615937197,0.0,1367573.5548059756,251.46554524240713,0
monotone_clamp_retrained,7,12,6,12,1,1,116.05848789215088,10118.44888329506,960.1902615937197,0.0,1367573.5548059756,252.18470229434556,0
monotone_clamp_retrained,7,11,6,12,1,1,116.05848789215088,10113.714635372162,960.1902615937197,0.0,1367573.5548059756,252.18470229434556,0
monotone_clamp_retrained,7,10,6,12,1,1,116.05848789215088,10111.662894487381,960.1902615937197,0.0,1367573.5548059756,253.3217479726484,0
monotone_clamp_retrained,7,9,6,12,1,1,116.05848789215088,10111.666470766068,960.1902615937197,0.0,1367573.5548059756,253.3217479726484,0
monotone_clamp_retrained,7,8,6,12,1,1,116.05848789215088,10111.694037914276,960.1902615937197,0.0,1367573.5548059756,253.3217479726484,0
monotone_clamp_retrained,7,7,6,12,1,1,116.05848789215088,10111.531019210815,960.1902615937197,0.0,1367573.5548059756,253.3217479726484,0
monotone_clamp_retrained,7,6,6,12,1,1,116.05848789215088,10111.317783594131,960.1902615937197,0.0,1367573.5548059756,253.3217479726484,0
monotone_clamp_retrained,7,5,6,12,1,1,116.05848789215088,10114.370286464691,960.1902615937197,0.0,1367573.5548059756,227.42353435458372,0
monotone_clamp_retrained,7,4,6,12,1,1,116.05848789215088,10118.164420127869,960.1902615937197,0.0,1367573.5548059756,223.80390014802688,0
monotone_clamp_retrained,7,3,6,12,1,1,116.05848789215088,10123.59768152237,960.1902615937197,0.0,1367573.5548059756,212.94074769604768,0
monotone_clamp_retrained,7,2,6,12,1,1,116.05848789215088,10129.264146089554,960.1902615937197,13.177919151896276,1369102.9641763098,199.91705650403023,0
monotone_clamp_retrained,7,1,6,12,1,1,116.05848789215088,10130.057036876678,948.5775969684491,18.839247706475362,1371289.418778149,192.4570690769313,0
monotone_clamp_retrained,8,100,1,12,0,1,80.04390120506287,11167.535781860352,10000.0,94.29764220563075,7547.951156577874,78.34826956228913,0
monotone_clamp_retrained,8,99,1,12,0,1,80.07108211517334,12179.27172780037,9939.672844916726,95.57384675991376,15200.652488553922,78.34826956228913,0
monotone_clamp_retrained,8,98,1,12,0,1,80.07108211517334,12096.883952617645,9876.777399780252,106.81543855666034,23753.480240392524,78.34826956228913,0
monotone_clamp_retrained,8,97,1,12,0,1,80.07108211517334,12270.550578832626,9803.923087779342,110.8047029103332,32625.7327058732,80.43164846582134,0
monotone_clamp_retrained,8,96,1,12,0,1,80.07108211517334,12385.970652103424,9728.500416600318,99.65409025553635,40605.14354983714,80.43164846582134,0
monotone_clamp_retrained,8,95,1,12,0,1,80.07171392440796,12525.063157081604,9660.476738895139,112.12156540823565,49582.90945996218,80.76388620962199,0
monotone_clamp_retrained,8,94,1,12,0,1,80.07289409637451,12606.42558336258,9585.895279937095,105.56380940488911,58035.70919084973,80.76388620962199,0
monotone_clamp_retrained,8,93,1,12,0,1,80.07550835609436,12681.980729103088,9514.793367489916,112.73166640442552,67062.75468601375,81.2516721329647,0
monotone_clamp_retrained,8,92,1,12,0,1,80.0778579711914,12749.334871768951,9439.874298321802,98.79685667253422,74974.1953426371,81.68189079408234,0
monotone_clamp_retrained,8,91,1,12,0,1,80.0804352760315,12811.945080757141,9372.678941358248,104.69204711836892,83357.98004581488,81.68189079408234,0
monotone_clamp_retrained,8,90,1,12,0,1,80.08375644683838,12879.639267921448,9303.999518779476,105.50510579624805,91807.22524229952,82.82831677780638,0
monotone_clamp_retrained,8,89,1,12,0,1,80.08783459663391,12953.679859638214,9232.670490857352,100.70182770933887,99872.21656346378,82.82831677780638,0
monotone_clamp_retrained,8,88,1,12,0,1,80.09207844734192,13007.592260837555,9164.545527990482,106.51637469737237,108403.33440165219,82.82831677780638,0
monotone_clamp_retrained,8,87,1,12,0,1,80.09599924087524,13029.87664937973,9094.639029389487,117.18035495506484,117789.01202317855,84.56293398444693,0
monotone_clamp_retrained,8,86,1,12,0,1,80.10064721107483,13057.665824890137,9016.186846529681,87.15368599689306,124770.07867836047,84.56293398444693,0
monotone_clamp_retrained,8,85,1,12,0,1,80.1056444644928,13082.358837127686,8956.915277430599,120.25413283889017,134403.11348893848,84.8282916403851,0
monotone_clamp_retrained,8,84,1,12,0,1,80.10902285575867,13121.167719364166,8875.670944132864,121.00094043888421,144096.38059212535,87.66566629607894,0
monotone_clamp_retrained,8,83,1,12,0,1,80.112783908844,13243.305683135986,8790.826449318714,101.68492355205146,152242.64289943816,87.66566629607894,0
monotone_clamp_retrained,8,82,1,12,0,1,80.11774182319641,13350.819945335388,8724.518767486104,99.14382874528825,160185.82257421635,87.66566629607894,0
monotone_clamp_retrained,8,81,1,12,0,1,80.12441635131836,13429.689407348633,8655.23376395131,102.48406319328465,168397.2983228899,88.02391932314761,0
monotone_clamp_retrained,8,80,1,12,0,1,80.12951731681824,13500.260710716248,8586.91256946178,100.02942098831512,176412.6075441644,88.02391932314761,0
monotone_clamp_retrained,8,79,1,12,0,1,80.1348328590393,13538.545966148376,8518.226231888377,111.0696442278158,185313.15492007337,89.41124357506565,0
monotone_clamp_retrained,8,78,1,12,0,1,80.14097929000854,13570.753335952759,8440.6964064996,120.7230380716749,194988.0174140024,89.85798532780689,0
monotone_clamp_retrained,8,77,1,12,0,1,80.14750838279724,13604.547381401062,8358.970703002578,111.54943106608182,203928.42637546745,91.10061121112462,0
monotone_clamp_retrained,8,76,1,12,0,1,80.15450596809387,13637.51083612442,8283.634709382177,113.37097622073892,213015.6209655613,91.10061121112462,0
monotone_clamp_retrained,8,75,1,12,0,1,80.16295671463013,13656.660616397858,8206.981634412032,103.18459998252794,221287.20358757713,91.10061121112462,0
monotone_clamp_retrained,8,74,1,12,0,1,80.17142534255981,13646.883070468903,8133.087326510966,113.65392124646965,230399.00044967764,91.10061121112462,0
monotone_clamp_retrained,8,73,1,12,0,1,80.17142534255981,13634.900450706482,8053.498752205344,133.69959716828828,241117.88772238538,91.59938678561403,0
monotone_clamp_retrained,8,72,1,12,0,1,80.17142534255981,13645.004630088806,7959.51250497583,114.81025380398832,250322.38941379217,91.59938678561403,0
monotone_clamp_retrained,8,71,1,12,0,1,80.17142534255981,13631.885051727295,7879.690475190091,109.76745888240463,259122.60304862537,93.48039800843478,0
monotone_clamp_retrained,8,70,1,12,0,1,80.17142534255981,13613.372445106506,7801.907625793077,113.08116513580715,268188.4812369604,93.48039800843478,0
monotone_clamp_retrained,8,69,1,12,0,1,80.17142534255981,13591.687679290771,7720.800781260062,114.98849191005642,277407.272531381,93.48039800843478,0
monotone_clamp_retrained,8,68,1,12,0,1,80.17142534255981,13584.725558757782,7641.0712984727925,114.39154103961442,286578.20542365883,95.11469441166237,0
monotone_clamp_retrained,8,67,1,12,0,1,80.17142534255981,13593.985438346863,7560.276193684856,120.70094689151581,296254.9723761483,95.11469441166237,0
monotone_clamp_retrained,8,66,1,12,0,1,80.17142534255981,13633.409142494202,7473.851482889216,114.77866135507705,305456.94125589577,96.29318018780998,0
monotone_clamp_retrained,8,65,1,12,0,1,80.17142534255981,13691.948056221008,7392.99323503224,134.7091522125801,316256.76599546615,96.29318018780998,0
monotone_clamp_retrained,8,64,1,12,0,1,80.17142534255981,13762.11166381836,7298.817018638627,123.46636068837505,326155.2401137118,96.29318018780998,0
monotone_clamp_retrained,8,63,1,12,0,1,80.17142534255981,13801.316022872925,7209.726969013955,123.6330245753685,336067.07591333083,96.29318018780998,0
monotone_clamp_retrained,8,62,1,12,0,1,80.17142534255981,13842.528462409973,7123.624990910757,102.8497132974128,344312.68402445805,96.29318018780998,0
monotone_clamp_retrained,8,61,1,12,0,1,80.17142534255981,13884.0913772583,7048.254364532665,153.83241425930655,356645.6479395138,96.40873891602581,0
monotone_clamp_retrained,8,60,1,12,0,1,80.17142534255981,13910.359740257263,6937.2726013831925,146.86916233898734,368420.3580230982,121.48371342624034,0
monotone_clamp_retrained,8,59,1,12,0,1,80.17142534255981,13932.95705318451,6830.225823954538,154.8359856136382,380833.7796840637,121.717787817549,0
monotone_clamp_retrained,8,58,1,12,0,1,80.17142534255981,13931.561708450317,6720.363717313214,143.4651332023079,392335.58389985294,121.717787817549,0
monotone_clamp_retrained,8,57,1,12,0,1,80.17142534255981,13931.169509887695,6617.848577856963,146.78743047264547,404103.7414232168,121.717787817549,0
monotone_clamp_retrained,8,56,1,12,0,1,80.17142534255981,13919.914364814758,6513.834000545731,142.4119305143833,415521.1088783405,121.717787817549,0
monotone_clamp_retrained,8,55,1,12,0,1,80.17142534255981,13872.84129858017,6413.218600499125,156.6710493322254,428081.6502132195,125.52438207732914,0
monotone_clamp_retrained,8,54,1,12,0,1,80.17142534255981,13784.617185592651,6303.853382316596,155.9831891300552,440587.0448152541,125.52438207732914,0
monotone_clamp_retrained,8,53,1,12,0,1,80.17142534255981,13688.823878765106,6191.083113585135,153.24902781920596,452873.23780788144,125.52438207732914,0
monotone_clamp_retrained,8,52,1,12,0,1,80.17142534255981,13593.766689300537,6082.482924482058,152.9641473658722,465136.59152851277,125.77567823347204,0
monotone_clamp_retrained,8,51,1,12,0,1,80.17142534255981,13494.170308113098,5971.012854315466,145.64910050435782,476813.4875158089,127.57061847614774,0
monotone_clamp_retrained,8,50,1,12,0,1,80.17142534255981,13391.003906726837,5866.838445935004,154.5633091642576,489205.0483171702,127.57061847614774,0
monotone_clamp_retrained,8,49,1,12,0,1,80.17142534255981,13280.33834695816,5755.246908052986,157.3619893282942,501820.98329636024,127.56529444817109,0
monotone_clamp_retrained,8,48,1,12,0,1,80.17142534255981,13164.043128490448,5643.875534967264,174.2392659215017,515789.99359592836,127.56529444817109,0
monotone_clamp_retrained,8,47,1,12,0,1,80.17142534255981,12949.526011943817,5517.5373041373705,151.20460651225332,527912.2824183766,127.56529444817109,0
monotone_clamp_retrained,8,46,1,12,0,1,80.17142534255981,12681.1882853508,5409.687393943906,162.7215921320871,540957.9043936167,130.8145259896823,0
monotone_clamp_retrained,8,45,1,12,0,1,80.18192768096924,12388.364523649216,5290.412431098349,151.7063999046581,553122.0159795122,130.8145259896823,0
monotone_clamp_retrained,8,44,1,12,0,1,80.1926589012146,12090.545296669006,5178.823884960315,151.44040414845367,565266.4246532513,131.2339851260106,0
monotone_clamp_retrained,8,43,1,12,0,1,80.2049458026886,11779.53764796257,5069.967551663179,169.23220140373863,578839.6841949079,131.2339851260106,0
monotone_clamp_retrained,8,42,1,12,0,1,80.23617148399353,11648.187786340714,4943.127198870712,165.3155717583919,592103.9727594886,131.2339851260106,0
monotone_clamp_retrained,8,41,1,12,0,1,80.26555180549622,11567.587852478027,4822.807560634808,176.0891236638352,606237.8634373127,134.1721664575167,0
monotone_clamp_retrained,8,40,1,12,0,1,80.29265761375427,11438.967287540436,4696.058461979554,168.1256629802523,619737.1197310715,134.1721664575167,0
monotone_clamp_retrained,8,39,1,12,0,1,80.3233277797699,11343.589872121811,4572.080673186499,175.25337605068913,633814.0541001023,134.1721664575167,0
monotone_clamp_retrained,8,38,1,12,0,1,80.35180687904358,11249.310672283173,4442.437262329145,165.00142749534663,647072.2169369749,135.24479254111014,0
monotone_clamp_retrained,8,37,1,12,0,1,80.383620262146,11162.128150463104,4319.510089705627,158.23260044523218,659791.5262042563,135.24479254111014,0
monotone_clamp_retrained,8,36,1,12,0,1,80.4165518283844,11110.84133386612,4201.010794655119,161.8102088763663,672803.7452527244,135.3776796692217,0
monotone_clamp_retrained,8,35,1,12,0,1,80.4361355304718,11084.072291851044,4082.8953186312974,164.21863547546715,686012.8576724582,135.3776796692217,0
monotone_clamp_retrained,8,34,1,12,0,1,80.44561386108398,11048.422008752823,3960.823420582252,172.82909602762493,699916.2003954566,135.3776796692217,0
monotone_clamp_retrained,8,33,1,12,0,1,80.45279264450073,11013.576686382294,3832.5841953169775,175.85550716299952,714064.2670486349,135.3776796692217,0
monotone_clamp_retrained,8,32,1,12,0,1,80.4595422744751,10977.053791284561,3699.383773770219,180.12837891434827,728557.3139667267,137.67563429490323,0
monotone_clamp_retrained,8,31,1,12,0,1,80.4622209072113,10986.466705799103,3566.7809028147394,188.42599646738057,743718.4881191464,146.59908961842842,0
monotone_clamp_retrained,8,30,1,12,0,1,80.4622209072113,11001.087874174118,3424.867634298407,167.07018884760788,757161.3265612122,146.67867998707746,0
monotone_clamp_retrained,8,29,1,12,0,1,80.4622209072113,11013.95845413208,3301.2587272732635,185.1370306514814,772057.8632195968,149.0471367442043,0
monotone_clamp_retrained,8,28,1,12,0,1,80.4622209072113,11028.486341238022,3164.818501652044,179.05975766940603,786465.4089967842,149.0471367442043,0
monotone_clamp_retrained,8,27,1,12,0,1,80.4622209072113,11043.016463518143,3033.285098490692,187.72922770691005,801570.5195872778,149.46787494367135,0
monotone_clamp_retrained,8,26,1,12,0,1,80.4622209072113,11057.51946568489,2890.5097675126963,191.74066813052144,816998.3995832921,149.46787494367135,0
monotone_clamp_retrained,8,25,1,12,0,1,80.4622209072113,11064.704358577728,2741.777658842805,188.3541171253925,832153.7901642182,154.18295349612166,0
monotone_clamp_retrained,8,24,1,12,0,1,80.4622209072113,11060.21910905838,2598.8882751015963,208.4365723733743,848925.0596956665,154.86606328959272,0
monotone_clamp_retrained,8,23,1,12,0,1,80.4622209072113,11057.227998971939,2442.861322568948,201.86884520899002,865167.8753131559,155.75897319641388,0
monotone_clamp_retrained,8,22,1,12,0,1,80.4622209072113,11053.396463394165,2291.3170261919713,197.92558829516264,881093.407721751,158.80352394212818,0
monotone_clamp_retrained,8,21,1,12,0,1,80.4622209072113,11049.866080284119,2134.784747796164,198.20639018070142,897041.5340736916,158.80352394212818,0
monotone_clamp_retrained,8,20,1,12,0,1,80.4622209072113,11046.995520591736,1983.708211922958,215.1092704541216,914349.7037121602,158.80352394212818,0
monotone_clamp_retrained,8,19,1,12,0,1,80.4622209072113,11041.697710752487,1818.6244681398393,200.12349976266108,930452.0849587878,158.80352394212818,0
monotone_clamp_retrained,8,18,1,12,0,1,80.4622209072113,11035.473495721817,1662.6137070649402,191.0325501811168,945822.9882119288,163.45135432315968,0
monotone_clamp_retrained,8,17,1,12,0,1,80.4622209072113,11031.470894813538,1511.572257616721,214.76629710649843,963103.5614531356,163.45135432315968,0
monotone_clamp_retrained,8,16,1,12,0,1,80.4622209072113,11035.880744457245,1341.9660061735303,208.3436176160061,979867.3516383622,163.48588367478033,0
monotone_clamp_retrained,8,15,1,12,0,1,80.4622209072113,10842.733830213547,1178.8450817852372,213.99265781042288,997085.6761436256,166.63305223218825,0
monotone_clamp_retrained,8,14,1,12,0,1,80.4622209072113,10538.576394319534,1018.5943453513737,206.45771131463823,1013697.7221194213,167.6035577215017,0
monotone_clamp_retrained,8,13,1,12,0,1,80.4622209072113,10383.467376232147,854.779993287144,0.0,1013697.7221194213,168.05485080599917,0
monotone_clamp_retrained,8,12,1,12,0,1,80.4622209072113,10375.915467739105,854.779993287144,0.0,1013697.7221194213,169.09384479432455,0
monotone_clamp_retrained,8,11,1,12,0,1,80.4622209072113,10391.694605350494,854.779993287144,7.238378064137578,1014280.1380942279,169.09384479432455,0
monotone_clamp_retrained,8,10,1,12,0,1,80.4622209072113,10400.423407554626,848.938244885856,38.75074101359132,1017398.1087779816,170.63726322604822,0
monotone_clamp_retrained,8,9,1,12,0,1,80.4622209072113,10391.677469015121,818.1548191740476,21.43245241872137,1019122.6114990801,170.84305227950415,0
monotone_clamp_retrained,8,8,1,12,0,1,80.4622209072113,10387.740135192871,800.8417356829614,24.79421046063726,1021117.6087383837,170.84305227950415,0
monotone_clamp_retrained,8,7,1,12,0,1,80.4622209072113,10384.663939476013,780.798104255844,24.9524664004839,1023125.3396020792,170.84305227950415,0
monotone_clamp_retrained,8,6,1,12,0,1,80.4622209072113,10378.383696079254,760.0703781320881,21.06915501741605,1024820.6106074188,170.84305227950415,0
monotone_clamp_retrained,8,5,1,12,0,1,80.4622209072113,10369.898080825806,742.3624990789303,18.070989606305375,1026274.6425651333,155.39122305741984,0
monotone_clamp_retrained,8,4,1,12,0,1,80.4622209072113,10364.505052566528,727.4111988282057,20.415780924062346,1027917.3416398384,149.0674834074808,0
monotone_clamp_retrained,8,3,1,12,0,1,80.4622209072113,10357.791632413864,710.3499771860224,18.619563733544055,1029415.5130901628,142.23678861945825,0
monotone_clamp_retrained,8,2,1,12,0,1,80.4622209072113,10351.635813713074,694.5719400833514,18.60415099958118,1030912.4443976822,135.31638940994628,0
monotone_clamp_retrained,8,1,1,12,0,1,80.4622209072113,10345.60278058052,678.3750187937258,18.248514156708552,1032380.7603749876,127.3584148712835,0
monotone_clamp_retrained,9,100,4,6,0,0,80.2446436882019,11632.030010223389,10000.0,55.39321426704194,4445.008741603003,55.48941880342484,1
monotone_clamp_retrained,9,99,4,6,0,0,80.44002294540405,11767.444163560867,9963.584899986727,77.66150408777581,10692.10191239828,55.48941880342484,1
monotone_clamp_retrained,9,98,4,6,0,0,80.46223759651184,11740.291714668274,9913.4759740093,73.59664858280779,16613.85293697515,55.48941880342484,1
monotone_clamp_retrained,9,97,4,6,0,0,80.47124028205872,11724.367141723633,9865.320253723563,67.38643311066835,22036.52278757462,56.829019946353895,1
monotone_clamp_retrained,9,96,4,6,0,0,80.47210216522217,11711.194664239883,9822.067354206825,55.58822769971137,26509.824326209426,57.148724943126965,1
monotone_clamp_retrained,9,95,4,6,0,0,80.47249674797058,11696.322709321976,9784.87372224544,71.46731360548078,32260.97748791267,58.20839583537179,1
monotone_clamp_retrained,9,94,4,6,0,0,80.4727041721344,11682.819575071335,9736.139485509666,78.45797261048239,38574.702707741446,58.20839583537179,1
monotone_clamp_retrained,9,93,4,6,0,0,80.47775030136108,11682.690680027008,9684.52289393556,68.11606855133186,44056.53066412592,58.20839583537179,1
monotone_clamp_retrained,9,92,4,6,0,0,80.48973083496094,11689.00728225708,9638.791513249631,69.31665738375997,49635.80975932397,59.44865838134444,1
monotone_clamp_retrained,9,91,4,6,0,0,80.5025851726532,11681.023091077805,9592.060207749186,71.95083011317712,55428.03758875311,59.44865838134444,1
monotone_clamp_retrained,9,90,4,6,0,0,80.50578832626343,11638.687700033188,9544.621179024734,62.954016614200896,60496.20032458404,60.89109345881038,1
monotone_clamp_retrained,9,89,4,6,0,0,80.50578832626343,11596.400141716003,9501.547071562441,74.71305255186287,66511.03351853331,60.89109345881038,1
monotone_clamp_retrained,9,88,4,6,0,0,80.50578832626343,11554.197669029236,9452.665118914929,84.1649990469536,73286.80311628751,61.15843374890705,1
monotone_clamp_retrained,9,87,4,6,0,0,80.50578832626343,11511.195600032806,9398.044145376885,83.81907618140129,80034.72392105035,62.95185624470667,1
monotone_clamp_retrained,9,86,4,6,0,0,80.50578832626343,11470.496356487274,9343.865247767151,82.87610683969011,86706.73023559123,62.95185624470667,1
monotone_clamp_retrained,9,85,4,6,0,0,80.50578832626343,11429.126858711243,9290.093080967574,63.817627796379846,91844.41867045085,63.6293292994672,1
monotone_clamp_retrained,9,84,4,6,0,0,80.50578832626343,11381.57233595848,9248.278147863659,66.8028573437347,97222.43536335512,63.6293292994672,1
monotone_clamp_retrained,9,83,4,6,0,0,80.50578832626343,11339.242309331894,9203.541254321433,78.68754160372237,103557.23793161844,63.6293292994672,1
monotone_clamp_retrained,9,82,4,6,0,0,80.50578832626343,11300.683170557022,9150.814293552614,79.68665462233129,109972.4748810719,63.6293292994672,1
monotone_clamp_retrained,9,81,4,6,0,0,80.50578832626343,11263.208091259003,9098.156214475348,79.18126673437045,116347.02518019453,63.98758232653586,1
monotone_clamp_retrained,9,80,4,6,0,0,80.50578832626343,11354.677677154541,9044.463637049443,78.06535482323986,122631.73811120892,63.98758232653586,1
monotone_clamp_retrained,9,79,4,6,0,0,80.50578832626343,11435.554027557373,8993.12068092042,72.32243678397128,128454.11289817888,64.45289985172099,1
monotone_clamp_retrained,9,78,4,6,0,0,80.50578832626343,11518.880277872086,8945.014350282472,75.05597713903497,134496.5535063549,64.89964160446222,1
monotone_clamp_retrained,9,77,4,6,0,0,80.50578832626343,11602.089554071426,8893.223562283814,71.62537608455625,140262.8108722072,65.68756414862953,1
monotone_clamp_retrained,9,76,4,6,0,0,80.50578832626343,11660.6405377388,8846.19787859509,78.60675300694874,146591.10949079948,65.68756414862953,1
monotone_clamp_retrained,9,75,4,6,0,0,80.50578832626343,11618.849039077759,8792.88465273857,78.90910699178671,152943.74935529474,65.68756414862953,1
monotone_clamp_retrained,9,74,4,6,0,0,80.50578832626343,11615.927070379257,8740.804317972472,74.40172910649851,158933.5192098505,65.68756414862953,1
monotone_clamp_retrained,9,73,4,6,0,0,80.50578832626343,11569.81348991394,8691.074247929359,88.64383397979968,166069.86094465668,65.5279447130899,1
monotone_clamp_retrained,9,72,4,6,0,0,80.50578832626343,11554.89444732666,8632.417758393156,82.44734749409338,172707.34965007805,65.5279447130899,1
monotone_clamp_retrained,9,71,4,6,0,0,80.50578832626343,11560.814827680588,8577.40916067028,85.77492961589928,179612.72797743577,67.40895593591064,1
monotone_clamp_retrained,9,70,4,6,0,0,80.50578832626343,11537.755280733109,8519.062049162902,71.45600509683715,185365.34999840215,67.40895593591064,1
monotone_clamp_retrained,9,69,4,6,0,0,80.50578832626343,11512.583196163177,8468.812133949039,85.70606869834158,192265.18462330702,67.40895593591064,1
monotone_clamp_retrained,9,68,4,6,0,0,80.50578832626343,11496.79183959961,8411.260249064031,77.03731762347273,198467.13460912544,68.22850945101008,1
monotone_clamp_retrained,9,67,4,6,0,0,80.50578832626343,11526.412069797516,8359.21717524918,86.4431450170371,205426.30814412353,68.22850945101008,1
monotone_clamp_retrained,9,66,4,6,0,0,80.50578832626343,11548.87706041336,8299.861456820612,86.23357977734976,212368.6104642948,69.84883539218049,1
monotone_clamp_retrained,9,65,4,6,0,0,80.50578832626343,11591.482162475586,8240.669002351166,73.3090015369534,218270.4094244385,69.84883539218049,1
monotone_clamp_retrained,9,64,4,6,0,0,80.50578832626343,11637.360453605652,8191.351099934603,78.13615010564887,224560.821785473,69.84883539218049,1
monotone_clamp_retrained,9,63,4,6,0,0,80.50578832626343,11681.372225284576,8137.839615082695,89.85260376132167,231794.4764844456,69.84883539218049,1
monotone_clamp_retrained,9,62,4,6,0,0,80.50578832626343,11728.98918390274,8078.000747139847,84.90024056475887,238629.43728020092,69.84883539218049,1
monotone_clamp_retrained,9,61,4,6,0,0,80.50578832626343,11780.102550983429,8019.119513055564,117.27208471345003,248070.51890872157,69.89345595574414,1
monotone_clamp_retrained,9,60,4,6,0,0,80.50578832626343,11820.963323116302,7940.238758985107,114.45484449966578,257284.79639292706,89.10668574861131,1
monotone_clamp_retrained,9,59,4,6,0,0,80.50578832626343,11847.744286060333,7861.113120634811,106.46405815660988,265855.7693232381,89.10668574861131,1
monotone_clamp_retrained,9,58,4,6,0,0,80.50578832626343,11875.826120376587,7785.467461553188,101.0017147739628,273986.9919934204,89.10668574861131,1
monotone_clamp_retrained,9,57,4,6,0,0,80.50578832626343,11875.557899475098,7716.144129925152,113.5898394643788,283131.63156535395,89.10668574861131,1
monotone_clamp_retrained,9,56,4,6,0,0,80.50578832626343,11883.572787046432,7637.347941037075,111.6637818726907,292121.2123525068,89.10668574861131,1
monotone_clamp_retrained,9,55,4,6,0,0,80.50578832626343,11887.17469573021,7558.324982220593,124.59648255162968,302151.9504030053,91.60460794927438,1
monotone_clamp_retrained,9,54,4,6,0,0,80.50578832626343,11878.646314144135,7470.642024276936,121.04688765688549,311896.9255182635,91.60460794927438,1
monotone_clamp_retrained,9,53,4,6,0,0,80.50578832626343,11871.809959411621,7386.66012608961,104.12351404823734,320279.4711000176,91.60460794927438,1
monotone_clamp_retrained,9,52,4,6,0,0,80.50578832626343,11865.338385105133,7311.697136765124,107.42769419346016,328928.0223091349,91.93538435860836,1
monotone_clamp_retrained,9,51,4,6,0,0,80.50578832626343,11835.389137268066,7234.177588296989,114.07102182617575,338111.39984643355,93.26932573131452,1
monotone_clamp_retrained,9,50,4,6,0,0,80.50578832626343,11808.287054300308,7154.223771785484,115.34038213326284,347396.9682359243,93.26932573131452,1
monotone_clamp_retrained,9,49,4,6,0,0,80.50578832626343,11783.226877450943,7072.279484910186,112.62898201726252,356464.2532216086,94.57064547423397,1
monotone_clamp_retrained,9,48,4,6,0,0,80.50578832626343,11768.915951251984,6991.036077292465,120.97383481574684,366203.34716030146,94.57064547423397,1
monotone_clamp_retrained,9,47,4,6,0,0,80.50578832626343,11762.837171554565,6905.851737544082,115.10970572727635,375470.3447638801,94.57064547423397,1
monotone_clamp_retrained,9,46,4,6,0,0,80.50578832626343,11755.823493003845,6824.501116650128,120.0646100513122,385136.24084614636,96.98299627115883,1
monotone_clamp_retrained,9,45,4,6,0,0,80.50578832626343,11753.728687763214,6737.349396341105,128.2357628284699,395459.96202427207,97.32361841658812,1
monotone_clamp_retrained,9,44,4,6,0,0,80.50578832626343,11761.685907840729,6649.243022089306,132.97961767611685,406165.590976613,97.85545855988339,1
monotone_clamp_retrained,9,43,4,6,0,0,80.50578832626343,11762.765944004059,6559.108848291899,133.0735246435467,416878.7799833962,97.85545855988339,1
monotone_clamp_retrained,9,42,4,6,0,0,80.50578832626343,11798.325777053833,6467.858858033936,121.70909665162976,426677.066755813,97.85545855988339,1
monotone_clamp_retrained,9,41,4,6,0,0,80.50578832626343,11830.463111400604,6380.2607128328345,121.64111712259093,436469.88078265457,98.63031199072775,1
monotone_clamp_retrained,9,40,4,6,0,0,80.50578832626343,11882.195770740509,6295.26599933209,131.56911354167886,447061.9559877151,98.63031199072775,1
monotone_clamp_retrained,9,39,4,6,0,0,80.50578832626343,11961.822211742401,6204.273908918447,112.16689115592165,456092.0399843288,98.63031199072775,1
monotone_clamp_retrained,9,38,4,6,0,0,80.50578832626343,12030.037939548492,6122.349572287238,116.92885443954941,465505.4895890716,100.36903837561965,1
monotone_clamp_retrained,9,37,4,6,0,0,80.50578832626343,12087.023705244064,6038.232237338166,130.71417475465785,476028.7372731123,100.36903837561965,1
monotone_clamp_retrained,9,36,4,6,0,0,80.50578832626343,12143.944054841995,5944.523075409168,126.44726671153136,486208.47416142543,100.68255637139985,1
monotone_clamp_retrained,9,35,4,6,0,0,80.50578832626343,12209.88541841507,5853.336902265422,125.94843790008187,496348.05244303297,100.68255637139985,1
monotone_clamp_retrained,9,34,4,6,0,0,80.50578832626343,12292.664051055908,5760.821166856658,131.70902643511923,506951.3914458769,100.68255637139985,1
monotone_clamp_retrained,9,33,4,6,0,0,80.50578832626343,12366.980761289597,5665.100602160389,133.99293805302776,517738.5985539881,100.68255637139985,1
monotone_clamp_retrained,9,32,4,6,0,0,80.50578832626343,12444.024384021759,5568.830784360507,126.32812363589888,527908.7437350738,102.64207294651457,1
monotone_clamp_retrained,9,31,4,6,0,0,80.50578832626343,12518.037259578705,5478.544415119007,139.74038858742747,539158.653879323,107.33403298465377,1
monotone_clamp_retrained,9,30,4,6,0,0,80.50578832626343,12601.53740644455,5374.317409482252,138.3397458713443,550295.8041775506,108.1643677223478,1
monotone_clamp_retrained,9,29,4,6,0,0,80.50578832626343,12682.203948497772,5276.637832656947,133.59012963428881,561050.5828763668,111.5619876042391,1
monotone_clamp_retrained,9,28,4,6,0,0,80.50578832626343,12761.482000350952,5178.147426920459,140.5550733972131,572366.0798634653,111.5619876042391,1
monotone_clamp_retrained,9,27,4,6,0,0,80.50578832626343,12839.357256889343,5074.837340576718,146.08940836008378,584127.1228496112,111.98272580370616,1
monotone_clamp_retrained,9,26,4,6,0,0,80.50578832626343,12926.187217235565,4965.8526024422545,131.58453080712178,594720.43923378,111.98272580370616,1
monotone_clamp_retrained,9,25,4,6,0,0,80.50578832626343,13006.780743598938,4868.119150781921,138.1832200465086,605844.9882970857,115.33123750327402,1
monotone_clamp_retrained,9,24,4,6,0,0,80.50578832626343,13067.788779735565,4765.504652729704,155.15344759975508,618335.7389076416,116.78153326033612,1
monotone_clamp_retrained,9,23,4,6,0,0,80.50578832626343,13086.56930923462,4647.407943711767,152.95206092106505,630649.2651482186,117.67444316715728,1
monotone_clamp_retrained,9,22,4,6,0,0,80.50578832626343,13129.783272743225,4534.4295323670995,144.5420064101195,642285.7333205251,119.41683443425565,1
monotone_clamp_retrained,9,21,4,6,0,0,80.50578832626343,13146.155178546906,4425.682577942461,139.44853961146492,653512.1479328923,119.41683443425565,1
monotone_clamp_retrained,9,20,4,6,0,0,80.50578832626343,13159.871101379395,4321.346340486378,152.19153907607372,665764.447762799,119.41683443425565,1
monotone_clamp_retrained,9,19,4,6,0,0,80.50578832626343,13173.910975456238,4205.530440993281,151.75220164724468,677981.3783866565,119.41683443425565,1
monotone_clamp_retrained,9,18,4,6,0,0,80.50578832626343,13176.652491092682,4090.5334598465915,165.0288920722278,691267.159439541,124.90873747636871,1
monotone_clamp_retrained,9,17,4,6,0,0,80.50578832626343,13236.357569694519,3965.163363357493,142.95994016556008,702776.2621216449,124.90873747636871,1
monotone_clamp_retrained,9,16,4,6,0,0,80.50578832626343,13287.172317504883,3856.312258677398,159.13960210677206,715587.9212431785,126.98521596814824,1
monotone_clamp_retrained,9,15,4,6,0,0,80.50578832626343,13376.347124576569,3735.772955982732,159.0877575182946,728395.4065752462,127.33955759766313,1
monotone_clamp_retrained,9,14,4,6,0,0,80.50578832626343,13414.363265037537,3616.697065609891,168.7126538862699,741977.7517769764,128.64897873426494,1
monotone_clamp_retrained,9,13,4,6,0,0,80.50578832626343,13357.264697551727,3486.4096601190186,154.7783700926442,754438.3064771389,128.64897873426494,1
monotone_clamp_retrained,9,12,4,6,0,0,80.50578832626343,13416.037559509277,3366.675319610964,160.18633371043282,767334.2335515912,128.95909757847755,1
monotone_clamp_retrained,9,11,4,6,0,0,80.50578832626343,13493.48098039627,3244.038600097526,138.70664939758203,778500.9217074382,128.95909757847755,1
monotone_clamp_retrained,9,10,4,6,0,0,80.50578832626343,13567.085862159729,3140.5617048699432,176.21861023024672,792687.5398417828,129.70269371597854,1
monotone_clamp_retrained,9,9,4,6,0,0,80.50578832626343,13647.091388702393,3004.7639658949875,157.68880301572946,805382.401238789,129.70269371597854,1
monotone_clamp_retrained,9,8,4,6,0,0,80.50578832626343,13731.878995895386,2879.9418309207613,157.14991761330475,818033.8792416555,129.70269371597854,1
monotone_clamp_retrained,9,7,4,6,0,0,80.50578832626343,13802.538216114044,2754.028648030626,152.4547578878608,830307.3697095073,129.70269371597854,1
monotone_clamp_retrained,9,6,4,6,0,0,80.50578832626343,13904.3989777565,2631.963524605465,128.0299335912336,840614.5204426288,129.70269371597854,1
monotone_clamp_retrained,9,5,4,6,0,0,80.50578832626343,14001.184105873108,2528.6145590716897,142.42528767243945,852080.5805042933,117.28918192833491,1
monotone_clamp_retrained,9,4,4,6,0,0,80.50578832626343,14087.601602077484,2413.183044304591,133.59784459396195,862835.9803020199,110.96544227839588,1
monotone_clamp_retrained,9,3,4,6,0,0,80.50578832626343,14180.386364459991,2304.0490852324547,133.6719300014595,873597.3444038804,106.31749860242833,1
monotone_clamp_retrained,9,2,4,6,0,0,80.50578832626343,14263.080954551697,2193.046690472792,109.99889479001264,882452.8921439681,102.72787383917988,1
monotone_clamp_retrained,9,1,4,6,0,0,80.50578832626343,14308.540225028992,2100.366302234115,102.99497602148355,890744.5838822223,95.2678864120809,1
monotone_clamp_retrained,10,100,3,12,0,1,80.0471043586731,10301.295220851898,10000.0,91.55583905403921,7328.7798034045545,78.9152323625027,0
monotone_clamp_retrained,10,99,3,12,0,1,80.08614420890808,10704.061836004257,9938.881502368975,95.78466521084025,14999.804314481888,78.9152323625027,0
monotone_clamp_retrained,10,98,3,12,0,1,80.08633017539978,10693.443566560745,9875.022585247356,106.53538592851764,23531.83240731679,78.9152323625027,0
monotone_clamp_retrained,10,97,3,12,0,1,80.08633017539978,10822.515934705734,9802.992544346918,103.59251449767162,31828.176727077207,80.54394018700624,0
monotone_clamp_retrained,10,96,3,12,0,1,80.08633017539978,10925.339758396149,9734.482225958116,94.16321772409337,39369.363272107,80.54394018700624,0
monotone_clamp_retrained,10,95,3,12,0,1,80.08633017539978,11036.53758764267,9672.553765152565,97.4518371163293,47173.92327560463,80.87617793080689,0
monotone_clamp_retrained,10,94,3,12,0,1,80.08633017539978,11156.587302684784,9607.469785730158,93.02883577690166,54624.261333466624,80.87617793080689,0
monotone_clamp_retrained,10,93,3,12,0,1,80.08633017539978,11283.911019563675,9546.505898160609,103.78569240068688,62936.076562550516,81.3639638541496,0
monotone_clamp_retrained,10,92,3,12,0,1,80.08633017539978,11388.197243213654,9479.361291100064,99.92362258006729,70938.59279281982,81.79418251526724,0
monotone_clamp_retrained,10,91,3,12,0,1,80.08633017539978,11471.625417470932,9411.802866384063,94.87758636018366,78536.99050030649,81.79418251526724,0
monotone_clamp_retrained,10,90,3,12,0,1,80.08633017539978,11540.530025959015,9349.360919429018,96.67542295190067,86279.37034267883,82.94060849899128,0
monotone_clamp_retrained,10,89,3,12,0,1,80.08633017539978,11619.579046964645,9283.578320167357,101.72178036010334,94425.89443062757,82.94060849899128,0
monotone_clamp_retrained,10,88,3,12,0,1,80.08633017539978,11694.467067718506,9217.447414677637,101.52276667144463,102556.48024259695,82.94060849899128,0
monotone_clamp_retrained,10,87,3,12,0,1,80.08633017539978,11743.652522563934,9147.756003112405,112.77928230589474,111588.55908229147,84.67522570563183,0
monotone_clamp_retrained,10,86,3,12,0,1,80.08633017539978,11790.484338998795,9070.740337223258,103.3338577018815,119864.18852850213,84.67522570563183,0
monotone_clamp_retrained,10,85,3,12,0,1,80.08633017539978,11845.267564058304,9003.256926504047,110.11035513596708,128682.52278565172,84.94058336157,0
monotone_clamp_retrained,10,84,3,12,0,1,80.08633017539978,11877.769380807877,8928.926427911969,109.3681322191695,137441.4151332229,87.77795801726384,0
monotone_clamp_retrained,10,83,3,12,0,1,80.08633017539978,11910.296231508255,8852.796554939456,110.22320161245905,146268.78685054797,87.77795801726384,0
monotone_clamp_retrained,10,82,3,12,0,1,80.08633017539978,11904.385089874268,8777.586984430964,114.03837581739917,155401.70186892652,87.77795801726384,0
monotone_clamp_retrained,10,81,3,12,0,1,80.08633017539978,11898.257732391357,8700.402891891332,103.88274522916537,163721.2897028764,88.13621104433251,0
monotone_clamp_retrained,10,80,3,12,0,1,80.08633017539978,11891.568452119827,8630.613550543278,117.05217265611316,173095.5686499618,88.13621104433251,0
monotone_clamp_retrained,10,79,3,12,0,1,80.08633017539978,11896.746754646301,8550.098270059847,107.55356596849947,181709.1390456567,89.52353529625056,0
monotone_clamp_retrained,10,78,3,12,0,1,80.08633017539978,11911.641061306,8475.203194576472,114.48415837110753,190877.75515281796,89.97027704899179,0
monotone_clamp_retrained,10,77,3,12,0,1,80.08633017539978,11929.603815078735,8398.842775578372,117.85653824874831,200316.45278833684,91.21290293230952,0
monotone_clamp_retrained,10,76,3,12,0,1,80.08633017539978,11946.498453617096,8318.345115554002,102.37909192831671,208515.61854756562,91.21290293230952,0
monotone_clamp_retrained,10,75,3,12,0,1,80.08633017539978,11954.09044623375,8247.513939774839,110.25097438360008,217345.21448421016,91.21290293230952,0
monotone_clamp_retrained,10,74,3,12,0,1,80.08633017539978,11945.810616016388,8172.336163537786,118.34663885744054,226823.16247889595,91.21290293230952,0
monotone_clamp_retrained,10,73,3,12,0,1,80.08633017539978,11941.815465688705,8094.265391473373,103.40906973867487,235104.81538111842,91.71167850679893,0
monotone_clamp_retrained,10,72,3,12,0,1,80.08633017539978,11948.493868112564,8023.586932103477,117.9512853883102,244551.10096733944,91.71167850679893,0
monotone_clamp_retrained,10,71,3,12,0,1,80.08633017539978,11950.384676456451,7943.202257536928,107.98423886549418,253199.16237486064,93.59268972961968,0
monotone_clamp_retrained,10,70,3,12,0,1,80.08633017539978,11957.71649479866,7870.027870331183,115.019631553875,262410.6625641371,93.59268972961968,0
monotone_clamp_retrained,10,69,3,12,0,1,80.08633017539978,11960.205882787704,7789.536714206,106.38279435210296,270930.47015760123,93.59268972961968,0
monotone_clamp_retrained,10,68,3,12,0,1,80.08633017539978,11961.72520518303,7718.657154527606,115.60380183884861,280188.75440119876,95.22698613284727,0
monotone_clamp_retrained,10,67,3,12,0,1,80.08633017539978,11963.985413312912,7638.983347820818,112.1710690915716,289172.12367659394,95.22698613284727,0
monotone_clamp_retrained,10,66,3,12,0,1,80.08633017539978,11968.548446893692,7560.212697441009,125.87996544546243,299253.38815172715,96.40547190899488,0
monotone_clamp_retrained,10,65,3,12,0,1,80.08633017539978,11971.535086631775,7473.47014409788,116.68730148934097,308598.4459060789,96.40547190899488,0
monotone_clamp_retrained,10,64,3,12,0,1,80.08633017539978,11975.096464157104,7391.331691099373,116.00921178724829,317889.1979446604,96.40547190899488,0
monotone_clamp_retrained,10,63,3,12,0,1,80.08633017539978,11974.5072722435,7312.375354944802,118.90236679307228,327411.6521502868,96.40547190899488,0
monotone_clamp_retrained,10,62,3,12,0,1,80.08633017539978,11990.53704738617,7230.554933003156,122.18832626954661,337197.2667914892,96.40547190899488,0
monotone_clamp_retrained,10,61,3,12,0,1,80.08633017539978,12008.428871631622,7145.722775453498,149.1398596308656,349141.3308321995,96.52103063721071,0
monotone_clamp_retrained,10,60,3,12,0,1,80.08633017539978,12024.633884429932,7040.159435530537,149.94453450937024,361149.8383309135,121.59600514742525,0
monotone_clamp_retrained,10,59,3,12,0,1,80.08633017539978,12043.226659297943,6935.952398909041,142.89143209097168,372593.4887405868,121.8300795387339,0
monotone_clamp_retrained,10,58,3,12,0,1,80.08633017539978,12064.909040927887,6832.525467273963,159.79595613436342,385390.9604442571,121.8300795387339,0
monotone_clamp_retrained,10,57,3,12,0,1,80.08800029754639,12102.381438016891,6722.873637461666,142.5211621667799,396805.19532227685,121.8300795387339,0
monotone_clamp_retrained,10,56,3,12,0,1,80.09122014045715,12157.088071107864,6621.21706821392,150.94502958373891,408894.5669157759,121.8300795387339,0
monotone_clamp_retrained,10,55,3,12,0,1,80.09485602378845,12211.351692676544,6514.389502932083,162.15855949328864,421882.63339141576,125.63667379851404,0
monotone_clamp_retrained,10,54,3,12,0,1,80.09896159172058,12268.310636281967,6399.204814922009,154.60654603135688,434266.45718381,125.63667379851404,0
monotone_clamp_retrained,10,53,3,12,0,1,80.10257124900818,12331.881076097488,6290.326597634938,155.25475206643748,446702.7620229589,125.63667379851404,0
monotone_clamp_retrained,10,52,3,12,0,1,80.10601162910461,12400.161176919937,6179.180774915751,172.0425109709883,460484.40140750125,125.88796995465694,0
monotone_clamp_retrained,10,51,3,12,0,1,80.10982036590576,12471.206337213516,6054.447698529619,156.5629662095143,473026.63250649883,127.68291019733265,0
monotone_clamp_retrained,10,50,3,12,0,1,80.11363863945007,12541.08190536499,5941.000672250029,159.0832366997452,485771.3694450563,127.68291019733265,0
monotone_clamp_retrained,10,49,3,12,0,1,80.11633515357971,12601.88639163971,5830.187119894755,157.28875410058862,498372.767984468,127.67758616935599,0
monotone_clamp_retrained,10,48,3,12,0,1,80.11964082717896,12660.152912139893,5715.6613153141525,153.36599928092974,510660.3967619575,127.67758616935599,0
monotone_clamp_retrained,10,47,3,12,0,1,80.12389183044434,12718.579173088074,5603.88845826871,159.70114137380185,523456.2737385905,127.67758616935599,0
monotone_clamp_retrained,10,46,3,12,0,1,80.12813568115234,12764.845490455627,5488.97570950542,152.61874063221458,535685.3288954551,130.9268177108672,0
monotone_clamp_retrained,10,45,3,12,0,1,80.12986302375793,12833.330035209656,5375.433446521482,166.29219670672168,549010.2998394845,130.9268177108672,0
monotone_clamp_retrained,10,44,3,12,0,1,80.12986302375793,12846.683859825134,5253.415560878546,159.0430245943765,561754.3956151161,131.3462768471955,0
monotone_clamp_retrained,10,43,3,12,0,1,80.12986302375793,12863.569557666779,5141.260225711476,172.35756756453384,575565.3838951703,131.3462768471955,0
monotone_clamp_retrained,10,42,3,12,0,1,80.12986302375793,12927.26755142212,5017.809304225117,179.51988489873594,589950.2876821468,131.3462768471955,0
monotone_clamp_retrained,10,41,3,12,0,1,80.12986302375793,12976.1403799057,4887.770426615055,179.29971091552142,604317.5489580069,134.2844581787016,0
monotone_clamp_retrained,10,40,3,12,0,1,80.12986302375793,13025.483787059784,4758.84487800845,152.19155445183475,616512.6373696052,134.2844581787016,0
monotone_clamp_retrained,10,39,3,12,0,1,80.12986302375793,13074.068129062653,4646.589995525773,167.0874595547829,629901.3326167177,134.2844581787016,0
monotone_clamp_retrained,10,38,3,12,0,1,80.12986302375793,13133.033514022827,4524.44951797866,176.02151211477158,644005.9122717091,135.35708426229505,0
monotone_clamp_retrained,10,37,3,12,0,1,80.12987732887268,13194.607496261597,4397.385016142297,157.43935710618845,656621.5086433645,135.35708426229505,0
monotone_clamp_retrained,10,36,3,12,0,1,80.13153672218323,13255.932331085205,4284.0455381373085,154.33636862450533,668988.7190333675,135.4899713904066,0
monotone_clamp_retrained,10,35,3,12,0,1,80.13537645339966,13312.577903270721,4173.964006810809,157.50554718283004,681610.4853503623,135.4899713904066,0
monotone_clamp_retrained,10,34,3,12,0,1,80.1387619972229,13363.146185874939,4059.6571530830624,164.1104731544988,694762.0954997423,135.4899713904066,0
monotone_clamp_retrained,10,33,3,12,0,1,80.14374017715454,13305.928409099579,3940.7690988322775,169.42203231694018,708340.2108380366,135.4899713904066,0
monotone_clamp_retrained,10,32,3,12,0,1,80.15239238739014,13285.63392162323,3813.80220051418,179.63990621860935,722738.7790897045,137.78792601608814,0
monotone_clamp_retrained,10,31,3,12,0,1,80.16011238098145,13286.389708518982,3679.5716824316405,174.08004105569717,736693.0547440151,146.71138133961333,0
monotone_clamp_retrained,10,30,3,12,0,1,80.16651272773743,13281.39841556549,3549.462389604635,187.8927399351862,751755.7604714787,146.79097170826236,0
monotone_clamp_retrained,10,29,3,12,0,1,80.17255425453186,13269.907236099243,3410.8008494578944,171.7269016467665,765523.5448107168,149.1594284653892,0
monotone_clamp_retrained,10,28,3,12,0,1,80.17276644706726,13248.9213347435,3282.839734141641,184.22767254511564,780293.5869747631,149.1594284653892,0
monotone_clamp_retrained,10,27,3,12,0,1,80.17276644706726,13227.044939994812,3141.9469572447815,180.82873021095733,794791.1265288859,149.58016666485625,0
monotone_clamp_retrained,10,26,3,12,0,1,80.17276644706726,13198.26453924179,3002.9545715582963,170.68019215808295,808475.0297119165,149.58016666485625,0
monotone_clamp_retrained,10,25,3,12,0,1,80.17276644706726,13108.018338680267,2875.10597729248,186.5973388792576,823435.0545815275,154.29524521730656,0
monotone_clamp_retrained,10,24,3,12,0,1,80.17276644706726,13040.301501750946,2735.128720567058,187.30075345467054,838451.4741436085,154.97835501077762,0
monotone_clamp_retrained,10,23,3,12,0,1,80.17276644706726,12942.907214164734,2593.5044288014433,208.24095276065424,855146.7274140032,155.87126491759878,0
monotone_clamp_retrained,10,22,3,12,0,1,80.17276644706726,12833.83697271347,2435.835111396994,204.63034808825049,871552.5085192646,158.91581566331308,0
monotone_clamp_retrained,10,21,3,12,0,1,80.17276644706726,12721.745669841766,2280.296076359331,196.0426903909416,887269.7933496323,158.91581566331308,0
monotone_clamp_retrained,10,20,3,12,0,1,80.17276644706726,12614.447474479675,2136.329056210855,195.8598308553639,902972.4178251615,158.91581566331308,0
monotone_clamp_retrained,10,19,3,12,0,1,80.17276644706726,12513.7260556221,1985.0022443296139,191.9184274580747,918359.0490866462,158.91581566331308,0
monotone_clamp_retrained,10,18,3,12,0,1,80.17276644706726,12430.039495229721,1838.8276774522637,194.1453589584952,933924.2196072077,163.56364604434458,0
monotone_clamp_retrained,10,17,3,12,0,1,80.17276644706726,12334.678322076797,1684.939643082551,193.16901294165856,949411.1137665898,163.56364604434458,0
monotone_clamp_retrained,10,16,3,12,0,1,80.17276644706726,12233.335375785828,1536.9976044733448,183.35974531394555,964111.5718034385,163.59817539596523,0
monotone_clamp_retrained,10,15,3,12,0,1,80.17276644706726,12109.13747549057,1397.9004694001087,207.6073437939061,980756.0268901233,166.74534395337315,0
monotone_clamp_retrained,10,14,3,12,0,1,80.17276644706726,11422.03226685524,1239.0055760937794,184.703936705733,995564.2524694859,167.7158494426866,0
monotone_clamp_retrained,10,13,3,12,0,1,80.19006967544556,10707.839578390121,1094.9686296840518,208.39830807583812,1012275.7273143323,168.16714252718407,0
monotone_clamp_retrained,10,12,3,12,0,1,80.24264216423035,10300.026834011078,930.5380807343408,0.0,1012275.7273143323,169.09384479432455,0
monotone_clamp_retrained,10,11,3,12,0,1,80.28340101242065,10211.750119924545,930.5380807343408,0.0,1012275.7273143323,169.09384479432455,0
monotone_clamp_retrained,10,10,3,12,0,1,80.29572606086731,10206.713825464249,930.5380807343408,0.0,1012275.7273143323,170.63726322604822,0
monotone_clamp_retrained,10,9,3,12,0,1,80.30195593833923,10199.294239282608,930.5380807343408,0.0,1012275.7273143323,170.84305227950415,0
monotone_clamp_retrained,10,8,3,12,0,1,80.30791401863098,10191.564112901688,930.5380807343408,0.0,1012275.7273143323,170.84305227950415,0
monotone_clamp_retrained,10,7,3,12,0,1,80.3143048286438,10184.783190488815,930.5380807343408,0.0,1012275.7273143323,170.84305227950415,0
monotone_clamp_retrained,10,6,3,12,0,1,80.32081723213196,10178.205221891403,930.5380807343408,0.0,1012275.7273143323,170.84305227950415,0
monotone_clamp_retrained,10,5,3,12,0,1,80.32670021057129,10171.892195940018,930.5380807343408,0.0,1012275.7273143323,155.39122305741984,0
monotone_clamp_retrained,10,4,3,12,0,1,80.33111572265625,10166.10011458397,930.5380807343408,0.0,1012275.7273143323,149.0674834074808,0
monotone_clamp_retrained,10,3,3,12,0,1,80.33542275428772,10160.281509160995,930.5380807343408,0.0,1012275.7273143323,142.23678861945825,0
monotone_clamp_retrained,10,2,3,12,0,1,80.33981323242188,10154.490768909454,930.5380807343408,0.0,1012275.7273143323,135.31638940994628,0
monotone_clamp_retrained,10,1,3,12,0,1,80.34529685974121,10149.010568857193,930.5380807343408,1.3091636186727555,1012380.9124539125,127.3584148712835,0
monotone_clamp_retrained,11,100,0,6,0,0,80.03496885299683,11875.14379620552,10000.0,70.88856170357809,5673.563827979616,53.51064944791461,1
monotone_clamp_retrained,11,99,0,6,0,0,80.03934502601624,11343.446522951126,9953.579647261427,72.30302571073038,11460.650649265688,53.51064944791461,1
monotone_clamp_retrained,11,98,0,6,0,0,80.04550457000732,11456.206440925598,9907.7720493884,81.36269769732618,17973.368839625135,53.51064944791461,1
monotone_clamp_retrained,11,97,0,6,0,0,80.04642248153687,11575.84935426712,9854.401515738748,74.66897953392177,23950.353521662666,55.53276728716988,1
monotone_clamp_retrained,11,96,0,6,0,0,80.0482428073883,11694.937348365784,9805.39701352817,66.60372580007481,29281.864736383766,55.852472283942966,1
monotone_clamp_retrained,11,95,0,6,0,0,80.05007028579712,11817.036420106888,9761.160702387757,76.23139044078077,35384.19289915231,56.18471002774361,1
monotone_clamp_retrained,11,94,0,6,0,0,80.05177021026611,11936.703324317932,9711.066067218782,68.41184667481798,40860.6823288248,56.18471002774361,1
monotone_clamp_retrained,11,93,0,6,0,0,80.05361676216125,12061.17182970047,9665.33913158288,63.504477659933414,45944.44544609434,56.18471002774361,1
monotone_clamp_retrained,11,92,0,6,0,0,80.05534887313843,12158.690690994263,9624.52955993673,73.62587588737486,51838.59062634852,56.85789131285237,1
monotone_clamp_retrained,11,91,0,6,0,0,80.05684614181519,12185.209393501282,9576.380296307903,56.343959521292945,56349.310324765334,56.85789131285237,1
monotone_clamp_retrained,11,90,0,6,0,0,80.05859017372131,12219.20445561409,9539.58464386271,67.96469285902216,61790.467816648634,57.85980122566746,1
monotone_clamp_retrained,11,89,0,6,0,0,80.05999565124512,12236.130386590958,9495.46256896806,59.76478640985802,66575.23635671946,57.85980122566746,1
monotone_clamp_retrained,11,88,0,6,0,0,80.06189107894897,12236.21517419815,9455.715164852818,80.36334397342021,73009.27764865954,57.85980122566746,1
monotone_clamp_retrained,11,87,0,6,0,0,80.06410717964172,12240.808755159378,9402.457788703321,67.23501119994445,78392.3887915963,59.05581472314141,1
monotone_clamp_retrained,11,86,0,6,0,0,80.067880153656,12255.369573831558,9357.348423668751,79.24781944405999,84737.59370128186,59.05581472314141,1
monotone_clamp_retrained,11,85,0,6,0,0,80.07313847541809,12234.914600849152,9304.754867878859,77.86353229213199,90972.37110469493,59.321172379079584,1
monotone_clamp_retrained,11,84,0,6,0,0,80.07880091667175,12223.955541849136,9251.785242416245,71.84650750725392,96725.75327592649,59.321172379079584,1
monotone_clamp_retrained,11,83,0,6,0,0,80.0823974609375,12206.937968730927,9204.426384147106,76.28080357037629,102834.50290608907,59.321172379079584,1
monotone_clamp_retrained,11,82,0,6,0,0,80.08606314659119,12191.340774297714,9153.097656563801,82.73135526129262,109460.13144774802,59.321172379079584,1
monotone_clamp_retrained,11,81,0,6,0,0,80.0899612903595,12175.736725330353,9098.901654159816,68.64515800337007,114957.91949500854,59.67942540614826,1
monotone_clamp_retrained,11,80,0,6,0,0,80.0940477848053,12164.078056812286,9053.486421513284,60.6394847069061,119814.78128076944,59.67942540614826,1
monotone_clamp_retrained,11,79,0,6,0,0,80.09803295135498,12151.164412498474,9012.601497600386,79.28459516337003,126165.32139669989,60.144742931333404,1
monotone_clamp_retrained,11,78,0,6,0,0,80.1021409034729,12137.175649404526,8959.901951699354,87.50064293391102,133174.3102261365,60.59148468407464,1
monotone_clamp_retrained,11,77,0,6,0,0,80.10637640953064,12120.010256767273,8900.03069967038,81.43134289368673,139697.48003151172,61.68635059106254,1
monotone_clamp_retrained,11,76,0,6,0,0,80.10875463485718,12093.64116191864,8844.63121759748,84.05592713009621,146431.09567358202,61.68635059106254,1
monotone_clamp_retrained,11,75,0,6,0,0,80.11064767837524,12072.58403301239,8789.145270979961,81.32060658115235,152945.74213639647,61.68635059106254,1
monotone_clamp_retrained,11,74,0,6,0,0,80.11263370513916,12050.048857927322,8733.472564515392,62.42081536144709,157946.4380530242,61.68635059106254,1
monotone_clamp_retrained,11,73,0,6,0,0,80.11339783668518,12026.72764658928,8690.863741302142,74.55862642062668,163919.58295361666,61.811377832783585,1
monotone_clamp_retrained,11,72,0,6,0,0,80.11339783668518,11996.977031230927,8639.518889703437,75.37939397826142,169958.48233208535,61.811377832783585,1
monotone_clamp_retrained,11,71,0,6,0,0,80.11339783668518,11968.950033187866,8588.240316942998,81.63470361790401,176498.51582030638,63.69238905560433,1
monotone_clamp_retrained,11,70,0,6,0,0,80.11339783668518,11946.167349815369,8533.479604409662,83.68066466480585,183202.4581998362,63.69238905560433,1
monotone_clamp_retrained,11,69,0,6,0,0,80.11339783668518,11925.701200962067,8476.470412806804,83.8468836003721,189919.71694307905,63.69238905560433,1
monotone_clamp_retrained,11,68,0,6,0,0,80.11339783668518,11921.592056751251,8419.685667637275,88.5966349571583,197017.49440639344,64.51194257070377,1
monotone_clamp_retrained,11,67,0,6,0,0,80.11339783668518,11911.905258893967,8358.400492408595,80.35471659560093,203454.98378507092,64.51194257070377,1
monotone_clamp_retrained,11,66,0,6,0,0,80.11339783668518,11894.364953041077,8302.706843755313,91.85695808422463,210813.95681214012,66.02319309723785,1
monotone_clamp_retrained,11,65,0,6,0,0,80.11339783668518,11872.956454753876,8237.74781738054,69.19030582983387,216357.02730952753,66.02319309723785,1
monotone_clamp_retrained,11,64,0,6,0,0,80.11339783668518,11854.915916919708,8189.444215784661,85.49946486146268,223206.67995279757,66.02319309723785,1
monotone_clamp_retrained,11,63,0,6,0,0,80.11339783668518,11833.606660366058,8130.639588107399,73.72559731353907,229113.08806112438,66.02319309723785,1
monotone_clamp_retrained,11,62,0,6,0,0,80.11339783668518,11814.418286085129,8078.6971513435055,71.74028162611344,234860.44578395304,66.02319309723785,1
monotone_clamp_retrained,11,61,0,6,0,0,80.11339783668518,11787.409484386444,8028.63736946113,115.9181754450758,244147.04468988706,66.0678136608015,1
monotone_clamp_retrained,11,60,0,6,0,0,80.11339783668518,11764.715909957886,7950.702330300881,103.08308875158819,252405.38118927737,85.17672399217258,1
monotone_clamp_retrained,11,59,0,6,0,0,80.11339783668518,11742.103099822998,7880.893323639302,107.45566433974149,261014.0195763324,85.17672399217258,1
monotone_clamp_retrained,11,58,0,6,0,0,80.11339783668518,11709.237098693848,7804.396140294739,121.69167970883187,270763.1535262605,85.17672399217258,1
monotone_clamp_retrained,11,57,0,6,0,0,80.11339783668518,11668.298542499542,7722.440630393426,100.90363942968581,278846.8869350604,85.17672399217258,1
monotone_clamp_retrained,11,56,0,6,0,0,80.11339783668518,11624.534726142883,7651.290581158619,121.2322371133371,288559.2133775525,85.17672399217258,1
monotone_clamp_retrained,11,55,0,6,0,0,80.11339783668518,11583.10741186142,7566.057042333917,102.62803991586566,296781.0943685315,87.67464619283565,1
monotone_clamp_retrained,11,54,0,6,0,0,80.11339783668518,11626.397371292114,7493.9278119954315,108.46430228874468,305470.53816886817,87.67464619283565,1
monotone_clamp_retrained,11,53,0,6,0,0,80.11339783668518,11624.612212181091,7418.2087307323445,103.13119974383517,313732.7290033207,87.67464619283565,1
monotone_clamp_retrained,11,52,0,6,0,0,80.11339783668518,11632.730066776276,7345.362601847282,113.1222776525055,322795.3390370878,88.00542260216963,1
monotone_clamp_retrained,11,51,0,6,0,0,80.11339783668518,11622.092872858047,7265.957530194521,108.88573712397366,331518.54541404144,89.3393639748758,1
monotone_clamp_retrained,11,50,0,6,0,0,80.11339783668518,11607.471257448196,7190.990247154143,107.43037643597673,340125.1579012017,89.3393639748758,1
monotone_clamp_retrained,11,49,0,6,0,0,80.11339783668518,11600.013971328735,7113.698317036301,109.79531571817996,348921.23370993667,89.87264365606573,1
monotone_clamp_retrained,11,48,0,6,0,0,80.11339783668518,11590.566635131836,7038.033933804067,121.99532422871872,358694.69365408743,89.87264365606573,1
monotone_clamp_retrained,11,47,0,6,0,0,80.11339783668518,11583.37414264679,6950.872629084288,131.1725103259571,369203.3691590675,89.87264365606573,1
monotone_clamp_retrained,11,46,0,6,0,0,80.11339783668518,11575.567126274109,6857.691661391083,110.66526543578483,378069.1395956269,92.28499445299059,1
monotone_clamp_retrained,11,45,0,6,0,0,80.11339783668518,11572.797298431396,6780.985580200948,125.605807092135,388131.84758979705,92.32417290804567,1
monotone_clamp_retrained,11,44,0,6,0,0,80.11339783668518,11568.569988012314,6687.973482466885,108.44762063383297,396819.95496607723,92.85601305134094,1
monotone_clamp_retrained,11,43,0,6,0,0,80.11339783668518,11565.123200416565,6611.405750866099,119.7846105210027,406416.3071234587,92.85601305134094,1
monotone_clamp_retrained,11,42,0,6,0,0,80.11339783668518,11561.19778752327,6526.930559274919,113.81039704949978,415534.04474023636,92.85601305134094,1
monotone_clamp_retrained,11,41,0,6,0,0,80.11339783668518,11555.511057376862,6445.833344780985,117.51053508377375,424948.2129874045,93.6308664821853,1
monotone_clamp_retrained,11,40,0,6,0,0,80.11339783668518,11547.812968492508,6359.974059253269,116.15140470314866,434253.49668167764,93.6308664821853,1
monotone_clamp_retrained,11,39,0,6,0,0,80.11339783668518,11537.741869688034,6275.159545145105,114.37036003919306,443416.0948362224,93.6308664821853,1
monotone_clamp_retrained,11,38,0,6,0,0,80.11339783668518,11526.398211717606,6192.232790230393,100.6236664910915,451477.39866160916,95.04742683727991,1
monotone_clamp_retrained,11,37,0,6,0,0,80.11339783668518,11511.22272014618,6121.284082980559,124.0967785086512,461419.2132485237,95.04742683727991,1
monotone_clamp_retrained,11,36,0,6,0,0,80.11339783668518,11487.924605607986,6032.2543903806245,122.36879059497826,471222.59285225323,95.04742683727991,1
monotone_clamp_retrained,11,35,0,6,0,0,80.11339783668518,11461.358368396759,5942.646655316185,128.30770207309152,481501.75883394567,95.04742683727991,1
monotone_clamp_retrained,11,34,0,6,0,0,80.11339783668518,11435.33244729042,5848.094376694242,125.8654020085299,491585.26385892933,95.04742683727991,1
monotone_clamp_retrained,11,33,0,6,0,0,80.11339783668518,11409.011483192444,5756.448472579117,114.57032388854942,500763.8817968906,95.04742683727991,1
monotone_clamp_retrained,11,32,0,6,0,0,80.11339783668518,11384.109258651733,5673.67310680159,122.06389952861754,510542.8355413239,97.00694341239463,1
monotone_clamp_retrained,11,31,0,6,0,0,80.11339783668518,11360.561400651932,5585.86242770517,121.58870239396454,520283.71962865785,101.69890345053383,1
monotone_clamp_retrained,11,30,0,6,0,0,80.11339783668518,11335.84126830101,5496.657622086004,132.18957196838534,530873.8753976222,101.69890345053383,1
monotone_clamp_retrained,11,29,0,6,0,0,80.11633396148682,11311.084032058716,5399.8098431742455,114.78351046260786,540069.9094551164,105.09652333242514,1
monotone_clamp_retrained,11,28,0,6,0,0,80.11992692947388,11286.21831536293,5315.1412384795785,132.49231826157992,550685.1843129507,105.09652333242514,1
monotone_clamp_retrained,11,27,0,6,0,0,80.12322425842285,11262.74198293686,5215.468341886822,135.308288028836,561526.5206187085,105.51726153189219,1
monotone_clamp_retrained,11,26,0,6,0,0,80.12661576271057,11259.16987657547,5116.028609015173,129.03793685108337,571865.8938035881,105.51726153189219,1
monotone_clamp_retrained,11,25,0,6,0,0,80.13119339942932,11303.89392375946,5017.2424259629015,142.67135629667794,583298.3198475561,108.86577323146005,1
monotone_clamp_retrained,11,24,0,6,0,0,80.13641834259033,11348.403692245483,4907.985399918871,154.75263874499814,595699.642045645,110.31606898852215,1
monotone_clamp_retrained,11,23,0,6,0,0,80.14248490333557,11401.463001966476,4793.589636497224,142.94872703893674,607155.908244314,111.20897889534331,1
monotone_clamp_retrained,11,22,0,6,0,0,80.14920830726624,11452.60214805603,4685.5341346995665,144.33435740097872,618724.1927215405,112.95137016244168,1
monotone_clamp_retrained,11,21,0,6,0,0,80.15600681304932,11505.433917045593,4575.976753244893,141.46468189725715,630063.4367275028,112.95137016244168,1
monotone_clamp_retrained,11,20,0,6,0,0,80.1631510257721,11558.49039554596,4468.827358441905,127.81856188981978,640309.7754081734,112.95137016244168,1
monotone_clamp_retrained,11,19,0,6,0,0,80.17058730125427,11610.514223575592,4372.179641405648,139.35997733961833,651482.3466377801,112.95137016244168,1
monotone_clamp_retrained,11,18,0,6,0,0,80.17401933670044,11716.460883617401,4266.008994737504,141.5957296407782,662834.645403994,117.40424760711261,1
monotone_clamp_retrained,11,17,0,6,0,0,80.17513751983643,11837.805956602097,4157.0349733057,151.92987387271867,675015.6439351107,117.40424760711261,1
monotone_clamp_retrained,11,16,0,6,0,0,80.17849445343018,11920.960545539856,4040.1883535827046,148.34050718411183,686909.362467591,117.43877695873326,1
monotone_clamp_retrained,11,15,0,6,0,0,80.18349051475525,12014.519274234772,3926.020542477175,142.64344356248802,698347.0116714757,117.79311858824813,1
monotone_clamp_retrained,11,14,0,6,0,0,80.18883943557739,12116.573601961136,3816.2039566331932,142.2530755379635,709754.1207050065,118.13382576143007,1
monotone_clamp_retrained,11,13,0,6,0,0,80.19397616386414,12216.824293136597,3705.4336163909556,146.96456794259672,721539.7937635278,118.13382576143007,1
monotone_clamp_retrained,11,12,0,6,0,0,80.19829154014587,12318.497151136398,3590.2423097695755,136.21632984517652,732464.1106969799,118.65148982084473,1
monotone_clamp_retrained,11,11,0,6,0,0,80.20404815673828,12428.372502326965,3482.621176395988,142.06114358331754,743857.9894981376,118.65148982084473,1
monotone_clamp_retrained,11,10,0,6,0,0,80.20517945289612,12554.003894329071,3372.1706398659235,146.8362160424412,755635.0145560058,119.72247037978816,1
monotone_clamp_retrained,11,9,0,6,0,0,80.20517945289612,12639.211416244507,3257.154252149043,150.74476148532142,767725.5252025201,119.9282594332441,1
monotone_clamp_retrained,11,8,0,6,0,0,80.20517945289612,12723.438739776611,3138.4443358173576,139.8599395171837,778943.016749767,119.9282594332441,1
monotone_clamp_retrained,11,7,0,6,0,0,80.2072548866272,12786.375284194946,3028.035894783753,158.90863968561598,791688.6425167184,119.9282594332441,1
monotone_clamp_retrained,11,6,0,6,0,0,80.21539449691772,12806.84769153595,2900.4157103815505,128.79868685963555,802020.279993849,119.9282594332441,1
monotone_clamp_retrained,11,5,0,6,0,0,80.22910833358765,12745.085656642914,2796.304934401367,117.84893517308781,811475.1949808486,111.6350613497792,1
monotone_clamp_retrained,11,4,0,6,0,0,80.24521350860596,12685.590386390686,2698.7033742309695,112.3305552259139,820489.1843684923,105.31132169984018,1
monotone_clamp_retrained,11,3,0,6,0,0,80.2645492553711,12635.711431503296,2605.9576847919097,124.88828335193492,830513.2861390124,100.66337802387262,1
monotone_clamp_retrained,11,2,0,6,0,0,80.28535962104797,12583.403587341309,2503.6002531979093,114.29600999589977,839689.5824047842,97.45860423514522,1
monotone_clamp_retrained,11,1,0,6,0,0,80.29983043670654,12532.782852649689,2406.49051055813,107.33242666588802,848308.3580664152,90.48681714092218,1
monotone_clamp_retrained,12,100,3,12,0,1,80.0471043586731,10301.295220851898,10000.0,103.60193344578359,8293.034778294943,78.9152323625027,0
monotone_clamp_retrained,12,99,3,12,0,1,80.08617520332336,10704.427361488342,9930.38212905939,88.12881655400294,15350.934621300366,78.9152323625027,0
monotone_clamp_retrained,12,98,3,12,0,1,80.08627653121948,10695.843994617462,9873.380307774814,89.22579151780573,22496.696034512293,78.9152323625027,0
monotone_clamp_retrained,12,97,3,12,0,1,80.08627653121948,10819.760411977768,9815.041728068089,107.7812064531829,31128.491539390358,80.54394018700624,0
monotone_clamp_retrained,12,96,3,12,0,1,80.08627653121948,10919.9258685112,9744.374357691555,104.1697685728324,39471.06043150735,80.54394018700624,0
monotone_clamp_retrained,12,95,3,12,0,1,80.08627653121948,11033.85329246521,9678.41513771302,101.37924136814524,47590.146390241876,80.87617793080689,0
monotone_clamp_retrained,12,94,3,12,0,1,80.08627653121948,11154.453754425049,9612.862810643532,115.0101926703034,56800.88448434463,80.87617793080689,0
monotone_clamp_retrained,12,93,3,12,0,1,80.08627653121948,11288.74272108078,9535.958137373553,108.93489916489943,65525.07494276528,81.3639638541496,0
monotone_clamp_retrained,12,92,3,12,0,1,80.08627653121948,11399.76292848587,9464.221919921132,106.24300149307591,74033.68133984652,81.79418251526724,0
monotone_clamp_retrained,12,91,3,12,0,1,80.08627653121948,11475.062370300293,9393.279784916363,100.00526327140236,82042.73050877746,81.79418251526724,0
monotone_clamp_retrained,12,90,3,12,0,1,80.08627653121948,11550.463736057281,9327.782949472086,101.8423023355119,90198.90129619533,82.94060849899128,0
monotone_clamp_retrained,12,89,3,12,0,1,80.08627653121948,11626.47694349289,9261.130158212376,98.00576926272804,98047.81843502505,82.94060849899128,0
monotone_clamp_retrained,12,88,3,12,0,1,80.08627653121948,11703.54038476944,9196.522309482205,99.08227224046654,105982.94868901663,82.94060849899128,0
monotone_clamp_retrained,12,87,3,12,0,1,80.08627653121948,11748.217940330505,9129.897654455943,92.1409233875707,113362.17215927552,84.67522570563183,0
monotone_clamp_retrained,12,86,3,12,0,1,80.08627653121948,11793.507188558578,9067.799313897358,100.23385105957286,121389.52807302155,84.67522570563183,0
monotone_clamp_retrained,12,85,3,12,0,1,80.08627653121948,11846.359968185425,9001.778768989207,97.94701267365772,129233.73961541096,84.94058336157,0
monotone_clamp_retrained,12,84,3,12,0,1,80.08627653121948,11875.026524066925,8936.70274776483,106.77249773444511,137784.75139490073,87.77795801726384,0
monotone_clamp_retrained,12,83,3,12,0,1,80.08627653121948,11908.427774906158,8865.241796022778,104.48359544118458,146152.4535123795,87.77795801726384,0
monotone_clamp_retrained,12,82,3,12,0,1,80.08627653121948,11904.76506948471,8795.33882707107,123.75518736124026,156063.54566956466,87.77795801726384,0
monotone_clamp_retrained,12,81,3,12,0,1,80.08627653121948,11899.3578851223,8711.970969828892,104.60813235896177,164441.2214850789,88.13621104433251,0
monotone_clamp_retrained,12,80,3,12,0,1,80.08627653121948,11891.42107963562,8640.749315108484,109.88608933454303,173241.58922245938,88.13621104433251,0
monotone_clamp_retrained,12,79,3,12,0,1,80.08627653121948,11896.565556526184,8566.284963084927,116.37197509133168,182561.38740010795,89.52353529625056,0
monotone_clamp_retrained,12,78,3,12,0,1,80.08627653121948,11911.644637584686,8488.67427745747,97.56726526144641,190375.18638623098,89.97027704899179,0
monotone_clamp_retrained,12,77,3,12,0,1,80.08627653121948,11929.718852043152,8423.461401475139,117.42120863205085,199779.01377136743,91.21290293230952,0
monotone_clamp_retrained,12,76,3,12,0,1,80.08627653121948,11947.48729467392,8344.912660161915,116.52131976071851,209110.772407507,91.21290293230952,0
monotone_clamp_retrained,12,75,3,12,0,1,80.08627653121948,11954.979598522186,8264.993723594445,108.65665792114159,217812.67956073766,91.21290293230952,0
monotone_clamp_retrained,12,74,3,12,0,1,80.08627653121948,11946.42499089241,8190.054557975828,126.60196625600918,227951.75963971252,91.21290293230952,0
monotone_clamp_retrained,12,73,3,12,0,1,80.08627653121948,11941.409558057785,8102.831620806388,122.95123328752223,237798.4661086315,91.71167850679893,0
monotone_clamp_retrained,12,72,3,12,0,1,80.08627653121948,11947.746574878693,8017.977496046617,133.99434951788913,248529.57463774204,91.71167850679893,0
monotone_clamp_retrained,12,71,3,12,0,1,80.08627653121948,11949.826925992966,7926.777147785952,115.97470969613006,257817.5573090942,93.59268972961968,0
monotone_clamp_retrained,12,70,3,12,0,1,80.08627653121948,11958.501935005188,7847.1588126776605,108.69247608416858,266522.3330056339,93.59268972961968,0
monotone_clamp_retrained,12,69,3,12,0,1,80.08627653121948,11960.448026657104,7775.28916667078,110.92680877521244,275406.0480879313,93.59268972961968,0
monotone_clamp_retrained,12,68,3,12,0,1,80.08627653121948,11961.227804422379,7699.206146256226,121.7672992822127,285157.93769070634,95.22698613284727,0
monotone_clamp_retrained,12,67,3,12,0,1,80.08627653121948,11964.237689971924,7618.4134862859955,104.37526514233632,293516.9640379148,95.22698613284727,0
monotone_clamp_retrained,12,66,3,12,0,1,80.08627653121948,11969.036012887955,7547.4608870309075,117.93852268207183,302962.2211791147,96.40547190899488,0
monotone_clamp_retrained,12,65,3,12,0,1,80.08627653121948,11971.997618675232,7466.7840421061155,124.8138743837673,312958.099637946,96.40547190899488,0
monotone_clamp_retrained,12,64,3,12,0,1,80.08627653121948,11974.157392978668,7379.426328149084,121.29014624993295,322671.77583103016,96.40547190899488,0
monotone_clamp_retrained,12,63,3,12,0,1,80.08627653121948,11977.71355509758,7295.251934968184,110.68136126821231,331535.833936408,96.40547190899488,0
monotone_clamp_retrained,12,62,3,12,0,1,80.08627653121948,11994.608491659164,7220.711978435742,121.47605466954963,341264.39884259505,96.40547190899488,0
monotone_clamp_retrained,12,61,3,12,0,1,80.08627653121948,12011.527121067047,7136.067707861648,156.4631034516928,353794.9462125601,96.52103063721071,0
monotone_clamp_retrained,12,60,3,12,0,1,80.08627653121948,12027.323544025421,7026.9985012049965,157.2165553799107,366385.83474200143,121.59600514742525,0
monotone_clamp_retrained,12,59,3,12,0,1,80.08627653121948,12046.70563340187,6916.834391305286,136.92568279659923,377351.70283867593,121.8300795387339,0
monotone_clamp_retrained,12,58,3,12,0,1,80.08627653121948,12068.822085857391,6823.241766154488,154.5844436465512,389731.79533997836,121.8300795387339,0
monotone_clamp_retrained,12,57,3,12,0,1,80.08849143981934,12107.570767402649,6714.942383666046,138.84318832221155,400851.536839399,121.8300795387339,0
monotone_clamp_retrained,12,56,3,12,0,1,80.09172201156616,12161.905318498611,6616.601540114261,152.14053633801814,413036.73438247415,121.8300795387339,0
monotone_clamp_retrained,12,55,3,12,0,1,80.09533882141113,12215.818166732788,6511.138118344023,157.8362880393687,425678.6853513012,125.63667379851404,0
monotone_clamp_retrained,12,54,3,12,0,1,80.0994348526001,12272.74551987648,6399.720457840748,144.1746275933408,437226.9915416119,125.63667379851404,0
monotone_clamp_retrained,12,53,3,12,0,1,80.10278105735779,12334.994822740555,6297.379261641801,156.56416370161696,449768.2164680309,125.63667379851404,0
monotone_clamp_retrained,12,52,3,12,0,1,80.1061224937439,12402.226775884628,6189.301198475463,155.96202316640793,462261.72940017126,125.88796995465694,0
monotone_clamp_retrained,12,51,3,12,0,1,80.10960698127747,12470.322400331497,6084.2820171394305,152.9779211877064,474516.73054333124,127.68291019733265,0
monotone_clamp_retrained,12,50,3,12,0,1,80.11314392089844,12537.993490695953,5976.534777374706,152.47445173572663,486731.9382394956,127.68291019733265,0
monotone_clamp_retrained,12,49,3,12,0,1,80.11644840240479,12600.126266479492,5869.869353803224,156.96769369863463,499307.63237254677,127.67758616935599,0
monotone_clamp_retrained,12,48,3,12,0,1,80.1193356513977,12656.982243061066,5759.149854304886,166.30246231784628,512631.6751706442,127.67758616935599,0
monotone_clamp_retrained,12,47,3,12,0,1,80.12362957000732,12716.630101203918,5641.7685973800235,160.0752733601169,525457.4870766678,127.67758616935599,0
monotone_clamp_retrained,12,46,3,12,0,1,80.12821555137634,12761.397361755371,5527.517582521066,178.76074819608823,539781.2668402493,130.9268177108672,0
monotone_clamp_retrained,12,45,3,12,0,1,80.13014554977417,12831.312119960785,5401.533662634105,166.76719171137682,553144.346185009,130.9268177108672,0
monotone_clamp_retrained,12,44,3,12,0,1,80.13014554977417,12846.738696098328,5286.336504362212,173.42820465263162,567041.1734662604,131.3462768471955,0
monotone_clamp_retrained,12,43,3,12,0,1,80.13014554977417,12864.664494991302,5161.597256494894,173.32665103365375,580929.863241242,131.3462768471955,0
monotone_clamp_retrained,12,42,3,12,0,1,80.13014554977417,12929.399609565735,5038.120602461168,157.9604853338627,593587.2599221574,131.3462768471955,0
monotone_clamp_retrained,12,41,3,12,0,1,80.13014554977417,12975.98272562027,4923.652040160613,172.3312779112239,607396.1903039623,134.2844581787016,0
monotone_clamp_retrained,12,40,3,12,0,1,80.13014554977417,13023.344874382019,4802.055248415199,154.51952898239114,619777.8626516039,134.2844581787016,0
monotone_clamp_retrained,12,39,3,12,0,1,80.13014554977417,13072.287142276764,4690.380293608695,166.26025506679628,633100.3210892489,134.2844581787016,0
monotone_clamp_retrained,12,38,3,12,0,1,80.13014554977417,13131.728768348694,4566.1557879934135,162.71741940007186,646138.8915892603,135.35708426229505,0
monotone_clamp_retrained,12,37,3,12,0,1,80.13014554977417,13191.582560539246,4449.913809194635,166.9098494275267,659513.4021175789,135.35708426229505,0
monotone_clamp_retrained,12,36,3,12,0,1,80.13156533241272,13252.162039279938,4332.775557720784,160.68095889510548,672389.0188729567,135.4899713904066,0
monotone_clamp_retrained,12,35,3,12,0,1,80.13532876968384,13311.248123645782,4213.556094630885,166.7365168499503,685750.5044686395,135.4899713904066,0
monotone_clamp_retrained,12,34,3,12,0,1,80.13890266418457,13364.172577857971,4093.7843622078126,157.60654157315554,698380.9197630094,135.4899713904066,0
monotone_clamp_retrained,12,33,3,12,0,1,80.1438570022583,13308.289051055908,3978.1339649896545,175.88554834228736,712477.0659981174,135.4899713904066,0
monotone_clamp_retrained,12,32,3,12,0,1,80.15246510505676,13285.521864891052,3849.4092839089362,178.5400821608463,726787.4937033686,137.78792601608814,0
monotone_clamp_retrained,12,31,3,12,0,1,80.16034007072449,13286.901414394379,3718.3298793790373,184.79108065837525,741600.4095709806,146.71138133961333,0
monotone_clamp_retrained,12,30,3,12,0,1,80.1669442653656,13281.990885734558,3584.4479898988693,189.63753562784717,756803.0713202795,146.79097170826236,0
monotone_clamp_retrained,12,29,3,12,0,1,80.17305493354797,13269.712924957275,3450.1235506830044,174.33573245136907,770780.0995749835,149.1594284653892,0
monotone_clamp_retrained,12,28,3,12,0,1,80.17372965812683,13248.758912086487,3322.384030344804,184.2995758013489,785556.0839413883,149.1594284653892,0
monotone_clamp_retrained,12,27,3,12,0,1,80.17372965812683,13227.16236114502,3188.8822586571787,187.79734431476663,800612.4974549946,149.58016666485625,0
monotone_clamp_retrained,12,26,3,12,0,1,80.17372965812683,13202.645778656006,3047.727427498342,194.61283172826828,816215.3340139793,149.58016666485625,0
monotone_clamp_retrained,12,25,3,12,0,1,80.17372965812683,13105.264604091644,2902.8046129111754,198.47597349430146,832127.8930565449,154.29524521730656,0
monotone_clamp_retrained,12,24,3,12,0,1,80.17372965812683,13028.66905927658,2754.201580617645,183.81634399322323,846865.1349266028,154.97835501077762,0
monotone_clamp_retrained,12,23,3,12,0,1,80.17372965812683,12928.915917873383,2617.4215026172915,207.05493255289102,863465.50111348,155.87126491759878,0
monotone_clamp_retrained,12,22,3,12,0,1,80.17372965812683,12822.721898555756,2465.153041222269,197.22268572320155,879277.5794011017,158.91581566331308,0
monotone_clamp_retrained,12,21,3,12,0,1,80.17372965812683,12715.027332305908,2317.9245247811095,189.54022513043302,894473.7261700495,158.91581566331308,0
monotone_clamp_retrained,12,20,3,12,0,1,80.17372965812683,12610.868215560913,2177.3503343896555,197.53248012824,910310.6418305504,158.91581566331308,0
monotone_clamp_retrained,12,19,3,12,0,1,80.17372965812683,12512.087225914001,2027.4118812268798,204.95008146847434,926742.254255615,158.91581566331308,0
monotone_clamp_retrained,12,18,3,12,0,1,80.17372965812683,12427.328824996948,1875.4332588201069,200.1680035890625,942790.4696615714,163.56364604434458,0
monotone_clamp_retrained,12,17,3,12,0,1,80.17372965812683,12333.85294675827,1722.4149105864526,210.09513690214447,959634.5803700511,163.56364604434458,0
monotone_clamp_retrained,12,16,3,12,0,1,80.17372965812683,12224.523574113846,1560.5409743274286,213.0695630124805,976717.1619133889,163.59817539596523,0
monotone_clamp_retrained,12,15,3,12,0,1,80.17372965812683,12089.903056621552,1394.8977467727473,214.20938159138458,993891.1269633311,166.74534395337315,0
monotone_clamp_retrained,12,14,3,12,0,1,80.17372965812683,11240.5626475811,1232.010639452983,208.64099565205674,1010618.6537443416,167.7158494426866,0
monotone_clamp_retrained,12,13,3,12,0,1,80.19871473312378,10551.00902915001,1072.45757520989,112.1777283958927,1019615.1633833736,168.16714252718407,0
monotone_clamp_retrained,12,12,3,12,0,1,80.25355100631714,10299.227237701416,987.5351833469504,0.0,1019615.1633833736,169.09384479432455,0
monotone_clamp_retrained,12,11,3,12,0,1,80.28088450431824,10247.165560722351,987.5351833469504,0.0,1019615.1633833736,169.09384479432455,0
monotone_clamp_retrained,12,10,3,12,0,1,80.28980374336243,10240.492224693298,987.5351833469504,0.0,1019615.1633833736,170.63726322604822,0
monotone_clamp_retrained,12,9,3,12,0,1,80.29603838920593,10231.6315472126,987.5351833469504,0.0,1019615.1633833736,170.84305227950415,0
monotone_clamp_retrained,12,8,3,12,0,1,80.30193328857422,10222.714394330978,987.5351833469504,0.0,1019615.1633833736,170.84305227950415,0
monotone_clamp_retrained,12,7,3,12,0,1,80.30811905860901,10214.492380619049,987.5351833469504,0.0,1019615.1633833736,170.84305227950415,0
monotone_clamp_retrained,12,6,3,12,0,1,80.31469821929932,10206.913203001022,987.5351833469504,0.0,1019615.1633833736,170.84305227950415,0
monotone_clamp_retrained,12,5,3,12,0,1,80.3212821483612,10199.297964572906,987.5351833469504,0.0,1019615.1633833736,155.39122305741984,0
monotone_clamp_retrained,12,4,3,12,0,1,80.32811880111694,10191.677659749985,987.5351833469504,0.0,1019615.1633833736,149.0674834074808,0
monotone_clamp_retrained,12,3,3,12,0,1,80.33324956893921,10184.889435768127,987.5351833469504,0.0,1019615.1633833736,142.23678861945825,0
monotone_clamp_retrained,12,2,3,12,0,1,80.3377890586853,10178.296566009521,987.5351833469504,0.0,1019615.1633833736,135.31638940994628,0
monotone_clamp_retrained,12,1,3,12,0,1,80.3432309627533,10172.216892242432,987.5351833469504,0.0,1019615.1633833736,127.3584148712835,0
monotone_clamp_retrained,13,100,5,12,1,1,119.3800687789917,13245.964050292969,10000.0,97.18942208837974,11602.47989350123,122.62129846453644,0
monotone_clamp_retrained,13,99,5,12,1,1,119.3800687789917,13700.170516967773,9929.387670308188,94.35833816160675,22866.9847931052,122.62129846453644,0
monotone_clamp_retrained,13,98,5,12,1,1,119.3800687789917,13558.785319328308,9862.79310663173,99.82334399520984,34783.9024650023,122.62129846453644,0
monotone_clamp_retrained,13,97,5,12,1,1,119.3800687789917,13484.17341709137,9791.361265291936,92.3247497652653,45805.637441982864,124.02216067174243,0
monotone_clamp_retrained,13,96,5,12,1,1,119.3800687789917,13401.44395828247,9725.812667355234,101.74822300492194,57952.34730245063,124.02216067174243,0
monotone_clamp_retrained,13,95,5,12,1,1,119.3800687789917,13330.724835395813,9652.583271011648,92.04122373755789,68940.23492274285,125.08183156398725,0
monotone_clamp_retrained,13,94,5,12,1,1,119.3800687789917,13240.49174785614,9587.191561692356,81.91272048916412,78718.98112861358,125.08183156398725,0
monotone_clamp_retrained,13,93,5,12,1,1,119.3800687789917,13145.729303359985,9527.391071488126,95.33808360771945,90100.4481069604,125.56961748732996,0
monotone_clamp_retrained,13,92,5,12,1,1,119.3800687789917,13049.395084381104,9457.997646985023,100.47213538531996,102094.81853963205,126.56691740931149,0
monotone_clamp_retrained,13,91,5,12,1,1,119.3800687789917,12952.970266342163,9384.2533266261,110.53438628555587,115290.42117684534,126.56691740931149,0
monotone_clamp_retrained,13,90,5,12,1,1,119.3800687789917,12877.221405506134,9304.636513669977,110.08361383539804,128432.21056795512,128.0068958182441,0
monotone_clamp_retrained,13,89,5,12,1,1,119.3800687789917,12805.195748806,9226.588682714944,108.5116190320257,141386.3351113181,128.0068958182441,0
monotone_clamp_retrained,13,88,5,12,1,1,119.3800687789917,12728.74265909195,9150.137345375837,102.50437626864847,153623.31460041698,128.27423610834077,0
monotone_clamp_retrained,13,87,5,12,1,1,119.3800687789917,12650.02429485321,9075.34663585195,101.54754246124453,165746.06720377793,129.9887842880545,0
monotone_clamp_retrained,13,86,5,12,1,1,119.3800687789917,12596.905827522278,9002.511402924963,94.38985584058462,177014.33468606602,129.9887842880545,0
monotone_clamp_retrained,13,85,5,12,1,1,119.3800687789917,12539.33846950531,8934.7054694298,111.42084980198996,190315.76339884129,131.39065547928402,0
monotone_clamp_retrained,13,84,5,12,1,1,119.3800687789917,12485.110312700272,8853.294202317447,100.91479695824583,202362.97880053465,134.22803013497784,0
monotone_clamp_retrained,13,83,5,12,1,1,119.3800687789917,12436.203211545944,8781.512243589159,108.40382659704684,215304.235075596,134.22803013497784,0
monotone_clamp_retrained,13,82,5,12,1,1,119.3800687789917,12409.623712301254,8704.527138730395,99.0399468324018,227127.6307403158,134.22803013497784,0
monotone_clamp_retrained,13,81,5,12,1,1,119.3800687789917,12350.572943687439,8633.401306607102,109.23290775127569,240167.86278059235,134.58628316204653,0
monotone_clamp_retrained,13,80,5,12,1,1,119.3800687789917,12302.108108997345,8553.851659553127,109.0269216175857,253183.50418206147,134.58628316204653,0
monotone_clamp_retrained,13,79,5,12,1,1,119.3800687789917,12250.060886144638,8474.316347466976,99.90864282965201,265110.604834681,137.25137735790267,0
monotone_clamp_retrained,13,78,5,12,1,1,119.3800687789917,12205.826044082642,8401.101409672827,117.4712673171613,279134.33280655905,137.25137735790267,0
monotone_clamp_retrained,13,77,5,12,1,1,119.3800687789917,12171.151041984558,8315.526428134413,112.4027517714648,292552.9810439845,138.34527592112582,0
monotone_clamp_retrained,13,76,5,12,1,1,119.3800687789917,12136.240601539612,8233.632517351174,115.56243947466507,306348.83301673806,139.8599388733162,0
monotone_clamp_retrained,13,75,5,12,1,1,119.3800687789917,12108.312249183655,8148.488833288153,114.3405518221606,319998.8159574955,139.8599388733162,0
monotone_clamp_retrained,13,74,5,12,1,1,119.3800687789917,12110.985815525055,8064.46671124665,121.03917210354754,334448.4806481692,139.8599388733162,0
monotone_clamp_retrained,13,73,5,12,1,1,119.3800687789917,12122.56520986557,7976.203347498771,105.2458124289173,347012.73297463416,140.6224031964283,0
monotone_clamp_retrained,13,72,5,12,1,1,119.3800687789917,12135.070860385895,7899.585423285835,112.80684266240951,360479.6216104135,140.6224031964283,0
monotone_clamp_retrained,13,71,5,12,1,1,119.3800687789917,12168.160825967789,7817.385683907836,102.76287995466063,372747.46128732816,140.6224031964283,0
monotone_clamp_retrained,13,70,5,12,1,1,119.3800687789917,12176.30386352539,7741.126990866493,119.6114294340242,387026.6819599155,140.6224031964283,0
monotone_clamp_retrained,13,69,5,12,1,1,119.3800687789917,12179.173827171326,7652.411287858563,90.8983589868102,397878.13430765836,143.74385215300907,0
monotone_clamp_retrained,13,68,5,12,1,1,119.3800687789917,12181.153744459152,7586.19335043199,103.7752715854932,410266.83336709306,146.41315056855447,0
monotone_clamp_retrained,13,67,5,12,1,1,119.3800687789917,12189.186811447144,7510.7458700763655,110.28609251189442,423432.79467652924,146.41315056855447,0
monotone_clamp_retrained,13,66,5,12,1,1,119.3800687789917,12211.65806055069,7427.442572521824,111.08904526766462,436694.61254117556,147.95730716934838,0
monotone_clamp_retrained,13,65,5,12,1,1,119.3800687789917,12237.238585948944,7345.941225754309,119.13881565650347,450917.41254849656,147.95730716934838,0
monotone_clamp_retrained,13,64,5,12,1,1,119.3800687789917,12253.375351428986,7257.517739258855,115.82352923404919,464744.4334346829,147.95730716934838,0
monotone_clamp_retrained,13,63,5,12,1,1,119.3800687789917,12250.331342220306,7172.246450088995,114.8460444684602,478454.7621223228,149.66408283344634,0
monotone_clamp_retrained,13,62,5,12,1,1,119.3800687789917,12255.925983190536,7086.3927874561205,99.77756823420098,490366.21508072224,149.66408283344634,0
monotone_clamp_retrained,13,61,5,12,1,1,119.3800687789917,12283.393442630768,7013.615031570594,143.62759844552403,507512.4876617103,149.93764281533836,0
monotone_clamp_retrained,13,60,5,12,1,1,119.3800687789917,12311.452031135559,6905.429688541922,131.07758710447087,523160.5390256263,175.84600634426346,0
monotone_clamp_retrained,13,59,5,12,1,1,119.3800687789917,12353.965044021606,6808.777838572514,138.32995001654686,539674.3779727962,176.08019672204279,0
monotone_clamp_retrained,13,58,5,12,1,1,119.3800687789917,12394.1271007061,6706.855355531214,137.09354709737462,556040.6150544367,182.18293728047686,0
monotone_clamp_retrained,13,57,5,12,1,1,119.3800687789917,12430.099993944168,6602.224199772158,140.87089777027668,572857.7925192107,182.18293728047686,0
monotone_clamp_retrained,13,56,5,12,1,1,119.3800687789917,12438.765466213226,6495.121782111999,139.73734574429903,589539.6464651589,182.18293728047686,0
monotone_clamp_retrained,13,55,5,12,1,1,119.3800687789917,12440.468668937683,6389.679659335802,152.60495391796815,607757.6363599008,184.4032916851394,0
monotone_clamp_retrained,13,54,5,12,1,1,119.3800687789917,12446.566075086594,6276.749247201379,138.73848601677517,624320.2463628766,184.4032916851394,0
monotone_clamp_retrained,13,53,5,12,1,1,119.3800687789917,12452.45561003685,6172.391874759567,143.77415940889668,641484.0154017524,184.4032916851394,0
monotone_clamp_retrained,13,52,5,12,1,1,119.3800687789917,12458.314597606659,6061.985258840014,148.71560635360055,659237.6947167547,184.4032916851394,0
monotone_clamp_retrained,13,51,5,12,1,1,119.3800687789917,12465.55507183075,5951.6325089793745,147.8186601920078,676884.296537295,186.63549510603517,0
monotone_clamp_retrained,13,50,5,12,1,1,119.3800687789917,12472.615092992783,5840.915177559238,143.21939844517667,693981.838174166,195.43755580295394,0
monotone_clamp_retrained,13,49,5,12,1,1,119.3800687789917,12476.865351200104,5729.911075625175,142.0680092148991,710941.9268855351,196.20027183670678,0
monotone_clamp_retrained,13,48,5,12,1,1,119.3800687789917,12477.537095546722,5621.711404084648,147.69951892801797,728574.3056137859,196.20027183670678,0
monotone_clamp_retrained,13,47,5,12,1,1,119.3800687789917,12466.284781694412,5508.262251569739,156.25084269297852,747227.5419612491,199.91319423353335,0
monotone_clamp_retrained,13,46,5,12,1,1,119.3800687789917,12455.919831991196,5389.0220301343725,152.81187966417406,765470.2346658052,199.91319423353335,0
monotone_clamp_retrained,13,45,5,12,1,1,119.3800687789917,12453.206777572632,5270.925944652374,146.42041347714,782949.9136973546,199.91319423353335,0
monotone_clamp_retrained,13,44,5,12,1,1,119.3800687789917,12454.881370067596,5159.920549093797,144.94116418048907,800252.9998461285,200.5032029124764,0
monotone_clamp_retrained,13,43,5,12,1,1,119.3800687789917,12423.08422923088,5047.31782182969,151.52548152269424,818342.1222520776,200.5032029124764,0
monotone_clamp_retrained,13,42,5,12,1,1,119.3800687789917,12396.795153617859,4932.467436377913,153.13584309798725,836623.4897336442,200.5032029124764,0
monotone_clamp_retrained,13,41,5,12,1,1,119.3800687789917,12371.658086776733,4811.766071057766,155.62864666414623,855202.4482763914,203.90988037788304,0
monotone_clamp_retrained,13,40,5,12,1,1,119.3800687789917,12364.407479763031,4690.857492944804,160.20988491244697,874328.3153563136,203.90988037788304,0
monotone_clamp_retrained,13,39,5,12,1,1,119.3800687789917,12384.410798549652,4567.3143994772645,156.4373534099504,893003.8173659969,203.90988037788304,0
monotone_clamp_retrained,13,38,5,12,1,1,119.3800687789917,12429.43987250328,4446.89294539939,159.1433736999545,912002.3642640183,211.06427502110148,0
monotone_clamp_retrained,13,37,5,12,1,1,119.3800687789917,12475.574016571045,4326.897744846464,182.9406563350551,933841.832399771,211.06427502110148,0
monotone_clamp_retrained,13,36,5,12,1,1,119.3800687789917,12538.870871067047,4183.662293129192,163.14989106679482,953318.67761661,211.3777930168817,0
monotone_clamp_retrained,13,35,5,12,1,1,119.3800687789917,12651.714384555817,4057.1839410208704,155.90244395882726,971930.3220992277,211.3777930168817,0
monotone_clamp_retrained,13,34,5,12,1,1,119.3800687789917,12756.127119064331,3934.643679334614,160.72475112893574,991117.6539434864,211.3777930168817,0
monotone_clamp_retrained,13,33,5,12,1,1,119.3800687789917,12853.864431381226,3808.669066601983,151.1196376678583,1009158.3266821316,211.3777930168817,0
monotone_clamp_retrained,13,32,5,12,1,1,119.3800687789917,12967.580556869507,3690.115765346608,181.6604823510744,1030844.9675596277,211.3777930168817,0
monotone_clamp_retrained,13,31,5,12,1,1,119.3800687789917,13140.189051628113,3548.306523860452,173.40984473815894,1051546.6467514234,215.8582445896582,0
monotone_clamp_retrained,13,30,5,12,1,1,119.3800687789917,13355.784714221954,3412.201036759612,184.06636061836733,1073520.5015419428,217.62011982881515,0
monotone_clamp_retrained,13,29,5,12,1,1,119.3800687789917,13552.769720554352,3265.972557332383,175.71800726482985,1094497.7293349255,228.32407060173463,0
monotone_clamp_retrained,13,28,5,12,1,1,119.3800687789917,13732.996582984924,3128.3309974129115,177.84176056388682,1115728.4909428193,228.32407060173463,0
monotone_clamp_retrained,13,27,5,12,1,1,119.3800687789917,13847.557306289673,2987.8593443535674,170.6045008273056,1136095.2679855886,228.74480880120169,0
monotone_clamp_retrained,13,26,5,12,1,1,119.3800687789917,13919.391930103302,2852.267866056166,182.2469349904114,1157851.9196195044,228.74480880120169,0
monotone_clamp_retrained,13,25,5,12,1,1,119.3800687789917,13967.31823682785,2709.0476240077014,180.56056779218508,1179407.2526213091,232.96745592437514,0
monotone_clamp_retrained,13,24,5,12,1,1,119.3800687789917,13913.377821445465,2561.9126907651225,189.2455621160815,1201999.400842846,236.4388957050125,0
monotone_clamp_retrained,13,23,5,12,1,1,119.3800687789917,13847.202062606812,2411.011734956388,204.96401333570836,1226468.018852081,238.0786546384911,0
monotone_clamp_retrained,13,22,5,12,1,1,119.3800687789917,13762.10331916809,2248.0623443629056,165.0605213923512,1246172.9552485961,240.89903206973992,0
monotone_clamp_retrained,13,21,5,12,1,1,119.3800687789917,13666.36872291565,2118.484843907245,172.71926623576846,1266792.1931312792,240.89903206973992,0
monotone_clamp_retrained,13,20,5,12,1,1,119.3800687789917,13538.761138916016,1979.562068172937,192.68620470883008,1289795.0855021821,240.89903206973992,0
monotone_clamp_retrained,13,19,5,12,1,1,119.3800687789917,13376.908302307129,1827.901024354087,198.44021356285415,1313484.8918458335,240.89903206973992,0
monotone_clamp_retrained,13,18,5,12,1,1,119.3800687789917,13186.579942703247,1669.6993512455174,191.5537425811917,1336352.5908100496,246.92805639126922,0
monotone_clamp_retrained,13,17,5,12,1,1,119.3800687789917,12983.497679233551,1514.1681429122164,194.72468617109732,1359598.8372381227,246.92805639126922,0
monotone_clamp_retrained,13,16,5,12,1,1,119.3800687789917,12805.091142654419,1356.2474332097372,194.6637859008486,1382837.8133877448,249.22632805170318,0
monotone_clamp_retrained,13,15,5,12,1,1,119.3800687789917,12590.420246124268,1199.546927637286,196.8758202744373,1406340.8623530276,251.8711947131633,0
monotone_clamp_retrained,13,14,5,12,1,1,119.3800687789917,11544.291824102402,1037.7176316910827,202.4062061896768,1430504.129169246,253.63584708782395,0
monotone_clamp_retrained,13,13,5,12,1,1,119.3800687789917,10901.985615491867,869.0056942676638,204.21419477346447,1454883.2337869485,254.08714017232143,0
monotone_clamp_retrained,13,12,5,12,1,1,119.3800687789917,10433.458089828491,700.4708803644517,0.0,1454883.2337869485,254.80629722425985,0
monotone_clamp_retrained,13,11,5,12,1,1,119.3800687789917,10366.930216550827,700.4708803644517,0.0,1454883.2337869485,254.80629722425985,0
monotone_clamp_retrained,13,10,5,12,1,1,119.3800687789917,10373.235195875168,700.4708803644517,0.0,1454883.2337869485,255.9433429025627,0
monotone_clamp_retrained,13,9,5,12,1,1,119.3800687789917,10374.686270952225,700.4708803644517,0.0,1454883.2337869485,255.9433429025627,0
monotone_clamp_retrained,13,8,5,12,1,1,119.3800687789917,10384.921282529831,700.4708803644517,0.0,1454883.2337869485,255.9433429025627,0
monotone_clamp_retrained,13,7,5,12,1,1,119.3800687789917,10394.065976142883,700.4708803644517,0.0,1454883.2337869485,255.9433429025627,0
monotone_clamp_retrained,13,6,5,12,1,1,119.3800687789917,10389.678031206131,700.4708803644517,0.0,1454883.2337869485,255.9433429025627,0
monotone_clamp_retrained,13,5,5,12,1,1,119.3800687789917,10372.080653905869,700.4708803644517,0.0,1454883.2337869485,230.04512928449802,0
monotone_clamp_retrained,13,4,5,12,1,1,119.3800687789917,10356.361865997314,700.4708803644517,0.0,1454883.2337869485,226.42549507794118,0
monotone_clamp_retrained,13,3,5,12,1,1,119.3800687789917,10341.349393129349,700.4708803644517,0.0,1454883.2337869485,215.56234262596197,0
monotone_clamp_retrained,13,2,5,12,1,1,119.3800687789917,10327.190160751343,700.4708803644517,0.0,1454883.2337869485,203.8312723170848,0
monotone_clamp_retrained,13,1,5,12,1,1,119.3800687789917,10312.755852937698,700.4708803644517,0.0,1454883.2337869485,196.37128488998587,0
monotone_clamp_retrained,14,100,0,6,0,0,80.03496885299683,11875.14379620552,10000.0,87.54904442035877,7006.98504329305,53.51064944791461,1
monotone_clamp_retrained,14,99,0,6,0,0,80.03945708274841,11347.105503082275,9943.311243759,69.3162933234388,12555.023527889629,53.51064944791461,1
monotone_clamp_retrained,14,98,0,6,0,0,80.04568219184875,11467.001140117645,9895.506448793214,67.91616983652827,17991.419674311997,53.51064944791461,1
monotone_clamp_retrained,14,97,0,6,0,0,80.04651069641113,11582.8175842762,9850.607483491209,65.13085642708074,23204.917469968736,55.53276728716988,1
monotone_clamp_retrained,14,96,0,6,0,0,80.04825472831726,11694.770753383636,9807.327654215062,52.62303672833722,27417.29971857627,55.852472283942966,1
monotone_clamp_retrained,14,95,0,6,0,0,80.04995942115784,11809.147447347641,9772.935451025685,83.18810258473447,34076.50395480738,56.18471002774361,1
monotone_clamp_retrained,14,94,0,6,0,0,80.05155920982361,11925.989091396332,9717.639951350395,67.71109022507905,39496.882303122,56.18471002774361,1
monotone_clamp_retrained,14,93,0,6,0,0,80.05347728729248,12053.061574697495,9672.446807213602,73.78415247027083,45403.560277062956,56.18471002774361,1
monotone_clamp_retrained,14,92,0,6,0,0,80.05524277687073,12158.039659261703,9623.330373073024,75.09479630422724,51415.29242647752,56.85789131285237,1
monotone_clamp_retrained,14,91,0,6,0,0,80.05682349205017,12185.045778751373,9574.955887504819,76.43674220749402,57534.57520569021,56.85789131285237,1
monotone_clamp_retrained,14,90,0,6,0,0,80.05860328674316,12221.853882074356,9524.706033293736,77.99188532176778,63778.49661225079,57.85980122566746,1
monotone_clamp_retrained,14,89,0,6,0,0,80.0602912902832,12237.661331892014,9472.750046763282,63.71882949678008,68879.84466243889,57.85980122566746,1
monotone_clamp_retrained,14,88,0,6,0,0,80.06234169006348,12238.361835479736,9430.286018926208,65.12838941356246,74094.17602939103,57.85980122566746,1
monotone_clamp_retrained,14,87,0,6,0,0,80.06471395492554,12242.73532629013,9385.998780108217,72.95456334281218,79935.26227513979,59.05581472314141,1
monotone_clamp_retrained,14,86,0,6,0,0,80.06842732429504,12254.060804843903,9336.458805167491,64.58909494627031,85106.80952978722,59.05581472314141,1
monotone_clamp_retrained,14,85,0,6,0,0,80.07383465766907,12236.086428165436,9291.98248557654,71.09720380898965,90799.83527221085,59.321172379079584,1
monotone_clamp_retrained,14,84,0,6,0,0,80.07899522781372,12223.231345415115,9243.162626104871,80.3344314338285,97232.93582362954,59.321172379079584,1
monotone_clamp_retrained,14,83,0,6,0,0,80.08253455162048,12206.02735877037,9190.285273869,76.08473707500006,103325.9944092892,59.321172379079584,1
monotone_clamp_retrained,14,82,0,6,0,0,80.0863265991211,12190.827429294586,9139.608025330059,77.21558034467513,109509.90659531353,59.321172379079584,1
monotone_clamp_retrained,14,81,0,6,0,0,80.09024977684021,12175.296396017075,9086.317297504283,79.44722152783463,115872.85441155377,59.67942540614826,1
monotone_clamp_retrained,14,80,0,6,0,0,80.09434819221497,12162.571400403976,9031.739770722892,65.13883055750892,121090.10658706058,59.67942540614826,1
monotone_clamp_retrained,14,79,0,6,0,0,80.09856581687927,12150.069922208786,8987.585213585444,77.93434819465205,127332.5361053255,60.144742931333404,1
monotone_clamp_retrained,14,78,0,6,0,0,80.10280728340149,12136.083394289017,8933.881827915353,71.45958644220059,133056.64958665665,60.59148468407464,1
monotone_clamp_retrained,14,77,0,6,0,0,80.10668635368347,12119.02990937233,8885.00033468438,79.84787210347817,139452.998033259,61.68635059106254,1
monotone_clamp_retrained,14,76,0,6,0,0,80.10883092880249,12092.868238687515,8832.354811304845,68.09272725237372,144907.82680820048,61.68635059106254,1
monotone_clamp_retrained,14,75,0,6,0,0,80.1107120513916,12072.8799700737,8785.743790386838,66.99657756022364,150274.97034155627,61.68635059106254,1
monotone_clamp_retrained,14,74,0,6,0,0,80.11249780654907,12051.085084676743,8741.186689328131,83.72458491843838,156982.3559671889,61.68635059106254,1
monotone_clamp_retrained,14,73,0,6,0,0,80.11327266693115,12025.966346263885,8683.867558361759,74.68084012865286,162965.28247541116,61.811377832783585,1
monotone_clamp_retrained,14,72,0,6,0,0,80.11327266693115,11996.650844812393,8632.82520985452,75.6557805445229,169026.31465100404,61.811377832783585,1
monotone_clamp_retrained,14,71,0,6,0,0,80.11327266693115,11968.491673469543,8581.629750958351,75.20727966776823,175051.41595356612,63.69238905560433,1
monotone_clamp_retrained,14,70,0,6,0,0,80.11327266693115,11946.356296539307,8529.825103327186,89.46241662182513,182218.542929833,63.69238905560433,1
monotone_clamp_retrained,14,69,0,6,0,0,80.11327266693115,11925.106644630432,8469.03113159015,79.35786128686298,188576.16090937195,63.69238905560433,1
monotone_clamp_retrained,14,68,0,6,0,0,80.11327266693115,11921.687126159668,8414.776668472185,69.82689742785507,194170.22218249552,64.51194257070377,1
monotone_clamp_retrained,14,67,0,6,0,0,80.11327266693115,11913.068294525146,8366.5712392122,88.71313907769971,201277.32208256665,64.51194257070377,1
monotone_clamp_retrained,14,66,0,6,0,0,80.11327266693115,11895.655393600464,8306.417609038253,88.44379485696635,208362.8439356409,66.02319309723785,1
monotone_clamp_retrained,14,65,0,6,0,0,80.11327266693115,11875.038146972656,8246.052642603792,90.98941999711592,215652.30414967577,66.02319309723785,1
monotone_clamp_retrained,14,64,0,6,0,0,80.11327266693115,11853.725612163544,8181.9320157196935,78.7144320467118,221958.37490705663,66.02319309723785,1
monotone_clamp_retrained,14,63,0,6,0,0,80.11327266693115,11834.782361984253,8129.477346624555,78.99510798090495,228286.93153208453,66.02319309723785,1
monotone_clamp_retrained,14,62,0,6,0,0,80.11327266693115,11814.239621162415,8076.118469599992,71.31651896386069,234000.33126149268,66.02319309723785,1
monotone_clamp_retrained,14,61,0,6,0,0,80.11327266693115,11788.109540939331,8026.850281332645,116.3869589480137,243324.47143856983,66.0678136608015,1
monotone_clamp_retrained,14,60,0,6,0,0,80.11327266693115,11764.642000198364,7946.087456209614,103.74671830790928,251635.96057067066,85.17672399217258,1
monotone_clamp_retrained,14,59,0,6,0,0,80.11327266693115,11742.320358753204,7876.278437383082,100.65436372925929,259699.7110572293,85.17672399217258,1
monotone_clamp_retrained,14,58,0,6,0,0,80.11327266693115,11710.611879825592,7807.835346988116,109.66598137362352,268485.411725301,85.17672399217258,1
monotone_clamp_retrained,14,57,0,6,0,0,80.11327266693115,11670.961380004883,7731.937017143126,105.15208442123088,276909.4893360352,85.17672399217258,1
monotone_clamp_retrained,14,56,0,6,0,0,80.11327266693115,11629.5525431633,7658.383991893021,107.09518898971159,285489.2354128845,85.17672399217258,1
monotone_clamp_retrained,14,55,0,6,0,0,80.11327266693115,11575.744450092316,7582.132316400199,112.49172727924396,294501.3158331806,87.67464619283565,1
monotone_clamp_retrained,14,54,0,6,0,0,80.11327266693115,11626.888513565063,7503.5841494703245,109.82746051965788,303299.9531241086,87.67464619283565,1
monotone_clamp_retrained,14,53,0,6,0,0,80.11327266693115,11624.179482460022,7425.622631914277,119.9778625750239,312911.7723425771,87.67464619283565,1
monotone_clamp_retrained,14,52,0,6,0,0,80.11327266693115,11632.210463285446,7340.900990446226,122.24032636997725,322704.84493994975,88.00542260216963,1
monotone_clamp_retrained,14,51,0,6,0,0,80.11327266693115,11621.909737586975,7255.49740877066,108.7887211931503,331420.26542398334,89.3393639748758,1
monotone_clamp_retrained,14,50,0,6,0,0,80.11327266693115,11606.946885585785,7180.580485310994,117.89508411655348,340865.2264439036,89.3393639748758,1
monotone_clamp_retrained,14,49,0,6,0,0,80.11327266693115,11599.12794828415,7098.551939914694,103.06020641655158,349121.716861663,89.87264365606573,1
monotone_clamp_retrained,14,48,0,6,0,0,80.11327266693115,11589.88207578659,7024.393728335843,107.05864754156596,357698.5354835133,89.87264365606573,1
monotone_clamp_retrained,14,47,0,6,0,0,80.11327266693115,11583.432406187057,6949.24340660426,121.93231804068512,367466.9325256177,89.87264365606573,1
monotone_clamp_retrained,14,46,0,6,0,0,80.11327266693115,11575.722396373749,6862.638317074172,121.71918865440736,377218.2550750859,92.28499445299059,1
monotone_clamp_retrained,14,45,0,6,0,0,80.11327266693115,11572.457253932953,6776.337481610479,120.828566703783,386898.2269853806,92.32417290804567,1
monotone_clamp_retrained,14,44,0,6,0,0,80.11327266693115,11568.541824817657,6688.417316189461,115.67357453381308,396165.21560236654,92.85601305134094,1
monotone_clamp_retrained,14,43,0,6,0,0,80.11327266693115,11564.79462981224,6603.181306882954,111.84611536148459,405125.5739390582,92.85601305134094,1
monotone_clamp_retrained,14,42,0,6,0,0,80.11327266693115,11561.091244220734,6523.143555762177,116.60997257553477,414467.58046768536,92.85601305134094,1
monotone_clamp_retrained,14,41,0,6,0,0,80.11327266693115,11555.259823799133,6437.887911410125,113.67425597482963,423574.3971318074,93.6308664821853,1
monotone_clamp_retrained,14,40,0,6,0,0,80.11327266693115,11547.698974609375,6356.511690005807,118.0049035076211,433028.15614254837,93.6308664821853,1
monotone_clamp_retrained,14,39,0,6,0,0,80.11327266693115,11537.725180387497,6269.568818471834,114.397090484496,442192.8814448364,93.6308664821853,1
monotone_clamp_retrained,14,38,0,6,0,0,80.11327266693115,11526.393443346024,6188.5161219185375,116.68280280126629,451540.722641196,95.04742683727991,1
monotone_clamp_retrained,14,37,0,6,0,0,80.11327266693115,11511.264145374298,6102.997320342767,113.38727900682626,460624.54864123126,95.04742683727991,1
monotone_clamp_retrained,14,36,0,6,0,0,80.11327266693115,11485.079526901245,6020.36140526217,102.77771727244821,468858.40792916366,95.04742683727991,1
monotone_clamp_retrained,14,35,0,6,0,0,80.11327266693115,11461.643874645233,5945.413013663349,118.5515176536178,478355.95798802644,95.04742683727991,1
monotone_clamp_retrained,14,34,0,6,0,0,80.11327266693115,11438.57717514038,5857.949979955848,120.20380837467654,487985.8784639504,95.04742683727991,1
monotone_clamp_retrained,14,33,0,6,0,0,80.11327266693115,11413.281708955765,5768.866162209192,112.20174610396693,496974.7275432833,95.04742683727991,1
monotone_clamp_retrained,14,32,0,6,0,0,80.11327266693115,11388.766765594482,5685.658952141722,112.75834809585879,506008.1678297596,97.00694341239463,1
monotone_clamp_retrained,14,31,0,6,0,0,80.11327266693115,11365.748196840286,5603.479947527892,134.81526339716464,516808.6597859608,101.69890345053383,1
monotone_clamp_retrained,14,30,0,6,0,0,80.11327266693115,11341.16306900978,5502.743104576177,115.35272229529215,526049.9438800763,101.69890345053383,1
monotone_clamp_retrained,14,29,0,6,0,0,80.1163125038147,11315.158158540726,5416.670819604992,126.72658215354924,536202.8103384303,105.09652333242514,1
monotone_clamp_retrained,14,28,0,6,0,0,80.11956334114075,11292.107105255127,5323.87520320779,132.3256379984373,546804.682673703,105.09652333242514,1
monotone_clamp_retrained,14,27,0,6,0,0,80.12301445007324,11266.88927412033,5225.31419293329,141.84021990698875,558169.3486629121,105.51726153189219,1
monotone_clamp_retrained,14,26,0,6,0,0,80.12627959251404,11257.454752922058,5122.045967739808,131.40157920003136,568698.0683367917,105.51726153189219,1
monotone_clamp_retrained,14,25,0,6,0,0,80.13088345527649,11302.673816680908,5024.049188057014,121.89361222314434,578465.5111717872,108.86577323146005,1
monotone_clamp_retrained,14,24,0,6,0,0,80.1360297203064,11343.213319778442,4931.140832418472,151.76628821555045,590627.4589547691,110.31606898852215,1
monotone_clamp_retrained,14,23,0,6,0,0,80.14163494110107,11396.548748016357,4818.1555201571355,142.92015059327042,602081.3134893421,111.20897889534331,1
monotone_clamp_retrained,14,22,0,6,0,0,80.1482093334198,11447.367072105408,4710.844256999586,142.02202347315847,613464.1243566247,112.95137016244168,1
monotone_clamp_retrained,14,21,0,6,0,0,80.15493273735046,11499.68296289444,4604.545972102653,146.5021306976965,625206.9927885771,112.95137016244168,1
monotone_clamp_retrained,14,20,0,6,0,0,80.16192555427551,11553.223878145218,4495.395220936691,150.74733440437572,637291.1893866061,112.95137016244168,1
monotone_clamp_retrained,14,19,0,6,0,0,80.16941666603088,11608.509123325348,4380.094453970088,164.74049131118525,650498.3384762992,112.95137016244168,1
monotone_clamp_retrained,14,18,0,6,0,0,80.1735770702362,11712.210476398468,4257.487086254536,144.5725742239506,662089.2388980855,117.40424760711261,1
monotone_clamp_retrained,14,17,0,6,0,0,80.17512679100037,11840.069591999054,4148.84697688621,144.25789033777082,673655.1335465185,117.40424760711261,1
monotone_clamp_retrained,14,16,0,6,0,0,80.17857551574707,11921.210885047913,4037.265812875181,138.45493342494538,684756.2528816583,117.43877695873326,1
monotone_clamp_retrained,14,15,0,6,0,0,80.18351435661316,12010.83779335022,3932.667644088274,132.35564947716492,695368.9940016894,117.79311858824813,1
monotone_clamp_retrained,14,14,0,6,0,0,80.1888382434845,12109.420746564865,3829.8254134022563,156.43177212388042,707913.0760726728,118.13382576143007,1
monotone_clamp_retrained,14,13,0,6,0,0,80.19376993179321,12211.857289075851,3706.329252999457,147.1219830778454,719711.3425355267,118.13382576143007,1
monotone_clamp_retrained,14,12,0,6,0,0,80.19823551177979,12315.070182085037,3592.937986673217,143.93922069604923,731255.0140562905,118.65148982084473,1
monotone_clamp_retrained,14,11,0,6,0,0,80.2040183544159,12425.101101398468,3482.378568753631,135.5519860839167,742126.8280361425,118.65148982084473,1
monotone_clamp_retrained,14,10,0,6,0,0,80.20538449287415,12551.769614219666,3374.153512476323,146.19027457481087,753852.0752175341,119.72247037978816,1
monotone_clamp_retrained,14,9,0,6,0,0,80.20538449287415,12638.15462589264,3257.9036215688884,146.22741940070173,765580.3016139681,119.9282594332441,1
monotone_clamp_retrained,14,8,0,6,0,0,80.20538449287415,12722.056210041046,3139.7009577732933,159.91566958156412,778406.3993791929,119.9282594332441,1
monotone_clamp_retrained,14,7,0,6,0,0,80.20723700523376,12784.525454044342,3012.840188070588,145.48404847638372,790075.2729358191,119.9282594332441,1
monotone_clamp_retrained,14,6,0,6,0,0,80.21575093269348,12806.554734706879,2896.5251823874914,148.68053800019476,802001.7939405816,119.9282594332441,1
monotone_clamp_retrained,14,5,0,6,0,0,80.22927165031433,12742.103934288025,2774.339274417266,127.97399748648182,812269.0545491012,111.6350613497792,1
monotone_clamp_retrained,14,4,0,6,0,0,80.24628639221191,12676.769495010376,2667.4911037654147,124.73634358029815,822278.6828995631,105.31132169984018,1
monotone_clamp_retrained,14,3,0,6,0,0,80.26647448539734,12622.852325439453,2565.8523133954504,104.27042040748475,830648.1019387821,100.66337802387262,1
monotone_clamp_retrained,14,2,0,6,0,0,80.28788089752197,12572.767734527588,2478.9514911822325,114.46162019595114,839837.982868412,97.45860423514522,1
monotone_clamp_retrained,14,1,0,6,0,0,80.29954552650452,12526.82477235794,2382.397432890387,106.49687506673506,848389.6335362638,90.48681714092218,1
monotone_clamp_retrained,15,100,1,12,0,1,80.04390120506287,11167.535781860352,10000.0,85.66359507298533,6856.848340892548,78.34826956228913,0
monotone_clamp_retrained,15,99,1,12,0,1,80.07110595703125,12177.371233701706,9945.010119167233,100.23650876737395,14882.89645516784,78.34826956228913,0
monotone_clamp_retrained,15,98,1,12,0,1,80.07110595703125,12093.434631824493,9880.083139688513,103.87154370168139,23200.00583682557,78.34826956228913,0
monotone_clamp_retrained,15,97,1,12,0,1,80.07110595703125,12267.797440290451,9811.09485569255,88.11836295914422,30255.740614087346,80.43164846582134,0
monotone_clamp_retrained,15,96,1,12,0,1,80.07110595703125,12377.472221851349,9752.287838591297,95.31311619858133,37887.567240318785,80.43164846582134,0
monotone_clamp_retrained,15,95,1,12,0,1,80.07156610488892,12514.233589172363,9687.467332219649,105.90737095125806,46367.73629443744,80.76388620962199,0
monotone_clamp_retrained,15,94,1,12,0,1,80.0725245475769,12598.198652267456,9618.54418520272,102.29326287755076,54558.61609725186,80.76388620962199,0
monotone_clamp_retrained,15,93,1,12,0,1,80.0751256942749,12675.21858215332,9550.969631322394,103.84805255495043,62874.261958695184,81.2516721329647,0
monotone_clamp_retrained,15,92,1,12,0,1,80.07745385169983,12740.294337272644,9480.882892203837,105.47237778974153,71320.22142378226,81.68189079408234,0
monotone_clamp_retrained,15,91,1,12,0,1,80.07991790771484,12805.499136447906,9409.29886434779,107.70144012841753,79944.9439078086,81.68189079408234,0
monotone_clamp_retrained,15,90,1,12,0,1,80.0831949710846,12872.500717639923,9338.381014810775,90.42915893784023,87186.79987409886,82.82831677780638,0
monotone_clamp_retrained,15,89,1,12,0,1,80.08724212646484,12945.214211940765,9280.299556398286,104.25869919676141,95536.59156046015,82.82831677780638,0
monotone_clamp_retrained,15,88,1,12,0,1,80.09133815765381,13007.807731628418,9210.408297840308,116.31179699974561,104852.15902569116,82.82831677780638,0
monotone_clamp_retrained,15,87,1,12,0,1,80.0953221321106,13027.838468551636,9134.133002446235,105.3835011190404,113292.88449523033,84.56293398444693,0
monotone_clamp_retrained,15,86,1,12,0,1,80.09994745254517,13056.357204914093,9065.19042963824,101.70667423209119,121439.58375679396,84.56293398444693,0
monotone_clamp_retrained,15,85,1,12,0,1,80.10475039482117,13081.346452236176,9000.461114181082,114.50596968551933,130612.05587716945,84.8282916403851,0
monotone_clamp_retrained,15,84,1,12,0,1,80.10894656181335,13114.23510313034,8925.221734898281,108.0092536208402,139264.56340366267,87.66566629607894,0
monotone_clamp_retrained,15,83,1,12,0,1,80.11257290840149,13217.887282371521,8852.645826349535,111.29970871429144,148181.0694327202,87.66566629607894,0
monotone_clamp_retrained,15,82,1,12,0,1,80.11684775352478,13332.045674324036,8780.133476624598,121.17157718426297,157888.95423404628,87.66566629607894,0
monotone_clamp_retrained,15,81,1,12,0,1,80.12307524681091,13420.617580413818,8698.056559473082,113.0207371974824,166944.5232649702,88.02391932314761,0
monotone_clamp_retrained,15,80,1,12,0,1,80.12916445732117,13495.382368564606,8623.296871753499,97.8971526599597,174788.94031036357,88.02391932314761,0
monotone_clamp_retrained,15,79,1,12,0,1,80.13442397117615,13540.40414094925,8559.642086198772,109.61160400026218,183572.60305748123,89.41124357506565,0
monotone_clamp_retrained,15,78,1,12,0,1,80.14044761657715,13570.454716682434,8485.851288964594,107.18433533230456,192162.40366849743,89.85798532780689,0
monotone_clamp_retrained,15,77,1,12,0,1,80.14700651168823,13604.704439640045,8411.563591413387,115.21318021226882,201396.39517320244,91.10061121112462,0
monotone_clamp_retrained,15,76,1,12,0,1,80.15370845794678,13636.996746063232,8332.665543755757,120.04927574517279,211018.78982186868,91.10061121112462,0
monotone_clamp_retrained,15,75,1,12,0,1,80.16197443008423,13664.58386182785,8253.302854001953,120.73872312993637,220697.44425813167,91.10061121112462,0
monotone_clamp_retrained,15,74,1,12,0,1,80.17070531845093,13651.254773139954,8171.148323362411,103.24656339007032,228974.79406681977,91.10061121112462,0
monotone_clamp_retrained,15,73,1,12,0,1,80.17141461372375,13640.723824501038,8100.468290090588,121.97062541747984,238753.35164785973,91.59938678561403,0
monotone_clamp_retrained,15,72,1,12,0,1,80.17141461372375,13648.590445518494,8016.496818074424,124.13823618435494,248705.689650412,91.59938678561403,0
monotone_clamp_retrained,15,71,1,12,0,1,80.17141461372375,13639.700412750244,7934.4766189921,113.74343309932428,257824.66158500628,93.48039800843478,0
monotone_clamp_retrained,15,70,1,12,0,1,80.17141461372375,13620.810806751251,7857.981557185622,116.15773271971318,267137.1913354685,93.48039800843478,0
monotone_clamp_retrained,15,69,1,12,0,1,80.17141461372375,13600.02189874649,7778.832399443396,126.75519595834005,277299.3347050884,93.48039800843478,0
monotone_clamp_retrained,15,68,1,12,0,1,80.17141461372375,13588.376641273499,7691.377172816999,111.11498276628521,286207.58005824103,95.11469441166237,0
monotone_clamp_retrained,15,67,1,12,0,1,80.17141461372375,13590.15941619873,7614.407923278478,132.21449032615993,296807.4027801218,95.11469441166237,0
monotone_clamp_retrained,15,66,1,12,0,1,80.17141461372375,13630.443513393402,7523.592855531304,107.16053356139956,305398.6143465006,96.29318018780998,0
monotone_clamp_retrained,15,65,1,12,0,1,80.17141461372375,13685.316443443298,7451.097195779542,117.76940463242084,314840.35411409783,96.29318018780998,0
monotone_clamp_retrained,15,64,1,12,0,1,80.17141461372375,13753.401637077332,7372.75172018555,118.09910623913548,324308.52652590576,96.29318018780998,0
monotone_clamp_retrained,15,63,1,12,0,1,80.17141461372375,13795.165419578552,7293.5279976518705,125.54641011134038,334373.75982420665,96.29318018780998,0
monotone_clamp_retrained,15,62,1,12,0,1,80.17141461372375,13835.163712501526,7206.199907641301,118.73677640578221,343893.0551553316,96.29318018780998,0
monotone_clamp_retrained,15,61,1,12,0,1,80.17141461372375,13877.396583557129,7126.25901883675,152.70359864808418,356135.51867555483,96.40873891602581,0
monotone_clamp_retrained,15,60,1,12,0,1,80.17141461372375,13908.823728561401,7022.099241973465,145.17772229769582,367774.62204255944,121.48371342624034,0
monotone_clamp_retrained,15,59,1,12,0,1,80.17141461372375,13932.870030403137,6919.926968484155,144.62249092954232,379369.2117253413,121.717787817549,0
monotone_clamp_retrained,15,58,1,12,0,1,80.17141461372375,13939.918875694275,6822.289095953527,157.0026519316172,391956.33642880514,121.717787817549,0
monotone_clamp_retrained,15,57,1,12,0,1,80.17141461372375,13939.744234085083,6710.281598129787,163.55395207250857,405068.6881321233,121.717787817549,0
monotone_clamp_retrained,15,56,1,12,0,1,80.17141461372375,13933.669626712799,6595.215514923713,172.1287959929524,418868.4972026354,121.717787817549,0
monotone_clamp_retrained,15,55,1,12,0,1,80.17141461372375,13889.579772949219,6476.20872961615,172.79488006992378,432721.70717584994,125.52438207732914,0
monotone_clamp_retrained,15,54,1,12,0,1,80.17141461372375,13795.32516002655,6351.734940699489,152.65343531196223,444960.1490304545,125.52438207732914,0
monotone_clamp_retrained,15,53,1,12,0,1,80.17141461372375,13697.490692138672,6244.430930314931,145.40854570556647,456617.7578365941,125.52438207732914,0
monotone_clamp_retrained,15,52,1,12,0,1,80.17141461372375,13606.903851032257,6144.5642590594225,162.45180207416428,469641.74861542846,125.77567823347204,0
monotone_clamp_retrained,15,51,1,12,0,1,80.17141461372375,13509.99891757965,6033.068115262748,159.64414195077958,482440.6453104166,127.57061847614774,0
monotone_clamp_retrained,15,50,1,12,0,1,80.17141461372375,13402.402698993683,5920.158001586767,159.03906658926823,495191.03225772444,127.57061847614774,0
monotone_clamp_retrained,15,49,1,12,0,1,80.17141461372375,13287.760317325592,5806.540439566647,173.57684276786776,509106.9332866083,127.56529444817109,0
monotone_clamp_retrained,15,48,1,12,0,1,80.17141461372375,13165.807127952576,5683.863791875442,166.0960374721908,522423.08757248794,127.56529444817109,0
monotone_clamp_retrained,15,47,1,12,0,1,80.17141461372375,12951.296269893646,5563.793423114916,158.44389401233087,535125.7586923634,127.56529444817109,0
monotone_clamp_retrained,15,46,1,12,0,1,80.17141461372375,12686.306536197662,5452.98868139436,142.6333978211258,546560.879966845,130.8145259896823,0
monotone_clamp_retrained,15,45,1,12,0,1,80.18202781677246,12402.775287628174,5351.181866834205,171.057965841112,560276.6545421976,130.8145259896823,0
monotone_clamp_retrained,15,44,1,12,0,1,80.19231915473938,12107.528150081635,5228.832417047054,179.44514877175456,574666.7771832718,131.2339851260106,0
monotone_clamp_retrained,15,43,1,12,0,1,80.20458102226257,11763.20344209671,5098.054858599494,169.1716265327907,588235.116610189,131.2339851260106,0
monotone_clamp_retrained,15,42,1,12,0,1,80.23980379104614,11633.793711662292,4977.495693631249,159.17963912921405,601007.6596214466,131.2339851260106,0
monotone_clamp_retrained,15,41,1,12,0,1,80.26973128318787,11549.609005451202,4863.549175984658,170.19297095512457,614669.0036663018,134.1721664575167,0
monotone_clamp_retrained,15,40,1,12,0,1,80.29680609703064,11427.125334739685,4741.816147917877,163.69485523363014,627813.1777160781,134.1721664575167,0
monotone_clamp_retrained,15,39,1,12,0,1,80.32591581344604,11341.657936573029,4625.101024680949,173.02049317067338,641711.2072845065,134.1721664575167,0
monotone_clamp_retrained,15,38,1,12,0,1,80.35300970077515,11248.685866594315,4504.321307169371,164.82600839428736,654955.4731359527,135.24479254111014,0
monotone_clamp_retrained,15,37,1,12,0,1,80.3843104839325,11163.275837898254,4385.401648972635,173.05536540912604,668866.4093599103,135.24479254111014,0
monotone_clamp_retrained,15,36,1,12,0,1,80.41716456413269,11108.321994543076,4259.03159170625,165.6101855803164,682184.3109072192,135.3776796692217,0
monotone_clamp_retrained,15,35,1,12,0,1,80.43799161911011,11080.355048179626,4140.29476572665,158.01921398549604,694895.0591174429,135.3776796692217,0
monotone_clamp_retrained,15,34,1,12,0,1,80.44815301895142,11046.022921800613,4023.5944732966645,172.0766479880143,708738.3076257709,135.3776796692217,0
monotone_clamp_retrained,15,33,1,12,0,1,80.45541763305664,11012.512147426605,3898.0504322984916,164.39629122630245,721964.8798937087,135.3776796692217,0
monotone_clamp_retrained,15,32,1,12,0,1,80.46211957931519,10979.21535372734,3780.4301238034323,190.58027724811052,737299.3729511052,137.67563429490323,0
monotone_clamp_retrained,15,31,1,12,0,1,80.46651721000671,10981.384813785553,3641.195412395319,185.10167702261293,752193.8602308464,146.59908961842842,0
monotone_clamp_retrained,15,30,1,12,0,1,80.46651721000671,10997.34827876091,3502.0151837664607,171.96949372321927,766031.646457122,146.67867998707746,0
monotone_clamp_retrained,15,29,1,12,0,1,80.46651721000671,11009.731143712997,3377.2915379527567,187.19245616094236,781094.37145238,149.0471367442043,0
monotone_clamp_retrained,15,28,1,12,0,1,80.46651721000671,11024.257391691208,3238.17051255717,176.41434080609778,795289.8190429459,149.0471367442043,0
monotone_clamp_retrained,15,27,1,12,0,1,80.46651721000671,11038.843244314194,3108.10846534536,179.91245471529038,809766.7476765884,149.46787494367135,0
monotone_clamp_retrained,15,26,1,12,0,1,80.46651721000671,11053.493469953537,2976.151200922336,193.6576176169238,825349.7016974095,149.46787494367135,0
monotone_clamp_retrained,15,25,1,12,0,1,80.46651721000671,11064.71672654152,2831.998648709041,200.85573524583177,841511.8631742968,154.18295349612166,0
monotone_clamp_retrained,15,24,1,12,0,1,80.46651721000671,11059.090793132782,2681.1776524308525,204.49888679631874,857967.17636812,154.86606328959272,0
monotone_clamp_retrained,15,23,1,12,0,1,80.46651721000671,11055.71910738945,2530.4724533141334,199.5519937300846,874024.4303058931,155.75897319641388,0
monotone_clamp_retrained,15,22,1,12,0,1,80.46651721000671,11052.58122086525,2384.43192933148,182.8477888836964,888737.5550569147,158.80352394212818,0
monotone_clamp_retrained,15,21,1,12,0,1,80.46651721000671,11050.758957862854,2250.1423075528764,201.8489951354747,904979.6406978059,158.80352394212818,0
monotone_clamp_retrained,15,20,1,12,0,1,80.46651721000671,11048.374772071838,2097.708755149776,182.9772707115391,919703.184400556,158.80352394212818,0
monotone_clamp_retrained,15,19,1,12,0,1,80.46651721000671,11045.013517141342,1957.0069147165832,209.56252028168558,936565.9505453747,158.80352394212818,0
monotone_clamp_retrained,15,18,1,12,0,1,80.46651721000671,11040.40414094925,1798.6113273431965,199.82775037860404,952645.3936602515,163.45135432315968,0
monotone_clamp_retrained,15,17,1,12,0,1,80.46651721000671,11035.012900829315,1646.684814525157,192.01951317620203,968096.5351219015,163.45135432315968,0
monotone_clamp_retrained,15,16,1,12,0,1,80.46651721000671,11037.211418151855,1495.7712166317888,201.92740859372608,984344.9304206807,163.48588367478033,0
monotone_clamp_retrained,15,15,1,12,0,1,80.46651721000671,11047.293692827225,1341.52856589377,204.26152117871138,1000781.1436299495,166.63305223218825,0
monotone_clamp_retrained,15,14,1,12,0,1,80.46651721000671,10731.45940899849,1185.9569393572565,200.13820713185177,1016885.5681185046,167.6035577215017,0
monotone_clamp_retrained,15,13,1,12,0,1,80.46651721000671,10486.69919371605,1030.7740899742366,9.968678718016236,1017687.7129761289,168.05485080599917,0
monotone_clamp_retrained,15,12,1,12,0,1,80.46651721000671,10480.731129646301,1023.1586533774771,28.37488636395574,1019970.9412580661,169.09384479432455,0
monotone_clamp_retrained,15,11,1,12,0,1,80.46651721000671,10478.835850954056,1000.8422969923122,30.855794891560436,1022453.7996087363,169.09384479432455,0
monotone_clamp_retrained,15,10,1,12,0,1,80.46651721000671,10470.084995031357,977.0269646933302,22.702049576038917,1024280.5544716491,170.63726322604822,0
monotone_clamp_retrained,15,9,1,12,0,1,80.46651721000671,10466.439127922058,959.4469131831138,26.349441296822988,1026400.802243234,170.84305227950415,0
monotone_clamp_retrained,15,8,1,12,0,1,80.46651721000671,10461.072623729706,938.4068917315162,23.787729349587607,1028314.9179763296,170.84305227950415,0
monotone_clamp_retrained,15,7,1,12,0,1,80.46651721000671,10456.535369157791,919.4929067860339,23.702210094355905,1030222.1522728022,170.84305227950415,0
monotone_clamp_retrained,15,6,1,12,0,1,80.46651721000671,10452.77014374733,900.6287543576818,23.736838675642502,1032132.1730106069,170.84305227950415,0
monotone_clamp_retrained,15,5,1,12,0,1,80.46651721000671,10447.938442230225,881.9181447474966,22.02622785237145,1033904.5468531613,155.39122305741984,0
monotone_clamp_retrained,15,4,1,12,0,1,80.46651721000671,10440.463274717331,863.928780121787,18.7262583153406,1035411.3836401717,149.0674834074808,0
monotone_clamp_retrained,15,3,1,12,0,1,80.46651721000671,10433.113127946854,848.3425298463462,18.150914147350704,1036871.9244857869,142.23678861945825,0
monotone_clamp_retrained,15,2,1,12,0,1,80.46651721000671,10426.866710186005,833.1966914001205,18.686420417601767,1038375.5556559133,135.31638940994628,0
monotone_clamp_retrained,15,1,1,12,0,1,80.46651721000671,10420.27935385704,817.450477656359,17.876263027937966,1039813.9962825015,127.3584148712835,0
monotone_clamp_retrained,16,100,1,6,0,0,80.06169080734253,12590.200006961823,10000.0,74.56096588973213,5969.476997360547,53.51064944791461,1
monotone_clamp_retrained,16,99,1,6,0,0,80.10313034057617,12264.753133058548,9950.473280297801,63.205467410588014,11032.432791587918,53.51064944791461,1
monotone_clamp_retrained,16,98,1,6,0,0,80.11298656463623,12256.107479333878,9909.330029079589,65.85556450202651,16308.318745745302,53.51064944791461,1
monotone_clamp_retrained,16,97,1,6,0,0,80.11677622795105,12357.964962720871,9867.94786833112,63.54792577535759,21399.57369484007,55.53276728716988,1
monotone_clamp_retrained,16,96,1,6,0,0,80.11820912361145,12505.825459957123,9826.778192944583,62.267944057289796,26388.369858519352,55.852472283942966,1
monotone_clamp_retrained,16,95,1,6,0,0,80.11820912361145,12688.238024711609,9786.625823427483,78.55134249639244,32681.76274358575,56.18471002774361,1
monotone_clamp_retrained,16,94,1,6,0,0,80.11820912361145,12878.437340259552,9735.217740891168,74.16809113185388,38623.97737918669,56.18471002774361,1
monotone_clamp_retrained,16,93,1,6,0,0,80.11820912361145,13072.39055633545,9686.808795262217,69.02092543412593,44153.810317023184,56.18471002774361,1
monotone_clamp_retrained,16,92,1,6,0,0,80.11820912361145,13269.877433776855,9643.545154080784,78.35480024699403,50431.45658905066,56.85789131285237,1
monotone_clamp_retrained,16,91,1,6,0,0,80.11820912361145,13453.0109167099,9594.012050911888,73.39275918838275,56311.55301786436,56.85789131285237,1
monotone_clamp_retrained,16,90,1,6,0,0,80.11820912361145,13614.009022712708,9546.313458723174,72.76225825128445,62141.13484074699,57.85980122566746,1
monotone_clamp_retrained,16,89,1,6,0,0,80.11820912361145,13726.609647274017,9498.657735307743,68.99333826324352,67668.7575438576,57.85980122566746,1
monotone_clamp_retrained,16,88,1,6,0,0,80.11820912361145,13762.530386447906,9452.902058094427,62.86462846585104,72705.3589937628,57.85980122566746,1
monotone_clamp_retrained,16,87,1,6,0,0,80.11820912361145,13789.276778697968,9411.2341894257,59.60986359651023,77481.19451121795,59.05581472314141,1
monotone_clamp_retrained,16,86,1,6,0,0,80.11820912361145,13814.464807510376,9371.409177647962,69.40236387373206,83041.58761372659,59.05581472314141,1
monotone_clamp_retrained,16,85,1,6,0,0,80.11820912361145,13827.807605266571,9325.618131981988,85.53854817613497,89894.78290463229,59.321172379079584,1
monotone_clamp_retrained,16,84,1,6,0,0,80.11820912361145,13903.517127037048,9271.751280949835,70.95708068038044,95579.73713338398,59.321172379079584,1
monotone_clamp_retrained,16,83,1,6,0,0,80.11820912361145,13995.275497436523,9224.64728384759,80.66833108206961,102042.73935266996,59.321172379079584,1
monotone_clamp_retrained,16,82,1,6,0,0,80.11820912361145,14076.00462436676,9170.315514477792,78.76699750316831,108353.41013066778,59.321172379079584,1
monotone_clamp_retrained,16,81,1,6,0,0,80.11820912361145,14140.621423721313,9117.9392501945,74.76853538361985,114343.73128439877,59.67942540614826,1
monotone_clamp_retrained,16,80,1,6,0,0,80.11820912361145,14168.66421699524,9068.367838128637,75.06201148664387,120357.56521792464,59.67942540614826,1
monotone_clamp_retrained,16,79,1,6,0,0,80.11820912361145,14195.144474506378,9017.912619314497,76.32216211668963,126472.36016315575,60.144742931333404,1
monotone_clamp_retrained,16,78,1,6,0,0,80.11820912361145,14212.169647216797,8966.817709195253,89.33268191229033,133629.5346541777,60.59148468407464,1
monotone_clamp_retrained,16,77,1,6,0,0,80.11820912361145,14215.02709388733,8906.426746037561,73.65057321192836,139530.28668084482,61.68635059106254,1
monotone_clamp_retrained,16,76,1,6,0,0,80.11820912361145,14220.69787979126,8857.640884484359,82.28216155206746,146122.58610721614,61.68635059106254,1
monotone_clamp_retrained,16,75,1,6,0,0,80.11820912361145,14224.020838737488,8803.589169040013,61.75622317047616,151070.38410987277,61.68635059106254,1
monotone_clamp_retrained,16,74,1,6,0,0,80.11820912361145,14229.248464107513,8763.240414594153,80.86768225191943,157549.3579878738,61.68635059106254,1
monotone_clamp_retrained,16,73,1,6,0,0,80.11820912361145,14233.680367469788,8709.544630149096,73.70311808405988,163454.31981559476,61.811377832783585,1
monotone_clamp_retrained,16,72,1,6,0,0,80.11820912361145,14239.80176448822,8659.715897373937,70.47463409636809,169100.62128803757,61.811377832783585,1
monotone_clamp_retrained,16,71,1,6,0,0,80.11820912361145,14246.119260787964,8610.83579593737,79.07251462291251,175435.7695505259,63.69238905560433,1
monotone_clamp_retrained,16,70,1,6,0,0,80.11820912361145,14249.415397644043,8558.204600083507,95.18413505348421,183061.75198799104,63.69238905560433,1
monotone_clamp_retrained,16,69,1,6,0,0,80.11820912361145,14249.522089958191,8495.638908510988,75.92503539458157,189144.72985145173,63.69238905560433,1
monotone_clamp_retrained,16,68,1,6,0,0,80.11820912361145,14250.855445861816,8444.737781174179,72.22099468786021,194930.94660696894,64.51194257070377,1
monotone_clamp_retrained,16,67,1,6,0,0,80.11820912361145,14246.97995185852,8396.46061976547,86.4360884410219,201856.0512165137,64.51194257070377,1
monotone_clamp_retrained,16,66,1,6,0,0,80.11820912361145,14237.919747829437,8338.07218593003,81.38687826056199,208376.62214891132,66.02319309723785,1
monotone_clamp_retrained,16,65,1,6,0,0,80.11820912361145,14227.688908576965,8282.249738870963,96.86767627209552,216137.48689379738,66.02319309723785,1
monotone_clamp_retrained,16,64,1,6,0,0,80.11820912361145,14201.167821884155,8215.09486020395,65.02823923128052,221347.43296346936,66.02319309723785,1
monotone_clamp_retrained,16,63,1,6,0,0,80.11820912361145,14157.908856868744,8170.079849264767,87.98089878318937,228396.30501106422,66.02319309723785,1
monotone_clamp_retrained,16,62,1,6,0,0,80.11820912361145,14105.17543554306,8110.030204705067,73.96497602931356,234322.24642840368,66.02319309723785,1
monotone_clamp_retrained,16,61,1,6,0,0,80.11820912361145,14048.21515083313,8060.213028264326,103.82122320932052,242640.21690095717,66.0678136608015,1
monotone_clamp_retrained,16,60,1,6,0,0,80.11820912361145,13977.184891700745,7991.373961543988,115.37173720294359,251883.59386913694,85.17672399217258,1
monotone_clamp_retrained,16,59,1,6,0,0,80.11820912361145,13879.457116127014,7911.615432169606,105.3915198426827,260327.37369574825,85.17672399217258,1
monotone_clamp_retrained,16,58,1,6,0,0,80.11820912361145,13770.382404327393,7840.912826394926,116.26525578506836,269642.3377725465,85.17672399217258,1
monotone_clamp_retrained,16,57,1,6,0,0,80.11820912361145,13620.191216468811,7760.598577765069,114.00390324253108,278776.1263334396,85.17672399217258,1
monotone_clamp_retrained,16,56,1,6,0,0,80.11820912361145,13496.371805667877,7683.120743627627,127.75857542666645,289011.91459680797,85.17672399217258,1
monotone_clamp_retrained,16,55,1,6,0,0,80.11820912361145,13401.48776769638,7595.719673889889,124.23023002449119,298965.0181453845,87.67464619283565,1
monotone_clamp_retrained,16,54,1,6,0,0,80.11820912361145,13316.968083381653,7513.460682685754,111.05860183818542,307862.83443243214,87.67464619283565,1
monotone_clamp_retrained,16,53,1,6,0,0,80.11820912361145,13225.163221359253,7436.929551273646,88.82816497439545,314979.5879299174,87.67464619283565,1
monotone_clamp_retrained,16,52,1,6,0,0,80.11820912361145,13144.293427467346,7376.3763432835185,100.85115794668963,323059.6020926486,88.00542260216963,1
monotone_clamp_retrained,16,51,1,6,0,0,80.11820912361145,13086.03435754776,7308.451705694246,104.62363665789823,331441.86049367883,89.3393639748758,1
monotone_clamp_retrained,16,50,1,6,0,0,80.11820912361145,13033.353686332703,7237.543878892184,113.9187662230926,340568.8280290444,89.3393639748758,1
monotone_clamp_retrained,16,49,1,6,0,0,80.11820912361145,12992.483973503113,7157.973149991891,113.46371374555419,349659.3375748523,89.87264365606573,1
monotone_clamp_retrained,16,48,1,6,0,0,80.11820912361145,12947.824597358704,7080.302965748741,107.45666731270813,358268.5733183382,89.87264365606573,1
monotone_clamp_retrained,16,47,1,6,0,0,80.11820912361145,12908.616364002228,7003.541809556765,111.54479565335583,367205.34258314426,89.87264365606573,1
monotone_clamp_retrained,16,46,1,6,0,0,80.11820912361145,12862.564027309418,6925.814043092853,109.64900003119622,375990.2240978385,92.28499445299059,1
monotone_clamp_retrained,16,45,1,6,0,0,80.11820912361145,12816.422283649445,6848.571191714354,122.09238485625355,385772.0473201523,92.32417290804567,1
monotone_clamp_retrained,16,44,1,6,0,0,80.11820912361145,12759.37795639038,6762.030897681375,118.41598137608426,395259.32367961906,92.85601305134094,1
monotone_clamp_retrained,16,43,1,6,0,0,80.11820912361145,12686.100006103516,6678.044671761976,113.30418545046959,404337.05210412026,92.85601305134094,1
monotone_clamp_retrained,16,42,1,6,0,0,80.11820912361145,12618.972063064575,6597.637358461447,108.05477897748946,412994.20748304436,92.85601305134094,1
monotone_clamp_retrained,16,41,1,6,0,0,80.11820912361145,12553.131878376007,6521.436614515725,122.88901114866133,422839.8549772466,93.6308664821853,1
monotone_clamp_retrained,16,40,1,6,0,0,80.11820912361145,12505.052387714386,6436.224300203316,122.20065970776716,432630.35298675677,93.6308664821853,1
monotone_clamp_retrained,16,39,1,6,0,0,80.11820912361145,12457.600235939026,6349.38650195751,107.92255845471973,441276.9150941872,93.6308664821853,1
monotone_clamp_retrained,16,38,1,6,0,0,80.11820912361145,12413.788586854935,6275.15366440242,104.50506786444654,449649.6739758281,95.04742683727991,1
monotone_clamp_retrained,16,37,1,6,0,0,80.11820912361145,12371.70398235321,6202.247988377598,120.27466908511337,459285.86506586237,95.04742683727991,1
monotone_clamp_retrained,16,36,1,6,0,0,80.11820912361145,12326.232939958572,6116.319533668089,127.55006775422376,469504.9480679261,95.04742683727991,1
monotone_clamp_retrained,16,35,1,6,0,0,80.11820912361145,12234.310954809189,6022.272565156058,113.89487900973329,478630.0018025363,95.04742683727991,1
monotone_clamp_retrained,16,34,1,6,0,0,80.11820912361145,12142.800241708755,5943.688689186349,105.80483058451959,487106.89534559514,95.04742683727991,1
monotone_clamp_retrained,16,33,1,6,0,0,80.11820912361145,12050.614058971405,5870.494693441214,114.62647244419594,496290.5630359811,95.04742683727991,1
monotone_clamp_retrained,16,32,1,6,0,0,80.11820912361145,11960.868388414383,5788.885570025207,136.17361471572687,507200.5491768938,97.00694341239463,1
monotone_clamp_retrained,16,31,1,6,0,0,80.11820912361145,11879.081428050995,5693.297578690334,123.96671056547929,517132.54001834505,101.69890345053383,1
monotone_clamp_retrained,16,30,1,6,0,0,80.11820912361145,11810.78627705574,5604.1878406975375,129.1045291382084,527476.1636826454,101.69890345053383,1
monotone_clamp_retrained,16,29,1,6,0,0,80.11820912361145,11754.786521196365,5511.629301010411,147.05072351722401,539257.6043011767,105.09652333242514,1
monotone_clamp_retrained,16,28,1,6,0,0,80.11820912361145,11683.14903974533,5405.273004059721,130.963753363982,549750.1856808054,105.09652333242514,1
monotone_clamp_retrained,16,27,1,6,0,0,80.11962890625,11606.914699077606,5309.018161801353,132.42622832825947,560360.1259519198,105.51726153189219,1
monotone_clamp_retrained,16,26,1,6,0,0,80.12290954589844,11507.237255573273,5209.9913972201375,125.16458041167417,570388.6763065947,105.51726153189219,1
monotone_clamp_retrained,16,25,1,6,0,0,80.1263177394867,11411.586105823517,5118.746813089876,132.52467411043693,581007.3904526895,108.86577323146005,1
monotone_clamp_retrained,16,24,1,6,0,0,80.1285994052887,11324.836909770966,5021.688270252081,144.85448180427386,592614.3771972448,110.31606898852215,1
monotone_clamp_retrained,16,23,1,6,0,0,80.13161063194275,11208.08333158493,4916.156363370782,124.13998157049502,602561.9138643083,111.20897889534331,1
monotone_clamp_retrained,16,22,1,6,0,0,80.13466358184814,11103.37033867836,4824.502570052349,131.45577773885285,613096.0783893014,112.95137016244168,1
monotone_clamp_retrained,16,21,1,6,0,0,80.13936042785645,11055.320352315903,4726.391087052916,141.64754828936174,624447.6223153848,112.95137016244168,1
monotone_clamp_retrained,16,20,1,6,0,0,80.14267444610596,11009.383499622345,4618.306873785613,144.15566346130382,636000.6427217264,112.95137016244168,1
monotone_clamp_retrained,16,19,1,6,0,0,80.14587879180908,10962.32682466507,4512.311516443086,148.27943956954832,647884.6287127848,112.95137016244168,1
monotone_clamp_retrained,16,18,1,6,0,0,80.14898419380188,10936.10629439354,4399.928576021117,146.00995915295798,659587.1786210729,117.40424760711261,1
monotone_clamp_retrained,16,17,1,6,0,0,80.1506507396698,10935.654491186142,4290.533112587317,143.2417610741239,671068.0989842602,117.40424760711261,1
monotone_clamp_retrained,16,16,1,6,0,0,80.1506507396698,10936.904847621918,4183.410669526542,138.4735661857878,682166.8454242939,117.43877695873326,1
monotone_clamp_retrained,16,15,1,6,0,0,80.1506507396698,10949.580520391464,4077.1988908125895,149.44806386749553,694145.2049950574,117.79311858824813,1
monotone_clamp_retrained,16,14,1,6,0,0,80.1506507396698,10976.033508777618,3966.2760101738695,154.86235306880843,706557.5233685989,118.13382576143007,1
monotone_clamp_retrained,16,13,1,6,0,0,80.1506507396698,11008.266508579254,3848.39015202915,148.7269843848965,718478.087949597,118.13382576143007,1
monotone_clamp_retrained,16,12,1,6,0,0,80.1506507396698,11041.48119688034,3734.500791300842,156.4269657507469,731015.8110477515,118.65148982084473,1
monotone_clamp_retrained,16,11,1,6,0,0,80.1506507396698,11074.815541505814,3618.2723431154045,148.0989723654626,742886.0400567197,118.65148982084473,1
monotone_clamp_retrained,16,10,1,6,0,0,80.1506507396698,11105.281263589859,3503.2726295991006,147.46714171667355,754705.6274280301,119.72247037978816,1
monotone_clamp_retrained,16,9,1,6,0,0,80.1506507396698,11134.355813264847,3391.5177694997083,138.36635566440947,765795.7808750091,119.9282594332441,1
monotone_clamp_retrained,16,8,1,6,0,0,80.1506507396698,11093.196123838425,3283.429955895899,159.9107554323888,778612.7319831873,119.9282594332441,1
monotone_clamp_retrained,16,7,1,6,0,0,80.1506507396698,11047.285199165344,3161.2719865694216,143.84641954285058,790142.1161161183,119.9282594332441,1
monotone_clamp_retrained,16,6,1,6,0,0,80.1506507396698,11000.061929225922,3047.4371706022403,140.23442732653768,801381.9967224452,119.9282594332441,1
monotone_clamp_retrained,16,5,1,6,0,0,80.1506507396698,10954.274535179138,2935.438277728279,139.84915590919996,812590.9975739612,111.6350613497792,1
monotone_clamp_retrained,16,4,1,6,0,0,80.1506507396698,10922.657251358032,2822.659180730081,113.0711851685658,821653.7266451274,105.31132169984018,1
monotone_clamp_retrained,16,3,1,6,0,0,80.1506507396698,10903.82382273674,2731.607782509852,112.13287181826246,830641.2492906691,100.66337802387262,1
monotone_clamp_retrained,16,2,1,6,0,0,80.1506507396698,10889.336913824081,2640.0425921046526,124.37655665476915,840610.1112433083,97.45860423514522,1
monotone_clamp_retrained,16,1,1,6,0,0,80.1506507396698,10870.11769413948,2536.1968397674536,122.58540267947961,850435.411039253,90.48681714092218,1
monotone_clamp_retrained,17,100,4,6,0,0,80.2446436882019,11632.030010223389,10000.0,53.487007524665756,4292.045860764978,55.48941880342484,1
monotone_clamp_retrained,17,99,4,6,0,0,80.44004797935486,11767.343580722809,9964.63711155274,62.0293264407137,9281.687855783053,55.48941880342484,1
monotone_clamp_retrained,17,98,4,6,0,0,80.46209335327148,11739.53264951706,9924.248537705174,68.37710492812599,14783.452855736366,55.48941880342484,1
monotone_clamp_retrained,17,97,4,6,0,0,80.47107458114624,11723.783910274506,9878.988155219258,52.32710066328328,18994.270875826584,56.829019946353895,1
monotone_clamp_retrained,17,96,4,6,0,0,80.47187924385071,11710.084974765778,9843.708894492313,55.63403798283012,23471.246462228693,57.148724943126965,1
monotone_clamp_retrained,17,95,4,6,0,0,80.47204971313477,11695.756316184998,9805.568710394857,76.57322864998646,29633.25112484564,58.20839583537179,1
monotone_clamp_retrained,17,94,4,6,0,0,80.47217011451721,11682.450920343399,9755.083325599748,82.5925719557778,36279.65462546649,58.20839583537179,1
monotone_clamp_retrained,17,93,4,6,0,0,80.47617793083191,11680.324971675873,9700.068499628589,78.90400646418824,42629.54748913402,58.20839583537179,1
monotone_clamp_retrained,17,92,4,6,0,0,80.48847556114197,11687.657833099365,9647.362643644581,82.14011683276573,49240.88027541743,59.44865838134444,1
monotone_clamp_retrained,17,91,4,6,0,0,80.50188660621643,11682.105958461761,9591.509811594997,67.87955766684215,54705.31272959369,59.44865838134444,1
monotone_clamp_retrained,17,90,4,6,0,0,80.50572395324707,11638.891994953156,9546.644564477903,77.88124329180602,60975.198603179495,60.89109345881038,1
monotone_clamp_retrained,17,89,4,6,0,0,80.50572395324707,11596.469581127167,9494.718845996536,57.18599269753038,65578.99834527928,60.89109345881038,1
monotone_clamp_retrained,17,88,4,6,0,0,80.50572395324707,11553.485691547394,9455.06816167208,60.27844761323405,70431.75840916057,61.15843374890705,1
monotone_clamp_retrained,17,87,4,6,0,0,80.50572395324707,11513.235569000244,9416.198424190548,67.469367246321,75863.42866399314,62.95185624470667,1
monotone_clamp_retrained,17,86,4,6,0,0,80.50572395324707,11474.429666996002,9370.414454187774,92.88232187291207,83340.98722883043,62.95185624470667,1
monotone_clamp_retrained,17,85,4,6,0,0,80.50572395324707,11435.49770116806,9308.188978389966,75.38560301551387,89409.95977524646,63.6293292994672,1
monotone_clamp_retrained,17,84,4,6,0,0,80.50572395324707,11386.01467013359,9257.246175260643,75.57934387383771,95494.52956972117,63.6293292994672,1
monotone_clamp_retrained,17,83,4,6,0,0,80.50572395324707,11341.660469770432,9206.18657351357,69.39445014496584,101081.18001697915,63.6293292994672,1
monotone_clamp_retrained,17,82,4,6,0,0,80.50572395324707,11301.508843898773,9158.948407024935,82.09691663303782,107690.45172485123,63.6293292994672,1
monotone_clamp_retrained,17,81,4,6,0,0,80.50572395324707,11263.924241065979,9105.959199545783,78.07447388519905,113975.89376724805,63.98758232653586,1
monotone_clamp_retrained,17,80,4,6,0,0,80.50572395324707,11347.844451665878,9052.922599413652,84.02024939450341,120740.00477148492,63.98758232653586,1
monotone_clamp_retrained,17,79,4,6,0,0,80.50572395324707,11430.952250957489,8996.773372198733,69.45742583563487,126331.72512231168,64.45289985172099,1
monotone_clamp_retrained,17,78,4,6,0,0,80.50572395324707,11514.551937580109,8950.407993444052,85.43826996238305,133209.9948989463,64.89964160446222,1
monotone_clamp_retrained,17,77,4,6,0,0,80.50572395324707,11599.088907241821,8893.187353888708,74.94079175666701,139243.15759294629,65.68756414862953,1
monotone_clamp_retrained,17,76,4,6,0,0,80.50572395324707,11661.897450685501,8841.136159950223,74.76468153302274,145262.14240589624,65.68756414862953,1
monotone_clamp_retrained,17,75,4,6,0,0,80.50572395324707,11618.4201836586,8790.963435643842,80.32404174074867,151728.68753708605,65.68756414862953,1
monotone_clamp_retrained,17,74,4,6,0,0,80.50572395324707,11616.13792181015,8735.901347359504,89.15802009861994,158906.4184913636,65.68756414862953,1
monotone_clamp_retrained,17,73,4,6,0,0,80.50572395324707,11570.803821086884,8675.872380722116,68.3117460737676,164405.90506354265,65.5279447130899,1
monotone_clamp_retrained,17,72,4,6,0,0,80.50572395324707,11553.420722484589,8629.172283311547,88.32711600220256,171516.7434820024,65.5279447130899,1
monotone_clamp_retrained,17,71,4,6,0,0,80.50572395324707,11560.158431529999,8570.204089880543,79.27991735008962,177899.23062322495,67.40895593591064,1
monotone_clamp_retrained,17,70,4,6,0,0,80.50572395324707,11536.5669131279,8515.436811981206,85.02621587654423,184744.32768737123,67.40895593591064,1
monotone_clamp_retrained,17,69,4,6,0,0,80.50572395324707,11512.093245983124,8456.83831477666,82.13417808194745,191356.59915516333,67.40895593591064,1
monotone_clamp_retrained,17,68,4,6,0,0,80.50572395324707,11497.714817523956,8401.036898285945,76.76419021327828,197536.55586196805,68.22850945101008,1
monotone_clamp_retrained,17,67,4,6,0,0,80.50572395324707,11527.136713266373,8347.009575929142,77.25098741724909,203755.70253009687,68.22850945101008,1
monotone_clamp_retrained,17,66,4,6,0,0,80.50572395324707,11549.021452665329,8292.494819303762,75.66819764941033,209847.42556210002,69.84883539218049,1
monotone_clamp_retrained,17,65,4,6,0,0,80.50572395324707,11590.09575843811,8237.644208360023,72.28377770526582,215666.68341633803,69.84883539218049,1
monotone_clamp_retrained,17,64,4,6,0,0,80.50572395324707,11634.761095046997,8186.174591808012,79.01208787401133,222027.6087516929,69.84883539218049,1
monotone_clamp_retrained,17,63,4,6,0,0,80.50572395324707,11679.095178842545,8131.402791409631,85.66424456901495,228924.07077762947,69.84883539218049,1
monotone_clamp_retrained,17,62,4,6,0,0,80.50572395324707,11726.689636707306,8072.489208615029,104.07086492547737,237302.37110089563,69.84883539218049,1
monotone_clamp_retrained,17,61,4,6,0,0,80.50572395324707,11779.562532901764,7999.849596343968,99.3829397597848,245303.26661485905,69.89345595574414,1
monotone_clamp_retrained,17,60,4,6,0,0,80.50572395324707,11821.988075971603,7929.721828182623,115.6507436766527,254613.81346027937,89.10668574861131,1
monotone_clamp_retrained,17,59,4,6,0,0,80.50572395324707,11846.461147069931,7850.513391895542,114.23643403954875,263810.5002844706,89.10668574861131,1
monotone_clamp_retrained,17,58,4,6,0,0,80.50572395324707,11876.739114522934,7770.419475919403,116.51421498589247,273190.5615127542,89.10668574861131,1
monotone_clamp_retrained,17,57,4,6,0,0,80.50572395324707,11877.66894698143,7687.708690906134,109.88399045111649,282036.851714893,89.10668574861131,1
monotone_clamp_retrained,17,56,4,6,0,0,80.50572395324707,11884.585916996002,7611.042065682761,120.31677558865998,291723.0408373785,89.10668574861131,1
monotone_clamp_retrained,17,55,4,6,0,0,80.50572395324707,11886.388957500458,7525.904930045641,101.1195751384246,299863.7454397421,91.60460794927438,1
monotone_clamp_retrained,17,54,4,6,0,0,80.50572395324707,11877.231895923615,7455.277226009073,109.16729493461952,308652.3375504713,91.60460794927438,1
monotone_clamp_retrained,17,53,4,6,0,0,80.50572395324707,11870.780885219574,7378.514038329097,131.71628600877025,319256.2525120403,91.60460794927438,1
monotone_clamp_retrained,17,52,4,6,0,0,80.50572395324707,11865.49961566925,7285.9146206402875,118.90663484473221,328828.9172330599,91.93538435860836,1
monotone_clamp_retrained,17,51,4,6,0,0,80.50572395324707,11831.672489643097,7199.373845370172,119.11716978921221,338418.53122220223,93.26932573131452,1
monotone_clamp_retrained,17,50,4,6,0,0,80.50572395324707,11804.241091012955,7114.172964810751,127.07735036320864,348648.98531125276,93.26932573131452,1
monotone_clamp_retrained,17,49,4,6,0,0,80.50572395324707,11779.670715332031,7023.463168021472,118.18153974685895,358163.2757264831,94.57064547423397,1
monotone_clamp_retrained,17,48,4,6,0,0,80.50572395324707,11765.444725751877,6938.269785305874,119.99029578840334,367823.18135629274,94.57064547423397,1
monotone_clamp_retrained,17,47,4,6,0,0,80.50572395324707,11760.068833827972,6853.57499774707,110.34322920181424,376706.4429065239,94.57064547423397,1
monotone_clamp_retrained,17,46,4,6,0,0,80.50572395324707,11753.144413232803,6774.773665481889,131.27475648305395,387274.8122139784,96.98299627115883,1
monotone_clamp_retrained,17,45,4,6,0,0,80.50572395324707,11754.76148724556,6681.020719119918,129.93435035737767,397735.2711558939,97.32361841658812,1
monotone_clamp_retrained,17,44,4,6,0,0,80.50572395324707,11761.539429426193,6587.0581449104775,118.2757381817527,407257.1450843206,97.85545855988339,1
monotone_clamp_retrained,17,43,4,6,0,0,80.50572395324707,11770.3777551651,6505.941233613481,122.52398366973324,417121.0270912883,97.85545855988339,1
monotone_clamp_retrained,17,42,4,6,0,0,80.50572395324707,11801.63860321045,6417.985722436811,108.89887627869828,425888.00996379997,97.85545855988339,1
monotone_clamp_retrained,17,41,4,6,0,0,80.50572395324707,11840.700060129166,6338.634519839756,121.4996501917837,435669.4272625558,98.63031199072775,1
monotone_clamp_retrained,17,40,4,6,0,0,80.50572395324707,11896.590292453766,6250.11553838998,116.8677031659767,445077.94631268596,98.63031199072775,1
monotone_clamp_retrained,17,39,4,6,0,0,80.50572395324707,11973.232626914978,6165.028462030113,120.06264377503048,454743.6763695356,98.63031199072775,1
monotone_clamp_retrained,17,38,4,6,0,0,80.50572395324707,12040.271162986755,6076.253577359512,124.84310459513269,464794.2608855377,100.36903837561965,1
monotone_clamp_retrained,17,37,4,6,0,0,80.50572395324707,12100.457400083542,5987.422965323207,125.94988731309846,474933.9477455086,100.36903837561965,1
monotone_clamp_retrained,17,36,4,6,0,0,80.50572395324707,12156.051397323608,5895.32440773949,122.60780374276722,484804.5777481377,100.68255637139985,1
monotone_clamp_retrained,17,35,4,6,0,0,80.50572395324707,12226.213216781616,5807.5956386353455,132.71166117638182,495488.6261081804,100.68255637139985,1
monotone_clamp_retrained,17,34,4,6,0,0,80.50572395324707,12306.674718856812,5711.3829862110915,136.8964424709418,506509.5733159276,100.68255637139985,1
monotone_clamp_retrained,17,33,4,6,0,0,80.50572395324707,12385.118007659912,5611.78001972384,126.9130826697117,516726.80291539105,100.68255637139985,1
monotone_clamp_retrained,17,32,4,6,0,0,80.50572395324707,12461.715638637543,5518.285039366861,133.652219624021,527486.5716141813,102.64207294651457,1
monotone_clamp_retrained,17,31,4,6,0,0,80.50572395324707,12540.296912193298,5415.759595607294,129.48109780020627,537910.5411308481,107.33403298465377,1
monotone_clamp_retrained,17,30,4,6,0,0,80.50572395324707,12622.979879379272,5316.943046564254,142.64749558981592,549394.4810334239,108.1643677223478,1
monotone_clamp_retrained,17,29,4,6,0,0,80.50572395324707,12702.08328962326,5212.176853164253,147.70431348349717,561285.5237214302,111.5619876042391,1
monotone_clamp_retrained,17,28,4,6,0,0,80.50572395324707,12786.612808704376,5100.809300873371,145.81448665109113,573024.4245321474,111.5619876042391,1
monotone_clamp_retrained,17,27,4,6,0,0,80.50572395324707,12869.672179222107,4994.2963326257905,142.20148467594896,584472.4580032112,111.98272580370616,1
monotone_clamp_retrained,17,26,4,6,0,0,80.50572395324707,12954.934239387512,4888.518408329345,141.17350047762037,595837.7328621761,111.98272580370616,1
monotone_clamp_retrained,17,25,4,6,0,0,80.50572395324707,13041.987419128418,4782.7680276592155,144.42573739778038,607464.831408866,115.33123750327402,1
monotone_clamp_retrained,17,24,4,6,0,0,80.50572395324707,13067.397475242615,4671.599738960988,148.2297016453175,619398.170851196,116.78153326033612,1
monotone_clamp_retrained,17,23,4,6,0,0,80.50572395324707,13102.400302886963,4563.015154957686,157.3271129652015,632063.9039779339,117.67444316715728,1
monotone_clamp_retrained,17,22,4,6,0,0,80.50572395324707,13133.538961410522,4443.748551813327,148.40439031563164,644011.3068581341,119.41683443425565,1
monotone_clamp_retrained,17,21,4,6,0,0,80.50572395324707,13151.477575302124,4334.301206914282,150.5501978381862,656131.4595264018,119.41683443425565,1
monotone_clamp_retrained,17,20,4,6,0,0,80.50572395324707,13162.97173500061,4220.46738601206,154.9971309219605,668609.6157619505,119.41683443425565,1
monotone_clamp_retrained,17,19,4,6,0,0,80.50572395324707,13170.510530471802,4101.246149364457,160.75055661032852,681550.9556977524,119.41683443425565,1
monotone_clamp_retrained,17,18,4,6,0,0,80.50572395324707,13186.011016368866,3978.6548753752295,139.4940126203514,692781.0221708972,124.90873747636871,1
monotone_clamp_retrained,17,17,4,6,0,0,80.50572395324707,13254.868686199188,3869.910665622606,160.05383369323903,705666.271923864,124.90873747636871,1
monotone_clamp_retrained,17,16,4,6,0,0,80.50572395324707,13304.742872714996,3746.9041125378535,152.67175212608083,717957.2218559849,126.98521596814824,1
monotone_clamp_retrained,17,15,4,6,0,0,80.50572395324707,13401.329517364502,3630.085067056363,144.643710363864,729601.8684741115,127.33955759766313,1
monotone_clamp_retrained,17,14,4,6,0,0,80.50572395324707,13387.508392333984,3519.4525179060684,158.18310522033698,742336.5138770475,128.64897873426494,1
monotone_clamp_retrained,17,13,4,6,0,0,80.50572395324707,13359.932899475098,3393.3998698082432,162.75198966812994,755438.9806301116,128.64897873426494,1
monotone_clamp_retrained,17,12,4,6,0,0,80.50572395324707,13439.027965068817,3263.212001445425,151.04808311911856,767599.2159133665,128.95909757847755,1
monotone_clamp_retrained,17,11,4,6,0,0,80.50572395324707,13517.558574676514,3142.368079005174,156.71514990752058,780215.6825111131,128.95909757847755,1
monotone_clamp_retrained,17,10,4,6,0,0,80.50572395324707,13593.840301036835,3016.1528104030604,169.87137646707615,793891.3006525297,129.70269371597854,1
monotone_clamp_retrained,17,9,4,6,0,0,80.50572395324707,13680.70363998413,2880.9587542297386,161.12019107298892,806862.3982783462,129.70269371597854,1
monotone_clamp_retrained,17,8,4,6,0,0,80.50572395324707,13761.972188949585,2750.3116424746504,153.67810002455587,819234.3649765826,129.70269371597854,1
monotone_clamp_retrained,17,7,4,6,0,0,80.50572395324707,13845.844268798828,2630.221625793746,166.5796524027613,832644.9804891471,129.70269371597854,1
monotone_clamp_retrained,17,6,4,6,0,0,80.50572395324707,13950.45280456543,2492.415850327,129.5573259209798,843075.0868058624,129.70269371597854,1
monotone_clamp_retrained,17,5,4,6,0,0,80.50572395324707,14047.203660011292,2386.5958552298516,127.46649922893383,853336.8696060737,117.28918192833491,1
monotone_clamp_retrained,17,4,4,6,0,0,80.50572395324707,14134.417176246643,2282.2273066668686,123.1882974729032,863254.2326766978,110.96544227839588,1
monotone_clamp_retrained,17,3,4,6,0,0,80.50572395324707,14219.671487808228,2179.3152349035117,122.39766807358222,873107.9455551507,106.31749860242833,1
monotone_clamp_retrained,17,2,4,6,0,0,80.50572395324707,14291.699528694153,2076.917773648087,108.88386842912671,881873.7202098677,102.72787383917988,1
monotone_clamp_retrained,17,1,4,6,0,0,80.50572395324707,14323.149919509888,1983.79752162966,106.49660089845699,890447.306163758,95.2678864120809,1
monotone_clamp_retrained,18,100,5,12,1,1,119.3800687789917,13245.964050292969,10000.0,91.23028458372397,10891.077648331953,122.62129846453644,0
monotone_clamp_retrained,18,99,5,12,1,1,119.3800687789917,13700.140118598938,9934.456066129891,106.99710080753354,23664.398901888017,122.62129846453644,0
monotone_clamp_retrained,18,98,5,12,1,1,119.3800687789917,13560.635149478912,9855.369519315354,87.79334730206581,34145.17474114654,122.62129846453644,0
monotone_clamp_retrained,18,97,5,12,1,1,119.3800687789917,13480.193316936493,9791.75603065683,99.32138965807754,46002.16906975287,124.02216067174243,0
monotone_clamp_retrained,18,96,5,12,1,1,119.3800687789917,13403.516411781311,9720.957439658541,104.73028304409607,58504.87746280032,124.02216067174243,0
monotone_clamp_retrained,18,95,5,12,1,1,119.3800687789917,13329.404294490814,9645.438022861586,104.60262426572463,70992.34594210556,125.08183156398725,0
monotone_clamp_retrained,18,94,5,12,1,1,119.3800687789917,13238.734304904938,9570.952343286002,96.34711179275874,82494.2707745823,125.08183156398725,0
monotone_clamp_retrained,18,93,5,12,1,1,119.3800687789917,13138.739168643951,9501.41937705392,97.2892294859782,94108.66568207348,125.56961748732996,0
monotone_clamp_retrained,18,92,5,12,1,1,119.3800687789917,13035.74800491333,9431.471562799466,90.98507865046275,104970.4706292277,126.56691740931149,0
monotone_clamp_retrained,18,91,5,12,1,1,119.3800687789917,12938.65293264389,9365.885301489769,99.73867766162945,116877.28082839871,126.56691740931149,0
monotone_clamp_retrained,18,90,5,12,1,1,119.3800687789917,12869.184911251068,9294.081901977728,98.11952294379972,128590.79622599138,128.0068958182441,0
monotone_clamp_retrained,18,89,5,12,1,1,119.3800687789917,12799.937725067139,9222.66716704637,93.17384917593546,139713.89674901796,128.0068958182441,0
monotone_clamp_retrained,18,88,5,12,1,1,119.3800687789917,12727.254927158356,9154.772642549626,98.53061907533028,151476.48883106752,128.27423610834077,0
monotone_clamp_retrained,18,87,5,12,1,1,119.3800687789917,12653.88399362564,9083.475766725023,98.23135310317684,163203.3545207782,129.9887842880545,0
monotone_clamp_retrained,18,86,5,12,1,1,119.3800687789917,12600.276470184326,9011.546175972815,106.91889554171902,175967.33962432246,129.9887842880545,0
monotone_clamp_retrained,18,85,5,12,1,1,119.3800687789917,12543.874680995941,8934.043407493107,99.5036805441729,187846.09585144863,131.39065547928402,0
monotone_clamp_retrained,18,84,5,12,1,1,119.3800687789917,12485.77892780304,8860.171708466269,107.32399404446282,200658.44164211268,134.22803013497784,0
monotone_clamp_retrained,18,83,5,12,1,1,119.3800687789917,12437.871545553207,8783.384600387526,102.97679867016755,212951.81894999766,134.22803013497784,0
monotone_clamp_retrained,18,82,5,12,1,1,119.3800687789917,12410.635650157928,8708.580007169765,109.06194566047965,225971.64152411636,134.22803013497784,0
monotone_clamp_retrained,18,81,5,12,1,1,119.3800687789917,12354.051619768143,8629.374750224877,97.37216823928954,237595.9376656823,134.58628316204653,0
monotone_clamp_retrained,18,80,5,12,1,1,119.3800687789917,12302.45053768158,8557.179986334879,89.39174152349726,248267.52991703124,134.58628316204653,0
monotone_clamp_retrained,18,79,5,12,1,1,119.3800687789917,12251.633405685425,8493.135335020032,101.14987914355012,260342.80944617494,137.25137735790267,0
monotone_clamp_retrained,18,78,5,12,1,1,119.3800687789917,12211.075872182846,8419.675704839223,105.1532543773458,272896.0121860773,137.25137735790267,0
monotone_clamp_retrained,18,77,5,12,1,1,119.3800687789917,12174.604535102844,8342.708744283527,115.31640283889999,286662.4922883311,138.34527592112582,0
monotone_clamp_retrained,18,76,5,12,1,1,119.3800687789917,12140.937447547913,8259.887105274525,131.20282931719487,302325.4950762161,139.8599388733162,0
monotone_clamp_retrained,18,75,5,12,1,1,119.3800687789917,12111.355662345886,8162.85571993429,101.14935983299142,314400.7126100296,139.8599388733162,0
monotone_clamp_retrained,18,74,5,12,1,1,119.3800687789917,12109.581977128983,8089.069145750431,104.05593870563183,326822.9177295705,139.8599388733162,0
monotone_clamp_retrained,18,73,5,12,1,1,119.3800687789917,12119.234055280685,8014.793813230725,111.12529920121786,340089.0635912979,140.6224031964283,0
monotone_clamp_retrained,18,72,5,12,1,1,119.3800687789917,12132.53065943718,7934.0975527373275,103.5815842609417,352454.640244606,140.6224031964283,0
monotone_clamp_retrained,18,71,5,12,1,1,119.3800687789917,12165.120840072632,7858.7614006902,103.13529466742673,364766.938815545,140.6224031964283,0
monotone_clamp_retrained,18,70,5,12,1,1,119.3800687789917,12175.37209391594,7782.545081713844,100.02801045132611,376708.28958305,140.6224031964283,0
monotone_clamp_retrained,18,69,5,12,1,1,119.3800687789917,12176.564484834671,7707.201274974098,102.15937060892455,388904.0822727619,143.74385215300907,0
monotone_clamp_retrained,18,68,5,12,1,1,119.3800687789917,12179.856896400452,7632.001879126779,112.15822099769233,402293.5384095958,146.41315056855447,0
monotone_clamp_retrained,18,67,5,12,1,1,119.3800687789917,12187.356352806091,7548.174276468717,115.23278469661574,416050.0361722725,146.41315056855447,0
monotone_clamp_retrained,18,66,5,12,1,1,119.3800687789917,12205.712050199509,7462.5472113501955,117.43202990319183,430069.07997897215,147.95730716934838,0
monotone_clamp_retrained,18,65,5,12,1,1,119.3800687789917,12232.760936021805,7374.812899771361,105.7036047045162,442687.9835787846,147.95730716934838,0
monotone_clamp_retrained,18,64,5,12,1,1,119.3800687789917,12255.134135484695,7295.537968887193,109.53047120394278,455763.7387645067,147.95730716934838,0
monotone_clamp_retrained,18,63,5,12,1,1,119.3800687789917,12252.625674009323,7215.050265438457,113.92848022619403,469364.5285697958,149.66408283344634,0
monotone_clamp_retrained,18,62,5,12,1,1,119.3800687789917,12252.412289381027,7130.508620025841,116.7919050826709,483307.1542313945,149.66408283344634,0
monotone_clamp_retrained,18,61,5,12,1,1,119.3800687789917,12277.16088294983,7042.866656153549,129.8743575526462,498811.56396865676,149.93764281533836,0
monotone_clamp_retrained,18,60,5,12,1,1,119.3800687789917,12305.252254009247,6945.246392184438,134.37255200461237,514852.96846897603,175.84600634426346,0
monotone_clamp_retrained,18,59,5,12,1,1,119.3800687789917,12344.320267438889,6846.571691152706,151.88741963213812,532985.2990713243,176.08019672204279,0
monotone_clamp_retrained,18,58,5,12,1,1,119.3800687789917,12386.48921251297,6732.521015622121,138.27834263104862,549492.9771252639,182.18293728047686,0
monotone_clamp_retrained,18,57,5,12,1,1,119.3800687789917,12425.036579370499,6627.490073972883,128.26400311312688,564805.1426387777,182.18293728047686,0
monotone_clamp_retrained,18,56,5,12,1,1,119.3800687789917,12441.743314266205,6531.705617233337,148.63355954450222,582549.0272000667,182.18293728047686,0
monotone_clamp_retrained,18,55,5,12,1,1,119.3800687789917,12441.093027591705,6422.318901362847,134.29515258116706,598581.1917518916,184.4032916851394,0
monotone_clamp_retrained,18,54,5,12,1,1,119.3800687789917,12447.559833526611,6318.975891472906,145.91770509071995,616000.8574216944,184.4032916851394,0
monotone_clamp_retrained,18,53,5,12,1,1,119.3800687789917,12452.93989777565,6209.91234142658,141.55759032082324,632900.0122903826,184.4032916851394,0
monotone_clamp_retrained,18,52,5,12,1,1,119.3800687789917,12458.896338939667,6101.736152331018,136.52922316013115,649198.8803415814,184.4032916851394,0
monotone_clamp_retrained,18,51,5,12,1,1,119.3800687789917,12466.958612203598,5998.102928444796,152.42336441107975,667395.1920685014,186.63549510603517,0
monotone_clamp_retrained,18,50,5,12,1,1,119.3800687789917,12474.366873502731,5882.188485527261,162.47033063700718,686790.9113144928,195.43755580295394,0
monotone_clamp_retrained,18,49,5,12,1,1,119.3800687789917,12478.549480438232,5758.329962966101,149.02536737524818,704581.5699215644,196.20027183670678,0
monotone_clamp_retrained,18,48,5,12,1,1,119.3800687789917,12479.18114066124,5644.3910870014415,150.0842875995337,722498.6424978428,196.20027183670678,0
monotone_clamp_retrained,18,47,5,12,1,1,119.3800687789917,12469.819784164429,5530.847571892765,151.25788789452685,740555.8195580564,199.91319423353335,0
monotone_clamp_retrained,18,46,5,12,1,1,119.3800687789917,12458.868473768234,5415.990548134774,167.93850835473944,760604.3302360865,199.91319423353335,0
monotone_clamp_retrained,18,45,5,12,1,1,119.3800687789917,12453.536242246628,5284.337231015282,150.6467836449702,778588.5536289569,199.91319423353335,0
monotone_clamp_retrained,18,44,5,12,1,1,119.3800687789917,12454.978227615356,5172.690150564245,150.78358249954306,796589.1080784951,200.5032029124764,0
monotone_clamp_retrained,18,43,5,12,1,1,119.3800687789917,12426.658421754837,5055.86776130945,148.70225407682105,814341.1933977772,200.5032029124764,0
monotone_clamp_retrained,18,42,5,12,1,1,119.3800687789917,12398.555427789688,4940.441511808838,161.4417943850526,833614.1259152686,200.5032029124764,0
monotone_clamp_retrained,18,41,5,12,1,1,119.3800687789917,12374.050915241241,4816.719432073016,154.4355976461204,852050.6581841871,203.90988037788304,0
monotone_clamp_retrained,18,40,5,12,1,1,119.3800687789917,12366.019934415817,4698.655882910492,153.00225328402288,870316.0777045744,203.90988037788304,0
monotone_clamp_retrained,18,39,5,12,1,1,119.3800687789917,12383.394837379456,4581.643180914589,157.651042536873,889136.4700057061,203.90988037788304,0
monotone_clamp_retrained,18,38,5,12,1,1,119.3800687789917,12427.665144205093,4457.429880436273,159.41506693956956,908167.4516613594,211.06427502110148,0
monotone_clamp_retrained,18,37,5,12,1,1,119.3800687789917,12474.932968616486,4332.079485410428,164.77613264218502,927838.4377093198,211.06427502110148,0
monotone_clamp_retrained,18,36,5,12,1,1,119.3800687789917,12527.70185470581,4205.921154941188,161.42046979136336,947108.8244953499,211.3777930168817,0
monotone_clamp_retrained,18,35,5,12,1,1,119.3800687789917,12642.522752285004,4080.585403859517,152.3574821238958,965297.2711902945,211.3777930168817,0
monotone_clamp_retrained,18,34,5,12,1,1,119.3800687789917,12748.279571533203,3962.070000999822,171.94582653899914,985824.1757887808,211.3777930168817,0
monotone_clamp_retrained,18,33,5,12,1,1,119.3800687789917,12848.064601421356,3825.7234858264,158.8601558634821,1004788.9121220047,211.3777930168817,0
monotone_clamp_retrained,18,32,5,12,1,1,119.3800687789917,12960.571646690369,3701.9957012680143,165.27449633076333,1024519.3928613844,211.3777930168817,0
monotone_clamp_retrained,18,31,5,12,1,1,119.3800687789917,13118.96026134491,3571.5630560279305,177.45279822702008,1045703.7201187506,215.8582445896582,0
monotone_clamp_retrained,18,30,5,12,1,1,119.3800687789917,13332.259058952332,3432.578280972768,167.65697313134584,1065718.6211024483,217.62011982881515,0
monotone_clamp_retrained,18,29,5,12,1,1,119.3800687789917,13530.293107032776,3300.2597967390693,159.30006819181983,1084735.8741996859,228.32407060173463,0
monotone_clamp_retrained,18,28,5,12,1,1,119.3800687789917,13705.076575279236,3174.3762100842678,178.86003644536487,1106088.1976523465,228.32407060173463,0
monotone_clamp_retrained,18,27,5,12,1,1,119.3800687789917,13837.071657180786,3035.4442589396995,182.57694660611475,1127884.2460956427,228.74480880120169,0
monotone_clamp_retrained,18,26,5,12,1,1,119.3800687789917,13913.209736347198,2891.2721565728452,177.07061001992543,1149022.9476985594,228.74480880120169,0
monotone_clamp_retrained,18,25,5,12,1,1,119.3800687789917,13969.62821483612,2750.635762670656,180.14824950749528,1170529.0581151792,232.96745592437514,0
monotone_clamp_retrained,18,24,5,12,1,1,119.3800687789917,13937.17348575592,2606.880936903026,177.79475274233394,1191754.207926103,236.4388957050125,0
monotone_clamp_retrained,18,23,5,12,1,1,119.3800687789917,13880.401253700256,2467.5671545256782,191.70015365831367,1214639.3854547758,238.0786546384911,0
monotone_clamp_retrained,18,22,5,12,1,1,119.3800687789917,13803.299069404602,2314.014808705152,188.980495017243,1237199.889947822,240.89903206973992,0
monotone_clamp_retrained,18,21,5,12,1,1,119.3800687789917,13714.052736759186,2161.754036554369,194.45382793546952,1260413.8013010966,240.89903206973992,0
monotone_clamp_retrained,18,20,5,12,1,1,119.3800687789917,13580.005764961243,2005.0817793149508,180.5406504818249,1281966.7565730207,240.89903206973992,0
monotone_clamp_retrained,18,19,5,12,1,1,119.3800687789917,13414.015173912048,1856.0137368130409,201.45804342921912,1306016.831653682,240.89903206973992,0
monotone_clamp_retrained,18,18,5,12,1,1,119.3800687789917,13225.25292634964,1691.5991497366485,198.96739317440608,1329769.5727356193,246.92805639126922,0
monotone_clamp_retrained,18,17,5,12,1,1,119.3800687789917,13016.434907913208,1528.1214454801775,174.2680785570946,1350573.707939748,246.92805639126922,0
monotone_clamp_retrained,18,16,5,12,1,1,119.3800687789917,12830.612659454346,1386.865174544242,194.44196006681526,1373786.2025060463,249.22632805170318,0
monotone_clamp_retrained,18,15,5,12,1,1,119.3800687789917,12727.311849594116,1227.2345709370347,189.37364130136228,1396393.640829531,251.8711947131633,0
monotone_clamp_retrained,18,14,5,12,1,1,119.3800687789917,11778.039932250977,1071.9075649085771,186.57024106616956,1418666.4090401235,253.63584708782395,0
monotone_clamp_retrained,18,13,5,12,1,1,119.3800687789917,11091.799885034561,918.9650005394287,179.69248040519136,1440118.1097099627,254.08714017232143,0
monotone_clamp_retrained,18,12,5,12,1,1,119.3800687789917,10610.904395580292,771.3882584699186,2.2346654733391915,1440384.884227868,254.80629722425985,0
monotone_clamp_retrained,18,11,5,12,1,1,119.3800687789917,10527.886152267456,769.5593407728065,0.0,1440384.884227868,254.80629722425985,0
monotone_clamp_retrained,18,10,5,12,1,1,119.3800687789917,10536.78035736084,769.5593407728065,0.0,1440384.884227868,255.9433429025627,0
monotone_clamp_retrained,18,9,5,12,1,1,119.3800687789917,10537.761598825455,769.5593407728065,0.5588083006787201,1440451.5948012373,255.9433429025627,0
monotone_clamp_retrained,18,8,5,12,1,1,119.3800687789917,10550.478398799896,769.0925311237261,35.2764114026013,1444662.8952207558,255.9433429025627,0
monotone_clamp_retrained,18,7,5,12,1,1,119.3800687789917,10509.534925222397,740.112099317379,0.0,1444662.8952207558,255.9433429025627,0
monotone_clamp_retrained,18,6,5,12,1,1,119.3800687789917,10500.847399234772,740.112099317379,0.0,1444662.8952207558,255.9433429025627,0
monotone_clamp_retrained,18,5,5,12,1,1,119.3800687789917,10488.980263471603,740.112099317379,3.592128844522449,1445091.7238092779,230.04512928449802,0
monotone_clamp_retrained,18,4,5,12,1,1,119.3800687789917,10463.663935661316,737.0451527224996,0.0,1445091.7238092779,226.42549507794118,0
monotone_clamp_retrained,18,3,5,12,1,1,119.3800687789917,10444.07770037651,737.0451527224996,0.0,1445091.7238092779,215.56234262596197,0
monotone_clamp_retrained,18,2,5,12,1,1,119.3800687789917,10426.663756370544,737.0451527224996,0.0,1445091.7238092779,203.8312723170848,0
monotone_clamp_retrained,18,1,5,12,1,1,119.3800687789917,10409.384220838547,737.0451527224996,0.0,1445091.7238092779,196.37128488998587,0
monotone_clamp_retrained,19,100,4,6,0,0,80.2446436882019,11632.030010223389,10000.0,71.97083752855036,5775.274213419993,55.48941880342484,1
monotone_clamp_retrained,19,99,4,6,0,0,80.43981194496155,11768.321543931961,9954.158414652713,73.89114681829946,11719.064167881545,55.48941880342484,1
monotone_clamp_retrained,19,98,4,6,0,0,80.46308875083923,11739.851534366608,9907.783298889113,74.90005926133317,17745.754283669314,55.48941880342484,1
monotone_clamp_retrained,19,97,4,6,0,0,80.4714822769165,11724.636852741241,9859.908172065701,75.59270837357326,23828.81157581743,56.829019946353895,1
monotone_clamp_retrained,19,96,4,6,0,0,80.47224998474121,11711.799800395966,9810.64611580706,65.71055342002624,29116.687657269475,57.148724943126965,1
monotone_clamp_retrained,19,95,4,6,0,0,80.47271490097046,11697.142124176025,9767.70414201077,74.58364051109882,35118.6356963956,58.20839583537179,1
monotone_clamp_retrained,19,94,4,6,0,0,80.4730486869812,11683.389246463776,9719.927768917361,87.85719041491188,42188.77165815618,58.20839583537179,1
monotone_clamp_retrained,19,93,4,6,0,0,80.47948956489563,11686.070263385773,9662.097282256305,63.917754194580965,47332.83988987053,58.20839583537179,1
monotone_clamp_retrained,19,92,4,6,0,0,80.49168348312378,11691.853106021881,9621.31346129767,75.90023079524558,53442.17724333748,59.44865838134444,1
monotone_clamp_retrained,19,91,4,6,0,0,80.50483226776123,11677.48749256134,9571.651668211562,69.32123003662643,59022.87124003098,59.44865838134444,1
monotone_clamp_retrained,19,90,4,6,0,0,80.50562024116516,11634.175181388855,9525.528726468445,75.91163958537197,65134.18486837514,60.89109345881038,1
monotone_clamp_retrained,19,89,4,6,0,0,80.50562024116516,11591.692566871643,9476.78764856272,72.46860086335879,70968.31452888927,60.89109345881038,1
monotone_clamp_retrained,19,88,4,6,0,0,80.50562024116516,11548.55877161026,9429.602921766154,65.25186020305503,76221.45600642601,61.15843374890705,1
monotone_clamp_retrained,19,87,4,6,0,0,80.50562024116516,11506.834030151367,9387.571669359266,63.19904894637169,81309.33464050542,62.95185624470667,1
monotone_clamp_retrained,19,86,4,6,0,0,80.50562024116516,11468.89328956604,9346.399854182582,83.41541729504213,88024.7445475184,62.95185624470667,1
monotone_clamp_retrained,19,85,4,6,0,0,80.50562024116516,11428.651064634323,9292.989811907979,81.0909910892382,94553.02508112832,63.6293292994672,1
monotone_clamp_retrained,19,84,4,6,0,0,80.50562024116516,11380.284577608109,9240.894059959635,77.20529539501617,100768.48527280647,63.6293292994672,1
monotone_clamp_retrained,19,83,4,6,0,0,80.50562024116516,11335.675716400146,9190.60021653759,68.81683543615682,106308.62729262847,63.6293292994672,1
monotone_clamp_retrained,19,82,4,6,0,0,80.50562024116516,11297.795474529266,9145.736914774581,69.15260707771691,111875.80081671366,63.6293292994672,1
monotone_clamp_retrained,19,81,4,6,0,0,80.50562024116516,11268.097758293152,9099.905384241665,79.32576528591362,118261.97075216123,63.98758232653586,1
monotone_clamp_retrained,19,80,4,6,0,0,80.50562024116516,11356.18805885315,9046.445183106265,67.82450521056589,123722.22461168797,63.98758232653586,1
monotone_clamp_retrained,19,79,4,6,0,0,80.50562024116516,11436.581313610077,9000.75467572985,79.45172199466467,130118.53477009707,64.45289985172099,1
monotone_clamp_retrained,19,78,4,6,0,0,80.50562024116516,11519.15729045868,8947.776447196244,79.54628968709144,136522.45815923976,64.89964160446222,1
monotone_clamp_retrained,19,77,4,6,0,0,80.50562024116516,11604.244410991669,8893.643821343825,92.14216635396149,143940.42041193004,65.68756414862953,1
monotone_clamp_retrained,19,76,4,6,0,0,80.50562024116516,11661.815345287323,8831.338661082962,83.12967811607666,150632.8267091132,65.68756414862953,1
monotone_clamp_retrained,19,75,4,6,0,0,80.50562024116516,11618.074178695679,8778.477275439593,85.5046491178279,157516.43151984713,65.68756414862953,1
monotone_clamp_retrained,19,74,4,6,0,0,80.50562024116516,11611.750274896622,8721.575592997091,79.78530766883704,163939.59719985904,65.68756414862953,1
monotone_clamp_retrained,19,73,4,6,0,0,80.50562024116516,11568.472981452942,8667.969193565377,90.40474101892674,171217.68694832965,65.5279447130899,1
monotone_clamp_retrained,19,72,4,6,0,0,80.50562024116516,11559.873074293137,8607.31406722191,79.44669842177441,177613.5926808874,65.5279447130899,1
monotone_clamp_retrained,19,71,4,6,0,0,80.50562024116516,11563.703715801239,8554.9202463984,86.13867246065591,184548.23993408307,67.40895593591064,1
monotone_clamp_retrained,19,70,4,6,0,0,80.50562024116516,11538.601815700531,8496.143488546955,87.5619231140191,191597.4668638864,67.40895593591064,1
monotone_clamp_retrained,19,69,4,6,0,0,80.50562024116516,11514.488160610199,8436.941455510041,80.58142176575144,198084.72420305313,67.40895593591064,1
monotone_clamp_retrained,19,68,4,6,0,0,80.50562024116516,11506.497710943222,8384.012266915957,91.75775424098367,205471.73912015994,68.22850945101008,1
monotone_clamp_retrained,19,67,4,6,0,0,80.50562024116516,11535.336375236511,8321.630076927317,71.56781631669972,211233.35056204163,68.22850945101008,1
monotone_clamp_retrained,19,66,4,6,0,0,80.50562024116516,11561.87355518341,8274.015931582298,94.19971205949216,218816.9568079302,69.84883539218049,1
monotone_clamp_retrained,19,65,4,6,0,0,80.50562024116516,11605.80426454544,8209.288192425209,81.06173461056704,225342.88203057862,69.84883539218049,1
monotone_clamp_retrained,19,64,4,6,0,0,80.50562024116516,11654.694974422455,8152.467510263538,97.40258177031956,233184.33728908902,69.84883539218049,1
monotone_clamp_retrained,19,63,4,6,0,0,80.50562024116516,11702.285408973694,8085.4540088525755,85.16732374423057,240040.7855113984,69.84883539218049,1
monotone_clamp_retrained,19,62,4,6,0,0,80.50562024116516,11753.771305084229,8029.140382436402,92.7278780663071,247505.9008487736,69.84883539218049,1
monotone_clamp_retrained,19,61,4,6,0,0,80.50562024116516,11804.411709308624,7964.308559575363,117.26334138617067,256946.25887861877,69.89345595574414,1
monotone_clamp_retrained,19,60,4,6,0,0,80.50562024116516,11837.30572462082,7886.054216803373,119.06133942950048,266531.3658561346,89.10668574861131,1
monotone_clamp_retrained,19,59,4,6,0,0,80.50562024116516,11862.499564886093,7805.862318073552,92.36717733159117,273967.4427571401,89.10668574861131,1
monotone_clamp_retrained,19,58,4,6,0,0,80.50562024116516,11878.253519535065,7742.467721371939,88.26942148244142,281073.62728191284,89.10668574861131,1
monotone_clamp_retrained,19,57,4,6,0,0,80.50562024116516,11879.682838916779,7681.996094506743,118.04766386382299,290577.1276792905,89.10668574861131,1
monotone_clamp_retrained,19,56,4,6,0,0,80.50562024116516,11888.182759284973,7599.746240424307,134.80102728791533,301429.36799025035,89.10668574861131,1
monotone_clamp_retrained,19,55,4,6,0,0,80.50562024116516,11887.441724538803,7506.221005773497,105.16731546431542,309895.92795080337,91.60460794927438,1
monotone_clamp_retrained,19,54,4,6,0,0,80.50562024116516,11878.328025341034,7433.195232813763,118.46741293236505,319433.22050728963,91.60460794927438,1
monotone_clamp_retrained,19,53,4,6,0,0,80.50562024116516,11872.49556183815,7352.451013454155,99.44251066519531,327438.9015067299,91.60460794927438,1
monotone_clamp_retrained,19,52,4,6,0,0,80.50562024116516,11860.717386007309,7284.302127693778,109.53305575648646,336256.92809731595,91.93538435860836,1
monotone_clamp_retrained,19,51,4,6,0,0,80.50562024116516,11830.82789182663,7209.131894563936,113.58498674202279,345401.157905067,93.26932573131452,1
monotone_clamp_retrained,19,50,4,6,0,0,80.50562024116516,11803.67648601532,7129.526976368159,121.45871344083764,355179.2669643156,93.26932573131452,1
monotone_clamp_retrained,19,49,4,6,0,0,80.50562024116516,11779.749691486359,7043.355879759158,112.49254451187171,364235.5490327507,94.57064547423397,1
monotone_clamp_retrained,19,48,4,6,0,0,80.50562024116516,11765.673458576202,6964.040695418238,102.7395143629918,372506.65735981945,94.57064547423397,1
monotone_clamp_retrained,19,47,4,6,0,0,80.50562024116516,11761.37462258339,6892.492691074005,106.99093330600093,381120.0288058002,94.57064547423397,1
monotone_clamp_retrained,19,46,4,6,0,0,80.50562024116516,11754.609942436218,6819.003603290053,128.44041355844413,391460.2039633545,96.98299627115883,1
monotone_clamp_retrained,19,45,4,6,0,0,80.50562024116516,11755.344271659851,6730.712114774027,132.26569719221507,402108.33595244394,97.32361841658812,1
monotone_clamp_retrained,19,44,4,6,0,0,80.50562024116516,11762.36629486084,6635.600775538418,125.04329672189078,412175.0241120398,97.85545855988339,1
monotone_clamp_retrained,19,43,4,6,0,0,80.50562024116516,11768.195629119873,6548.3144831240525,112.8878556286549,421263.1309471198,97.85545855988339,1
monotone_clamp_retrained,19,42,4,6,0,0,80.50562024116516,11800.57168006897,6470.080416754221,121.13910278389699,431015.50955219567,97.85545855988339,1
monotone_clamp_retrained,19,41,4,6,0,0,80.50562024116516,11831.865310668945,6386.181385114824,120.97358649285735,440754.5631656014,98.63031199072775,1
monotone_clamp_retrained,19,40,4,6,0,0,80.50562024116516,11888.142973184586,6301.904387635907,126.62008400058629,450948.191563057,98.63031199072775,1
monotone_clamp_retrained,19,39,4,6,0,0,80.50562024116516,11963.949352502823,6215.1716933596235,127.71030675648733,461229.5890196775,98.63031199072775,1
monotone_clamp_retrained,19,38,4,6,0,0,80.50562024116516,12035.408467054367,6123.2781320991135,115.82060508519828,470553.79866876843,100.36903837561965,1
monotone_clamp_retrained,19,37,4,6,0,0,80.50562024116516,12094.995528459549,6039.129210695533,136.4935528000714,481542.2967958584,100.36903837561965,1
monotone_clamp_retrained,19,36,4,6,0,0,80.50562024116516,12150.096148252487,5940.891101489387,112.29764936579681,490582.8887096768,100.68255637139985,1
monotone_clamp_retrained,19,35,4,6,0,0,80.50562024116516,12219.021171331406,5860.412072373992,111.35505762110792,499547.59669045475,100.68255637139985,1
monotone_clamp_retrained,19,34,4,6,0,0,80.50562024116516,12289.694994688034,5781.356528637223,114.15752962358454,508737.9194180006,100.68255637139985,1
monotone_clamp_retrained,19,33,4,6,0,0,80.50562024116516,12359.922379255295,5699.315498575181,120.68401952335046,518453.66126292484,100.68255637139985,1
monotone_clamp_retrained,19,32,4,6,0,0,80.50562024116516,12429.205030202866,5612.135665652271,139.80895204956906,529709.0676629427,102.64207294651457,1
monotone_clamp_retrained,19,31,4,6,0,0,80.50562024116516,12505.042850971222,5512.572085421768,137.7913270090713,540802.0439076612,107.33403298465377,1
monotone_clamp_retrained,19,30,4,6,0,0,80.50562024116516,12589.382231235504,5413.721563883809,135.88484517077615,551741.5376495093,108.1643677223478,1
monotone_clamp_retrained,19,29,4,6,0,0,80.50562024116516,12669.399976730347,5315.823868831009,131.65589923772336,562340.5774760505,111.5619876042391,1
monotone_clamp_retrained,19,28,4,6,0,0,80.50562024116516,12747.913599014282,5221.131083501669,145.45458929536238,574050.4894041975,111.5619876042391,1
monotone_clamp_retrained,19,27,4,6,0,0,80.50562024116516,12826.234996318817,5113.652564300776,137.87899349083875,585150.5232934051,111.98272580370616,1
monotone_clamp_retrained,19,26,4,6,0,0,80.50562024116516,12912.877798080444,5011.809137814701,150.21954322490734,597244.0407930708,111.98272580370616,1
monotone_clamp_retrained,19,25,4,6,0,0,80.50562024116516,12993.865013122559,4900.844803317136,127.23633402227127,607487.2807807458,115.33123750327402,1
monotone_clamp_retrained,19,24,4,6,0,0,80.50562024116516,13069.843053817749,4807.6115444724055,155.29294477805533,619989.2356191801,116.78153326033612,1
monotone_clamp_retrained,19,23,4,6,0,0,80.50562024116516,13079.482316970825,4692.828761453584,146.53615053935133,631786.2193061034,117.67444316715728,1
monotone_clamp_retrained,19,22,4,6,0,0,80.50562024116516,13128.163516521454,4585.267165291559,149.57012543310756,643827.4550236446,119.41683443425565,1
monotone_clamp_retrained,19,21,4,6,0,0,80.50562024116516,13141.262233257294,4475.163408399145,154.0970920608395,656233.1369973624,119.41683443425565,1
monotone_clamp_retrained,19,20,4,6,0,0,80.50562024116516,13157.914876937866,4360.900229311845,147.28145809760585,668090.1221315333,119.41683443425565,1
monotone_clamp_retrained,19,19,4,6,0,0,80.50562024116516,13175.303637981415,4250.439577764384,163.88185728429391,681283.5326984795,119.41683443425565,1
monotone_clamp_retrained,19,18,4,6,0,0,80.50562024116516,13175.983726978302,4128.225424732582,157.69888659934415,693979.1793755009,124.90873747636871,1
monotone_clamp_retrained,19,17,4,6,0,0,80.50562024116516,13234.62426662445,4010.426353824747,147.05200938090306,705817.6925984201,124.90873747636871,1
monotone_clamp_retrained,19,16,4,6,0,0,80.50562024116516,13283.894658088684,3899.7537961654507,161.4489605715496,718815.2413065241,126.98521596814824,1
monotone_clamp_retrained,19,15,4,6,0,0,80.50562024116516,13371.079564094543,3777.1991755177223,158.0141034083039,731536.2647082612,127.33955759766313,1
monotone_clamp_retrained,19,14,4,6,0,0,80.50562024116516,13422.46413230896,3657.7981889946514,148.91438209151664,743524.7094013686,128.64897873426494,1
monotone_clamp_retrained,19,13,4,6,0,0,80.50562024116516,13369.446992874146,3544.6167176974614,171.76850074578476,757353.039091803,128.64897873426494,1
monotone_clamp_retrained,19,12,4,6,0,0,80.50562024116516,13405.299484729767,3413.687410464381,158.80541765384174,770137.7677376828,128.95909757847755,1
monotone_clamp_retrained,19,11,4,6,0,0,80.50562024116516,13485.584259033203,3289.666080891059,160.96323897942858,783096.2131277486,128.95909757847755,1
monotone_clamp_retrained,19,10,4,6,0,0,80.50562024116516,13562.330305576324,3165.078242051821,150.8285516660537,795238.7592297009,129.70269371597854,1
monotone_clamp_retrained,19,9,4,6,0,0,80.50562024116516,13640.941381454468,3046.9822787702287,171.04926539282354,809009.1864319458,129.70269371597854,1
monotone_clamp_retrained,19,8,4,6,0,0,80.50562024116516,13724.498748779297,2913.7408588538347,168.4170479631357,822567.705337404,129.70269371597854,1
monotone_clamp_retrained,19,7,4,6,0,0,80.50562024116516,13798.061311244965,2780.263184869509,138.18766569723192,833692.5890740384,129.70269371597854,1
monotone_clamp_retrained,19,6,4,6,0,0,80.50562024116516,13898.135423660278,2669.694661722562,133.50657728299004,844440.6188844806,129.70269371597854,1
monotone_clamp_retrained,19,5,4,6,0,0,80.50562024116516,13993.271291255951,2563.1584772007573,140.5333714775441,855754.3451198624,117.28918192833491,1
monotone_clamp_retrained,19,4,4,6,0,0,80.50562024116516,14078.183770179749,2450.9335857944634,128.3006107732819,866083.2653674857,110.96544227839588,1
monotone_clamp_retrained,19,3,4,6,0,0,80.50562024116516,14169.742465019226,2347.6793123994275,122.97864595409429,875983.7375364387,106.31749860242833,1
monotone_clamp_retrained,19,2,4,6,0,0,80.50562024116516,14250.807166099548,2247.6329516013056,111.74803249746499,884980.082203377,102.72787383917988,1
monotone_clamp_retrained,19,1,4,6,0,0,80.50562024116516,14301.227331161499,2155.011514295051,111.36946858602023,893945.9503478236,95.2678864120809,1
monotone_clamp_retrained,20,100,5,6,1,0,111.96580171585083,13400.876522064209,10000.0,85.47659675025768,9570.45568308509,96.84458680514814,0
monotone_clamp_retrained,20,99,5,6,1,0,111.96580171585083,14589.408040046692,9939.727626797838,79.02231090153947,18418.252076615176,96.84458680514814,0
monotone_clamp_retrained,20,98,5,6,1,0,111.96580171585083,14501.726031303406,9884.939738843615,76.88307262040702,27026.52694093703,96.84458680514814,0
monotone_clamp_retrained,20,97,5,6,1,0,111.96580171585083,14441.142678260803,9831.6370521187,91.79339492299223,37304.247995709564,98.1841879480772,0
monotone_clamp_retrained,20,96,5,6,1,0,111.96580171585083,14373.677968978882,9767.093023185273,86.29350224090467,46966.16915698103,98.50389294485028,0
monotone_clamp_retrained,20,95,5,6,1,0,111.96580171585083,14293.340146541595,9706.825816828083,76.56473181260219,55538.80073753814,99.5635638370951,0
monotone_clamp_retrained,20,94,5,6,1,0,111.96580171585083,14212.037920951843,9653.711146445905,78.53471600529942,64332.003177598155,99.5635638370951,0
monotone_clamp_retrained,20,93,5,6,1,0,111.96580171585083,14139.825701713562,9597.82406050759,86.47696385438748,74014.46576550731,99.5635638370951,0
monotone_clamp_retrained,20,92,5,6,1,0,111.96580171585083,14045.827984809875,9537.064170766878,84.41521598375842,83466.08310014552,100.80382638306776,0
monotone_clamp_retrained,20,91,5,6,1,0,111.96580171585083,13941.304683685303,9478.482834200195,97.28435009270487,94358.60335268073,100.80382638306776,0
monotone_clamp_retrained,20,90,5,6,1,0,111.96580171585083,13836.33553981781,9410.685063282484,87.7779448364178,104186.73131925998,102.09928872109144,0
monotone_clamp_retrained,20,89,5,6,1,0,111.96580171585083,13737.935721874237,9346.755598898504,67.25832149847878,111717.3632078996,102.09928872109144,0
monotone_clamp_retrained,20,88,5,6,1,0,111.96580171585083,13638.451099395752,9299.896083495047,82.88528676856915,120997.68079139065,102.36662901118811,0
monotone_clamp_retrained,20,87,5,6,1,0,111.96580171585083,13541.174530982971,9240.865469322176,74.95592393040624,129390.18090761092,103.54257348173525,0
monotone_clamp_retrained,20,86,5,6,1,0,111.96580171585083,13434.32068824768,9187.663828041153,89.64809026365137,139427.7012062756,103.54257348173525,0
monotone_clamp_retrained,20,85,5,6,1,0,111.96580171585083,13344.449996948242,9123.618455992568,70.76852532487287,147351.3558805235,104.94444467296476,0
monotone_clamp_retrained,20,84,5,6,1,0,111.96580171585083,13260.248899459839,9072.693579078434,102.65045745836206,158844.69664634785,104.94444467296476,0
monotone_clamp_retrained,20,83,5,6,1,0,111.96580171585083,13179.818987846375,8998.931619955203,84.09058091498166,168259.9659552454,104.94444467296476,0
monotone_clamp_retrained,20,82,5,6,1,0,111.96580171585083,13093.236684799194,8939.25358756138,69.01185746247586,175986.93390393152,104.94444467296476,0
monotone_clamp_retrained,20,81,5,6,1,0,111.96580171585083,13011.75057888031,8889.517582202196,102.20686313227267,187430.60727539868,105.30269770003343,0
monotone_clamp_retrained,20,80,5,6,1,0,111.96580171585083,12933.041155338287,8815.6079038459,67.8570054618996,195028.27129397713,105.30269770003343,0
monotone_clamp_retrained,20,79,5,6,1,0,111.96580171585083,12879.002094268799,8767.147088828739,90.8522700775454,205200.6185509145,107.04578516915666,0
monotone_clamp_retrained,20,78,5,6,1,0,111.96580171585083,12826.318144798279,8702.230497466466,100.88911442006048,216496.74913135878,107.04578516915666,0
monotone_clamp_retrained,20,77,5,6,1,0,111.96580171585083,12818.633317947388,8631.2898649888,88.17844370068141,226369.7192743616,108.15295924674302,0
monotone_clamp_retrained,20,76,5,6,1,0,111.96580171585083,12817.941009998322,8567.249058158366,101.84791604153897,237773.20284704116,109.66762219893337,0
monotone_clamp_retrained,20,75,5,6,1,0,111.96580171585083,12818.443179130554,8493.577478803963,102.36272133182898,249234.32700677562,109.66762219893337,0
monotone_clamp_retrained,20,74,5,6,1,0,111.96580171585083,12819.353342056274,8419.114573736626,85.63942564816836,258823.0139579578,109.66762219893337,0
monotone_clamp_retrained,20,73,5,6,1,0,111.96580171585083,12819.174230098724,8356.159365267567,90.06822704270384,268907.5752079194,109.89307416174906,0
monotone_clamp_retrained,20,72,5,6,1,0,111.96580171585083,12815.01680612564,8292.295607230611,97.61785740694248,279837.4368742713,109.89307416174906,0
monotone_clamp_retrained,20,71,5,6,1,0,111.96580171585083,12787.492275238037,8219.92596336237,101.78695103389352,291234.09445099323,109.89307416174906,0
monotone_clamp_retrained,20,70,5,6,1,0,111.96580171585083,12753.540575504303,8145.071435183358,98.31191955384769,302241.667342064,109.89307416174906,0
monotone_clamp_retrained,20,69,5,6,1,0,111.96580171585083,12738.979458808899,8075.905134007519,104.51305466791902,313943.55529773014,113.01452311832983,0
monotone_clamp_retrained,20,68,5,6,1,0,111.96580171585083,12750.714123249054,7999.616679999114,77.94381453404384,322670.59698082594,115.68382153387522,0
monotone_clamp_retrained,20,67,5,6,1,0,111.96580171585083,12758.142948150635,7943.225163874074,93.8273945954187,333176.0564396115,115.68382153387522,0
monotone_clamp_retrained,20,66,5,6,1,0,111.96580171585083,12758.541405200958,7873.8082253172415,101.85188374019506,344579.984258852,117.77633053076984,0
monotone_clamp_retrained,20,65,5,6,1,0,111.96580171585083,12753.93009185791,7799.029335889343,102.80659688285607,356090.8073005193,117.77633053076984,0
monotone_clamp_retrained,20,64,5,6,1,0,111.96580171585083,12749.532461166382,7724.998230738133,86.61599235266236,365788.8363256992,117.77633053076984,0
monotone_clamp_retrained,20,63,5,6,1,0,111.96580171585083,12745.043933391571,7661.415054678222,99.97953184733338,376983.1247641613,119.48310619486782,0
monotone_clamp_retrained,20,62,5,6,1,0,111.96580171585083,12737.981379032135,7587.982345091597,101.28235184686885,388323.28448836284,119.48310619486782,0
monotone_clamp_retrained,20,61,5,6,1,0,111.96580171585083,12731.235921382904,7513.933610508679,127.81607380896477,402634.31366455596,119.81792724103677,0
monotone_clamp_retrained,20,60,5,6,1,0,111.96580171585083,12735.965847969055,7419.551790141224,118.39150732208357,415890.11369822104,144.0601159519614,0
monotone_clamp_retrained,20,59,5,6,1,0,111.96580171585083,12745.888233184814,7334.3274661465475,106.97023897402799,427867.12226468424,144.0601159519614,0
monotone_clamp_retrained,20,58,5,6,1,0,111.96580171585083,12754.06152009964,7256.723874952651,126.46449425478544,442026.8207525109,149.09961677913984,0
monotone_clamp_retrained,20,57,5,6,1,0,111.96580171585083,12762.779593467712,7162.149328205369,124.33073013639206,455947.61063014914,149.09961677913984,0
monotone_clamp_retrained,20,56,5,6,1,0,111.96580171585083,12770.488858222961,7069.282144319789,138.628058336875,471469.2123221491,149.09961677913984,0
monotone_clamp_retrained,20,55,5,6,1,0,111.96580171585083,12777.259647846222,6963.679635386017,131.63819533607798,486208.18839938083,151.02766539478267,0
monotone_clamp_retrained,20,54,5,6,1,0,111.96580171585083,12829.889059066772,6864.17524470147,131.21663810533383,500899.9644833032,151.02766539478267,0
monotone_clamp_retrained,20,53,5,6,1,0,111.96580171585083,12889.714539051056,6767.979210553325,111.17651434569132,513347.93204399233,151.02766539478267,0
monotone_clamp_retrained,20,52,5,6,1,0,111.96580171585083,12939.211428165436,6684.801340276974,137.99393434688028,528798.5335350652,151.02766539478267,0
monotone_clamp_retrained,20,51,5,6,1,0,111.96580171585083,12983.693480491638,6578.992188190218,128.34996393283905,543169.3401470061,152.83113474757658,0
monotone_clamp_retrained,20,50,5,6,1,0,111.96580171585083,13018.510937690735,6482.456871644232,133.88370117977365,558159.7360862849,156.11217061502776,0
monotone_clamp_retrained,20,49,5,6,1,0,111.96580171585083,13048.508763313293,6385.134442488272,137.8089964458962,573589.6308570064,157.41349035794718,0
monotone_clamp_retrained,20,48,5,6,1,0,111.96580171585083,13087.657988071442,6282.123765791044,125.61655509116041,587654.3891565716,157.41349035794718,0
monotone_clamp_retrained,20,47,5,6,1,0,111.96580171585083,13127.065598964691,6185.982924341333,130.89127900693927,602309.7361481966,158.60134809389282,0
monotone_clamp_retrained,20,46,5,6,1,0,111.96580171585083,13131.599426269531,6086.932683484517,133.99613947660012,617312.7213315231,158.60134809389282,0
monotone_clamp_retrained,20,45,5,6,1,0,111.96580171585083,13135.660886764526,5986.741964556373,135.82744426429082,632520.7500235895,158.94197023932213,0
monotone_clamp_retrained,20,44,5,6,1,0,111.96580171585083,13150.849044322968,5883.257582031995,131.65087104492054,647261.1453467241,160.16913603518637,0
monotone_clamp_retrained,20,43,5,6,1,0,111.96580171585083,13166.56768321991,5785.611979864747,151.5414877435972,664228.6095151487,160.16913603518637,0
monotone_clamp_retrained,20,42,5,6,1,0,111.96580171585083,13186.997175216675,5670.209123960421,132.04513394033526,679013.1487994553,160.16913603518637,0
monotone_clamp_retrained,20,41,5,6,1,0,111.96580171585083,13210.123181343079,5570.067258886205,127.1992502644003,693255.114832964,163.14309017483365,0
monotone_clamp_retrained,20,40,5,6,1,0,111.96580171585083,13236.140608787537,5473.401740841126,146.60247912291555,709669.5789414926,163.14309017483365,0
monotone_clamp_retrained,20,39,5,6,1,0,111.96580171585083,13256.750106811523,5364.244884289084,149.00927423942704,726353.5217948072,163.14309017483365,0
monotone_clamp_retrained,20,38,5,6,1,0,111.96580171585083,13280.019760131836,5249.540016673678,139.89802915193604,742017.3167872712,165.89358265658913,0
monotone_clamp_retrained,20,37,5,6,1,0,111.96580171585083,13292.843103408813,5142.451751704546,139.6740070592704,757656.0289665278,165.89358265658913,0
monotone_clamp_retrained,20,36,5,6,1,0,111.96580171585083,13309.802412986755,5035.977870364878,127.4471742979029,771925.7540132123,166.20710065236935,0
monotone_clamp_retrained,20,35,5,6,1,0,111.96580171585083,13350.286483764648,4936.552236797474,136.96965251854647,787261.6709681929,166.20710065236935,0
monotone_clamp_retrained,20,34,5,6,1,0,111.96580171585083,13409.490287303925,4831.080181403273,140.51869534000974,802994.9593480024,166.20710065236935,0
monotone_clamp_retrained,20,33,5,6,1,0,111.96580171585083,13482.413291931152,4722.308790766415,146.87831206356742,819440.3073128707,166.20710065236935,0
monotone_clamp_retrained,20,32,5,6,1,0,111.96580171585083,13561.86717748642,4610.184003433644,149.07691988163882,836131.8241647481,166.20710065236935,0
monotone_clamp_retrained,20,31,5,6,1,0,111.96580171585083,13639.158010482788,4495.201832050903,139.82142053086312,851787.0416115352,170.68755222514585,0
monotone_clamp_retrained,20,30,5,6,1,0,111.96580171585083,13716.185986995697,4385.454612966043,166.5857614766735,870438.9499497165,171.5178869628399,0
monotone_clamp_retrained,20,29,5,6,1,0,111.96580171585083,13803.267478942871,4257.310243547311,154.73934726351658,887764.4650230636,183.5069626646924,0
monotone_clamp_retrained,20,28,5,6,1,0,111.96580171585083,13896.800875663757,4138.157858897013,148.41856843849843,904382.2690277989,183.5069626646924,0
monotone_clamp_retrained,20,27,5,6,1,0,111.96580171585083,13974.165320396423,4023.5819283743167,161.95493689663556,922515.6833792707,183.92770086415945,0
monotone_clamp_retrained,20,26,5,6,1,0,111.96580171585083,14051.918387413025,3898.8684431097226,148.28152236346858,939118.1429103434,183.92770086415945,0
monotone_clamp_retrained,20,25,5,6,1,0,111.96580171585083,14122.468829154968,3782.3862250166985,157.85575850568517,956792.5894668961,186.80626150679473,0
monotone_clamp_retrained,20,24,5,6,1,0,111.96580171585083,14205.126166343689,3657.041180501179,157.6227551827006,974440.9476195885,191.0448872510231,0
monotone_clamp_retrained,20,23,5,6,1,0,111.96580171585083,14278.588891029358,3533.5890226718866,160.09567403051307,992366.1881136544,193.02588321644785,0
monotone_clamp_retrained,20,22,5,6,1,0,111.96580171585083,14339.393973350525,3410.3426938605917,169.08339265416404,1011297.7457290138,194.18334326878238,0
monotone_clamp_retrained,20,21,5,6,1,0,111.96580171585083,14373.66932630539,3275.802966315001,173.94161232377752,1030773.2578045933,194.18334326878238,0
monotone_clamp_retrained,20,20,5,6,1,0,111.96580171585083,14400.177597999573,3138.166571870699,171.64329018318125,1049991.4363990996,194.18334326878238,0
monotone_clamp_retrained,20,19,5,6,1,0,111.96580171585083,14425.69524049759,3001.9584052305217,170.56450057428802,1069088.8274501634,194.18334326878238,0
monotone_clamp_retrained,20,18,5,6,1,0,111.96580171585083,14449.72425699234,2867.06987344709,170.05512746005382,1088129.1861321195,200.04238084998562,0
monotone_clamp_retrained,20,17,5,6,1,0,111.96580171585083,14472.726583480835,2732.390689044136,178.08399932134714,1108068.5038888992,200.04238084998562,0
monotone_clamp_retrained,20,16,5,6,1,0,111.96580171585083,14490.317702293396,2590.588222103138,165.22453006729802,1126568.000861009,202.34065251041957,0
monotone_clamp_retrained,20,15,5,6,1,0,111.96580171585083,14481.875896453857,2457.9757201230186,174.24075961045727,1146077.0072023727,202.69499413993447,0
monotone_clamp_retrained,20,14,5,6,1,0,111.96580171585083,14461.970031261444,2319.7146261572907,166.1463315019704,1164679.7144111383,204.00441527653624,0
monotone_clamp_retrained,20,13,5,6,1,0,111.96580171585083,14422.44827747345,2186.095605576721,178.02557148724742,1184612.4902486305,204.00441527653624,0
monotone_clamp_retrained,20,12,5,6,1,0,111.96580171585083,14380.707740783691,2041.182569193902,181.23840637607563,1204904.993720231,204.31453412074885,0
monotone_clamp_retrained,20,11,5,6,1,0,111.96580171585083,14279.291033744812,1894.0680754536834,168.8531535320707,1223810.772427699,204.31453412074885,0
monotone_clamp_retrained,20,10,5,6,1,0,111.96580171585083,14082.76915550232,1757.843661646004,176.3354479796084,1243554.3122316597,204.97914192627147,0
monotone_clamp_retrained,20,9,5,6,1,0,111.96580171585083,13864.904642105103,1613.8387888696398,178.86786738761566,1263581.3964049185,204.97914192627147,0
monotone_clamp_retrained,20,8,5,6,1,0,111.96580171585083,13590.229153633118,1465.7808065355948,191.3955427294263,1285011.1517914592,204.97914192627147,0
monotone_clamp_retrained,20,7,5,6,1,0,111.96580171585083,13191.515803337097,1308.723963964003,179.974362752071,1305162.1256052942,204.97914192627147,0
monotone_clamp_retrained,20,6,5,6,1,0,111.96580171585083,12828.054428100586,1161.194491877437,168.19932061015908,1323994.6973854722,204.97914192627147,0
monotone_clamp_retrained,20,5,5,6,1,0,111.96580171585083,12345.360517501831,1022.134131800698,155.71725501734264,1341429.7046844806,186.73816117636846,0
monotone_clamp_retrained,20,4,5,6,1,0,111.96580171585083,11349.08676147461,892.5418680701332,161.80384641350147,1359546.2020688767,183.11852696981163,0
monotone_clamp_retrained,20,3,5,6,1,0,111.96580171585083,11030.11354804039,755.8178437371425,149.6860345901556,1376305.91893743,174.43812562988745,0
monotone_clamp_retrained,20,2,5,6,1,0,111.96580171585083,10556.934475898743,628.8497495235897,0.0,1376305.91893743,166.42268074179484,0
monotone_clamp_retrained,20,1,5,6,1,0,111.96580171585083,10523.179769515991,628.8497495235897,0.0,1376305.91893743,158.9626933146959,0
monotone_clamp_retrained,21,100,0,6,0,0,80.03496885299683,11875.14379620552,10000.0,65.9522131457533,5278.483324906573,53.51064944791461,1
monotone_clamp_retrained,21,99,0,6,0,0,80.03928661346436,11341.38435125351,9958.46891656749,59.90432454187817,10073.182726299947,53.51064944791461,1
monotone_clamp_retrained,21,98,0,6,0,0,80.04539728164673,11449.566781520844,9920.903532427516,67.04121612870516,15439.523505566893,53.51064944791461,1
monotone_clamp_retrained,21,97,0,6,0,0,80.04621267318726,11560.658514499664,9877.317513816444,73.89860238065275,21354.826747979925,55.53276728716988,1
monotone_clamp_retrained,21,96,0,6,0,0,80.04786372184753,11673.451513051987,9829.376472053773,56.07830278825575,25843.775087326725,55.852472283942966,1
monotone_clamp_retrained,21,95,0,6,0,0,80.04962801933289,11790.486425161362,9794.413643134396,82.06600579821365,32413.128324506142,56.18471002774361,1
monotone_clamp_retrained,21,94,0,6,0,0,80.05125522613525,11908.086091279984,9740.739157680773,87.10019532596941,39385.608290791555,56.18471002774361,1
monotone_clamp_retrained,21,93,0,6,0,0,80.05319356918335,12039.460986852646,9683.469701316593,62.27236085739844,44370.70964851891,56.18471002774361,1
monotone_clamp_retrained,21,92,0,6,0,0,80.05512475967407,12155.504524707794,9642.42233347505,75.49332801096924,50414.33744096005,56.85789131285237,1
monotone_clamp_retrained,21,91,0,6,0,0,80.05656838417053,12180.212587118149,9593.504035082951,65.14789051368741,55629.85399295352,56.85789131285237,1
monotone_clamp_retrained,21,90,0,6,0,0,80.05835890769958,12215.70909023285,9551.394821676771,70.52964428799329,61276.34156899407,57.85980122566746,1
monotone_clamp_retrained,21,89,0,6,0,0,80.05983471870422,12235.8937561512,9505.034596907677,72.70058477264992,67096.73836984557,57.85980122566746,1
monotone_clamp_retrained,21,88,0,6,0,0,80.06176710128784,12236.141115427017,9456.633828706726,66.98955175307448,72460.04026051989,57.85980122566746,1
monotone_clamp_retrained,21,87,0,6,0,0,80.0641119480133,12240.327298641205,9412.804849219818,77.17451507643403,78638.94927513314,59.05581472314141,1
monotone_clamp_retrained,21,86,0,6,0,0,80.06760954856873,12255.133092403412,9363.453730341831,64.05999724606916,83768.0801223138,59.05581472314141,1
monotone_clamp_retrained,21,85,0,6,0,0,80.07298469543457,12236.33274435997,9321.041003899085,77.64582306872329,89985.41292456009,59.321172379079584,1
monotone_clamp_retrained,21,84,0,6,0,0,80.07840275764465,12224.857956171036,9270.606580359075,76.65738161688029,96124.0136040231,59.321172379079584,1
monotone_clamp_retrained,21,83,0,6,0,0,80.08201956748962,12207.503020763397,9221.212897623065,75.40665340362914,102162.73069741143,59.321172379079584,1
monotone_clamp_retrained,21,82,0,6,0,0,80.08571028709412,12192.366123199463,9172.495276585318,75.45141354863152,108205.31074361886,59.321172379079584,1
monotone_clamp_retrained,21,81,0,6,0,0,80.08955359458923,12176.995426416397,9122.29719326351,71.22131145870877,113909.39378476805,59.67942540614826,1
monotone_clamp_retrained,21,80,0,6,0,0,80.0935173034668,12164.813876152039,9074.957403225508,66.23839161849251,119214.65955001759,59.67942540614826,1
monotone_clamp_retrained,21,79,0,6,0,0,80.09753108024597,12151.875048875809,9031.73553534057,64.14458560159237,124352.48248887064,60.144742931333404,1
monotone_clamp_retrained,21,78,0,6,0,0,80.10162234306335,12139.13381099701,8989.679618630804,77.0450828617343,130523.9186196513,60.59148468407464,1
monotone_clamp_retrained,21,77,0,6,0,0,80.10591506958008,12123.821526765823,8939.181737576742,74.27126682987826,136473.48641243565,61.68635059106254,1
monotone_clamp_retrained,21,76,0,6,0,0,80.10823965072632,12097.052782773972,8889.138657304928,87.80129451914613,143507.09355541941,61.68635059106254,1
monotone_clamp_retrained,21,75,0,6,0,0,80.1100492477417,12075.640261173248,8832.503480400586,85.80252824122299,150380.73831840453,61.68635059106254,1
monotone_clamp_retrained,21,74,0,6,0,0,80.11204242706299,12053.235471248627,8777.620277053118,70.68716854444537,156043.63176388608,61.68635059106254,1
monotone_clamp_retrained,21,73,0,6,0,0,80.11381983757019,12031.693756580353,8731.002389239302,77.45016900220305,162248.46064971795,61.811377832783585,1
monotone_clamp_retrained,21,72,0,6,0,0,80.11381983757019,12001.725435256958,8680.661809898931,73.1118187051741,168105.72772146136,61.811377832783585,1
monotone_clamp_retrained,21,71,0,6,0,0,80.11381983757019,11974.119544029236,8632.088928838259,73.34418715336645,173981.6107171992,63.69238905560433,1
monotone_clamp_retrained,21,70,0,6,0,0,80.11381983757019,11950.27232170105,8583.911405003992,84.22167655821994,180728.93093940252,63.69238905560433,1
monotone_clamp_retrained,21,69,0,6,0,0,80.11381983757019,11928.350776433945,8526.971815245093,79.42625567313519,187092.07167677284,63.69238905560433,1
monotone_clamp_retrained,21,68,0,6,0,0,80.11381983757019,11924.430429935455,8474.019937117788,79.74991098445791,193481.14167744396,64.51194257070377,1
monotone_clamp_retrained,21,67,0,6,0,0,80.11381983757019,11915.36694765091,8421.215201973,77.68743673847227,199704.97898795255,64.51194257070377,1
monotone_clamp_retrained,21,66,0,6,0,0,80.11381983757019,11902.152299880981,8370.244365458064,86.96569222715853,206672.13278708872,66.02319309723785,1
monotone_clamp_retrained,21,65,0,6,0,0,80.11381983757019,11880.832016468048,8312.101317761862,80.67906726643102,213135.6410467348,66.02319309723785,1
monotone_clamp_retrained,21,64,0,6,0,0,80.11381983757019,11861.501038074493,8257.809634907926,86.0239811915801,220027.35077762755,66.02319309723785,1
monotone_clamp_retrained,21,63,0,6,0,0,80.11381983757019,11840.563416481018,8198.657263201116,79.59021589449021,226403.62699463207,66.02319309723785,1
monotone_clamp_retrained,21,62,0,6,0,0,80.11381983757019,11819.614470005035,8145.488856008266,83.43843903337955,233088.19906688033,66.02319309723785,1
monotone_clamp_retrained,21,61,0,6,0,0,80.11381983757019,11796.800196170807,8090.10490348861,115.68224108086358,242355.945287239,66.0678136608015,1
monotone_clamp_retrained,21,60,0,6,0,0,80.11381983757019,11765.439361333847,8010.809555319842,111.05419824251071,251252.92131744532,85.17672399217258,1
monotone_clamp_retrained,21,59,0,6,0,0,80.11381983757019,11750.037372112274,7935.8864782727815,111.41945753650133,260179.15966492437,85.17672399217258,1
monotone_clamp_retrained,21,58,0,6,0,0,80.11381983757019,11715.380549430847,7859.112382434959,109.50204813510047,268951.7870210647,85.17672399217258,1
monotone_clamp_retrained,21,57,0,6,0,0,80.11381983757019,11679.446697235107,7785.194630517021,92.02221617411303,276324.03826869157,85.17672399217258,1
monotone_clamp_retrained,21,56,0,6,0,0,80.11381983757019,11641.668975353241,7721.681038089315,105.77080418604334,284797.74141932715,85.17672399217258,1
monotone_clamp_retrained,21,55,0,6,0,0,80.11381983757019,11577.407717704773,7650.749864026011,115.72159896770023,294068.64075034106,87.67464619283565,1
monotone_clamp_retrained,21,54,0,6,0,0,80.11381983757019,11620.224714279175,7571.398037367011,97.24612030035196,301859.39891198615,87.67464619283565,1
monotone_clamp_retrained,21,53,0,6,0,0,80.11381983757019,11626.249551773071,7505.089017906266,106.85265061440865,310419.77291247575,87.67464619283565,1
monotone_clamp_retrained,21,52,0,6,0,0,80.11381983757019,11633.467674255371,7430.7801087779135,95.49781359122618,318070.4675454051,88.00542260216963,1
monotone_clamp_retrained,21,51,0,6,0,0,80.11381983757019,11629.756391048431,7365.751120852437,109.55279528245667,326847.160449366,89.3393639748758,1
monotone_clamp_retrained,21,50,0,6,0,0,80.11381983757019,11612.277030944824,7288.790462289904,102.6522077841274,335071.02092971245,89.3393639748758,1
monotone_clamp_retrained,21,49,0,6,0,0,80.11381983757019,11606.779992580414,7221.96629030548,100.24710000440281,343102.19903870404,89.87264365606573,1
monotone_clamp_retrained,21,48,0,6,0,0,80.11381983757019,11598.135232925415,7152.567136269273,117.79606344904413,352539.2916434358,89.87264365606573,1
monotone_clamp_retrained,21,47,0,6,0,0,80.11381983757019,11589.190065860748,7068.978536399643,117.51482774908362,361953.853381969,89.87264365606573,1
monotone_clamp_retrained,21,46,0,6,0,0,80.11381983757019,11582.22496509552,6988.786275480152,121.43099125850297,371682.15393835027,92.28499445299059,1
monotone_clamp_retrained,21,45,0,6,0,0,80.11381983757019,11574.660539627075,6904.622867987644,113.40696635094618,380767.61920891533,92.32417290804567,1
monotone_clamp_retrained,21,44,0,6,0,0,80.11381983757019,11570.793688297272,6825.82912523054,125.21123831506861,390798.7697969278,92.85601305134094,1
monotone_clamp_retrained,21,43,0,6,0,0,80.11381983757019,11566.959619522095,6740.020373769676,106.8232116826825,399356.7853321449,92.85601305134094,1
monotone_clamp_retrained,21,42,0,6,0,0,80.11381983757019,11563.493311405182,6665.606565208394,115.44183022529388,408605.2713205334,92.85601305134094,1
monotone_clamp_retrained,21,41,0,6,0,0,80.11381983757019,11559.67265367508,6586.041799073271,108.93873776662826,417332.76973130135,93.6308664821853,1
monotone_clamp_retrained,21,40,0,6,0,0,80.11381983757019,11552.830636501312,6509.291195727519,126.67707091239139,427481.3537679278,93.6308664821853,1
monotone_clamp_retrained,21,39,0,6,0,0,80.11381983757019,11545.105576515198,6419.387598466828,123.20995877374922,437352.1742073224,93.6308664821853,1
monotone_clamp_retrained,21,38,0,6,0,0,80.11381983757019,11532.946676015854,6331.056899915892,101.80120807240824,445507.85785008234,95.04742683727991,1
monotone_clamp_retrained,21,37,0,6,0,0,80.11381983757019,11522.066593170166,6261.14993346659,112.0858043345857,454487.47978489246,95.04742683727991,1
monotone_clamp_retrained,21,36,0,6,0,0,80.11381983757019,11514.872312545776,6183.564914131599,109.81380809087521,463285.08342196234,95.04742683727991,1
monotone_clamp_retrained,21,35,0,6,0,0,80.11381983757019,11490.08572101593,6105.739539080933,107.45387262323487,471893.6236141494,95.04742683727991,1
monotone_clamp_retrained,21,34,0,6,0,0,80.11381983757019,11467.10067987442,6030.045547367682,101.38375243042287,480015.8632908171,95.04742683727991,1
monotone_clamp_retrained,21,33,0,6,0,0,80.11381983757019,11444.84132528305,5959.095892096417,130.92049714427338,490504.40441207855,95.04742683727991,1
monotone_clamp_retrained,21,32,0,6,0,0,80.11381983757019,11421.925127506256,5866.582755575283,128.5608469838726,500803.90494551,97.00694341239463,1
monotone_clamp_retrained,21,31,0,6,0,0,80.11381983757019,11394.945681095123,5773.714383648452,122.04051720470653,510581.03695373173,101.69890345053383,1
monotone_clamp_retrained,21,30,0,6,0,0,80.11381983757019,11369.486451148987,5685.513151206359,131.892426385059,521147.4430390843,101.69890345053383,1
monotone_clamp_retrained,21,29,0,6,0,0,80.11458992958069,11344.484835863113,5589.790020853016,125.09075076893927,531169.0372409213,105.09652333242514,1
monotone_clamp_retrained,21,28,0,6,0,0,80.1179027557373,11319.223046302795,5501.836452287002,122.51515584579172,540984.6945830784,105.09652333242514,1
monotone_clamp_retrained,21,27,0,6,0,0,80.12137651443481,11295.28135061264,5414.1645350990675,134.97434604776427,551799.0249825609,105.51726153189219,1
monotone_clamp_retrained,21,26,0,6,0,0,80.12433290481567,11270.157396793365,5316.774734831871,131.6406811209845,562346.6467405154,105.51726153189219,1
monotone_clamp_retrained,21,25,0,6,0,0,80.1282787322998,11285.695135593414,5221.491487924698,145.4201660123931,573998.9143360537,108.86577323146005,1
monotone_clamp_retrained,21,24,0,6,0,0,80.13282537460327,11330.213844776154,5116.586102944232,149.8125306901741,586003.8156967767,110.31606898852215,1
monotone_clamp_retrained,21,23,0,6,0,0,80.138019323349,11375.214010477066,5009.334524793093,135.13474389554136,596833.2464143335,111.20897889534331,1
monotone_clamp_retrained,21,22,0,6,0,0,80.14435172080994,11426.333487033844,4909.18554376813,144.00665729774957,608374.5666069424,112.95137016244168,1
monotone_clamp_retrained,21,21,0,6,0,0,80.15063762664795,11477.878391742706,4804.81393417783,138.9832503785784,619514.1627442095,112.95137016244168,1
monotone_clamp_retrained,21,20,0,6,0,0,80.15743017196655,11529.86764907837,4703.52423104875,146.65448577342414,631269.6094469985,112.95137016244168,1
monotone_clamp_retrained,21,19,0,6,0,0,80.16445875167847,11584.051251411438,4594.318330629381,139.64469478795573,642464.1508222183,112.95137016244168,1
monotone_clamp_retrained,21,18,0,6,0,0,80.17203450202942,11637.803614139557,4490.1979431481595,142.40172776094337,653880.7870534172,117.40424760711261,1
monotone_clamp_retrained,21,17,0,6,0,0,80.17509818077087,11733.99567604065,4384.357717656434,145.89424239466894,665577.872261419,117.40424760711261,1
monotone_clamp_retrained,21,16,0,6,0,0,80.17804265022278,11849.408745765686,4276.30424885449,149.21185892407644,677541.3870501526,117.43877695873326,1
monotone_clamp_retrained,21,15,0,6,0,0,80.18181443214417,11933.30094218254,4163.7830671837,149.63565597736084,689539.4454501616,117.79311858824813,1
monotone_clamp_retrained,21,14,0,6,0,0,80.18633723258972,12028.30046415329,4049.592493990156,144.04786204197254,701090.1158934927,118.13382576143007,1
monotone_clamp_retrained,21,13,0,6,0,0,80.19158124923706,12128.764241933823,3943.1006475256927,142.9424945272452,712552.9005573429,118.13382576143007,1
monotone_clamp_retrained,21,12,0,6,0,0,80.19644975662231,12227.632701396942,3834.3906093844944,147.02402441247997,724343.7053441547,118.65148982084473,1
monotone_clamp_retrained,21,11,0,6,0,0,80.20084619522095,12329.946905374527,3721.55603821614,154.61865601865736,736744.2523944188,118.65148982084473,1
monotone_clamp_retrained,21,10,0,6,0,0,80.20640015602112,12441.389858722687,3603.382070565378,147.5310420434271,748577.1861879887,119.72247037978816,1
monotone_clamp_retrained,21,9,0,6,0,0,80.20769476890564,12571.700513362885,3491.356253833089,156.67690419561492,761143.8794970476,119.9282594332441,1
monotone_clamp_retrained,21,8,0,6,0,0,80.20769476890564,12677.490413188934,3370.5853741350784,139.74567853953235,772352.5582266201,119.9282594332441,1
monotone_clamp_retrained,21,7,0,6,0,0,80.20769476890564,12765.119075775146,3263.4055802404837,145.09401381865533,783990.2145997821,119.9282594332441,1
monotone_clamp_retrained,21,6,0,6,0,0,80.20988345146179,12838.35768699646,3147.998099099962,144.32668201091872,795566.6409428141,119.9282594332441,1
monotone_clamp_retrained,21,5,0,6,0,0,80.21973848342896,12818.605601787567,3036.570151025422,129.3194319791367,805940.611957006,111.6350613497792,1
monotone_clamp_retrained,21,4,0,6,0,0,80.23459196090698,12760.335803031921,2933.5904506827537,129.55166951670114,816335.1372985329,105.31132169984018,1
monotone_clamp_retrained,21,3,0,6,0,0,80.25125741958618,12698.292434215546,2829.4300409263105,115.42889078699619,825598.4509267374,100.66337802387262,1
monotone_clamp_retrained,21,2,0,6,0,0,80.27182340621948,12646.234333515167,2735.5644733829095,107.47529155548837,834225.6885510115,97.45860423514522,1
monotone_clamp_retrained,21,1,0,6,0,0,80.2932596206665,12597.783207893372,2648.8298946930136,97.92752298147425,842088.6085777718,90.48681714092218,1
monotone_clamp_retrained,22,100,6,12,1,1,116.05848789215088,10942.31441617012,10000.0,107.82284409687139,12513.75624611402,119.21816460837967,0
monotone_clamp_retrained,22,99,6,12,1,1,116.05848789215088,11789.72139954567,9923.517968364054,103.79635888785758,24560.20470734979,119.21816460837967,0
monotone_clamp_retrained,22,98,6,12,1,1,116.05848789215088,11751.4967918396,9846.899613094518,94.42638677695263,35519.1883738023,119.21816460837967,0
monotone_clamp_retrained,22,97,6,12,1,1,116.05848789215088,11762.572228908539,9778.894424383754,101.04698874816742,47246.5490939698,120.48841230422327,0
monotone_clamp_retrained,22,96,6,12,1,1,116.05848789215088,11800.824105739594,9704.184741670408,115.36979235578288,60636.19274321339,120.48841230422327,0
monotone_clamp_retrained,22,95,6,12,1,1,116.05848789215088,11862.309128046036,9619.13292894299,110.87628345453453,73504.32654404818,121.5480831964681,0
monotone_clamp_retrained,22,94,6,12,1,1,116.05848789215088,11981.333196163177,9538.72587649705,91.52559493001951,84126.64869505574,121.5480831964681,0
monotone_clamp_retrained,22,93,6,12,1,1,116.05848789215088,12121.060937643051,9473.457173806217,90.09482848313748,94582.91825571137,122.03586911981081,0
monotone_clamp_retrained,22,92,6,12,1,1,116.05848789215088,12224.941998720169,9407.890554151985,100.86840695377867,106289.55304285703,123.03316904179233,0
monotone_clamp_retrained,22,91,6,12,1,1,116.05848789215088,12331.295162439346,9335.359698660302,107.0156279873469,118709.62500789746,123.03316904179233,0
monotone_clamp_retrained,22,90,6,12,1,1,116.05848789215088,12478.255480527878,9257.02292896282,95.34933247485904,129775.72435645555,124.47314745072495,0
monotone_clamp_retrained,22,89,6,12,1,1,116.05848789215088,12557.97654390335,9187.7648674024,116.86827057932193,143339.2791224624,124.47314745072495,0
monotone_clamp_retrained,22,88,6,12,1,1,116.05848789215088,12613.324522972107,9101.70648529345,94.903503647655,154353.63625147648,124.74048774082162,0
monotone_clamp_retrained,22,87,6,12,1,1,116.05848789215088,12620.20468711853,9032.784687302807,116.78951140549222,167908.050346861,126.45503592053535,0
monotone_clamp_retrained,22,86,6,12,1,1,116.05848789215088,12619.369924068451,8947.426452949498,112.72827670930474,180991.1236844309,126.45503592053535,0
monotone_clamp_retrained,22,85,6,12,1,1,116.05848789215088,12596.927881240845,8862.81375848072,86.91404042065915,191078.23579224988,127.85690711176491,0
monotone_clamp_retrained,22,84,6,12,1,1,116.05848789215088,12582.981884479523,8797.556448962881,103.84179421240384,203129.95740854938,130.6942817674587,0
monotone_clamp_retrained,22,83,6,12,1,1,116.05848789215088,12587.282061576843,8721.905060284225,101.15851168748483,214870.26131241934,130.6942817674587,0
monotone_clamp_retrained,22,82,6,12,1,1,116.05848789215088,12570.940852165222,8646.500668439203,108.79028071862112,227496.29678998512,130.6942817674587,0
monotone_clamp_retrained,22,81,6,12,1,1,116.05848789215088,12541.898488998413,8565.445696854438,99.99930014343923,239102.06435490603,131.0525347945274,0
monotone_clamp_retrained,22,80,6,12,1,1,116.05848789215088,12506.669163703918,8490.068364453877,120.75982183220864,253117.26667487773,131.0525347945274,0
monotone_clamp_retrained,22,79,6,12,1,1,116.05848789215088,12463.286221027374,8398.34222070038,116.74647915675189,266666.6865125429,134.69965047598188,0
monotone_clamp_retrained,22,78,6,12,1,1,116.05848789215088,12423.832416534424,8309.497031536173,126.58154639183219,281357.5493818291,134.69965047598188,0
monotone_clamp_retrained,22,77,6,12,1,1,116.05848789215088,12396.19255065918,8214.389778690032,118.10221225115899,295064.31355241645,136.04655404778723,0
monotone_clamp_retrained,22,76,6,12,1,1,116.05848789215088,12371.87996506691,8125.674487982173,115.46431056536716,308464.92684214265,137.5612169999776,0
monotone_clamp_retrained,22,75,6,12,1,1,116.05848789215088,12364.448606967926,8038.534237464958,97.38106013627272,319766.8254308931,137.5612169999776,0
monotone_clamp_retrained,22,74,6,12,1,1,116.05848789215088,12341.756373643875,7966.028816319809,115.57130539503272,333179.8563787626,137.5612169999776,0
monotone_clamp_retrained,22,73,6,12,1,1,116.05848789215088,12309.169173240662,7881.948947104769,100.13372698754168,344801.2253199421,138.32368132308972,0
monotone_clamp_retrained,22,72,6,12,1,1,116.05848789215088,12267.827689647675,7805.450128744669,103.19515037032112,356777.89842972474,138.32368132308972,0
monotone_clamp_retrained,22,71,6,12,1,1,116.05848789215088,12226.196229457855,7728.449844201294,114.66940457888579,370086.2561326435,138.32368132308972,0
monotone_clamp_retrained,22,70,6,12,1,1,116.05848789215088,12191.644012928009,7642.785390153307,107.30200073657589,382539.564085933,138.32368132308972,0
monotone_clamp_retrained,22,69,6,12,1,1,116.05848789215088,12170.372009277344,7562.557441731204,112.9177308332834,395644.62518265675,141.44513027967048,0
monotone_clamp_retrained,22,68,6,12,1,1,116.05848789215088,12154.461741447449,7478.084675196677,117.80222400260271,409316.57317073125,144.11442869521588,0
monotone_clamp_retrained,22,67,6,12,1,1,116.05848789215088,12132.862657308578,7387.483281597566,120.4403438983502,423294.6973647844,144.11442869521588,0
monotone_clamp_retrained,22,66,6,12,1,1,116.05848789215088,12110.849171876907,7294.716256320489,123.50722313836879,437628.758925982,145.6585852960098,0
monotone_clamp_retrained,22,65,6,12,1,1,116.05848789215088,12098.73542189598,7200.311114731998,122.28320897422756,451820.7632541307,145.6585852960098,0
monotone_clamp_retrained,22,64,6,12,1,1,116.05848789215088,12102.480232715607,7107.990300073484,122.34090293811738,466019.46345648903,145.6585852960098,0
monotone_clamp_retrained,22,63,6,12,1,1,116.05848789215088,12089.69920873642,7014.80938985869,110.06915309228637,478793.92292794946,147.36536096010775,0
monotone_clamp_retrained,22,62,6,12,1,1,116.05848789215088,12072.612643241882,6930.415570789975,123.5998095411227,493138.72992705,147.36536096010775,0
monotone_clamp_retrained,22,61,6,12,1,1,116.05848789215088,12077.361345291138,6835.936755843944,135.1553118926232,508824.6510558999,147.3781006109956,0
monotone_clamp_retrained,22,60,6,12,1,1,116.05848789215088,12095.250338315964,6736.490076345047,151.55177968477585,526413.5214434793,172.95101534140753,0
monotone_clamp_retrained,22,59,6,12,1,1,116.05848789215088,12111.884504556656,6620.922768311346,127.3195036026701,541190.0305107845,173.18520571918685,0
monotone_clamp_retrained,22,58,6,12,1,1,116.05848789215088,12112.628668546677,6522.861057444001,139.14364608875408,557338.8316756459,179.28794627762093,0
monotone_clamp_retrained,22,57,6,12,1,1,116.05848789215088,12116.950750350952,6415.4916898817355,143.92394771655182,574042.4274190979,179.28794627762093,0
monotone_clamp_retrained,22,56,6,12,1,1,116.05848789215088,12136.778235435486,6303.712614556988,148.3987754780164,591265.3649061233,179.28794627762093,0
monotone_clamp_retrained,22,55,6,12,1,1,116.05848789215088,12170.315682888031,6189.403720003429,147.73085602604746,608410.7846715194,181.50830068228348,0
monotone_clamp_retrained,22,54,6,12,1,1,116.05848789215088,12204.179167747498,6074.21329632293,136.1639384742544,624213.7654762813,181.50830068228348,0
monotone_clamp_retrained,22,53,6,12,1,1,116.05848789215088,12242.984920740128,5967.947954246435,152.04176797056542,641859.5031633944,181.50830068228348,0
monotone_clamp_retrained,22,52,6,12,1,1,116.05848789215088,12275.694012641907,5851.460284767404,148.31468046737734,659072.6807106457,181.50830068228348,0
monotone_clamp_retrained,22,51,6,12,1,1,116.05848789215088,12302.12077498436,5737.498340962093,155.91405892479395,677167.8306305851,183.74050410317923,0
monotone_clamp_retrained,22,50,6,12,1,1,116.05848789215088,12312.706857919693,5615.583488338689,150.62057493533194,694648.6268030261,192.542564800098,0
monotone_clamp_retrained,22,49,6,12,1,1,116.05848789215088,12330.71818947792,5497.879954854094,163.58053417017138,713633.5362474065,193.30528083385084,0
monotone_clamp_retrained,22,48,6,12,1,1,116.05848789215088,12339.317500591278,5369.997394795064,171.55549431049576,733544.0075066731,193.30528083385084,0
monotone_clamp_retrained,22,47,6,12,1,1,116.05848789215088,12341.46386384964,5236.7357840682525,164.5952847577034,752646.6873698302,197.01820323067741,0
monotone_clamp_retrained,22,46,6,12,1,1,116.05848789215088,12373.914420604706,5105.2062039503,159.28068619859238,771132.562960463,197.01820323067741,0
monotone_clamp_retrained,22,45,6,12,1,1,116.05848789215088,12359.257340431213,4981.16549379491,159.56363299083966,789651.276927958,197.01820323067741,0
monotone_clamp_retrained,22,44,6,12,1,1,116.05848789215088,12332.717925310135,4855.685191023417,154.58308528761393,807591.9560601419,197.60821190962048,0
monotone_clamp_retrained,22,43,6,12,1,1,116.05848789215088,12404.516190290451,4735.040347949944,145.49013242393343,824477.3208324924,197.60821190962048,0
monotone_clamp_retrained,22,42,6,12,1,1,116.05848789215088,12456.798255443573,4622.367484214187,154.10998204096228,842363.092317253,197.60821190962048,0
monotone_clamp_retrained,22,41,6,12,1,1,116.05848789215088,12479.072958230972,4502.963926784865,158.72570572800123,860784.5577136594,201.0148893750271,0
monotone_clamp_retrained,22,40,6,12,1,1,116.05848789215088,12497.361302375793,4377.155629320652,159.2134659129609,879262.6318195862,201.0148893750271,0
monotone_clamp_retrained,22,39,6,12,1,1,116.05848789215088,12514.30332660675,4253.586306117248,169.9929849894266,898991.7606097321,201.0148893750271,0
monotone_clamp_retrained,22,38,6,12,1,1,116.05848789215088,12552.057802677155,4119.123079822783,156.84082776531983,917194.4699199285,208.16928401824555,0
monotone_clamp_retrained,22,37,6,12,1,1,116.05848789215088,12604.84367609024,3994.8660091972424,159.82020707868685,935742.9614880913,208.16928401824555,0
monotone_clamp_retrained,22,36,6,12,1,1,116.05848789215088,12674.8326420784,3869.0996584308323,162.5048241655122,954603.0256559205,208.605935944052,0
monotone_clamp_retrained,22,35,6,12,1,1,116.05848789215088,12752.17741727829,3738.9807368652873,161.79859716221668,973381.1261856386,208.605935944052,0
monotone_clamp_retrained,22,34,6,12,1,1,116.05848789215088,12830.77359199524,3610.723042034392,169.85460673201553,993094.1950044723,208.605935944052,0
monotone_clamp_retrained,22,33,6,12,1,1,116.05848789215088,12913.733124732971,3473.9323975817897,177.8498683726143,1013735.181799616,208.605935944052,0
monotone_clamp_retrained,22,32,6,12,1,1,116.05848789215088,12937.684655189514,3333.483585469762,181.49198184213915,1034798.8667767644,208.605935944052,0
monotone_clamp_retrained,22,31,6,12,1,1,116.05848789215088,12938.96198272705,3187.8207105616857,182.99991156140769,1056037.5597969787,213.0863875168285,0
monotone_clamp_retrained,22,30,6,12,1,1,116.05848789215088,12938.280999660492,3039.5695736015696,177.823599540347,1076675.4978711708,214.84826275598544,0
monotone_clamp_retrained,22,29,6,12,1,1,116.05848789215088,12886.835038661957,2896.6478055817443,179.7297751981433,1097534.6638098634,225.55221352890493,0
monotone_clamp_retrained,22,28,6,12,1,1,116.05848789215088,12792.8826212883,2751.409421532906,195.65358233700792,1120241.922726579,225.55221352890493,0
monotone_clamp_retrained,22,27,6,12,1,1,116.05848789215088,12732.296884059906,2593.4664668326614,177.11572780119766,1140797.7062771039,225.97295172837198,0
monotone_clamp_retrained,22,26,6,12,1,1,116.05848789215088,12679.016590118408,2446.993255167279,177.88328185921037,1161442.570990977,225.97295172837198,0
monotone_clamp_retrained,22,25,6,12,1,1,116.05848789215088,12603.201270103455,2302.841587088137,188.52095790687747,1183322.0283016292,230.19559885154544,0
monotone_clamp_retrained,22,24,6,12,1,1,116.05848789215088,12483.934164047241,2151.7069210990694,196.29799811158614,1206104.0771387161,233.6670386321828,0
monotone_clamp_retrained,22,23,6,12,1,1,116.05848789215088,12284.157872200012,1990.346248783867,191.5855593628312,1228339.2074603382,235.30679756566138,0
monotone_clamp_retrained,22,22,6,12,1,1,116.05848789215088,11973.726451396942,1833.928496930841,190.93659658034372,1250499.0201427266,238.1271749969102,0
monotone_clamp_retrained,22,21,6,12,1,1,116.05848789215088,11625.911295413971,1680.5106275093167,194.18770582580757,1273036.1516481156,238.1271749969102,0
monotone_clamp_retrained,22,20,6,12,1,1,116.05848789215088,11248.667240142822,1523.1992399166884,184.58557468476505,1294458.8743327332,238.1271749969102,0
monotone_clamp_retrained,22,19,6,12,1,1,116.05848789215088,10935.744047164917,1370.919917146297,204.5061915070921,1318193.553683629,238.1271749969102,0
monotone_clamp_retrained,22,18,6,12,1,1,116.05848789215088,10702.953189611435,1203.719874067161,206.2281228291871,1342128.0777800214,244.15619931843952,0
monotone_clamp_retrained,22,17,6,12,1,1,116.05848789215088,10484.221577644348,1030.8367404532692,200.33567488272413,1365378.733277764,244.15619931843952,0
monotone_clamp_retrained,22,16,6,12,1,1,116.05848789215088,10149.792283773422,864.9291641179352,0.0,1365378.733277764,246.45447097887347,0
monotone_clamp_retrained,22,15,6,12,1,1,116.05848789215088,10092.979669570923,864.9291641179352,0.0,1365378.733277764,249.0993376403336,0
monotone_clamp_retrained,22,14,6,12,1,1,116.05848789215088,10087.228566408157,864.9291641179352,0.0,1365378.733277764,251.01425215790965,0
monotone_clamp_retrained,22,13,6,12,1,1,116.05848789215088,10085.009038448334,864.9291641179352,0.0,1365378.733277764,251.46554524240713,0
monotone_clamp_retrained,22,12,6,12,1,1,116.05848789215088,10082.503706216812,864.9291641179352,0.0,1365378.733277764,252.18470229434556,0
monotone_clamp_retrained,22,11,6,12,1,1,116.05848789215088,10079.053938388824,864.9291641179352,0.0,1365378.733277764,252.18470229434556,0
monotone_clamp_retrained,22,10,6,12,1,1,116.05848789215088,10077.89060473442,864.9291641179352,0.0,1365378.733277764,253.3217479726484,0
monotone_clamp_retrained,22,9,6,12,1,1,116.05848789215088,10077.807307243347,864.9291641179352,0.0,1365378.733277764,253.3217479726484,0
monotone_clamp_retrained,22,8,6,12,1,1,116.05848789215088,10077.651292085648,864.9291641179352,0.0,1365378.733277764,253.3217479726484,0
monotone_clamp_retrained,22,7,6,12,1,1,116.05848789215088,10079.323649406433,864.9291641179352,0.0,1365378.733277764,253.3217479726484,0
monotone_clamp_retrained,22,6,6,12,1,1,116.05848789215088,10081.997811794281,864.9291641179352,0.0,1365378.733277764,253.3217479726484,0
monotone_clamp_retrained,22,5,6,12,1,1,116.05848789215088,10084.8188996315,864.9291641179352,0.0,1365378.733277764,227.42353435458372,0
monotone_clamp_retrained,22,4,6,12,1,1,116.05848789215088,10088.101029396057,864.9291641179352,0.0,1365378.733277764,223.80390014802688,0
monotone_clamp_retrained,22,3,6,12,1,1,116.05848789215088,10092.051774263382,864.9291641179352,0.0,1365378.733277764,212.94074769604768,0
monotone_clamp_retrained,22,2,6,12,1,1,116.05848789215088,10096.139311790466,864.9291641179352,13.651319901717216,1366963.0848232892,199.91705650403023,0
monotone_clamp_retrained,22,1,6,12,1,1,116.05848789215088,10096.399039030075,852.8028019980175,18.004562359652482,1369052.6671059104,192.4570690769313,0
monotone_clamp_retrained,23,100,5,6,1,0,111.96580171585083,13400.876522064209,10000.0,64.38722057180874,7209.1667715778885,96.84458680514814,0
monotone_clamp_retrained,23,99,5,6,1,0,111.96580171585083,14590.668082237244,9953.83399322163,65.9284710539742,14590.900889036377,96.84458680514814,0
monotone_clamp_retrained,23,98,5,6,1,0,111.96580171585083,14508.832097053528,9906.21886797024,88.93368223670623,24548.43192021191,96.84458680514814,0
monotone_clamp_retrained,23,97,5,6,1,0,111.96580171585083,14450.783133506775,9841.982351720093,90.98134307996368,34735.230939344925,98.1841879480772,0
monotone_clamp_retrained,23,96,5,6,1,0,111.96580171585083,14379.708170890808,9776.64139243185,80.98725817124605,43803.03422925708,98.50389294485028,0
monotone_clamp_retrained,23,95,5,6,1,0,111.96580171585083,14300.722479820251,9718.878432751384,97.33184765369454,54700.87258428804,99.5635638370951,0
monotone_clamp_retrained,23,94,5,6,1,0,111.96580171585083,14217.087030410767,9649.637582377542,83.44227905030719,64043.55425515343,99.5635638370951,0
monotone_clamp_retrained,23,93,5,6,1,0,111.96580171585083,14138.827323913574,9590.324473872408,82.1914484987554,73246.18568050364,99.5635638370951,0
monotone_clamp_retrained,23,92,5,6,1,0,111.96580171585083,14043.25544834137,9531.497220102357,88.38185636562183,83141.93108561565,100.80382638306776,0
monotone_clamp_retrained,23,91,5,6,1,0,111.96580171585083,13939.030170440674,9468.154005572858,84.60122287118948,92614.37483052976,100.80382638306776,0
monotone_clamp_retrained,23,90,5,6,1,0,111.96580171585083,13833.996057510376,9407.713368660694,88.15556632634834,102484.78348997422,102.09928872109144,0
monotone_clamp_retrained,23,89,5,6,1,0,111.96580171585083,13740.602731704712,9345.294901450743,88.08532278483504,112347.32727497777,102.09928872109144,0
monotone_clamp_retrained,23,88,5,6,1,0,111.96580171585083,13637.109398841858,9280.634775521201,82.5396316098881,121588.94330150988,102.36662901118811,0
monotone_clamp_retrained,23,87,5,6,1,0,111.96580171585083,13531.794548034668,9221.000223872727,111.21260677243289,134040.95197969498,103.54257348173525,0
monotone_clamp_retrained,23,86,5,6,1,0,111.96580171585083,13420.020937919617,9141.573917982147,76.90637948562852,142651.83641586683,103.54257348173525,0
monotone_clamp_retrained,23,85,5,6,1,0,111.96580171585083,13326.153755187988,9086.155185156233,104.33101552234882,154333.3422126555,104.94444467296476,0
monotone_clamp_retrained,23,84,5,6,1,0,111.96580171585083,13242.651224136353,9008.556107485147,80.1476135742793,163307.1340221119,104.94444467296476,0
monotone_clamp_retrained,23,83,5,6,1,0,111.96580171585083,13154.337108135223,8949.909403765125,89.91168313006854,173374.16770739155,104.94444467296476,0
monotone_clamp_retrained,23,82,5,6,1,0,111.96580171585083,13073.762953281403,8885.018647799996,74.61674075132197,181728.69090703712,104.94444467296476,0
monotone_clamp_retrained,23,81,5,6,1,0,111.96580171585083,12989.327013492584,8829.980075024609,83.29801683631942,191055.22014345607,105.30269770003343,0
monotone_clamp_retrained,23,80,5,6,1,0,111.96580171585083,12916.924059391022,8769.011696613079,92.33027319630092,201393.05320452343,105.30269770003343,0
monotone_clamp_retrained,23,79,5,6,1,0,111.96580171585083,12863.638401031494,8700.062453483915,101.08307980624502,212710.90127493697,107.04578516915666,0
monotone_clamp_retrained,23,78,5,6,1,0,111.96580171585083,12822.026908397675,8627.299774245765,90.52415561577389,222846.51093310752,107.04578516915666,0
monotone_clamp_retrained,23,77,5,6,1,0,111.96580171585083,12817.584872245789,8560.189630862047,83.25637022210732,232168.37717297746,108.15295924674302,0
monotone_clamp_retrained,23,76,5,6,1,0,111.96580171585083,12817.292213439941,8499.483777631807,95.74109634197454,242888.10578206115,109.66762219893337,0
monotone_clamp_retrained,23,75,5,6,1,0,111.96580171585083,12817.86859035492,8430.736411182204,84.03682476486375,252297.3562405136,109.66762219893337,0
monotone_clamp_retrained,23,74,5,6,1,0,111.96580171585083,12820.19555568695,8370.387394969095,96.40937636766074,263091.9093584439,109.66762219893337,0
monotone_clamp_retrained,23,73,5,6,1,0,111.96580171585083,12819.37837600708,8299.970382133662,101.54275563853567,274461.2254019493,109.89307416174906,0
monotone_clamp_retrained,23,72,5,6,1,0,111.96580171585083,12815.06210565567,8225.060120626908,98.68970736438362,285511.0976081052,109.89307416174906,0
monotone_clamp_retrained,23,71,5,6,1,0,111.96580171585083,12779.430150985718,8152.3392639584545,100.128959699337,296722.11685581564,109.89307416174906,0
monotone_clamp_retrained,23,70,5,6,1,0,111.96580171585083,12748.35228919983,8078.477657199449,88.92919821602574,306679.1458300208,109.89307416174906,0
monotone_clamp_retrained,23,69,5,6,1,0,111.96580171585083,12744.168639183044,8011.762273733551,106.9128906726401,318649.733347942,113.01452311832983,0
monotone_clamp_retrained,23,68,5,6,1,0,111.96580171585083,12754.91178035736,7930.478469484369,97.93521803946425,329615.1285519473,115.68382153387522,0
monotone_clamp_retrained,23,67,5,6,1,0,111.96580171585083,12759.149968624115,7858.379451509228,89.28853189351598,339612.39060943614,115.68382153387522,0
monotone_clamp_retrained,23,66,5,6,1,0,111.96580171585083,12754.208147525787,7795.600928836794,90.39768519465088,349733.83990551234,117.77633053076984,0
monotone_clamp_retrained,23,65,5,6,1,0,111.96580171585083,12750.282287597656,7727.97619436605,93.78062278439134,360234.0625209785,117.77633053076984,0
monotone_clamp_retrained,23,64,5,6,1,0,111.96580171585083,12746.089100837708,7660.538472602016,107.19264997219743,372235.9735131622,117.77633053076984,0
monotone_clamp_retrained,23,63,5,6,1,0,111.96580171585083,12742.720246315002,7581.189912483208,99.43853956118416,383369.6893165835,119.48310619486782,0
monotone_clamp_retrained,23,62,5,6,1,0,111.96580171585083,12735.177874565125,7507.325458987358,101.53572936376149,394738.2186576007,119.48310619486782,0
monotone_clamp_retrained,23,61,5,6,1,0,111.96580171585083,12731.062471866608,7430.956629024675,109.49844535152987,406998.29987802403,119.81792724103677,0
monotone_clamp_retrained,23,60,5,6,1,0,111.96580171585083,12741.507589817047,7349.175876663174,119.3058656744988,420356.4767776729,144.0601159519614,0
monotone_clamp_retrained,23,59,5,6,1,0,111.96580171585083,12749.770879745483,7258.501595314381,119.40808054922049,433726.09824771725,144.0601159519614,0
monotone_clamp_retrained,23,58,5,6,1,0,111.96580171585083,12758.902311325073,7167.122802353642,132.55472495585593,448567.69429862377,149.09961677913984,0
monotone_clamp_retrained,23,57,5,6,1,0,111.96580171585083,12768.208384513855,7065.555243692897,122.05457637486366,462233.6327955239,149.09961677913984,0
monotone_clamp_retrained,23,56,5,6,1,0,111.96580171585083,12777.149081230164,6972.7386655887985,132.2464922234932,477040.7173214364,149.09961677913984,0
monotone_clamp_retrained,23,55,5,6,1,0,111.96580171585083,12783.514261245728,6874.822884335494,127.25431704429501,491288.8489511039,151.02766539478267,0
monotone_clamp_retrained,23,54,5,6,1,0,111.96580171585083,12859.326004981995,6779.189110947776,121.61243009173982,504905.28218493843,151.02766539478267,0
monotone_clamp_retrained,23,53,5,6,1,0,111.96580171585083,12908.500134944916,6688.009557046265,117.82304574255859,518097.43396210734,151.02766539478267,0
monotone_clamp_retrained,23,52,5,6,1,0,111.96580171585083,12958.077490329742,6599.202785024996,133.55926051863685,533051.5036426526,151.02766539478267,0
monotone_clamp_retrained,23,51,5,6,1,0,111.96580171585083,12997.591495513916,6498.760499900201,121.19086737581799,546620.7362690255,152.83113474757658,0
monotone_clamp_retrained,23,50,5,6,1,0,111.96580171585083,13029.715418815613,6405.527095566702,131.84403010352236,561382.7588010151,156.11217061502776,0
monotone_clamp_retrained,23,49,5,6,1,0,111.96580171585083,13058.07739496231,6305.090108959459,132.93899969434293,576267.3804810954,157.41349035794718,0
monotone_clamp_retrained,23,48,5,6,1,0,111.96580171585083,13101.226389408112,6204.332320600253,140.6419106143062,592014.4647578752,157.41349035794718,0
monotone_clamp_retrained,23,47,5,6,1,0,111.96580171585083,13134.627640247345,6097.5469409736015,136.0576590504011,607248.2696330353,158.60134809389282,0
monotone_clamp_retrained,23,46,5,6,1,0,111.96580171585083,13136.156797409058,5995.230415483737,123.00942669947037,621021.1187120486,158.60134809389282,0
monotone_clamp_retrained,23,45,5,6,1,0,111.96580171585083,13145.904541015625,5901.363486758266,152.45588259021707,638090.9638325599,158.94197023932213,0
monotone_clamp_retrained,23,44,5,6,1,0,111.96580171585083,13159.848749637604,5784.0667433074,152.6395510426629,655181.3735385991,160.16913603518637,0
monotone_clamp_retrained,23,43,5,6,1,0,111.96580171585083,13180.686831474304,5666.079992837373,140.79818502453335,670945.9552050077,160.16913603518637,0
monotone_clamp_retrained,23,42,5,6,1,0,111.96580171585083,13203.926682472229,5558.326019687353,139.53809522256947,686569.4499065054,160.16913603518637,0
monotone_clamp_retrained,23,41,5,6,1,0,111.96580171585083,13227.087259292603,5448.6105157662805,149.19895239857283,703274.6302269767,163.14309017483365,0
monotone_clamp_retrained,23,40,5,6,1,0,111.96580171585083,13255.793452262878,5334.076070035338,135.95890007487614,718497.3774742654,163.14309017483365,0
monotone_clamp_retrained,23,39,5,6,1,0,111.96580171585083,13279.72024679184,5227.294552291218,137.95470395687778,733943.5865032701,163.14309017483365,0
monotone_clamp_retrained,23,38,5,6,1,0,111.96580171585083,13295.277953147888,5119.212134055218,134.79648816507154,749036.1833691535,165.89358265658913,0
monotone_clamp_retrained,23,37,5,6,1,0,111.96580171585083,13302.78605222702,5013.732546919835,154.55110280763125,766340.6215010788,165.89358265658913,0
monotone_clamp_retrained,23,36,5,6,1,0,111.96580171585083,13333.518207073212,4892.321224719882,144.28903808101728,782496.0593286288,166.20710065236935,0
monotone_clamp_retrained,23,35,5,6,1,0,111.96580171585083,13390.255570411682,4779.574633177345,141.66503648620605,798357.6987139122,166.20710065236935,0
monotone_clamp_retrained,23,34,5,6,1,0,111.96580171585083,13466.04585647583,4668.860266692189,151.77206561482578,815350.9797185468,166.20710065236935,0
monotone_clamp_retrained,23,33,5,6,1,0,111.96580171585083,13546.022176742554,4548.600541354063,145.60398348706514,831653.6464626977,166.20710065236935,0
monotone_clamp_retrained,23,32,5,6,1,0,111.96580171585083,13626.238107681274,4435.9113358227005,142.01332222940366,847554.2819404443,166.20710065236935,0
monotone_clamp_retrained,23,31,5,6,1,0,111.96580171585083,13704.309463500977,4323.901443884494,147.30166280210435,864047.0307101598,170.68755222514585,0
monotone_clamp_retrained,23,30,5,6,1,0,111.96580171585083,13787.376284599304,4209.537499896074,162.46934217688482,882238.0408612416,171.5178869628399,0
monotone_clamp_retrained,23,29,5,6,1,0,111.96580171585083,13879.946768283844,4078.1730530461455,147.3449401620308,898735.6352152575,183.5069626646924,0
monotone_clamp_retrained,23,28,5,6,1,0,111.96580171585083,13958.25207233429,3961.518761962553,170.47590061072853,917823.1061003695,183.5069626646924,0
monotone_clamp_retrained,23,27,5,6,1,0,111.96580171585083,14037.566184997559,3826.9236792614656,154.2556580884916,935094.4645274536,183.92770086415945,0
monotone_clamp_retrained,23,26,5,6,1,0,111.96580171585083,14111.254215240479,3704.145615877246,164.51867420409508,953514.929781944,183.92770086415945,0
monotone_clamp_retrained,23,25,5,6,1,0,111.96580171585083,14187.480211257935,3573.6635689287577,171.45133920920796,972711.6164317593,186.80626150679473,0
monotone_clamp_retrained,23,24,5,6,1,0,111.96580171585083,14262.467622756958,3439.5393092172962,170.55274473926693,991807.6912313302,191.0448872510231,0
monotone_clamp_retrained,23,23,5,6,1,0,111.96580171585083,14317.060708999634,3302.619095197714,165.02935877889658,1010285.335693662,193.02588321644785,0
monotone_clamp_retrained,23,22,5,6,1,0,111.96580171585083,14348.851442337036,3169.8035546264546,166.68365302934964,1028948.2045380198,194.18334326878238,0
monotone_clamp_retrained,23,21,5,6,1,0,111.96580171585083,14375.881552696228,3034.240018239182,162.6069374185092,1047154.6206506424,194.18334326878238,0
monotone_clamp_retrained,23,20,5,6,1,0,111.96580171585083,14402.738809585571,2903.2565399658597,155.19939163278022,1064531.644960619,194.18334326878238,0
monotone_clamp_retrained,23,19,5,6,1,0,111.96580171585083,14427.587389945984,2779.217462142433,169.39050786676853,1083497.588976977,194.18334326878238,0
monotone_clamp_retrained,23,18,5,6,1,0,111.96580171585083,14452.538788318634,2644.0549632916927,164.5400665462587,1101920.4494422083,200.04238084998562,0
monotone_clamp_retrained,23,17,5,6,1,0,111.96580171585083,14474.512934684753,2512.0750340604127,169.33781940091455,1120880.4941522456,200.04238084998562,0
monotone_clamp_retrained,23,16,5,6,1,0,111.96580171585083,14463.947713375092,2374.0301223196466,181.13839275013672,1141161.7995180353,202.34065251041957,0
monotone_clamp_retrained,23,15,5,6,1,0,111.96580171585083,14435.476064682007,2228.749813038774,173.10878692456626,1160544.0636301027,202.69499413993447,0
monotone_clamp_retrained,23,14,5,6,1,0,111.96580171585083,14391.887784004211,2085.9763178261255,185.752540961634,1181341.9957996286,204.00441527653624,0
monotone_clamp_retrained,23,13,5,6,1,0,111.96580171585083,14332.852959632874,1931.7291456613757,163.50247500931278,1199648.6814965722,204.00441527653624,0
monotone_clamp_retrained,23,12,5,6,1,0,111.96580171585083,14236.910343170166,1797.5319442297332,179.49058760035996,1219745.4890376956,204.31453412074885,0
monotone_clamp_retrained,23,11,5,6,1,0,111.96580171585083,14027.724862098694,1648.0792134099538,177.80241533448933,1239653.2790176363,204.31453412074885,0
monotone_clamp_retrained,23,10,5,6,1,0,111.96580171585083,13791.477978229523,1500.2523040292217,177.4750532796225,1259524.4156426527,204.97914192627147,0
monotone_clamp_retrained,23,9,5,6,1,0,111.96580171585083,13513.988256454468,1353.306306221808,176.83658811385314,1279324.0660035159,204.97914192627147,0
monotone_clamp_retrained,23,8,5,6,1,0,111.96580171585083,13119.639158248901,1204.6668100896786,172.83370163802363,1298675.5299709353,204.97914192627147,0
monotone_clamp_retrained,23,7,5,6,1,0,111.96580171585083,12771.376371383667,1058.5164521754268,152.8091882626899,1315784.9332443157,204.97914192627147,0
monotone_clamp_retrained,23,6,5,6,1,0,111.96580171585083,12044.996917247772,929.9536402492413,173.52626134738944,1335213.9402148305,204.97914192627147,0
monotone_clamp_retrained,23,5,5,6,1,0,111.96580171585083,11260.544955730438,782.2192885359145,168.3779899821698,1354066.5168544876,186.73816117636846,0
monotone_clamp_retrained,23,4,5,6,1,0,111.96580171585083,10792.752206325531,638.7081740868998,139.93682818473712,1369734.656011765,183.11852696981163,0
monotone_clamp_retrained,23,3,5,6,1,0,111.96580171585083,10452.211201190948,519.1359484538607,0.0,1369734.656011765,174.43812562988745,0
monotone_clamp_retrained,23,2,5,6,1,0,111.96580171585083,10386.703610420227,519.1359484538607,0.0,1369734.656011765,166.42268074179484,0
monotone_clamp_retrained,23,1,5,6,1,0,111.96580171585083,10382.333844900131,519.1359484538607,0.0,1369734.656011765,158.9626933146959,0
monotone_clamp_retrained,24,100,3,6,0,0,80.04966616630554,11862.717717885971,10000.0,65.37716623137561,5233.420331720681,53.96532052694327,1
monotone_clamp_retrained,24,99,3,6,0,0,80.07333159446716,11949.472576379776,9956.176023546093,72.1789243332631,11013.027273990012,53.96532052694327,1
monotone_clamp_retrained,24,98,3,6,0,0,80.07333159446716,12051.382511854172,9909.087349536043,82.96269268873053,17656.12647562461,53.96532052694327,1
monotone_clamp_retrained,24,97,3,6,0,0,80.07333159446716,12139.437049627304,9853.843338909883,61.572380352040085,22586.43210461417,55.53276728716988,1
monotone_clamp_retrained,24,96,3,6,0,0,80.07333159446716,12177.690267562866,9813.02792577725,62.971179992839446,27628.74428107568,55.852472283942966,1
monotone_clamp_retrained,24,95,3,6,0,0,80.07413387298584,12213.986963033676,9770.941858449834,58.88451592056345,32343.870891944844,56.18471002774361,1
monotone_clamp_retrained,24,94,3,6,0,0,80.0748860836029,12232.250720262527,9731.506502232965,55.45432748849516,36784.369848428905,56.18471002774361,1
monotone_clamp_retrained,24,93,3,6,0,0,80.07525682449341,12236.064970493317,9693.926944857853,72.62993990955795,42600.230939834284,56.18471002774361,1
monotone_clamp_retrained,24,92,3,6,0,0,80.07567286491394,12238.406389951706,9644.43276836416,64.76844654385663,47786.60787724881,56.85789131285237,1
monotone_clamp_retrained,24,91,3,6,0,0,80.07638931274414,12245.109379291534,9602.960189589243,60.73639386819996,52650.158998090956,56.85789131285237,1
monotone_clamp_retrained,24,90,3,6,0,0,80.07727026939392,12256.605327129364,9562.601647283802,87.40322048176714,59649.17030702485,57.85980122566746,1
monotone_clamp_retrained,24,89,3,6,0,0,80.0782036781311,12264.247387647629,9503.601692858554,82.18684431106468,66230.54516542914,57.85980122566746,1
monotone_clamp_retrained,24,88,3,6,0,0,80.08010506629944,12261.389344930649,9449.48889504563,68.91950402028017,71749.62628849043,57.85980122566746,1
monotone_clamp_retrained,24,87,3,6,0,0,80.08257269859314,12251.44699215889,9403.589098674103,82.52578384875441,78358.50337306669,59.05581472314141,1
monotone_clamp_retrained,24,86,3,6,0,0,80.08554577827454,12246.715724468231,9348.789031740425,71.17004302922675,84058.1951121256,59.05581472314141,1
monotone_clamp_retrained,24,85,3,6,0,0,80.08943676948547,12246.387600898743,9299.644287464727,66.51265183318705,89385.15593549043,59.321172379079584,1
monotone_clamp_retrained,24,84,3,6,0,0,80.09246587753296,12246.200442314148,9254.928586025419,62.73677389983711,94409.89885832963,59.321172379079584,1
monotone_clamp_retrained,24,83,3,6,0,0,80.09445428848267,12246.265709400177,9212.8483435101,80.12645338578638,100827.58341633574,59.321172379079584,1
monotone_clamp_retrained,24,82,3,6,0,0,80.09625673294067,12244.89152431488,9157.686759720322,62.7997925473353,105857.61172298252,59.321172379079584,1
monotone_clamp_retrained,24,81,3,6,0,0,80.09821891784668,12246.388047933578,9117.288625450336,78.24103466381229,112124.57924584339,59.67942540614826,1
monotone_clamp_retrained,24,80,3,6,0,0,80.09911179542542,12247.457504272461,9062.862956585883,68.90223137185858,117643.58677945216,59.67942540614826,1
monotone_clamp_retrained,24,79,3,6,0,0,80.09913563728333,12243.333905935287,9015.978554462436,75.2755089339196,123673.08997971572,60.144742931333404,1
monotone_clamp_retrained,24,78,3,6,0,0,80.09913563728333,12224.891930818558,8966.976593503587,55.05429507929878,128082.8914286875,60.59148468407464,1
monotone_clamp_retrained,24,77,3,6,0,0,80.09913563728333,12210.065573453903,8929.628776170663,80.30637461787408,134515.3626217431,61.68635059106254,1
monotone_clamp_retrained,24,76,3,6,0,0,80.09913563728333,12195.523232221603,8876.526981222354,73.8006842136928,140426.73363669997,61.68635059106254,1
monotone_clamp_retrained,24,75,3,6,0,0,80.09913563728333,12186.004668474197,8826.977169634778,68.70690386368709,145930.09724849524,61.68635059106254,1
monotone_clamp_retrained,24,74,3,6,0,0,80.09913563728333,12179.674208164215,8781.212255052607,85.93303597874998,152813.25915308067,61.68635059106254,1
monotone_clamp_retrained,24,73,3,6,0,0,80.09913563728333,12172.54251241684,8722.500736869193,74.70362355005265,158796.95482841288,61.811377832783585,1
monotone_clamp_retrained,24,72,3,6,0,0,80.09913563728333,12166.20609164238,8671.841480408013,81.93581755511785,165359.94299231196,61.811377832783585,1
monotone_clamp_retrained,24,71,3,6,0,0,80.09963750839233,12159.381210803986,8616.220287322281,80.09841872685631,171775.79729732857,63.69238905560433,1
monotone_clamp_retrained,24,70,3,6,0,0,80.10023593902588,12152.722775936127,8562.032432488064,81.5533394940839,178308.23903242016,63.69238905560433,1
monotone_clamp_retrained,24,69,3,6,0,0,80.10129570960999,12147.781550884247,8506.315975674723,84.23348646356771,185055.45044028983,63.69238905560433,1
monotone_clamp_retrained,24,68,3,6,0,0,80.10272741317749,12144.07742023468,8450.032264166637,73.25275806092422,190923.1961515075,64.51194257070377,1
monotone_clamp_retrained,24,67,3,6,0,0,80.10413408279419,12141.02953672409,8400.707109948396,93.96925192622489,198450.52170746567,64.51194257070377,1
monotone_clamp_retrained,24,66,3,6,0,0,80.105721950531,12145.072519779205,8336.603968978934,80.79799628988252,204922.90353242302,66.02319309723785,1
monotone_clamp_retrained,24,65,3,6,0,0,80.10693192481995,12149.892896413803,8282.559441172885,73.60616836834035,210819.2678511525,66.02319309723785,1
monotone_clamp_retrained,24,64,3,6,0,0,80.10779738426208,12153.57556939125,8233.243907698781,80.22517525820334,217245.92993585355,66.02319309723785,1
monotone_clamp_retrained,24,63,3,6,0,0,80.1086974143982,12156.93473815918,8178.651537777954,93.2975869729799,224719.8781001655,66.02319309723785,1
monotone_clamp_retrained,24,62,3,6,0,0,80.10981559753418,12155.90626001358,8114.966210695167,89.07800899429509,231855.90097449397,66.02319309723785,1
monotone_clamp_retrained,24,61,3,6,0,0,80.11134743690491,12154.538482427597,8053.246234252989,108.80282578387151,240572.24195298273,66.0678136608015,1
monotone_clamp_retrained,24,60,3,6,0,0,80.11399269104004,12154.520004987717,7978.791362254375,104.26794064323511,248925.56298758468,85.17672399217258,1
monotone_clamp_retrained,24,59,3,6,0,0,80.11741518974304,12156.694084405899,7906.335005699602,98.34374918767976,256804.60997256998,85.17672399217258,1
monotone_clamp_retrained,24,58,3,6,0,0,80.12152075767517,12160.932421684265,7837.042515787178,92.695296503076,264231.49809548,85.17672399217258,1
monotone_clamp_retrained,24,57,3,6,0,0,80.12748837471008,12166.866213083267,7772.427761018978,103.02129287736757,272486.3355428589,85.17672399217258,1
monotone_clamp_retrained,24,56,3,6,0,0,80.13063073158264,12164.655327796936,7700.165862328729,98.5164566540627,280380.5213519896,85.17672399217258,1
monotone_clamp_retrained,24,55,3,6,0,0,80.13357162475586,12163.091748952866,7630.273660846908,100.53745896773965,288436.9470211519,87.67464619283565,1
monotone_clamp_retrained,24,54,3,6,0,0,80.13546824455261,12161.057889461517,7560.356824976156,100.05415946191799,296454.8339394478,87.67464619283565,1
monotone_clamp_retrained,24,53,3,6,0,0,80.13681173324585,12158.465087413788,7490.38502601659,111.17780281369008,305364.2685924444,87.67464619283565,1
monotone_clamp_retrained,24,52,3,6,0,0,80.13805627822876,12155.274599790573,7408.384647095806,88.63388678950452,312467.2160001399,88.00542260216963,1
monotone_clamp_retrained,24,51,3,6,0,0,80.13924598693848,12149.799317121506,7344.802460487778,116.94773649959353,321839.3194230965,89.3393639748758,1
monotone_clamp_retrained,24,50,3,6,0,0,80.1401937007904,12142.03342795372,7260.018035600425,112.64632952664665,330866.818091045,89.3393639748758,1
monotone_clamp_retrained,24,49,3,6,0,0,80.14131784439087,12134.088575839996,7179.484780073113,124.99646112024712,340884.1992111068,89.87264365606573,1
monotone_clamp_retrained,24,48,3,6,0,0,80.14262914657593,12125.464677810669,7090.472665048063,112.20816174401808,349876.8563049767,89.87264365606573,1
monotone_clamp_retrained,24,47,3,6,0,0,80.14419198036194,12114.757001399994,7010.548450193327,117.36292488247682,359282.8130881347,89.87264365606573,1
monotone_clamp_retrained,24,46,3,6,0,0,80.14531135559082,12100.308388471603,6924.416027261035,106.75629604106831,367838.82967351575,92.28499445299059,1
monotone_clamp_retrained,24,45,3,6,0,0,80.14622688293457,12104.028016328812,6846.619663052268,96.01109397153314,375533.756594237,92.32417290804567,1
monotone_clamp_retrained,24,44,3,6,0,0,80.14751315116882,12115.205973386765,6777.28975904305,111.1709617373299,384443.83271210775,92.85601305134094,1
monotone_clamp_retrained,24,43,3,6,0,0,80.14829754829407,12122.041583061218,6695.835555067686,121.01231239724565,394142.7635331293,92.85601305134094,1
monotone_clamp_retrained,24,42,3,6,0,0,80.14890313148499,12124.343514442444,6607.663794169903,120.06775441410392,403766.06235088024,92.85601305134094,1
monotone_clamp_retrained,24,41,3,6,0,0,80.14890313148499,12155.988812446594,6520.63343337836,99.22331743292841,411718.7024081966,93.6308664821853,1
monotone_clamp_retrained,24,40,3,6,0,0,80.14890313148499,12189.64472413063,6448.612076413966,104.56401279882954,420099.3933410493,93.6308664821853,1
monotone_clamp_retrained,24,39,3,6,0,0,80.14890313148499,12231.229543685913,6371.660783369295,111.79431427565747,429059.58500657976,93.6308664821853,1
monotone_clamp_retrained,24,38,3,6,0,0,80.14890313148499,12272.719889879227,6290.566713188621,113.1020167840259,438124.5875937782,95.04742683727991,1
monotone_clamp_retrained,24,37,3,6,0,0,80.14912128448486,12315.274327993393,6208.261767612674,118.54908049175764,447626.19222427625,95.04742683727991,1
monotone_clamp_retrained,24,36,3,6,0,0,80.15103578567505,12353.509217500687,6121.208966518815,107.0174105735107,456203.748528844,95.04742683727991,1
monotone_clamp_retrained,24,35,3,6,0,0,80.15403985977173,12389.038652181625,6041.229500786814,108.30247637901309,464884.6295374394,95.04742683727991,1
monotone_clamp_retrained,24,34,3,6,0,0,80.15690445899963,12423.776686191559,5962.231324171121,95.23160774996327,472518.10042133013,95.04742683727991,1
monotone_clamp_retrained,24,33,3,6,0,0,80.15852928161621,12460.405677556992,5892.090741856531,127.00744415090837,482698.83035228396,95.04742683727991,1
monotone_clamp_retrained,24,32,3,6,0,0,80.15981793403625,12497.586756944656,5797.038100903327,129.17082522656966,493053.140184835,97.00694341239463,1
monotone_clamp_retrained,24,31,3,6,0,0,80.16111135482788,12538.321018218994,5701.174055875865,119.69133583515239,502647.73068492475,101.69890345053383,1
monotone_clamp_retrained,24,30,3,6,0,0,80.16144037246704,12552.700638771057,5613.36981328652,127.58279492939934,512874.9512932105,101.69890345053383,1
monotone_clamp_retrained,24,29,3,6,0,0,80.16162872314453,12525.518238544464,5518.710273747486,120.56718238148945,522539.8130034711,105.09652333242514,1
monotone_clamp_retrained,24,28,3,6,0,0,80.1620864868164,12531.588673591614,5429.753650585282,133.9369854634314,533276.4812159742,105.09652333242514,1
monotone_clamp_retrained,24,27,3,6,0,0,80.162113904953,12512.450516223907,5329.84064470852,128.66613606910298,543590.6306712558,105.51726153189219,1
monotone_clamp_retrained,24,26,3,6,0,0,80.162113904953,12507.670819759369,5235.08607165332,136.2003011383279,554508.7347249953,105.51726153189219,1
monotone_clamp_retrained,24,25,3,6,0,0,80.162113904953,12489.4879758358,5132.896457759402,147.56325920203537,566337.717517335,108.86577323146005,1
monotone_clamp_retrained,24,24,3,6,0,0,80.162113904953,12473.63418340683,5022.15254614383,144.62617166524453,577931.2571640016,110.31606898852215,1
monotone_clamp_retrained,24,23,3,6,0,0,80.162113904953,12404.458224773407,4915.6055263709095,153.16134854604684,590208.994631986,111.20897889534331,1
monotone_clamp_retrained,24,22,3,6,0,0,80.162113904953,12371.496111154556,4802.519409175374,138.19923438187462,601287.3374000832,112.95137016244168,1
monotone_clamp_retrained,24,21,3,6,0,0,80.162113904953,12314.973771572113,4698.5026003848725,134.04937833400882,612033.0189349821,112.95137016244168,1
monotone_clamp_retrained,24,20,3,6,0,0,80.162113904953,12279.103547334671,4597.237819719897,134.33337260991595,622801.4660513747,112.95137016244168,1
monotone_clamp_retrained,24,19,3,6,0,0,80.162113904953,12237.647771835327,4494.800963410096,146.26864122330244,634526.6695298398,112.95137016244168,1
monotone_clamp_retrained,24,18,3,6,0,0,80.162113904953,12290.2113199234,4381.292696120115,154.00220107673852,646871.8115141668,117.40424760711261,1
monotone_clamp_retrained,24,17,3,6,0,0,80.162113904953,12288.60080242157,4260.458528687943,147.9858833143158,658734.672748734,117.40424760711261,1
monotone_clamp_retrained,24,16,3,6,0,0,80.162113904953,12355.697304010391,4147.942846143572,163.23024234749107,671819.5540285266,117.43877695873326,1
monotone_clamp_retrained,24,15,3,6,0,0,80.162113904953,12338.322699069977,4020.9183133155575,124.84389827155249,681827.3048221092,117.79311858824813,1
monotone_clamp_retrained,24,14,3,6,0,0,80.162113904953,12360.579073429108,3923.1325103221034,143.9988080482599,693370.5536750512,118.13382576143007,1
monotone_clamp_retrained,24,13,3,6,0,0,80.162113904953,12440.663874149323,3812.149202922985,140.93449172315673,704668.1604536995,118.13382576143007,1
monotone_clamp_retrained,24,12,3,6,0,0,80.162113904953,12434.012144804,3701.884879501067,139.25492380610166,715831.1295176698,118.65148982084473,1
monotone_clamp_retrained,24,11,3,6,0,0,80.162113904953,12439.503371715546,3592.1952253506815,145.7365758210638,727513.6815087558,118.65148982084473,1
monotone_clamp_retrained,24,10,3,6,0,0,80.162113904953,12447.191625833511,3477.4798894213436,150.98530766791905,739616.9829400058,119.72247037978816,1
monotone_clamp_retrained,24,9,3,6,0,0,80.162113904953,12456.207871437073,3357.2582093244237,160.23066374462886,752461.411658169,119.9282594332441,1
monotone_clamp_retrained,24,8,3,6,0,0,80.162113904953,12467.889785766602,3228.77776654442,139.83034517360647,763670.5077153445,119.9282594332441,1
monotone_clamp_retrained,24,7,3,6,0,0,80.162113904953,12483.973354101181,3116.6103238141204,161.10842726112296,776585.2998124985,119.9282594332441,1
monotone_clamp_retrained,24,6,3,6,0,0,80.162113904953,12526.771128177643,2984.2417302171234,130.9278556183831,787080.7534879106,119.9282594332441,1
monotone_clamp_retrained,24,5,3,6,0,0,80.162113904953,12546.440660953522,2877.066591270185,125.78631144916872,797164.0501139828,111.6350613497792,1
monotone_clamp_retrained,24,4,3,6,0,0,80.162113904953,12587.940990924835,2774.322089010876,111.45955574413249,806098.8837173394,105.31132169984018,1
monotone_clamp_retrained,24,3,3,6,0,0,80.162113904953,12609.068751335144,2683.8056927999805,117.38970364191592,815509.0905119514,100.66337802387262,1
monotone_clamp_retrained,24,2,3,6,0,0,80.162113904953,12603.600025177002,2585.46259302234,115.09661028993476,824735.4780960871,97.45860423514522,1
monotone_clamp_retrained,24,1,3,6,0,0,80.162113904953,12577.954828739166,2488.4161313104496,100.91848436330486,832825.3171347335,90.48681714092218,1
monotone_clamp_retrained,25,100,2,12,0,1,80.11198163032532,11885.76877117157,10000.0,114.88148205482028,9203.38318004031,78.34826956228913,0
monotone_clamp_retrained,25,99,2,12,0,1,80.12201309204102,11685.23445725441,9921.270821022283,95.21133088652472,16831.906679841093,78.34826956228913,0
monotone_clamp_retrained,25,98,2,12,0,1,80.13484120368958,11605.148017406464,9858.249270498776,107.27681812044888,25428.517464760353,78.34826956228913,0
monotone_clamp_retrained,25,97,2,12,0,1,80.14514207839966,11537.816524505615,9787.28342247101,101.39328428104461,33554.69663926024,80.43164846582134,0
monotone_clamp_retrained,25,96,2,12,0,1,80.15581011772156,11550.939083099365,9718.369914287417,109.5139770219509,42332.878186668255,80.43164846582134,0
monotone_clamp_retrained,25,95,2,12,0,1,80.17210006713867,11626.18562579155,9646.111817539802,96.33545690298516,50056.294077507904,80.76388620962199,0
monotone_clamp_retrained,25,94,2,12,0,1,80.18707752227783,11685.901582241058,9582.491939730298,100.45640339696824,58111.59948430981,80.76388620962199,0
monotone_clamp_retrained,25,93,2,12,0,1,80.19810199737549,11743.629723787308,9515.305981856009,97.9818710969116,65969.55957643362,81.2516721329647,0
monotone_clamp_retrained,25,92,2,12,0,1,80.20835876464844,11797.549277544022,9448.883337915218,101.47820826514852,74108.96011175837,81.68189079408234,0
monotone_clamp_retrained,25,91,2,12,0,1,80.21204352378845,11843.973994255066,9380.91665172654,86.74630565994538,81067.05855688176,81.68189079408234,0
monotone_clamp_retrained,25,90,2,12,0,1,80.21204352378845,11835.386455059052,9324.245782984643,96.93455090552408,88842.37697307454,82.82831677780638,0
monotone_clamp_retrained,25,89,2,12,0,1,80.21204352378845,11844.457983970642,9258.753646893632,95.56704029385168,96508.00456856462,82.82831677780638,0
monotone_clamp_retrained,25,88,2,12,0,1,80.21204352378845,11858.253479003906,9192.78109388154,105.8239110887286,104996.35673067124,82.82831677780638,0
monotone_clamp_retrained,25,87,2,12,0,1,80.21204352378845,11873.688399791718,9121.227206205467,105.60256730654496,113466.95445568762,84.56293398444693,0
monotone_clamp_retrained,25,86,2,12,0,1,80.21274089813232,11893.521249294281,9049.43463420205,112.3623511572251,122479.84661576708,84.56293398444693,0
monotone_clamp_retrained,25,85,2,12,0,1,80.21459579467773,11911.432892084122,8974.360867813919,121.02794334841025,132188.05417132095,84.8282916403851,0
monotone_clamp_retrained,25,84,2,12,0,1,80.21459579467773,11928.833574056625,8893.731607263062,112.61894374177237,141221.73722239077,87.66566629607894,0
monotone_clamp_retrained,25,83,2,12,0,1,80.21459579467773,11948.08542728424,8817.806917494634,107.14838909351019,149816.60194357755,87.66566629607894,0
monotone_clamp_retrained,25,82,2,12,0,1,80.21459579467773,11967.009454965591,8744.351278583483,110.53749507308935,158683.3224310216,87.66566629607894,0
monotone_clamp_retrained,25,81,2,12,0,1,80.21459579467773,11984.92094874382,8667.284687534686,104.86026085296353,167094.64587026654,88.02391932314761,0
monotone_clamp_retrained,25,80,2,12,0,1,80.21459579467773,12002.921551465988,8595.391838246624,115.31067945528453,176344.24541358184,88.02391932314761,0
monotone_clamp_retrained,25,79,2,12,0,1,80.21459579467773,12033.713161945343,8514.138253998912,124.06704357049128,186296.23316502947,89.41124357506565,0
monotone_clamp_retrained,25,78,2,12,0,1,80.21459579467773,12072.541117668152,8428.568131533266,126.11031401156144,196412.12102900675,89.85798532780689,0
monotone_clamp_retrained,25,77,2,12,0,1,80.21459579467773,12113.82806301117,8341.254611357714,106.47555607948628,204953.01472193628,91.10061121112462,0
monotone_clamp_retrained,25,76,2,12,0,1,80.21459579467773,12160.308957099915,8268.08067781757,122.55004787831366,214783.31727711362,91.10061121112462,0
monotone_clamp_retrained,25,75,2,12,0,1,80.21459579467773,12213.393896818161,8185.009379482647,124.94316824877035,224805.58301549515,91.10061121112462,0
monotone_clamp_retrained,25,74,2,12,0,1,80.21459579467773,12259.841710329056,8098.862294159539,108.3162804823254,233494.12967236782,91.10061121112462,0
monotone_clamp_retrained,25,73,2,12,0,1,80.21459579467773,12296.906858682632,8023.933599564096,100.78880139275739,241578.8626367179,91.59938678561403,0
monotone_clamp_retrained,25,72,2,12,0,1,80.21459579467773,12300.226241350174,7955.521941092917,107.31280176279343,250186.91565371476,91.59938678561403,0
monotone_clamp_retrained,25,71,2,12,0,1,80.21459579467773,12358.824014663696,7881.0249046930585,107.4890447802214,258809.10593311623,93.48039800843478,0
monotone_clamp_retrained,25,70,2,12,0,1,80.21459579467773,12403.064519166946,7809.048417577818,118.10688671091677,268283.0021112002,93.48039800843478,0
monotone_clamp_retrained,25,69,2,12,0,1,80.21459579467773,12434.027194976807,7728.211661375166,111.89750366442387,277258.81513807544,93.48039800843478,0
monotone_clamp_retrained,25,68,2,12,0,1,80.21459579467773,12472.289651632309,7651.669512976878,126.07024789675582,287371.48911484855,95.11469441166237,0
monotone_clamp_retrained,25,67,2,12,0,1,80.21459579467773,12528.485357761383,7564.116957994467,113.14887454897926,296447.6803514176,95.11469441166237,0
monotone_clamp_retrained,25,66,2,12,0,1,80.21459579467773,12709.18220281601,7482.083179877664,123.06798964992106,306319.5293964496,96.29318018780998,0
monotone_clamp_retrained,25,65,2,12,0,1,80.21459579467773,12885.18339395523,7393.893656715154,127.57001950431234,316552.5069465072,96.29318018780998,0
monotone_clamp_retrained,25,64,2,12,0,1,80.21459579467773,13064.65744972229,7303.116386079488,112.14789158101466,325548.4047389036,96.29318018780998,0
monotone_clamp_retrained,25,63,2,12,0,1,80.21459579467773,13193.635046482086,7225.762038080105,124.30902209597313,335519.8026999638,96.29318018780998,0
monotone_clamp_retrained,25,62,2,12,0,1,80.21459579467773,13287.497758865356,7139.137187394181,119.92402619645797,345139.459987383,96.29318018780998,0
monotone_clamp_retrained,25,61,2,12,0,1,80.21459579467773,13383.867144584656,7053.778737119359,131.90676757557972,355720.3080310406,96.40873891602581,0
monotone_clamp_retrained,25,60,2,12,0,1,80.21459579467773,13457.320928573608,6961.960782052685,162.9074308246335,368787.861746588,121.48371342624034,0
monotone_clamp_retrained,25,59,2,12,0,1,80.21459579467773,13527.457118034363,6848.64562198103,150.95255381455658,380896.459834997,121.717787817549,0
monotone_clamp_retrained,25,58,2,12,0,1,80.21459579467773,13600.812554359436,6741.917491753884,153.17330481183083,393183.194567013,121.717787817549,0
monotone_clamp_retrained,25,57,2,12,0,1,80.21459579467773,13655.993044376373,6633.558750663122,143.15632621787438,404666.4214100308,121.717787817549,0
monotone_clamp_retrained,25,56,2,12,0,1,80.21459579467773,13663.39087486267,6532.084960876805,150.50909017460634,416739.44724181155,121.717787817549,0
monotone_clamp_retrained,25,55,2,12,0,1,80.21459579467773,13673.70754480362,6423.075499356622,150.3167957645294,428797.0482552144,125.52438207732914,0
monotone_clamp_retrained,25,54,2,12,0,1,80.21459579467773,13687.42823600769,6316.30042491318,153.73202177203157,441128.60024235654,125.52438207732914,0
monotone_clamp_retrained,25,53,2,12,0,1,80.21459579467773,13701.57778263092,6205.349221860883,156.606220074363,453690.7048845539,125.52438207732914,0
monotone_clamp_retrained,25,52,2,12,0,1,80.21459579467773,13715.407848358154,6092.882379681203,153.34092602750243,465990.8852846316,125.77567823347204,0
monotone_clamp_retrained,25,51,2,12,0,1,80.21459579467773,13710.7914686203,5984.557294191944,150.2926029426257,478046.5456806043,127.57061847614774,0
monotone_clamp_retrained,25,50,2,12,0,1,80.21459579467773,13696.298599243164,5877.805848768822,155.59007886487225,490527.14096641203,127.57061847614774,0
monotone_clamp_retrained,25,49,2,12,0,1,80.21459579467773,13674.104809761047,5768.953073850336,147.8011297247664,502382.9488452809,127.56529444817109,0
monotone_clamp_retrained,25,48,2,12,0,1,80.21459579467773,13603.92689704895,5662.993867171608,156.4830168408331,514935.1707899001,127.56529444817109,0
monotone_clamp_retrained,25,47,2,12,0,1,80.21459579467773,13515.040278434753,5552.2510800206,154.508356861716,527328.9961824624,127.56529444817109,0
monotone_clamp_retrained,25,46,2,12,0,1,80.21459579467773,13410.818576812744,5443.475295821447,162.65076675036462,540375.9616930373,130.8145259896823,0
monotone_clamp_retrained,25,45,2,12,0,1,80.21459579467773,13321.813642978668,5327.567720831931,157.297351286986,552993.5051460963,130.8145259896823,0
monotone_clamp_retrained,25,44,2,12,0,1,80.21459579467773,13251.805007457733,5215.308723884941,158.6029527200427,565715.7768903769,131.2339851260106,0
monotone_clamp_retrained,25,43,2,12,0,1,80.21459579467773,13167.32406616211,5101.396409655901,163.0682031529013,578796.2268932513,131.2339851260106,0
monotone_clamp_retrained,25,42,2,12,0,1,80.21459579467773,13072.896897792816,4987.03687912256,163.9421604023499,591946.781023632,131.2339851260106,0
monotone_clamp_retrained,25,41,2,12,0,1,80.21459579467773,12926.490008831024,4870.631025267015,163.03654054975544,605024.6912235933,134.1721664575167,0
monotone_clamp_retrained,25,40,2,12,0,1,80.21459579467773,12772.138118743896,4749.88063669242,150.70394082656176,617113.3469216609,134.1721664575167,0
monotone_clamp_retrained,25,39,2,12,0,1,80.21459579467773,12660.445272922516,4642.584707371086,163.19387569053924,630203.8776963444,134.1721664575167,0
monotone_clamp_retrained,25,38,2,12,0,1,80.21459579467773,12653.068006038666,4528.312994824102,186.43628280414504,645158.7887629411,135.24479254111014,0
monotone_clamp_retrained,25,37,2,12,0,1,80.21459579467773,12567.323744297028,4393.4422107208175,180.4337426901983,659632.2085005563,135.24479254111014,0
monotone_clamp_retrained,25,36,2,12,0,1,80.21459579467773,12451.721876859665,4261.424686621254,176.99611998038165,673829.8807220089,135.3776796692217,0
monotone_clamp_retrained,25,35,2,12,0,1,80.21459579467773,12396.753132343292,4129.807064002639,165.04560372722625,687068.9471126769,135.3776796692217,0
monotone_clamp_retrained,25,34,2,12,0,1,80.21459579467773,12318.842262029648,4007.3788792653995,162.21987593186492,700081.3488904142,135.3776796692217,0
monotone_clamp_retrained,25,33,2,12,0,1,80.21459579467773,12292.700111865997,3888.6345329674414,182.25159193961758,714700.5866707872,135.3776796692217,0
monotone_clamp_retrained,25,32,2,12,0,1,80.21459579467773,12261.454164981842,3755.7666137496853,174.09349154168632,728665.4257252878,137.67563429490323,0
monotone_clamp_retrained,25,31,2,12,0,1,80.21459579467773,12209.537327289581,3621.9540006964635,178.40714587327923,742976.282818395,146.59908961842842,0
monotone_clamp_retrained,25,30,2,12,0,1,80.21459579467773,12197.004407644272,3488.7627747328806,197.54432482324944,758822.2209856245,146.67867998707746,0
monotone_clamp_retrained,25,29,2,12,0,1,80.21570563316345,12167.122811079025,3342.7355969094733,179.92536701910262,773255.0612623678,149.0471367442043,0
monotone_clamp_retrained,25,28,2,12,0,1,80.22436738014221,12168.439328670502,3204.7867859728594,184.7657139089037,788077.77377425,149.0471367442043,0
monotone_clamp_retrained,25,27,2,12,0,1,80.23355722427368,12160.397917032242,3065.8679726959617,182.27023362658883,802701.9629942105,149.46787494367135,0
monotone_clamp_retrained,25,26,2,12,0,1,80.24882912635803,12133.840918540955,2927.923276281752,178.02136719129348,816987.9692707853,149.46787494367135,0
monotone_clamp_retrained,25,25,2,12,0,1,80.2670431137085,12103.533297777176,2793.5495665490753,199.55127368717152,833005.359959229,154.18295349612166,0
monotone_clamp_retrained,25,24,2,12,0,1,80.28253674507141,12055.702060461044,2640.784789378935,188.51223195997082,848139.6001484508,154.86606328959272,0
monotone_clamp_retrained,25,23,2,12,0,1,80.29999017715454,11985.09469628334,2496.716997125738,213.44144186546725,865278.9458336455,155.75897319641388,0
monotone_clamp_retrained,25,22,2,12,0,1,80.32316565513611,11945.063769817352,2334.3258346287757,201.70595828718228,881480.6069347749,158.80352394212818,0
monotone_clamp_retrained,25,21,2,12,0,1,80.35184264183044,11895.650625228882,2181.4913975388054,182.39515826188463,896136.3939900657,158.80352394212818,0
monotone_clamp_retrained,25,20,2,12,0,1,80.38652896881104,11861.49686574936,2040.6489193033349,188.53397630222793,911291.9859376899,158.80352394212818,0
monotone_clamp_retrained,25,19,2,12,0,1,80.42402744293213,11822.947710752487,1897.6212283215518,202.3158084816531,927563.0380711574,158.80352394212818,0
monotone_clamp_retrained,25,18,2,12,0,1,80.47049045562744,11772.030293941498,1742.0527625063296,200.76076351887627,943718.3551757677,163.45135432315968,0
monotone_clamp_retrained,25,17,2,12,0,1,80.53316950798035,11727.149486541748,1584.7732788548292,202.76610764187674,960047.7524929643,163.45135432315968,0
monotone_clamp_retrained,25,16,2,12,0,1,80.59670567512512,11689.024716615677,1427.6330937779167,196.79218591929168,975908.5543806659,163.48588367478033,0
monotone_clamp_retrained,25,15,2,12,0,1,80.63648700714111,11653.71909737587,1272.7944911962495,196.31828912018645,991738.97155057,166.63305223218825,0
monotone_clamp_retrained,25,14,2,12,0,1,80.72125554084778,11153.70512008667,1124.8127886599686,200.41580627507483,1007916.7870633253,167.6035577215017,0
monotone_clamp_retrained,25,13,2,12,0,1,80.77163934707642,10846.132040023804,966.3413151264795,210.89613406699078,1024951.2135438769,168.05485080599917,0
monotone_clamp_retrained,25,12,2,12,0,1,80.78598260879517,10572.474300861359,797.7634544465509,18.975923756133852,1026484.2021904257,169.09384479432455,0
monotone_clamp_retrained,25,11,2,12,0,1,80.78664779663086,10532.508492469788,782.6951948700807,0.0,1026484.2021904257,169.09384479432455,0
monotone_clamp_retrained,25,10,2,12,0,1,80.79207301139832,10535.566061735153,782.6951948700807,29.81261127626931,1028892.8248573185,170.63726322604822,0
monotone_clamp_retrained,25,9,2,12,0,1,80.80044388771057,10495.369583368301,759.0443027545134,0.0,1028892.8248573185,170.84305227950415,0
monotone_clamp_retrained,25,8,2,12,0,1,80.80326795578003,10484.904646873474,759.0443027545134,9.442615263275002,1029655.8190286403,170.84305227950415,0
monotone_clamp_retrained,25,7,2,12,0,1,80.80986499786377,10473.03780913353,751.4014721611675,16.129123658232857,1030959.2113339959,170.84305227950415,0
monotone_clamp_retrained,25,6,2,12,0,1,80.8159351348877,10447.621792554855,738.3495055691892,1.968227995248526,1031118.2755199906,170.84305227950415,0
monotone_clamp_retrained,25,5,2,12,0,1,80.82093477249146,10438.998192548752,736.7637605545879,17.384457218628086,1032523.3036029125,155.39122305741984,0
monotone_clamp_retrained,25,4,2,12,0,1,80.82796812057495,10416.078716516495,722.5666482349134,2.9518515805848438,1032761.8957683647,149.0674834074808,0
monotone_clamp_retrained,25,3,2,12,0,1,80.83260416984558,10404.700934886932,720.0950094518485,13.302975018468715,1033837.2098823139,142.23678861945825,0
monotone_clamp_retrained,25,2,2,12,0,1,80.83927631378174,10386.62850856781,708.8546165709013,6.383149992812832,1034353.2191083352,135.31638940994628,0
monotone_clamp_retrained,25,1,2,12,0,1,80.84482073783875,10373.024195432663,703.5180078067497,10.058776803007277,1035166.4191158162,127.3584148712835,0
monotone_clamp_retrained,26,100,2,6,0,0,80.10906457901001,13348.027765750885,10000.0,75.51887709059731,6049.74660178498,53.51064944791461,1
monotone_clamp_retrained,26,99,2,6,0,0,80.13351678848267,13229.914903640747,9947.71415348669,76.90360944509406,12212.30328034834,53.51064944791461,1
monotone_clamp_retrained,26,98,2,6,0,0,80.1385772228241,13218.170702457428,9896.228062152202,68.1851779447428,17676.566428525115,53.51064944791461,1
monotone_clamp_retrained,26,97,2,6,0,0,80.14035701751709,13203.318119049072,9850.406176303524,80.10893563722094,24096.5251307853,55.53276728716988,1
monotone_clamp_retrained,26,96,2,6,0,0,80.14035701751709,13215.985298156738,9795.382123838288,70.04143117290373,29709.670430999657,55.852472283942966,1
monotone_clamp_retrained,26,95,2,6,0,0,80.14035701751709,13145.251274108887,9747.34927136396,80.45685768626757,36157.5117304847,56.18471002774361,1
monotone_clamp_retrained,26,94,2,6,0,0,80.14035701751709,13055.21011352539,9692.425385627934,60.89027505730837,41037.28011247221,56.18471002774361,1
monotone_clamp_retrained,26,93,2,6,0,0,80.14035701751709,12988.003194332123,9651.138520438179,66.99476797778743,46406.26473651781,56.18471002774361,1
monotone_clamp_retrained,26,92,2,6,0,0,80.14035701751709,12933.316230773926,9606.942131837046,54.041168698743576,50737.14328967899,56.85789131285237,1
monotone_clamp_retrained,26,91,2,6,0,0,80.14035701751709,12854.204773902893,9570.058757718693,63.2856441923064,55808.87740933398,56.85789131285237,1
monotone_clamp_retrained,26,90,2,6,0,0,80.14035701751709,12766.351699829102,9526.607709993832,65.24698253013374,61037.7938836146,57.85980122566746,1
monotone_clamp_retrained,26,89,2,6,0,0,80.14035701751709,12672.70028591156,9481.450589965785,78.72930150163194,67347.18821369513,57.85980122566746,1
monotone_clamp_retrained,26,88,2,6,0,0,80.14035701751709,12562.026977539062,9427.287119285036,63.53563073604331,72438.95634421478,57.85980122566746,1
monotone_clamp_retrained,26,87,2,6,0,0,80.14035701751709,12486.033290624619,9385.475577146563,90.26463514440943,79672.79643074366,59.05581472314141,1
monotone_clamp_retrained,26,86,2,6,0,0,80.14035701751709,12493.575066328049,9323.69189360576,89.8524706826804,86873.60551015966,59.05581472314141,1
monotone_clamp_retrained,26,85,2,6,0,0,80.14035701751709,12499.467879533768,9262.312726680777,64.02542532782661,92004.62595413007,59.321172379079584,1
monotone_clamp_retrained,26,84,2,6,0,0,80.14035701751709,12505.05417585373,9218.327227155178,63.591642699419694,97100.88290339195,59.321172379079584,1
monotone_clamp_retrained,26,83,2,6,0,0,80.14035701751709,12509.802281856537,9174.547368199186,86.62549500593957,104043.08099998708,59.321172379079584,1
monotone_clamp_retrained,26,82,2,6,0,0,80.14035701751709,12512.328326702118,9113.941141274927,98.70972679923972,111953.71374677973,59.321172379079584,1
monotone_clamp_retrained,26,81,2,6,0,0,80.14035701751709,12515.249848365784,9045.410821111855,76.68835543972664,118099.54593080567,59.67942540614826,1
monotone_clamp_retrained,26,80,2,6,0,0,80.14035701751709,12517.576217651367,8993.309679279577,67.04087764403207,123472.22579996608,59.67942540614826,1
monotone_clamp_retrained,26,79,2,6,0,0,80.14035701751709,12515.262365341187,8946.714322223346,67.92894585282592,128916.07577243514,60.144742931333404,1
monotone_clamp_retrained,26,78,2,6,0,0,80.14035701751709,12507.799863815308,8899.928368594974,73.95355272860381,134842.73989081924,60.59148468407464,1
monotone_clamp_retrained,26,77,2,6,0,0,80.14035701751709,12500.191926956177,8849.712514541148,95.10963329919349,142464.85985922173,61.68635059106254,1
monotone_clamp_retrained,26,76,2,6,0,0,80.14035701751709,12492.411434650421,8786.023705911422,77.636699039486,148686.69263790766,61.68635059106254,1
monotone_clamp_retrained,26,75,2,6,0,0,80.14035701751709,12484.610825777054,8731.090425640705,85.48761223252522,155537.7004027973,61.68635059106254,1
monotone_clamp_retrained,26,74,2,6,0,0,80.14035701751709,12473.696321249008,8671.981723887593,68.28701403610974,161010.24608731133,61.68635059106254,1
monotone_clamp_retrained,26,73,2,6,0,0,80.14035701751709,12481.889724731445,8622.388871256791,94.32396297794618,168569.402155671,61.811377832783585,1
monotone_clamp_retrained,26,72,2,6,0,0,80.14035701751709,12506.159842014313,8556.285381614103,79.28417974745273,174923.26462647287,61.811377832783585,1
monotone_clamp_retrained,26,71,2,6,0,0,80.14035701751709,12530.632019042969,8500.686339098527,69.97242627543798,180530.87984956836,63.69238905560433,1
monotone_clamp_retrained,26,70,2,6,0,0,80.14035701751709,12548.501789569855,8451.671322643679,87.98197423277942,187581.78667568928,63.69238905560433,1
monotone_clamp_retrained,26,69,2,6,0,0,80.14035701751709,12563.264071941376,8389.10096876043,72.40446785598479,193384.30657933123,63.69238905560433,1
monotone_clamp_retrained,26,68,2,6,0,0,80.14035701751709,12582.588195800781,8337.503299159393,73.3140082514936,199259.71737499113,64.51194257070377,1
monotone_clamp_retrained,26,67,2,6,0,0,80.14035701751709,12619.213461875916,8287.44055316695,84.9038239667307,206063.94013983736,64.51194257070377,1
monotone_clamp_retrained,26,66,2,6,0,0,80.14035701751709,12651.12817287445,8226.882416518036,93.98875461549497,213596.23249035495,66.02319309723785,1
monotone_clamp_retrained,26,65,2,6,0,0,80.14035701751709,12674.307227134705,8161.5118229897735,90.60806272626192,220857.59498590315,66.02319309723785,1
monotone_clamp_retrained,26,64,2,6,0,0,80.14035701751709,12708.675563335419,8096.794670023455,84.05850442771123,227594.07354109848,66.02319309723785,1
monotone_clamp_retrained,26,63,2,6,0,0,80.14035701751709,12786.19408607483,8037.682910652933,79.92705457334128,233999.45622996462,66.02319309723785,1
monotone_clamp_retrained,26,62,2,6,0,0,80.14035701751709,12867.26176738739,7980.463992563966,84.71563120169644,240788.5971594329,66.02319309723785,1
monotone_clamp_retrained,26,61,2,6,0,0,80.14035701751709,12938.301861286163,7921.565530985372,100.76333791733668,248863.80703440498,66.0678136608015,1
monotone_clamp_retrained,26,60,2,6,0,0,80.14035701751709,13007.889986038208,7849.949544570048,113.55354491779192,257964.0286647215,85.17672399217258,1
monotone_clamp_retrained,26,59,2,6,0,0,80.14035701751709,13092.55063533783,7768.3261103547775,105.26277382965498,266399.8249400842,85.17672399217258,1
monotone_clamp_retrained,26,58,2,6,0,0,80.14035701751709,13177.59782075882,7693.48734558529,118.53229661084754,275899.0455085837,85.17672399217258,1
monotone_clamp_retrained,26,57,2,6,0,0,80.14035701751709,13258.106410503387,7609.3894428315825,99.13766513832414,283843.97338665207,85.17672399217258,1
monotone_clamp_retrained,26,56,2,6,0,0,80.14035701751709,13327.774405479431,7538.921889181437,111.51385062982884,292780.7331885246,85.17672399217258,1
monotone_clamp_retrained,26,55,2,6,0,0,80.14035701751709,13392.723202705383,7458.87524217258,104.10245125934578,301123.5407988473,87.67464619283565,1
monotone_clamp_retrained,26,54,2,6,0,0,80.14035701751709,13459.263741970062,7384.645467910176,112.97061652476665,310177.0463396311,87.67464619283565,1
monotone_clamp_retrained,26,53,2,6,0,0,80.14035701751709,13522.123098373413,7302.6013383221325,111.65116419091041,319124.81049931207,87.67464619283565,1
monotone_clamp_retrained,26,52,2,6,0,0,80.14035701751709,13587.616086006165,7223.381423741717,110.75210027046651,328000.5233554271,88.00542260216963,1
monotone_clamp_retrained,26,51,2,6,0,0,80.14035701751709,13638.888597488403,7141.688362056342,104.74313334553158,336394.6754568714,89.3393639748758,1
monotone_clamp_retrained,26,50,2,6,0,0,80.14035701751709,13657.24265575409,7063.7125117072765,113.27553117566647,345472.6169666382,89.3393639748758,1
monotone_clamp_retrained,26,49,2,6,0,0,80.14035701751709,13698.32694530487,6980.201815669658,103.10629192920601,353735.5920125971,89.87264365606573,1
monotone_clamp_retrained,26,48,2,6,0,0,80.14035701751709,13732.730150222778,6903.531895308075,112.07985353446122,362717.7114893198,89.87264365606573,1
monotone_clamp_retrained,26,47,2,6,0,0,80.14035701751709,13751.857280731201,6821.296722387253,120.41348259895574,372367.6909745227,89.87264365606573,1
monotone_clamp_retrained,26,46,2,6,0,0,80.14035701751709,13772.760033607483,6731.099647670536,113.45359475835691,381459.9025633781,92.28499445299059,1
monotone_clamp_retrained,26,45,2,6,0,0,80.14035701751709,13790.013492107391,6647.209131979422,117.21561295075878,390853.603633279,92.32417290804567,1
monotone_clamp_retrained,26,44,2,6,0,0,80.14035701751709,13785.437941551208,6563.529259863208,106.165346543287,399361.73240814643,92.85601305134094,1
monotone_clamp_retrained,26,43,2,6,0,0,80.14035701751709,13788.605332374573,6487.425986863924,114.51330898073451,408538.86987311975,92.85601305134094,1
monotone_clamp_retrained,26,42,2,6,0,0,80.14035701751709,13789.911568164825,6402.765593156609,120.79079897864737,418219.0876276997,92.85601305134094,1
monotone_clamp_retrained,26,41,2,6,0,0,80.14035701751709,13791.112005710602,6312.200891054246,118.83979181478105,427742.95097162365,93.6308664821853,1
monotone_clamp_retrained,26,40,2,6,0,0,80.14035701751709,13792.725205421448,6226.216556612065,130.9752577416808,438239.35488750326,93.6308664821853,1
monotone_clamp_retrained,26,39,2,6,0,0,80.14035701751709,13786.380290985107,6128.891996171314,113.4555257680907,447331.7212281682,93.6308664821853,1
monotone_clamp_retrained,26,38,2,6,0,0,80.14035701751709,13734.420239925385,6046.984514706715,122.98118656280438,457187.4774257492,95.04742683727991,1
monotone_clamp_retrained,26,37,2,6,0,0,80.14035701751709,13697.689771652222,5957.875610994308,127.9752332140951,467443.45830492675,95.04742683727991,1
monotone_clamp_retrained,26,36,2,6,0,0,80.14035701751709,13651.317358016968,5862.094855745961,103.72678492494248,475756.15988109086,95.04742683727991,1
monotone_clamp_retrained,26,35,2,6,0,0,80.14035701751709,13610.94057559967,5785.165030865407,132.9487590766055,486410.7208985259,95.04742683727991,1
monotone_clamp_retrained,26,34,2,6,0,0,80.14035701751709,13586.30508184433,5688.899724136867,113.56257612034261,495511.6662926391,95.04742683727991,1
monotone_clamp_retrained,26,33,2,6,0,0,80.14035701751709,13568.92079114914,5606.855738006316,121.17253530944984,505222.4765330561,95.04742683727991,1
monotone_clamp_retrained,26,32,2,6,0,0,80.14035701751709,13565.70452451706,5513.2382106658615,125.47706680755624,515278.2534645245,97.00694341239463,1
monotone_clamp_retrained,26,31,2,6,0,0,80.14035701751709,13572.60912656784,5418.918712939544,123.10428641454472,525143.8749281728,101.69890345053383,1
monotone_clamp_retrained,26,30,2,6,0,0,80.14035701751709,13573.572039604187,5326.384145620767,127.0129263588471,535322.7361924105,101.69890345053383,1
monotone_clamp_retrained,26,29,2,6,0,0,80.14035701751709,13574.315011501312,5229.227979236028,138.51302125945776,546423.2191677183,105.09652333242514,1
monotone_clamp_retrained,26,28,2,6,0,0,80.14035701751709,13549.245297908783,5128.396782052436,108.76673048722395,555139.8237805925,105.09652333242514,1
monotone_clamp_retrained,26,27,2,6,0,0,80.14035701751709,13509.20170545578,5044.365170372155,138.68271303827646,566253.9059156378,105.51726153189219,1
monotone_clamp_retrained,26,26,2,6,0,0,80.14035701751709,13448.33493232727,4941.137284716543,131.9867799136961,576831.3735795139,105.51726153189219,1
monotone_clamp_retrained,26,25,2,6,0,0,80.14035701751709,13376.270830631256,4839.668361597764,141.99398900223335,588210.8225524942,108.86577323146005,1
monotone_clamp_retrained,26,24,2,6,0,0,80.14035701751709,13282.016813755035,4730.561346910289,139.75161910730117,599410.5672015294,110.31606898852215,1
monotone_clamp_retrained,26,23,2,6,0,0,80.14035701751709,13177.704811096191,4623.454956950082,145.7578961470928,611091.6570368796,111.20897889534331,1
monotone_clamp_retrained,26,22,2,6,0,0,80.14035701751709,13071.053326129913,4511.069008166572,137.32851256230697,622097.2130623074,112.95137016244168,1
monotone_clamp_retrained,26,21,2,6,0,0,80.14035701751709,12934.604585170746,4405.380337693885,133.6462103046271,632807.6680701585,112.95137016244168,1
monotone_clamp_retrained,26,20,2,6,0,0,80.14035701751709,12797.594368457794,4300.621488006486,141.8901244447103,644178.7933004175,112.95137016244168,1
monotone_clamp_retrained,26,19,2,6,0,0,80.14035701751709,12655.649483203888,4189.719396832428,142.42024716718112,655592.4027549184,112.95137016244168,1
monotone_clamp_retrained,26,18,2,6,0,0,80.14035701751709,12547.040581703186,4077.2935765295797,147.23899586440876,667392.1884503929,117.40424760711261,1
monotone_clamp_retrained,26,17,2,6,0,0,80.14035701751709,12518.19133758545,3963.8769106489663,124.64430457922161,677381.2275195719,117.40424760711261,1
monotone_clamp_retrained,26,16,2,6,0,0,80.14035701751709,12481.563091278076,3866.539339431458,144.57852140408036,688967.8018419596,117.43877695873326,1
monotone_clamp_retrained,26,15,2,6,0,0,80.14035701751709,12431.591004133224,3749.30340649348,157.2409118506609,701569.1446554315,117.79311858824813,1
monotone_clamp_retrained,26,14,2,6,0,0,80.14084219932556,12375.330179929733,3623.293033795233,165.6716116010592,714846.2071376599,118.13382576143007,1
monotone_clamp_retrained,26,13,2,6,0,0,80.15098690986633,12377.859652042389,3492.4086536441673,148.15512395081376,726720.9865380712,118.13382576143007,1
monotone_clamp_retrained,26,12,2,6,0,0,80.1610803604126,12372.878342866898,3372.6925112248837,146.54261993581918,738468.0012709718,118.65148982084473,1
monotone_clamp_retrained,26,11,2,6,0,0,80.17386436462402,12397.072613239288,3255.287687183123,151.41042145723364,750607.1598642747,118.65148982084473,1
monotone_clamp_retrained,26,10,2,6,0,0,80.18983364105225,12409.592419862747,3133.368024059272,157.6844030880093,763251.8459156908,119.72247037978816,1
monotone_clamp_retrained,26,9,2,6,0,0,80.2012586593628,12422.33231663704,3008.9916489790257,151.98769202725333,775441.4501170081,119.9282594332441,1
monotone_clamp_retrained,26,8,2,6,0,0,80.21117329597473,12433.68536233902,2882.686727389104,143.3383820275965,786938.7899177882,119.9282594332441,1
monotone_clamp_retrained,26,7,2,6,0,0,80.2236270904541,12437.09847331047,2766.3568512373477,150.85513128382675,799040.9357145835,119.9282594332441,1
monotone_clamp_retrained,26,6,2,6,0,0,80.237135887146,12463.45043182373,2641.9138985044274,141.91460147234395,810427.7568772901,119.9282594332441,1
monotone_clamp_retrained,26,5,2,6,0,0,80.25091290473938,12499.133497476578,2524.678549008023,132.22548933975014,821038.9731060809,111.6350613497792,1
monotone_clamp_retrained,26,4,2,6,0,0,80.26808142662048,12540.61609506607,2413.1747217142456,105.72215609362857,829525.0877400022,105.31132169984018,1
monotone_clamp_retrained,26,3,2,6,0,0,80.28406977653503,12579.756379127502,2323.8804990367034,124.42394860915488,839514.3487120116,100.66337802387262,1
monotone_clamp_retrained,26,2,2,6,0,0,80.30700445175171,12628.48049402237,2218.8080251106794,101.21868408581372,847642.9180254915,97.45860423514522,1
monotone_clamp_retrained,26,1,2,6,0,0,80.32170057296753,12618.845999240875,2130.4626473371063,97.77204232118085,855496.1347332209,90.48681714092218,1
monotone_clamp_retrained,27,100,5,12,1,1,119.3800687789917,13245.964050292969,10000.0,101.04052695330974,12062.225057151682,122.62129846453644,0
monotone_clamp_retrained,27,99,5,12,1,1,119.3800687789917,13700.259327888489,9926.493989907864,92.5871002553849,23115.27945368693,122.62129846453644,0
monotone_clamp_retrained,27,98,5,12,1,1,119.3800687789917,13556.813895702362,9857.924351502252,91.68523211460786,34060.66876954663,122.62129846453644,0
monotone_clamp_retrained,27,97,5,12,1,1,119.3800687789917,13482.595682144165,9792.09986733529,91.4234664303857,44974.808480019914,124.02216067174243,0
monotone_clamp_retrained,27,96,5,12,1,1,119.3800687789917,13402.241170406342,9726.308559572208,81.2738404402606,54677.28514171102,124.02216067174243,0
monotone_clamp_retrained,27,95,5,12,1,1,119.3800687789917,13330.52933216095,9666.894589577912,99.17892936510653,66517.2725507442,125.08183156398725,0
monotone_clamp_retrained,27,94,5,12,1,1,119.3800687789917,13249.785602092743,9596.361775493622,96.48286205669976,78035.40325906698,125.08183156398725,0
monotone_clamp_retrained,27,93,5,12,1,1,119.3800687789917,13153.033554553986,9525.291478455005,98.51793896070933,89796.48158816097,125.56961748732996,0
monotone_clamp_retrained,27,92,5,12,1,1,119.3800687789917,13050.148785114288,9454.133266843173,94.64472001052795,101095.17477258621,126.56691740931149,0
monotone_clamp_retrained,27,91,5,12,1,1,119.3800687789917,12952.189445495605,9384.659738522818,101.70131514601046,113236.28476963085,126.56691740931149,0
monotone_clamp_retrained,27,90,5,12,1,1,119.3800687789917,12878.55714559555,9311.043312378097,101.30480862624799,125330.05979107492,128.0068958182441,0
monotone_clamp_retrained,27,89,5,12,1,1,119.3800687789917,12808.790802955627,9235.37149773788,80.1415107884343,134897.3588610505,128.0068958182441,0
monotone_clamp_retrained,27,88,5,12,1,1,119.3800687789917,12735.38589477539,9176.016385916517,87.54557803842849,145348.5559885747,128.27423610834077,0
monotone_clamp_retrained,27,87,5,12,1,1,119.3800687789917,12666.377127170563,9111.433863898508,94.31729839088005,156608.16155752665,129.9887842880545,0
monotone_clamp_retrained,27,86,5,12,1,1,119.3800687789917,12611.081600189209,9040.491763468168,101.29120567059461,168700.31265718924,129.9887842880545,0
monotone_clamp_retrained,27,85,5,12,1,1,119.3800687789917,12554.86935377121,8964.65853537912,94.63761725769234,179998.15791449245,131.39065547928402,0
monotone_clamp_retrained,27,84,5,12,1,1,119.3800687789917,12496.79297208786,8894.017914999122,114.39083054691773,193654.14313286947,134.22803013497784,0
monotone_clamp_retrained,27,83,5,12,1,1,119.3800687789917,12444.196790456772,8809.824346191159,108.3388388049266,206587.6411608377,134.22803013497784,0
monotone_clamp_retrained,27,82,5,12,1,1,119.3800687789917,12414.936572313309,8728.738932722434,102.76939427148255,218856.2585173426,134.22803013497784,0
monotone_clamp_retrained,27,81,5,12,1,1,119.3800687789917,12363.462746143341,8653.473860043227,105.55160187865583,231457.01600934926,134.58628316204653,0
monotone_clamp_retrained,27,80,5,12,1,1,119.3800687789917,12312.310934066772,8575.037987962398,110.14824140441762,244606.52064409363,134.58628316204653,0
monotone_clamp_retrained,27,79,5,12,1,1,119.3800687789917,12258.44144821167,8491.98905832395,117.60840450594925,258646.62006300132,137.25137735790267,0
monotone_clamp_retrained,27,78,5,12,1,1,119.3800687789917,12213.551998138428,8405.028662580875,113.09191924503547,272147.54116082186,137.25137735790267,0
monotone_clamp_retrained,27,77,5,12,1,1,119.3800687789917,12174.211144447327,8319.629605097396,107.9373818129215,285033.11322547274,138.34527592112582,0
monotone_clamp_retrained,27,76,5,12,1,1,119.3800687789917,12138.905823230743,8238.109197908385,108.38754021882528,297972.42523158184,139.8599388733162,0
monotone_clamp_retrained,27,75,5,12,1,1,119.3800687789917,12109.734863042831,8156.085578561331,110.46999948664232,311160.34136831237,139.8599388733162,0
monotone_clamp_retrained,27,74,5,12,1,1,119.3800687789917,12110.361605882645,8073.675128353574,108.77365378474201,324145.74763847707,139.8599388733162,0
monotone_clamp_retrained,27,73,5,12,1,1,119.3800687789917,12120.194733142853,7991.1557041132255,101.10683313934545,336215.8883326782,140.6224031964283,0
monotone_clamp_retrained,27,72,5,12,1,1,119.3800687789917,12132.857888936996,7915.367565545091,118.43664899131625,350354.8636352148,140.6224031964283,0
monotone_clamp_retrained,27,71,5,12,1,1,119.3800687789917,12168.25008392334,7825.656185350217,102.97023761156507,362647.45768347254,140.6224031964283,0
monotone_clamp_retrained,27,70,5,12,1,1,119.3800687789917,12176.059633493423,7748.42707504077,121.68277784226669,377173.95607150113,140.6224031964283,0
monotone_clamp_retrained,27,69,5,12,1,1,119.3800687789917,12179.218083620071,7655.846635007007,97.2577120735035,388784.58842812333,143.74385215300907,0
monotone_clamp_retrained,27,68,5,12,1,1,119.3800687789917,12181.10203742981,7581.702266055921,105.35276463310097,401361.60871607985,146.41315056855447,0
monotone_clamp_retrained,27,67,5,12,1,1,119.3800687789917,12189.133614301682,7501.897111165708,100.86977252256209,413403.44909754454,146.41315056855447,0
monotone_clamp_retrained,27,66,5,12,1,1,119.3800687789917,12208.559662103653,7425.5447738955945,107.50228603271408,426237.0793980288,147.95730716934838,0
monotone_clamp_retrained,27,65,5,12,1,1,119.3800687789917,12234.999686479568,7345.031439235512,120.9244540075696,440673.04903451446,147.95730716934838,0
monotone_clamp_retrained,27,64,5,12,1,1,119.3800687789917,12256.466448307037,7250.306809069762,119.38324442414049,454925.02896492754,147.95730716934838,0
monotone_clamp_retrained,27,63,5,12,1,1,119.3800687789917,12253.236770629883,7159.032437998935,105.03990909549174,467464.70053728635,149.66408283344634,0
monotone_clamp_retrained,27,62,5,12,1,1,119.3800687789917,12253.971993923187,7079.055388728069,109.71818052892777,480562.8644751356,149.66408283344634,0
monotone_clamp_retrained,27,61,5,12,1,1,119.3800687789917,12282.318770885468,6997.150927486064,139.35532480816917,497199.1127354535,149.93764281533836,0
monotone_clamp_retrained,27,60,5,12,1,1,119.3800687789917,12310.15607714653,6890.485447236494,129.32095677532556,512637.4574498569,175.84600634426346,0
monotone_clamp_retrained,27,59,5,12,1,1,119.3800687789917,12350.300699472427,6793.16301370908,143.3701334557283,529752.993842655,176.08019672204279,0
monotone_clamp_retrained,27,58,5,12,1,1,119.3800687789917,12391.771376132965,6681.302873646568,140.57515306231394,546534.8652838513,182.18293728047686,0
monotone_clamp_retrained,27,57,5,12,1,1,119.3800687789917,12427.629828453064,6573.8259247175865,144.71819262152638,563811.3330725805,182.18293728047686,0
monotone_clamp_retrained,27,56,5,12,1,1,119.3800687789917,12438.235729932785,6463.666636326096,124.07397417098352,578623.2926427954,182.18293728047686,0
monotone_clamp_retrained,27,55,5,12,1,1,119.3800687789917,12439.439296722412,6366.070582650287,155.0175952011636,597129.3038198642,184.4032916851394,0
monotone_clamp_retrained,27,54,5,12,1,1,119.3800687789917,12445.525377988815,6246.705228503638,142.06514892439398,614089.051069556,184.4032916851394,0
monotone_clamp_retrained,27,53,5,12,1,1,119.3800687789917,12451.043277978897,6134.688090928128,132.70794653352223,629931.7348542467,184.4032916851394,0
monotone_clamp_retrained,27,52,5,12,1,1,119.3800687789917,12457.032948732376,6031.670319362239,150.16062169352506,647857.9201999159,184.4032916851394,0
monotone_clamp_retrained,27,51,5,12,1,1,119.3800687789917,12464.327812194824,5912.8356574056315,143.55741421977223,664995.8141832065,186.63549510603517,0
monotone_clamp_retrained,27,50,5,12,1,1,119.3800687789917,12471.185475587845,5802.292208102192,152.08270019508555,683151.4573925906,195.43755580295394,0
monotone_clamp_retrained,27,49,5,12,1,1,119.3800687789917,12476.019710302353,5684.654312192428,162.9423906978456,702603.5312011128,196.20027183670678,0
monotone_clamp_retrained,27,48,5,12,1,1,119.3800687789917,12474.393844604492,5558.671660998287,154.92092119881215,721098.0014291317,196.20027183670678,0
monotone_clamp_retrained,27,47,5,12,1,1,119.3800687789917,12462.011724710464,5437.380288215522,151.24525823756923,739153.6707600291,199.91319423353335,0
monotone_clamp_retrained,27,46,5,12,1,1,119.3800687789917,12452.414482831955,5321.414205868092,164.003789067333,758732.4543789026,199.91319423353335,0
monotone_clamp_retrained,27,45,5,12,1,1,119.3800687789917,12450.605779886246,5192.556070926109,159.35000959780308,777755.6694846213,199.91319423353335,0
monotone_clamp_retrained,27,44,5,12,1,1,119.3800687789917,12440.447062253952,5066.600724481967,149.37123567109512,795587.6178726396,200.5032029124764,0
monotone_clamp_retrained,27,43,5,12,1,1,119.3800687789917,12407.42102265358,4949.689571725122,150.3587535206901,813537.456209463,200.5032029124764,0
monotone_clamp_retrained,27,42,5,12,1,1,119.3800687789917,12379.692494869232,4829.739505076913,152.29589586086468,831718.5507320912,200.5032029124764,0
monotone_clamp_retrained,27,41,5,12,1,1,119.3800687789917,12356.117367744446,4712.7744009619255,153.9417538121581,850096.1278901452,203.90988037788304,0
monotone_clamp_retrained,27,40,5,12,1,1,119.3800687789917,12350.182831287384,4592.329410424242,163.9199393652469,869664.9015258165,203.90988037788304,0
monotone_clamp_retrained,27,39,5,12,1,1,119.3800687789917,12376.599460840225,4463.447023026051,165.14043783344198,889379.3783525657,203.90988037788304,0
monotone_clamp_retrained,27,38,5,12,1,1,119.3800687789917,12422.490119934082,4332.49100834505,163.31829775359094,908876.3279712573,211.06427502110148,0
monotone_clamp_retrained,27,37,5,12,1,1,119.3800687789917,12458.201199769974,4203.966610492176,158.43850274816538,927790.7273265737,211.06427502110148,0
monotone_clamp_retrained,27,36,5,12,1,1,119.3800687789917,12558.9057803154,4077.8861814829897,165.74073598848085,947576.8677883593,211.3777930168817,0
monotone_clamp_retrained,27,35,5,12,1,1,119.3800687789917,12660.311162471771,3945.0951151953514,152.72754259721665,965809.4923280614,211.3777930168817,0
monotone_clamp_retrained,27,34,5,12,1,1,119.3800687789917,12761.987149715424,3823.4293598874538,169.81280975466683,986081.7572361273,211.3777930168817,0
monotone_clamp_retrained,27,33,5,12,1,1,119.3800687789917,12860.914468765259,3686.4534538642356,157.67533380109577,1004905.0494300525,211.3777930168817,0
monotone_clamp_retrained,27,32,5,12,1,1,119.3800687789917,12979.979515075684,3560.600399645118,177.95631929107472,1026149.4870666772,211.3777930168817,0
monotone_clamp_retrained,27,31,5,12,1,1,119.3800687789917,13188.957571983337,3416.4729132288303,153.26618884626689,1044446.4152326385,215.8582445896582,0
monotone_clamp_retrained,27,30,5,12,1,1,119.3800687789917,13402.25487947464,3290.52066879177,180.69352584472952,1066017.6207759008,217.62011982881515,0
monotone_clamp_retrained,27,29,5,12,1,1,119.3800687789917,13577.772974967957,3144.224350000756,171.22944252975424,1086459.0034020913,228.32407060173463,0
monotone_clamp_retrained,27,28,5,12,1,1,119.3800687789917,13753.68982553482,3007.271391152659,170.3167978015307,1106791.4344378556,228.32407060173463,0
monotone_clamp_retrained,27,27,5,12,1,1,119.3800687789917,13840.019404888153,2870.2993099731093,166.15246918238654,1126626.727636648,228.74480880120169,0
monotone_clamp_retrained,27,26,5,12,1,1,119.3800687789917,13913.199305534363,2738.238387530395,189.8365180379904,1149289.4242167878,228.74480880120169,0
monotone_clamp_retrained,27,25,5,12,1,1,119.3800687789917,13933.912515640259,2581.7216673509265,186.0108906643201,1171495.4171379358,232.96745592437514,0
monotone_clamp_retrained,27,24,5,12,1,1,119.3800687789917,13872.739672660828,2429.707264530095,177.59221355481893,1192696.3878067234,236.4388957050125,0
monotone_clamp_retrained,27,23,5,12,1,1,119.3800687789917,13803.487718105316,2285.075020185677,184.38806901696347,1214708.6481679939,238.0786546384911,0
monotone_clamp_retrained,27,22,5,12,1,1,119.3800687789917,13719.575703144073,2135.180920662632,187.10915080689674,1237045.7514604998,240.89903206973992,0
monotone_clamp_retrained,27,21,5,12,1,1,119.3800687789917,13607.102036476135,1981.4391227413362,182.17519155989285,1258793.838358746,240.89903206973992,0
monotone_clamp_retrained,27,20,5,12,1,1,119.3800687789917,13448.050022125244,1831.062452027625,185.3391059971791,1280919.6335801259,240.89903206973992,0
monotone_clamp_retrained,27,19,5,12,1,1,119.3800687789917,13270.196914672852,1676.6516372434362,187.38455553216423,1303289.6147076765,240.89903206973992,0
monotone_clamp_retrained,27,18,5,12,1,1,119.3800687789917,13077.725172042847,1522.8531353815288,192.01542425652534,1326212.4292620476,246.92805639126922,0
monotone_clamp_retrained,27,17,5,12,1,1,119.3800687789917,12869.691848754883,1361.6526149844303,205.957682255492,1350799.67153527,246.92805639126922,0
monotone_clamp_retrained,27,16,5,12,1,1,119.3800687789917,12725.955545902252,1188.8060709755518,183.32101544064864,1372684.5469672093,249.22632805170318,0
monotone_clamp_retrained,27,15,5,12,1,1,119.3800687789917,11912.32055425644,1036.6515202196788,182.60482390694645,1394483.9234045963,251.8711947131633,0
monotone_clamp_retrained,27,14,5,12,1,1,119.3800687789917,11166.08127951622,883.5213561971777,193.78131572945983,1417617.5502044626,253.63584708782395,0
monotone_clamp_retrained,27,13,5,12,1,1,119.3800687789917,10636.727809906006,722.056128528453,184.52075674537627,1439645.6508358773,254.08714017232143,0
monotone_clamp_retrained,27,12,5,12,1,1,119.3800687789917,10312.863141298294,565.4200234953878,0.0,1439645.6508358773,254.80629722425985,0
monotone_clamp_retrained,27,11,5,12,1,1,119.3800687789917,10260.732173919678,565.4200234953878,0.0,1439645.6508358773,254.80629722425985,0
monotone_clamp_retrained,27,10,5,12,1,1,119.3800687789917,10264.082700014114,565.4200234953878,0.0,1439645.6508358773,255.9433429025627,0
monotone_clamp_retrained,27,9,5,12,1,1,119.3800687789917,10263.065546751022,565.4200234953878,0.0,1439645.6508358773,255.9433429025627,0
monotone_clamp_retrained,27,8,5,12,1,1,119.3800687789917,10266.106724739075,565.4200234953878,0.0,1439645.6508358773,255.9433429025627,0
monotone_clamp_retrained,27,7,5,12,1,1,119.3800687789917,10267.181545495987,565.4200234953878,0.0,1439645.6508358773,255.9433429025627,0
monotone_clamp_retrained,27,6,5,12,1,1,119.3800687789917,10254.335105419159,565.4200234953878,0.0,1439645.6508358773,255.9433429025627,0
monotone_clamp_retrained,27,5,5,12,1,1,119.3800687789917,10243.128538131714,565.4200234953878,0.0,1439645.6508358773,230.04512928449802,0
monotone_clamp_retrained,27,4,5,12,1,1,119.3800687789917,10231.936126947403,565.4200234953878,0.0,1439645.6508358773,226.42549507794118,0
monotone_clamp_retrained,27,3,5,12,1,1,119.3800687789917,10221.050679683685,565.4200234953878,0.0,1439645.6508358773,215.56234262596197,0
monotone_clamp_retrained,27,2,5,12,1,1,119.3800687789917,10209.970921278,565.4200234953878,0.0,1439645.6508358773,203.8312723170848,0
monotone_clamp_retrained,27,1,5,12,1,1,119.3800687789917,10193.69438290596,565.4200234953878,0.0,1439645.6508358773,196.37128488998587,0
monotone_clamp_retrained,28,100,2,12,0,1,80.11198163032532,11885.76877117157,10000.0,93.3624179392674,7479.448310913345,78.34826956228913,0
monotone_clamp_retrained,28,99,2,12,0,1,80.12187361717224,11686.481833457947,9937.678199521284,94.3492467020538,15038.886731050705,78.34826956228913,0
monotone_clamp_retrained,28,98,2,12,0,1,80.13366103172302,11613.677442073822,9874.935628436417,90.30663876279448,22275.488310582736,78.34826956228913,0
monotone_clamp_retrained,28,97,2,12,0,1,80.14413356781006,11544.698178768158,9813.785077147295,93.15769442886706,29741.531015759094,80.43164846582134,0
monotone_clamp_retrained,28,96,2,12,0,1,80.15323042869568,11544.29703950882,9753.094404462716,102.82435877006729,37983.235537939174,80.43164846582134,0
monotone_clamp_retrained,28,95,2,12,0,1,80.16902923583984,11620.366275310516,9682.596037482082,99.4596262322903,45956.81722114136,80.76388620962199,0
monotone_clamp_retrained,28,94,2,12,0,1,80.18331050872803,11683.000922203064,9616.696282608753,82.64205753837636,52583.330981821164,80.76388620962199,0
monotone_clamp_retrained,28,93,2,12,0,1,80.19566059112549,11727.750301361084,9561.199457583061,98.61884308419738,60492.13424969092,81.2516721329647,0
monotone_clamp_retrained,28,92,2,12,0,1,80.20507454872131,11778.29772233963,9495.150787756316,115.00256305723308,69715.92339299033,81.68189079408234,0
monotone_clamp_retrained,28,91,2,12,0,1,80.21147727966309,11835.218220949173,9421.315649827706,99.79972045265222,77721.00640259497,81.68189079408234,0
monotone_clamp_retrained,28,90,2,12,0,1,80.21147727966309,11831.328868865967,9353.704094521117,113.70723118829801,86841.63139358853,82.82831677780638,0
monotone_clamp_retrained,28,89,2,12,0,1,80.21147727966309,11838.074773550034,9277.671822714752,94.58197926343317,94428.19167434296,82.82831677780638,0
monotone_clamp_retrained,28,88,2,12,0,1,80.21147727966309,11854.855120182037,9215.69625443681,98.64967079034393,102341.02750158888,82.82831677780638,0
monotone_clamp_retrained,28,87,2,12,0,1,80.21147727966309,11868.647336959839,9149.742789331574,108.58963398865433,111051.16246107675,84.56293398444693,0
monotone_clamp_retrained,28,86,2,12,0,1,80.21278381347656,11887.4292075634,9077.101663857778,106.1882324859096,119568.8161970042,84.56293398444693,0
monotone_clamp_retrained,28,85,2,12,0,1,80.21522879600525,11905.74899315834,9005.746274771931,102.16340195321035,127763.87685925921,84.8282916403851,0
monotone_clamp_retrained,28,84,2,12,0,1,80.21553039550781,11922.191083431244,8937.400373450098,92.40756270414572,135176.3985141284,87.66566629607894,0
monotone_clamp_retrained,28,83,2,12,0,1,80.21553039550781,11938.23516368866,8876.479543611698,114.55296735219346,144365.3255486639,87.66566629607894,0
monotone_clamp_retrained,28,82,2,12,0,1,80.21553039550781,11954.701244831085,8799.020010596025,119.17525878374512,153925.03214202393,87.66566629607894,0
monotone_clamp_retrained,28,81,2,12,0,1,80.21553039550781,11973.190307617188,8721.37168663127,115.092860736958,163157.26701077534,88.02391932314761,0
monotone_clamp_retrained,28,80,2,12,0,1,80.21558046340942,11992.04072356224,8645.478811562905,116.07492337427635,172468.2843664887,88.02391932314761,0
monotone_clamp_retrained,28,79,2,12,0,1,80.21558046340942,12014.521807432175,8570.282392295594,105.07161504963463,180896.66495792303,89.41124357506565,0
monotone_clamp_retrained,28,78,2,12,0,1,80.21558046340942,12050.878554582596,8499.917292589442,99.25477135869909,188858.44405622405,89.85798532780689,0
monotone_clamp_retrained,28,77,2,12,0,1,80.21558046340942,12085.168659687042,8434.1873392948,128.25316705733758,199146.346297999,91.10061121112462,0
monotone_clamp_retrained,28,76,2,12,0,1,80.21558046340942,12121.83102965355,8345.952044908863,115.60477095752218,208419.65010469613,91.10061121112462,0
monotone_clamp_retrained,28,75,2,12,0,1,80.21558046340942,12179.017961025238,8268.271095119315,108.77969048384071,217145.47611948743,91.10061121112462,0
monotone_clamp_retrained,28,74,2,12,0,1,80.21558046340942,12220.859229564667,8195.15870117393,133.5367954041651,227857.20767605607,91.10061121112462,0
monotone_clamp_retrained,28,73,2,12,0,1,80.21558046340942,12264.187783002853,8103.7320702139405,119.32304330250726,237428.77485722722,91.59938678561403,0
monotone_clamp_retrained,28,72,2,12,0,1,80.21558046340942,12296.14570736885,8023.183477164133,116.5039247863786,246774.20481023198,91.59938678561403,0
monotone_clamp_retrained,28,71,2,12,0,1,80.21558046340942,12344.700396060944,7943.048980625247,113.15454272093146,255850.96213666315,93.48039800843478,0
monotone_clamp_retrained,28,70,2,12,0,1,80.21558046340942,12392.149269580841,7865.625803755311,115.0820158227494,265082.33283678425,93.48039800843478,0
monotone_clamp_retrained,28,69,2,12,0,1,80.21558046340942,12425.105422735214,7787.1833016662,113.05268689670541,274150.91973915155,93.48039800843478,0
monotone_clamp_retrained,28,68,2,12,0,1,80.21558046340942,12462.528347969055,7709.027008189809,118.06374573186572,283621.47163471754,95.11469441166237,0
monotone_clamp_retrained,28,67,2,12,0,1,80.21558046340942,12504.60147857666,7626.785322598396,122.21200504443817,293424.77855895425,95.11469441166237,0
monotone_clamp_retrained,28,66,2,12,0,1,80.21558046340942,12657.575607299805,7544.214213689051,122.39548300239473,303242.8032740907,96.29318018780998,0
monotone_clamp_retrained,28,65,2,12,0,1,80.21558046340942,12843.393385410309,7459.549898414141,128.453619026714,313546.7848869442,96.29318018780998,0
monotone_clamp_retrained,28,64,2,12,0,1,80.21558046340942,13025.811314582825,7370.703833440206,123.12525708239386,323423.34885351494,96.29318018780998,0
monotone_clamp_retrained,28,63,2,12,0,1,80.21558046340942,13172.473907470703,7283.835426887132,127.90938043351775,333683.67405170464,96.29318018780998,0
monotone_clamp_retrained,28,62,2,12,0,1,80.21558046340942,13268.753290176392,7195.714063728539,132.50305779423547,344312.4837458459,96.29318018780998,0
monotone_clamp_retrained,28,61,2,12,0,1,80.21558046340942,13367.388844490051,7104.412019267906,149.61630408487872,356314.0424248044,96.40873891602581,0
monotone_clamp_retrained,28,60,2,12,0,1,80.21558046340942,13448.690474033356,6998.933796077002,150.9453341178358,368422.2100193099,121.48371342624034,0
monotone_clamp_retrained,28,59,2,12,0,1,80.21558046340942,13524.262011051178,6897.144960848338,150.78569440736808,380517.5720217752,121.717787817549,0
monotone_clamp_retrained,28,58,2,12,0,1,80.21558046340942,13592.777252197266,6791.982891138387,163.08725655584053,393599.7109725869,121.717787817549,0
monotone_clamp_retrained,28,57,2,12,0,1,80.21558046340942,13651.198744773865,6679.29008098007,141.711635078057,404967.19203879207,121.717787817549,0
monotone_clamp_retrained,28,56,2,12,0,1,80.21558046340942,13667.844533920288,6578.353114261789,158.04138123700864,417644.5731719577,121.717787817549,0
monotone_clamp_retrained,28,55,2,12,0,1,80.21558046340942,13673.981428146362,6465.994797279274,155.92195501138826,430151.9433001858,125.52438207732914,0
monotone_clamp_retrained,28,54,2,12,0,1,80.21558046340942,13688.732385635376,6356.62787999372,156.638063236766,442716.7564653872,125.52438207732914,0
monotone_clamp_retrained,28,53,2,12,0,1,80.21558046340942,13703.216016292572,6246.749406361432,150.88715692477308,454820.2573425814,125.52438207732914,0
monotone_clamp_retrained,28,52,2,12,0,1,80.21558046340942,13717.176616191864,6139.6016374992405,151.28378383432488,466955.57387755276,125.77567823347204,0
monotone_clamp_retrained,28,51,2,12,0,1,80.21558046340942,13715.875744819641,6035.168467187671,156.6320000835784,479519.9006834018,127.57061847614774,0
monotone_clamp_retrained,28,50,2,12,0,1,80.21558046340942,13700.77908039093,5921.237765638165,136.29438868741107,490452.83418586804,127.57061847614774,0
monotone_clamp_retrained,28,49,2,12,0,1,80.21558046340942,13682.668507099152,5826.85501185925,140.28688260949093,501706.02790579054,127.56529444817109,0
monotone_clamp_retrained,28,48,2,12,0,1,80.21558046340942,13625.7004737854,5727.237006392197,153.08883267225082,513986.1374810609,127.56529444817109,0
monotone_clamp_retrained,28,47,2,12,0,1,80.21558046340942,13541.431427001953,5622.116773891218,167.9428927710985,527457.7741093987,127.56529444817109,0
monotone_clamp_retrained,28,46,2,12,0,1,80.21558046340942,13435.454964637756,5505.420246321112,179.55525502428574,541860.9031164274,130.8145259896823,0
monotone_clamp_retrained,28,45,2,12,0,1,80.21558046340942,13332.813382148743,5376.5989882204,167.4449651217851,555292.5981893467,130.8145259896823,0
monotone_clamp_retrained,28,44,2,12,0,1,80.21558046340942,13260.610401630402,5257.830461582707,169.09153310162955,568856.3736685418,131.2339851260106,0
monotone_clamp_retrained,28,43,2,12,0,1,80.21558046340942,13172.683417797089,5136.507584239824,151.4449939738545,581004.6217684321,131.2339851260106,0
monotone_clamp_retrained,28,42,2,12,0,1,80.21558046340942,13081.216216087341,5028.881413439468,158.4474501303097,593714.575953582,131.2339851260106,0
monotone_clamp_retrained,28,41,2,12,0,1,80.21558046340942,12943.22520494461,4915.8948767600195,161.37120886638937,606659.0611428814,134.1721664575167,0
monotone_clamp_retrained,28,40,2,12,0,1,80.21558046340942,12796.364426612854,4800.663942426687,165.1019284679092,619902.8081705631,134.1721664575167,0
monotone_clamp_retrained,28,39,2,12,0,1,80.21558046340942,12656.062543392181,4683.774371104153,174.25315767913213,633880.6263613767,134.1721664575167,0
monotone_clamp_retrained,28,38,2,12,0,1,80.21558046340942,12657.724022865295,4562.410887874234,159.49881705253486,646674.916554473,135.24479254111014,0
monotone_clamp_retrained,28,37,2,12,0,1,80.21558046340942,12582.11612701416,4450.5643472969405,171.78895522978587,660455.0673154329,135.24479254111014,0
monotone_clamp_retrained,28,36,2,12,0,1,80.21558046340942,12475.693672895432,4327.209799025467,168.46717013327387,673968.7591567015,135.3776796692217,0
monotone_clamp_retrained,28,35,2,12,0,1,80.21558046340942,12413.682639598846,4206.7337658223905,170.01579120822726,687606.6745364153,135.3776796692217,0
monotone_clamp_retrained,28,34,2,12,0,1,80.21558046340942,12338.577508926392,4082.35323845503,169.26243311682958,701184.1588595308,135.3776796692217,0
monotone_clamp_retrained,28,33,2,12,0,1,80.21558046340942,12291.715890169144,3956.7194231444446,178.20601823541006,715479.0580543572,135.3776796692217,0
monotone_clamp_retrained,28,32,2,12,0,1,80.21558046340942,12273.694574832916,3827.563528044574,166.37521675812334,728824.9426413357,137.67563429490323,0
monotone_clamp_retrained,28,31,2,12,0,1,80.21558046340942,12218.052595853806,3708.3415341501695,186.95357882738205,743821.5324866859,146.59908961842842,0
monotone_clamp_retrained,28,30,2,12,0,1,80.21558046340942,12206.782549619675,3572.07403991928,188.47593365950985,758940.2389085665,146.67867998707746,0
monotone_clamp_retrained,28,29,2,12,0,1,80.21558046340942,12177.677601575851,3437.035539343243,186.4805039368588,773898.8807769708,149.0471367442043,0
monotone_clamp_retrained,28,28,2,12,0,1,80.22227048873901,12171.934247016907,3300.232943214007,181.6794210056729,788473.6164311253,149.0471367442043,0
monotone_clamp_retrained,28,27,2,12,0,1,80.23131847381592,12167.289853096008,3167.049845919064,180.45041299186184,802951.390984607,149.46787494367135,0
monotone_clamp_retrained,28,26,2,12,0,1,80.24327397346497,12154.544740915298,3031.9325638383616,200.6109105039461,819049.0672382414,149.46787494367135,0
monotone_clamp_retrained,28,25,2,12,0,1,80.2626085281372,12112.292647361755,2881.627554133698,199.4615373021645,835058.3705231455,154.18295349612166,0
monotone_clamp_retrained,28,24,2,12,0,1,80.28016805648804,12079.600393772125,2731.09852329176,186.7489521971827,850050.6077899084,154.86606328959272,0
monotone_clamp_retrained,28,23,2,12,0,1,80.29668688774109,12000.113725662231,2593.3934045185897,201.83919488254384,866257.6264230658,155.75897319641388,0
monotone_clamp_retrained,28,22,2,12,0,1,80.3181540966034,11963.708400726318,2439.686605888708,214.18406537468886,883460.495190867,158.80352394212818,0
monotone_clamp_retrained,28,21,2,12,0,1,80.34565806388855,11912.776231765747,2277.0150982939576,192.78354738690396,898949.8161695587,158.80352394212818,0
monotone_clamp_retrained,28,20,2,12,0,1,80.37971138954163,11874.992549419403,2131.2528125262907,205.5672466895779,915473.2521296097,158.80352394212818,0
monotone_clamp_retrained,28,19,2,12,0,1,80.41778445243835,11833.877712488174,1975.6668025942035,203.03414481282454,931800.8082236525,158.80352394212818,0
monotone_clamp_retrained,28,18,2,12,0,1,80.46339869499207,11785.62879562378,1829.0024502890265,189.87772941548988,947079.0156689109,163.45135432315968,0
monotone_clamp_retrained,28,17,2,12,0,1,80.52014708518982,11738.834381103516,1679.4452004779014,198.4550669800126,963058.6468519428,163.45135432315968,0
monotone_clamp_retrained,28,16,2,12,0,1,80.58921217918396,11703.883707523346,1528.106910640572,200.7726136865166,979238.7536160948,163.48588367478033,0
monotone_clamp_retrained,28,15,2,12,0,1,80.62963485717773,11666.310429573059,1373.3376095945423,201.31498914115068,995470.7076818225,166.63305223218825,0
monotone_clamp_retrained,28,14,2,12,0,1,80.70365309715271,11355.665922164917,1219.970369114084,201.87020407787136,1011762.3706023744,167.6035577215017,0
monotone_clamp_retrained,28,13,2,12,0,1,80.75863003730774,10947.985053062439,1064.3020220310264,217.7502149130622,1029347.5796490826,168.05485080599917,0
monotone_clamp_retrained,28,12,2,12,0,1,80.77892065048218,10657.12109208107,894.1371969612956,53.20021984080631,1033645.0359861914,169.09384479432455,0
monotone_clamp_retrained,28,11,2,12,0,1,80.78184008598328,10590.470284223557,852.3720253874944,0.0,1033645.0359861914,169.09384479432455,0
monotone_clamp_retrained,28,10,2,12,0,1,80.7860815525055,10585.816949605942,852.3720253874944,0.0,1033645.0359861914,170.63726322604822,0
monotone_clamp_retrained,28,9,2,12,0,1,80.79336166381836,10589.277148246765,852.3720253874944,32.01075144917559,1036231.2922051552,170.84305227950415,0
monotone_clamp_retrained,28,8,2,12,0,1,80.80534815788269,10546.490848064423,826.7255832519131,0.0,1036231.2922051552,170.84305227950415,0
monotone_clamp_retrained,28,7,2,12,0,1,80.81241965293884,10540.280491113663,826.7255832519131,9.59378587160063,1037006.5892550715,170.84305227950415,0
monotone_clamp_retrained,28,6,2,12,0,1,80.82126379013062,10527.896881103516,818.9580277968253,15.054706025079213,1038223.3296220073,170.84305227950415,0
monotone_clamp_retrained,28,5,2,12,0,1,80.8280897140503,10501.407533884048,806.7964042597323,0.37407806574083224,1038253.5656374651,155.39122305741984,0
monotone_clamp_retrained,28,4,2,12,0,1,80.8330488204956,10494.280308485031,806.491350115246,18.389405539548534,1039740.0373532233,149.0674834074808,0
monotone_clamp_retrained,28,3,2,12,0,1,80.8402144908905,10467.828810214996,791.5676806535157,0.0,1039740.0373532233,142.23678861945825,0
monotone_clamp_retrained,28,2,2,12,0,1,80.84505081176758,10459.198951721191,791.5676806535157,14.684729647769927,1040927.2250677544,135.31638940994628,0
monotone_clamp_retrained,28,1,2,12,0,1,80.85193037986755,10437.723845243454,779.1139784439656,2.725015768844969,1041147.5478529811,127.3584148712835,0
monotone_clamp_retrained,29,100,3,12,0,1,80.0471043586731,10301.295220851898,10000.0,96.48875978710852,7723.645824117616,78.9152323625027,0
monotone_clamp_retrained,29,99,3,12,0,1,80.08616328239441,10703.895539045334,9936.643112397362,98.27422000418217,15594.051053822499,78.9152323625027,0
monotone_clamp_retrained,29,98,3,12,0,1,80.08632183074951,10694.37861442566,9872.103195284606,102.16643560814752,23776.185096237146,78.9152323625027,0
monotone_clamp_retrained,29,97,3,12,0,1,80.08632183074951,10823.051184415817,9804.708262949205,104.33561090669022,32132.040409718196,80.54394018700624,0
monotone_clamp_retrained,29,96,3,12,0,1,80.08632183074951,10924.646705389023,9736.565005406801,97.31740416420314,39925.83335934569,80.54394018700624,0
monotone_clamp_retrained,29,95,3,12,0,1,80.08632183074951,11036.636978387833,9673.164523224625,86.84299355419707,46880.76928987283,80.87617793080689,0
monotone_clamp_retrained,29,94,3,12,0,1,80.08632183074951,11152.97645330429,9618.03867689405,101.28799066918907,54992.551908195455,80.87617793080689,0
monotone_clamp_retrained,29,93,3,12,0,1,80.08632183074951,11281.23253583908,9551.852441996267,95.29896264291885,62624.69530055283,81.3639638541496,0
monotone_clamp_retrained,29,92,3,12,0,1,80.08632183074951,11386.138796806335,9489.207213166543,104.68184776572919,71008.27945055654,81.79418251526724,0
monotone_clamp_retrained,29,91,3,12,0,1,80.08632183074951,11469.466239213943,9418.869347299249,108.248575724436,79677.50972374398,81.79418251526724,0
monotone_clamp_retrained,29,90,3,12,0,1,80.08632183074951,11542.72809624672,9345.595638475992,126.62060855483534,89818.08853087187,82.94060849899128,0
monotone_clamp_retrained,29,89,3,12,0,1,80.08632183074951,11627.452224493027,9260.70471918387,103.99537703334066,98146.69576487412,82.94060849899128,0
monotone_clamp_retrained,29,88,3,12,0,1,80.08632183074951,11703.350245952606,9194.10415336434,91.43708294383107,105469.55541677872,82.94060849899128,0
monotone_clamp_retrained,29,87,3,12,0,1,80.08632183074951,11748.380661010742,9130.679467546433,126.87585877757421,115630.57627539226,84.67522570563183,0
monotone_clamp_retrained,29,86,3,12,0,1,80.08632183074951,11798.429042100906,9045.057950068212,104.59608146442697,124007.29171778765,84.67522570563183,0
monotone_clamp_retrained,29,85,3,12,0,1,80.08632183074951,11854.883581399918,8974.243199864995,92.47150398777934,131412.9943463264,84.94058336157,0
monotone_clamp_retrained,29,84,3,12,0,1,80.08632183074951,11875.01460313797,8912.758137178907,105.51039232516433,139862.93358256813,87.77795801726384,0
monotone_clamp_retrained,29,83,3,12,0,1,80.08632183074951,11908.372938632965,8839.721706996746,100.82381931334511,147937.54242430202,87.77795801726384,0
monotone_clamp_retrained,29,82,3,12,0,1,80.08632183074951,11901.991665363312,8771.416675567994,114.99042340876117,157146.7024808702,87.77795801726384,0
monotone_clamp_retrained,29,81,3,12,0,1,80.08632183074951,11895.984560251236,8692.452388046035,105.7653676252891,165617.06175105664,88.13621104433251,0
monotone_clamp_retrained,29,80,3,12,0,1,80.08632183074951,11890.121549367905,8621.946038916296,93.50241725622321,173105.32643139156,88.13621104433251,0
monotone_clamp_retrained,29,79,3,12,0,1,80.08632183074951,11895.41146159172,8557.49163195676,120.92754682067068,182789.96886427482,89.52353529625056,0
monotone_clamp_retrained,29,78,3,12,0,1,80.08632183074951,11911.576241254807,8476.357142224264,114.85857657142158,191988.5697925955,89.97027704899179,0
monotone_clamp_retrained,29,77,3,12,0,1,80.08632183074951,11928.913593292236,8400.490695769422,111.33537654328833,200905.01058958896,91.21290293230952,0
monotone_clamp_retrained,29,76,3,12,0,1,80.08632183074951,11946.01833820343,8323.961423172801,109.14230919741543,209645.81668932433,91.21290293230952,0
monotone_clamp_retrained,29,75,3,12,0,1,80.08632183074951,11953.758299350739,8249.68778723393,121.8093221260504,219401.07726309664,91.21290293230952,0
monotone_clamp_retrained,29,74,3,12,0,1,80.08632183074951,11945.091187953949,8165.901350151431,108.72483114927297,228108.4490815112,91.21290293230952,0
monotone_clamp_retrained,29,73,3,12,0,1,80.08632183074951,11942.855566740036,8089.753530892832,127.82431994534289,238345.42870645062,91.71167850679893,0
monotone_clamp_retrained,29,72,3,12,0,1,80.08632183074951,11946.913599967957,8000.980915342499,120.7633388274978,248016.92032514545,91.71167850679893,0
monotone_clamp_retrained,29,71,3,12,0,1,80.08632183074951,11950.48213005066,7917.390219592623,123.01278374783405,257868.56171367088,93.59268972961968,0
monotone_clamp_retrained,29,70,3,12,0,1,80.08632183074951,11957.928240299225,7835.080534077191,124.5942993295748,267846.86086805596,93.59268972961968,0
monotone_clamp_retrained,29,69,3,12,0,1,80.08632183074951,11959.007382392883,7750.919559127683,119.58338598963574,277423.85440403264,93.59268972961968,0
monotone_clamp_retrained,29,68,3,12,0,1,80.08632183074951,11960.205435752869,7668.928834281864,121.78058675855958,287176.81366791617,95.22698613284727,0
monotone_clamp_retrained,29,67,3,12,0,1,80.08632183074951,11964.208483695984,7582.6988520158075,123.70588959506715,297083.96335438587,95.22698613284727,0
monotone_clamp_retrained,29,66,3,12,0,1,80.08632183074951,11967.853009700775,7497.649808405382,124.79938419314527,307078.68700115744,96.40547190899488,0
monotone_clamp_retrained,29,65,3,12,0,1,80.08632183074951,11971.601247787476,7411.363711312115,106.21284249824926,315584.88288803096,96.40547190899488,0
monotone_clamp_retrained,29,64,3,12,0,1,80.08632183074951,11973.883509635925,7340.379725438026,115.17605037936463,324808.90912590735,96.40547190899488,0
monotone_clamp_retrained,29,63,3,12,0,1,80.08632183074951,11981.579512357712,7258.042135333097,117.19495427525763,334194.62195093563,96.40547190899488,0
monotone_clamp_retrained,29,62,3,12,0,1,80.08632183074951,11998.020112514496,7175.884560104405,129.80497296718164,344590.2247912171,96.40547190899488,0
monotone_clamp_retrained,29,61,3,12,0,1,80.08632183074951,12015.005350112915,7087.8909127229235,161.43568851860766,357519.0152968869,96.52103063721071,0
monotone_clamp_retrained,29,60,3,12,0,1,80.08632183074951,12031.620740890503,6973.99214161762,155.22025555707907,369950.0346380823,121.59600514742525,0
monotone_clamp_retrained,29,59,3,12,0,1,80.08632183074951,12051.438689231873,6864.110137305564,134.37356568233318,380711.519264863,121.8300795387339,0
monotone_clamp_retrained,29,58,3,12,0,1,80.08694767951965,12073.415517807007,6770.079043338248,138.4361462642987,391798.4476676862,121.8300795387339,0
monotone_clamp_retrained,29,57,3,12,0,1,80.08934259414673,12113.932073116302,6672.765147482743,149.4144633689845,403764.9538129654,121.8300795387339,0
monotone_clamp_retrained,29,56,3,12,0,1,80.0926673412323,12168.053835630417,6568.952338058655,160.19042585893936,416595.0323025358,121.8300795387339,0
monotone_clamp_retrained,29,55,3,12,0,1,80.09652018547058,12223.784625530243,6460.192768011193,156.17730493978968,429104.29096015805,125.63667379851404,0
monotone_clamp_retrained,29,54,3,12,0,1,80.10069727897644,12281.877398490906,6346.6298693459685,163.85946385732888,442229.5482708893,125.63667379851404,0
monotone_clamp_retrained,29,53,3,12,0,1,80.10404825210571,12347.584664821625,6233.239180825604,159.26284663666493,454987.14702264045,125.63667379851404,0
monotone_clamp_retrained,29,52,3,12,0,1,80.10766863822937,12417.964935302734,6121.281829639038,162.10952859262522,467973.36342223804,125.88796995465694,0
monotone_clamp_retrained,29,51,3,12,0,1,80.11131286621094,12486.806958913803,6009.153522265371,161.92514486522163,480945.3993634423,127.68291019733265,0
monotone_clamp_retrained,29,50,3,12,0,1,80.11564254760742,12556.301057338715,5894.559273590905,148.7793434624944,492864.9520627512,127.68291019733265,0
monotone_clamp_retrained,29,49,3,12,0,1,80.1167380809784,12612.731456756592,5787.860231954561,169.11020475752858,506413.5100441308,127.67758616935599,0
monotone_clamp_retrained,29,48,3,12,0,1,80.1208245754242,12672.22136259079,5665.489421296543,137.0103058521147,517390.88872433326,127.67758616935599,0
monotone_clamp_retrained,29,47,3,12,0,1,80.12515306472778,12729.73895072937,5567.422666442379,165.07483034173495,530617.5347725988,127.67758616935599,0
monotone_clamp_retrained,29,46,3,12,0,1,80.12871623039246,12778.336703777313,5450.104609517127,160.74602641047696,543497.907508007,130.9268177108672,0
monotone_clamp_retrained,29,45,3,12,0,1,80.12985467910767,12840.240895748138,5334.462020685071,168.0581234669201,556964.3805190548,130.9268177108672,0
monotone_clamp_retrained,29,44,3,12,0,1,80.12985467910767,12846.572995185852,5215.64592589249,164.41481684752702,570138.9159001393,131.3462768471955,0
monotone_clamp_retrained,29,43,3,12,0,1,80.12985467910767,12878.818809986115,5098.187437534286,156.6576630008319,582691.8716707645,131.3462768471955,0
monotone_clamp_retrained,29,42,3,12,0,1,80.12985467910767,12937.55292892456,4984.917925324116,161.6994411895499,595648.824394976,131.3462768471955,0
monotone_clamp_retrained,29,41,3,12,0,1,80.12985467910767,12982.571125030518,4872.033350298592,161.99606473891362,608629.5455210925,134.2844581787016,0
monotone_clamp_retrained,29,40,3,12,0,1,80.12985467910767,13028.632700443268,4758.720938319764,173.63523586369314,622542.9117380228,134.2844581787016,0
monotone_clamp_retrained,29,39,3,12,0,1,80.12985467910767,13079.899251461029,4633.741647502844,175.62678422610517,636615.8604358196,134.2844581787016,0
monotone_clamp_retrained,29,38,3,12,0,1,80.12985467910767,13140.864074230194,4510.945929111345,180.56024009775368,651084.1262356774,135.35708426229505,0
monotone_clamp_retrained,29,37,3,12,0,1,80.1305365562439,13204.501271247864,4378.802476219999,158.61987724920021,663794.4221081414,135.35708426229505,0
monotone_clamp_retrained,29,36,3,12,0,1,80.13294696807861,13266.348838806152,4259.765035940256,162.03046786111068,676778.4009964687,135.4899713904066,0
monotone_clamp_retrained,29,35,3,12,0,1,80.13696789741516,13323.648571968079,4143.825393596766,166.48159581183117,690119.7312955519,135.4899713904066,0
monotone_clamp_retrained,29,34,3,12,0,1,80.14009833335876,13347.961604595184,4021.3172790881154,174.74154695882376,704123.5360517552,135.4899713904066,0
monotone_clamp_retrained,29,33,3,12,0,1,80.14650702476501,13296.753764152527,3888.831890456292,163.70588593872446,717243.9909891386,135.4899713904066,0
monotone_clamp_retrained,29,32,3,12,0,1,80.15474200248718,13288.608193397522,3772.232956337235,184.1292230431577,732002.8213572813,137.78792601608814,0
monotone_clamp_retrained,29,31,3,12,0,1,80.16119837760925,13285.191059112549,3639.497161415761,170.9519761938829,745706.5366340035,146.71138133961333,0
monotone_clamp_retrained,29,30,3,12,0,1,80.16685366630554,13279.801607131958,3513.4123943491713,195.29406375741956,761362.6472651428,146.79097170826236,0
monotone_clamp_retrained,29,29,3,12,0,1,80.17289161682129,13264.326751232147,3370.8729262085517,178.64363155216557,775685.0237756099,149.1594284653892,0
monotone_clamp_retrained,29,28,3,12,0,1,80.17289161682129,13242.369890213013,3238.808899945683,182.31838432112488,790302.0158415415,149.1594284653892,0
monotone_clamp_retrained,29,27,3,12,0,1,80.17289161682129,13220.297396183014,3100.9450840609925,185.25953107376972,805154.8081473019,149.58016666485625,0
monotone_clamp_retrained,29,26,3,12,0,1,80.17289161682129,13166.04733467102,2965.5615825663344,210.1863483589468,822006.0554736191,149.58016666485625,0
monotone_clamp_retrained,29,25,3,12,0,1,80.17289161682129,13072.876334190369,2809.908603529986,178.48844847616493,836315.9905081533,154.29524521730656,0
monotone_clamp_retrained,29,24,3,12,0,1,80.17289161682129,12984.10564661026,2674.861717537863,193.29536651886855,851813.0389781044,154.97835501077762,0
monotone_clamp_retrained,29,23,3,12,0,1,80.17289161682129,12882.594764232635,2528.1263479285462,196.01658390163152,867528.2553143494,155.87126491759878,0
monotone_clamp_retrained,29,22,3,12,0,1,80.17289161682129,12777.254283428192,2380.1915641918285,198.07040321996774,883408.132284204,158.91581566331308,0
monotone_clamp_retrained,29,21,3,12,0,1,80.17289161682129,12668.971717357635,2228.374870492369,178.93357253653568,897753.7542017864,158.91581566331308,0
monotone_clamp_retrained,29,20,3,12,0,1,80.17289161682129,12569.749355316162,2092.2851078103204,196.7724548256655,913529.5708957002,158.91581566331308,0
monotone_clamp_retrained,29,19,3,12,0,1,80.17289161682129,12473.42124581337,1938.0392918044117,196.54171611581626,929286.8886000377,158.91581566331308,0
monotone_clamp_retrained,29,18,3,12,0,1,80.17289161682129,12396.028935909271,1785.3021106820343,210.07023318661376,946128.8266372285,163.56364604434458,0
monotone_clamp_retrained,29,17,3,12,0,1,80.17289161682129,12301.674336194992,1625.840465240326,207.38193928028116,962755.2363784327,163.56364604434458,0
monotone_clamp_retrained,29,16,3,12,0,1,80.17289161682129,12181.861251592636,1464.3338575344223,216.81735710117482,980138.1108499508,163.59817539596523,0
monotone_clamp_retrained,29,15,3,12,0,1,80.17289161682129,11723.470538854599,1294.8158312057003,207.2107148097568,996750.7930302375,166.74534395337315,0
monotone_clamp_retrained,29,14,3,12,0,1,80.18031597137451,10874.18869137764,1132.9596108367077,203.25359492973965,1013047.7304940218,167.7158494426866,0
monotone_clamp_retrained,29,13,3,12,0,1,80.22287487983704,10375.361293554306,976.7292434515311,0.0,1013047.7304940218,168.16714252718407,0
monotone_clamp_retrained,29,12,3,12,0,1,80.26463031768799,10277.838557958603,976.7292434515311,0.0,1013047.7304940218,169.09384479432455,0
monotone_clamp_retrained,29,11,3,12,0,1,80.27632474899292,10272.016525268555,976.7292434515311,0.0,1013047.7304940218,169.09384479432455,0
monotone_clamp_retrained,29,10,3,12,0,1,80.28218388557434,10262.516587972641,976.7292434515311,0.0,1013047.7304940218,170.63726322604822,0
monotone_clamp_retrained,29,9,3,12,0,1,80.28799057006836,10252.517014741898,976.7292434515311,0.0,1013047.7304940218,170.84305227950415,0
monotone_clamp_retrained,29,8,3,12,0,1,80.29397487640381,10242.367833852768,976.7292434515311,0.0,1013047.7304940218,170.84305227950415,0
monotone_clamp_retrained,29,7,3,12,0,1,80.30008912086487,10233.278423547745,976.7292434515311,0.0,1013047.7304940218,170.84305227950415,0
monotone_clamp_retrained,29,6,3,12,0,1,80.306396484375,10224.84079003334,976.7292434515311,0.0,1013047.7304940218,170.84305227950415,0
monotone_clamp_retrained,29,5,3,12,0,1,80.31300783157349,10216.348767280579,976.7292434515311,0.0,1013047.7304940218,155.39122305741984,0
monotone_clamp_retrained,29,4,3,12,0,1,80.31973838806152,10207.916498184204,976.7292434515311,0.0,1013047.7304940218,149.0674834074808,0
monotone_clamp_retrained,29,3,3,12,0,1,80.3268826007843,10199.534744024277,976.7292434515311,12.606019909728275,1014060.3327753737,142.23678861945825,0
monotone_clamp_retrained,29,2,3,12,0,1,80.33437728881836,10182.69807100296,966.1824022181172,6.2684000462868426,1014563.9007896894,135.31638940994628,0
monotone_clamp_retrained,29,1,3,12,0,1,80.34135580062866,10169.006437063217,960.9499133317677,8.767245073484446,1015268.2731455296,127.3584148712835,0
myopic,0,100,2,12,0,1,91.99999988079071,12352.941175922751,10000.0,75.74633178397858,6968.662515096363,78.34826956228913,0
myopic,0,99,2,12,0,1,91.99999988079071,12352.941175922751,9950.262405805606,86.20031138712494,14899.09115243598,78.34826956228913,0
myopic,0,98,2,12,0,1,91.99999988079071,12352.941175922751,9895.463080572097,86.40275352213823,22848.144466172685,78.34826956228913,0
myopic,0,97,2,12,0,1,91.99999988079071,12352.941175922751,9839.260542471835,82.29494799597099,30419.279671991695,80.43164846582134,0
myopic,0,96,2,12,0,1,91.99999988079071,12352.941175922751,9784.942593543026,85.98681815032614,38330.06693157127,80.43164846582134,0
myopic,0,95,2,12,0,1,91.99999988079071,12352.941175922751,9727.125930011875,96.85732635682079,47240.9409448525,80.76388620962199,0
myopic,0,94,2,12,0,1,91.99999988079071,12352.941175922751,9662.544590571759,99.98354053835826,56439.42666246249,80.76388620962199,0
myopic,0,93,2,12,0,1,91.99999988079071,12352.941175922751,9596.451768767967,92.33543298790529,64934.286486342535,81.2516721329647,0
myopic,0,92,2,12,0,1,91.99999988079071,12352.941175922751,9533.601792707334,90.27545080924813,73239.62795003169,81.68189079408234,0
myopic,0,91,2,12,0,1,91.99999988079071,12352.941175922751,9473.86146521852,83.40603229689529,80912.98291140328,81.68189079408234,0
myopic,0,90,2,12,0,1,91.99999988079071,12352.941175922751,9418.300788563012,92.54139629472304,89426.791359486,82.82831677780638,0
myopic,0,89,2,12,0,1,91.99999988079071,12352.941175922751,9357.210516269266,89.10643070798895,97624.58297399867,82.82831677780638,0
myopic,0,88,2,12,0,1,91.99999988079071,12352.941175922751,9297.37264381105,97.00774044540856,106549.29508341203,82.82831677780638,0
myopic,0,87,2,12,0,1,91.99999988079071,12352.941175922751,9231.706316865912,95.52395744024146,115337.4991565269,84.56293398444693,0
myopic,0,86,2,12,0,1,91.99999988079071,12352.941175922751,9167.970734015524,91.93489868966776,123795.50982501684,84.56293398444693,0
myopic,0,85,2,12,0,1,91.99999988079071,12352.941175922751,9104.956365304215,108.02901954767536,133734.1796105249,84.8282916403851,0
myopic,0,84,2,12,0,1,91.99999988079071,12352.941175922751,9033.508001838016,108.19296058382177,143687.9319713389,87.66566629607894,0
myopic,0,83,2,12,0,1,91.99999988079071,12352.941175922751,8958.454081327845,102.3320615915127,153102.48162555913,87.66566629607894,0
myopic,0,82,2,12,0,1,91.99999988079071,12352.941175922751,8888.660018005094,93.9628331877976,161747.06226763525,87.66566629607894,0
myopic,0,81,2,12,0,1,91.99999988079071,12352.941175922751,8823.18454768357,112.15628223568874,172065.44021994853,88.02391932314761,0
myopic,0,80,2,12,0,1,91.99999988079071,12352.941175922751,8744.49512519603,108.51555320405075,182048.87110178513,88.02391932314761,0
myopic,0,79,2,12,0,1,91.99999988079071,12352.941175922751,8670.058831109316,88.81780298956186,190220.1089662369,89.41124357506565,0
myopic,0,78,2,12,0,1,91.99999988079071,12352.941175922751,8609.435193018637,105.09806949832374,199889.13134755404,89.85798532780689,0
myopic,0,77,2,12,0,1,91.99999988079071,12352.941175922751,8539.281762101724,103.00724649916911,209365.7980131982,91.10061121112462,0
myopic,0,76,2,12,0,1,91.99999988079071,12352.941175922751,8468.238124188902,105.414611809416,219063.94228709806,91.10061121112462,0
myopic,0,75,2,12,0,1,91.99999988079071,12352.941175922751,8397.52825700459,94.55264944140077,227762.78602443537,91.10061121112462,0
myopic,0,74,2,12,0,1,91.99999988079071,12352.941175922751,8333.121622548386,91.03451278588405,236137.96118988455,91.10061121112462,0
myopic,0,73,2,12,0,1,91.99999988079071,12352.941175922751,8268.69696468285,96.42564222052975,245009.12026267845,91.59938678561403,0
myopic,0,72,2,12,0,1,91.99999988079071,12352.941175922751,8201.925235316725,100.3859359871779,254244.62636153187,91.59938678561403,0
myopic,0,71,2,12,0,1,91.99999988079071,12352.941175922751,8130.854513829467,113.01740424762401,264642.22753884055,93.48039800843478,0
myopic,0,70,2,12,0,1,91.99999988079071,12352.941175922751,8051.9556811042585,84.82643730579609,272446.2597608617,93.48039800843478,0
myopic,0,69,2,12,0,1,91.99999988079071,12352.941175922751,7993.236483983781,109.7151947374569,282540.05766362866,93.48039800843478,0
myopic,0,68,2,12,0,1,91.99999988079071,12352.941175922751,7915.941758467527,99.30244885358383,291675.8829463206,95.11469441166237,0
myopic,0,67,2,12,0,1,91.99999988079071,12352.941175922751,7844.962713356931,94.9738778634819,300413.4796984391,95.11469441166237,0
myopic,0,66,2,12,0,1,91.99999988079071,12352.941175922751,7779.7509751573325,113.01772552850042,310811.1104335884,96.29318018780998,0
myopic,0,65,2,12,0,1,91.99999988079071,12352.941175922751,7701.039718127113,121.55646629275029,321994.30531803076,96.29318018780998,0
myopic,0,64,2,12,0,1,91.99999988079071,12352.941175922751,7616.04472241438,100.47177290205043,331237.70841304224,96.29318018780998,0
myopic,0,63,2,12,0,1,91.99999988079071,12352.941175922751,7546.373577464578,96.80815668263469,340144.0588163042,96.29318018780998,0
myopic,0,62,2,12,0,1,91.99999988079071,12352.941175922751,7480.23559079028,110.70726991602396,350329.12763538107,96.29318018780998,0
myopic,0,61,2,12,0,1,91.99999988079071,12352.941175922751,7401.939974473313,143.50262064447222,363531.36871756567,96.40873891602581,0
myopic,0,60,2,12,0,1,91.99999988079071,12352.941175922751,7302.616897709504,146.91555524170178,377047.59978228854,121.48371342624034,0
myopic,0,59,2,12,0,1,91.99999988079071,12352.941175922751,7199.907947286456,145.9979618529091,390479.41225535184,121.717787817549,0
myopic,0,58,2,12,0,1,91.99999988079071,12352.941175922751,7097.931093403056,127.5188292834142,402211.1445342245,121.717787817549,0
myopic,0,57,2,12,0,1,91.99999988079071,12352.941175922751,7007.652979391021,141.65432030110819,415243.34198504,121.717787817549,0
myopic,0,56,2,12,0,1,91.99999988079071,12352.941175922751,6907.348061034851,132.89049234333012,427469.2672647846,121.717787817549,0
myopic,0,55,2,12,0,1,91.99999988079071,12352.941175922751,6815.5774444324215,126.3625612169774,439094.62288168294,125.52438207732914,0
myopic,0,54,2,12,0,1,91.99999988079071,12352.941175922751,6725.280323488528,145.49242720260327,452479.9261669784,125.52438207732914,0
myopic,0,53,2,12,0,1,91.99999988079071,12352.941175922751,6622.292270845928,129.25522465798144,464371.4068201042,125.52438207732914,0
myopic,0,52,2,12,0,1,91.99999988079071,12352.941175922751,6529.049833333336,129.5742464746326,476292.237480324,125.77567823347204,0
myopic,0,51,2,12,0,1,91.99999988079071,12352.941175922751,6437.878121963162,144.78554086066995,489612.50722224585,127.57061847614774,0
myopic,0,50,2,12,0,1,91.99999988079071,12352.941175922751,6338.7263105808315,142.9025196782096,502759.5390156058,127.57061847614774,0
myopic,0,49,2,12,0,1,91.99999988079071,12352.941175922751,6237.56744053761,140.68580047750166,515702.6326427649,127.56529444817109,0
myopic,0,48,2,12,0,1,91.99999988079071,12352.941175922751,6136.917537922432,141.42847805803083,528714.0526072441,127.56529444817109,0
myopic,0,47,2,12,0,1,91.99999988079071,12352.941175922751,6034.260680832806,137.3057626646362,541346.1827560226,127.56529444817109,0
myopic,0,46,2,12,0,1,91.99999988079071,12352.941175922751,5933.284704820948,149.1814709834056,555070.8780687121,130.8145259896823,0
myopic,0,45,2,12,0,1,91.99999988079071,12352.941175922751,5824.335136710757,153.15135973472758,569160.80314605,130.8145259896823,0
myopic,0,44,2,12,0,1,91.99999988079071,12352.941175922751,5712.369640078435,150.58507733046807,583014.6302425019,131.2339851260106,0
myopic,0,43,2,12,0,1,91.99999988079071,12352.941175922751,5603.314840643484,132.41825707792148,595197.1098778851,131.2339851260106,0
myopic,0,42,2,12,0,1,91.99999988079071,12352.941175922751,5507.557081343407,140.8965775079595,608159.5949918212,131.2339851260106,0
myopic,0,41,2,12,0,1,91.99999988079071,12352.941175922751,5407.727790760302,149.12031695667704,621878.664134059,134.1721664575167,0
myopic,0,40,2,12,0,1,91.99999988079071,12352.941175922751,5300.231642050592,138.81425912528144,634649.5759570369,134.1721664575167,0
myopic,0,39,2,12,0,1,91.99999988079071,12352.941175922751,5200.773462752436,150.3756294561973,648484.1338490809,134.1721664575167,0
myopic,0,38,2,12,0,1,91.99999988079071,12352.941175922751,5090.237539660557,158.80795257666063,663094.4654672022,135.24479254111014,0
myopic,0,37,2,12,0,1,91.99999988079071,12352.941175922751,4973.9453770339205,156.7086551848289,677511.6617255254,135.24479254111014,0
myopic,0,36,2,12,0,1,91.99999988079071,12352.941175922751,4856.426758167352,157.57526220032383,692008.5858291708,135.3776796692217,0
myopic,0,35,2,12,0,1,91.99999988079071,12352.941175922751,4745.243515404787,158.20340686475367,706563.2992418688,135.3776796692217,0
myopic,0,34,2,12,0,1,91.99999988079071,12352.941175922751,4627.958441672285,151.76410793395308,720525.5971537008,135.3776796692217,0
myopic,0,33,2,12,0,1,91.99999988079071,12352.941175922751,4515.132972109416,153.9545526663266,734689.41598065,135.3776796692217,0
myopic,0,32,2,12,0,1,91.99999988079071,12352.941175922751,4400.502263019666,157.80129596320026,749207.135190453,137.67563429490323,0
myopic,0,31,2,12,0,1,91.99999988079071,12352.941175922751,4287.049095322869,159.88851565240307,763916.8786114139,146.59908961842842,0
myopic,0,30,2,12,0,1,91.99999988079071,12352.941175922751,4169.552984357442,171.99696938516465,779740.5997743454,146.67867998707746,0
myopic,0,29,2,12,0,1,91.99999988079071,12352.941175922751,4041.7637628999037,164.02346493371763,794830.7585286943,149.0471367442043,0
myopic,0,28,2,12,0,1,91.99999988079071,12352.941175922751,3920.6913745569955,159.73181140889432,809526.085159271,149.0471367442043,0
myopic,0,27,2,12,0,1,91.99999988079071,12352.941175922751,3800.875375347082,151.93378967797096,823503.9937915325,149.46787494367135,0
myopic,0,26,2,12,0,1,91.99999988079071,12352.941175922751,3686.0630899623757,168.13593922472785,838972.5001801641,149.46787494367135,0
myopic,0,25,2,12,0,1,91.99999988079071,12352.941175922751,3561.619500585859,150.54734266374913,852822.8556872824,154.18295349612166,0
myopic,0,24,2,12,0,1,91.99999988079071,12352.941175922751,3446.8754335859758,168.33116253453798,868309.3226203932,154.86606328959272,0
myopic,0,23,2,12,0,1,91.99999988079071,12352.941175922751,3320.209971854494,172.15942542891923,884147.9897393308,155.75897319641388,0
myopic,0,22,2,12,0,1,91.99999988079071,12352.941175922751,3185.9205850794588,173.65025471526562,900123.8131524345,158.80352394212818,0
myopic,0,21,2,12,0,1,91.99999988079071,12352.941175922751,3053.22690209524,162.15207951033958,915041.8044480558,158.80352394212818,0
myopic,0,20,2,12,0,1,91.99999988079071,12352.941175922751,2926.2888685999724,181.3885663352971,931729.55252928,158.80352394212818,0
myopic,0,19,2,12,0,1,91.99999988079071,12352.941175922751,2784.9161963059323,179.5240664216955,948245.766618675,158.80352394212818,0
myopic,0,18,2,12,0,1,91.99999988079071,12352.941175922751,2644.827714888479,182.11025925275734,964999.9104482194,163.45135432315968,0
myopic,0,17,2,12,0,1,91.99999988079071,12352.941175922751,2502.820892549692,177.96298507416137,981372.5050538274,163.45135432315968,0
myopic,0,16,2,12,0,1,91.99999988079071,12352.941175922751,2367.7512936168687,190.86066026727428,998931.6857756643,163.48588367478033,0
myopic,0,15,2,12,0,1,91.99999988079071,12352.941175922751,2223.4106238070444,181.77400613246039,1015654.8943181814,166.63305223218825,0
myopic,0,14,2,12,0,1,91.99999988079071,12352.941175922751,2081.687930895413,175.84523559590346,1031832.6559720421,167.6035577215017,0
myopic,0,13,2,12,0,1,91.99999988079071,12352.941175922751,1942.540724007943,183.72421652519387,1048735.2838704584,168.05485080599917,0
myopic,0,12,2,12,0,1,91.99999988079071,12352.941175922751,1798.5610187621878,189.48558798429156,1066167.9579424248,169.09384479432455,0
myopic,0,11,2,12,0,1,91.99999988079071,12352.941175922751,1649.4738813019976,198.13028053855388,1084395.943728353,169.09384479432455,0
myopic,0,10,2,12,0,1,91.99999988079071,12352.941175922751,1491.165394004276,183.449321648054,1101273.281298105,170.63726322604822,0
myopic,0,9,2,12,0,1,91.99999988079071,12352.941175922751,1348.4006408016176,176.78195996752035,1117537.2215940426,170.84305227950415,0
myopic,0,8,2,12,0,1,91.99999988079071,12352.941175922751,1204.5425268450672,186.83915303783877,1134726.4236512508,170.84305227950415,0
myopic,0,7,2,12,0,1,91.99999988079071,12352.941175922751,1054.0280510861503,200.3899984566711,1153162.303485376,170.84305227950415,0
myopic,0,6,2,12,0,1,91.99999988079071,12352.941175922751,893.5819457324797,165.6235182944902,1168399.6671487254,170.84305227950415,0
myopic,0,5,2,12,0,1,91.99999988079071,12352.941175922751,758.6557953155643,168.06866028009213,1183861.9838744586,155.39122305741984,0
myopic,0,4,2,12,0,1,91.99999988079071,12352.941175922751,620.9248438478753,150.9841777414854,1197752.5282086765,149.0674834074808,0
myopic,0,3,2,12,0,1,91.99999988079071,10000.0,497.3204004119907,0.0,1197752.5282086765,142.23678861945825,0
myopic,0,2,2,12,0,1,91.99999988079071,10000.0,497.3204004119907,0.0,1197752.5282086765,135.31638940994628,0
myopic,0,1,2,12,0,1,91.99999988079071,10000.0,497.3204004119907,0.0,1197752.5282086765,127.3584148712835,0
myopic,1,100,2,6,0,0,91.99999988079071,12352.941175922751,10000.0,61.291168480929116,5638.787492939002,53.51064944791461,1
myopic,1,99,2,6,0,0,91.99999988079071,12352.941175922751,9961.392912578076,65.89051880484696,11700.71521513016,53.51064944791461,1
myopic,1,98,2,6,0,0,91.99999988079071,12352.941175922751,9918.468068029377,56.568287143296175,16904.997625569944,53.51064944791461,1
myopic,1,97,2,6,0,0,91.99999988079071,12352.941175922751,9881.48425349887,64.1308888725877,22805.039394203013,55.53276728716988,1
myopic,1,96,2,6,0,0,91.99999988079071,12352.941175922751,9839.715643044236,61.80582020130625,28491.17484535536,55.852472283942966,1
myopic,1,95,2,6,0,0,91.99999988079071,12352.941175922751,9799.232415847844,55.68680957476654,33614.3613195955,56.18471002774361,1
myopic,1,94,2,6,0,0,91.99999988079071,12352.941175922751,9763.170061953868,57.72148776934005,38924.738187493844,56.18471002774361,1
myopic,1,93,2,6,0,0,91.99999988079071,12352.941175922751,9725.233558004706,62.634025820075344,44687.068555474216,56.18471002774361,1
myopic,1,92,2,6,0,0,91.99999988079071,12352.941175922751,9684.665553380553,56.06098126136733,49844.67882483702,56.85789131285237,1
myopic,1,91,2,6,0,0,91.99999988079071,12352.941175922751,9648.285078016088,63.4794796702474,55684.79094693244,56.85789131285237,1
myopic,1,90,2,6,0,0,91.99999988079071,12352.941175922751,9607.051280515494,73.76685274128631,62471.34139033708,57.85980122566746,1
myopic,1,89,2,6,0,0,91.99999988079071,12352.941175922751,9557.982683935032,41.725042394372906,66310.04528564538,57.85980122566746,1
myopic,1,88,2,6,0,0,91.99999988079071,12352.941175922751,9531.636804576003,63.32699628460171,72136.12893627957,57.85980122566746,1
myopic,1,87,2,6,0,0,91.99999988079071,12352.941175922751,9490.451502571472,66.4343170010319,78248.0860924549,59.05581472314141,1
myopic,1,86,2,6,0,0,91.99999988079071,12352.941175922751,9446.687437951232,81.95871505273924,85788.28786753668,59.05581472314141,1
myopic,1,85,2,6,0,0,91.99999988079071,12352.941175922751,9393.929725295571,61.99516495531486,91491.84303603525,59.321172379079584,1
myopic,1,84,2,6,0,0,91.99999988079071,12352.941175922751,9351.720424180548,70.18962898194563,97949.288894007,59.321172379079584,1
myopic,1,83,2,6,0,0,91.99999988079071,12352.941175922751,9304.937484813781,60.903954038831145,103552.45265831915,59.321172379079584,1
myopic,1,82,2,6,0,0,91.99999988079071,12352.941175922751,9265.980515230198,66.74836828429254,109693.30253251703,59.321172379079584,1
myopic,1,81,2,6,0,0,91.99999988079071,12352.941175922751,9221.798071559648,55.58983389655402,114807.56724437317,59.67942540614826,1
myopic,1,80,2,6,0,0,91.99999988079071,12352.941175922751,9185.475752641067,65.34228890096134,120819.05781547222,59.67942540614826,1
myopic,1,79,2,6,0,0,91.99999988079071,12352.941175922751,9142.930086409544,65.62210755760488,126856.2917029491,60.144742931333404,1
myopic,1,78,2,6,0,0,91.99999988079071,12352.941175922751,9099.322965489373,67.89293023249147,133102.44127624485,60.59148468407464,1
myopic,1,77,2,6,0,0,91.99999988079071,12352.941175922751,9054.628637447067,72.35822491033417,139759.39795936982,61.68635059106254,1
myopic,1,76,2,6,0,0,91.99999988079071,12352.941175922751,9005.748069007614,70.1750267725801,146215.50041408167,61.68635059106254,1
myopic,1,75,2,6,0,0,91.99999988079071,12352.941175922751,8959.684571302023,73.4614586063311,152973.95459710684,61.68635059106254,1
myopic,1,74,2,6,0,0,91.99999988079071,12352.941175922751,8911.1108702175,74.77855513945659,159853.58166102256,61.68635059106254,1
myopic,1,73,2,6,0,0,91.99999988079071,12352.941175922751,8862.115182220228,75.06100781818296,166759.19437134743,61.811377832783585,1
myopic,1,72,2,6,0,0,91.99999988079071,12352.941175922751,8811.907089398299,59.81686737337972,172262.34616256764,61.811377832783585,1
myopic,1,71,2,6,0,0,91.99999988079071,12352.941175922751,8772.04522524389,70.23967672622739,178724.39641300734,63.69238905560433,1
myopic,1,70,2,6,0,0,91.99999988079071,12352.941175922751,8724.681957663477,61.94935349652722,184423.7369273029,63.69238905560433,1
myopic,1,69,2,6,0,0,91.99999988079071,12352.941175922751,8683.874062891828,72.30176541255305,191075.49933663875,63.69238905560433,1
myopic,1,68,2,6,0,0,91.99999988079071,12352.941175922751,8635.606272459008,72.58913404361822,197753.69965999832,64.51194257070377,1
myopic,1,67,2,6,0,0,91.99999988079071,12352.941175922751,8586.03179427756,59.171120798212044,203197.4427663801,64.51194257070377,1
myopic,1,66,2,6,0,0,91.99999988079071,12352.941175922751,8545.902467157925,82.15859546930548,210756.03353976214,66.02319309723785,1
myopic,1,65,2,6,0,0,91.99999988079071,12352.941175922751,8490.631181811621,65.87490306311906,216816.5246137162,66.02319309723785,1
myopic,1,64,2,6,0,0,91.99999988079071,12352.941175922751,8445.440190937941,74.38899185868476,223660.31185584734,66.02319309723785,1
myopic,1,63,2,6,0,0,91.99999988079071,12352.941175922751,8394.20827176119,69.5996940486094,230063.48370002248,66.02319309723785,1
myopic,1,62,2,6,0,0,91.99999988079071,12352.941175922751,8348.176755434468,71.53023774905921,236644.26556440885,66.02319309723785,1
myopic,1,61,2,6,0,0,91.99999988079071,12352.941175922751,8299.87353164469,99.55628019364802,245803.44333035644,66.0678136608015,1
myopic,1,60,2,6,0,0,91.99999988079071,12352.941175922751,8231.780442353644,80.30689575778662,253191.67773049948,85.17672399217258,1
myopic,1,59,2,6,0,0,91.99999988079071,12352.941175922751,8178.109473077395,100.42400190996548,262430.6858942448,85.17672399217258,1
myopic,1,58,2,6,0,0,91.99999988079071,12352.941175922751,8108.635537152223,88.23174268999952,270548.0062112067,85.17672399217258,1
myopic,1,57,2,6,0,0,91.99999988079071,12352.941175922751,8048.187814748742,96.91827804747692,279464.48778002104,85.17672399217258,1
myopic,1,56,2,6,0,0,91.99999988079071,12352.941175922751,7981.148480206979,103.10134992168227,288949.81196052517,85.17672399217258,1
myopic,1,55,2,6,0,0,91.99999988079071,12352.941175922751,7909.962253717674,95.3327856410195,297720.4282281344,87.67464619283565,1
myopic,1,54,2,6,0,0,91.99999988079071,12352.941175922751,7844.602388755611,104.53735475703348,307337.86485331965,87.67464619283565,1
myopic,1,53,2,6,0,0,91.99999988079071,12352.941175922751,7775.421084138463,95.34470069714,316109.57730609056,87.67464619283565,1
myopic,1,52,2,6,0,0,91.99999988079071,12352.941175922751,7709.492256928521,86.51315135730336,324068.7872206493,88.00542260216963,1
myopic,1,51,2,6,0,0,91.99999988079071,12352.941175922751,7649.262157105653,92.7056949447177,332597.71114451194,89.3393639748758,1
myopic,1,50,2,6,0,0,91.99999988079071,12352.941175922751,7584.049125045076,97.49568090333729,341567.31377599656,89.3393639748758,1
myopic,1,49,2,6,0,0,91.99999988079071,12352.941175922751,7515.5537719999265,108.25116641698169,351526.4210734543,89.87264365606573,1
myopic,1,48,2,6,0,0,91.99999988079071,12352.941175922751,7439.7137820892185,91.49464842822914,359943.92871794436,89.87264365606573,1
myopic,1,47,2,6,0,0,91.99999988079071,12352.941175922751,7377.587484699374,115.17142699262341,370539.69998753624,89.87264365606573,1
myopic,1,46,2,6,0,0,91.99999988079071,12352.941175922751,7297.253637608184,95.67877405821429,379342.14718948613,92.28499445299059,1
myopic,1,45,2,6,0,0,91.99999988079071,12352.941175922751,7230.102024087655,100.23889979324007,388564.1259585148,92.32417290804567,1
myopic,1,44,2,6,0,0,91.99999988079071,12352.941175922751,7158.811032496391,102.04161589659806,397951.9546088375,92.85601305134094,1
myopic,1,43,2,6,0,0,91.99999988079071,12352.941175922751,7087.065317365478,96.05355266883755,406788.8814429201,92.85601305134094,1
myopic,1,42,2,6,0,0,91.99999988079071,12352.941175922751,7018.8928377103175,94.34849601957526,415468.94306547375,92.85601305134094,1
myopic,1,41,2,6,0,0,91.99999988079071,12352.941175922751,6951.587889396602,114.81092990233618,426031.54860280216,93.6308664821853,1
myopic,1,40,2,6,0,0,91.99999988079071,12352.941175922751,6872.508784818463,82.88959594760459,433657.3914201006,93.6308664821853,1
myopic,1,39,2,6,0,0,91.99999988079071,12352.941175922751,6813.180203804117,124.55516247349024,445116.4663528135,93.6308664821853,1
myopic,1,38,2,6,0,0,91.99999988079071,12352.941175922751,6726.195125249245,94.16641387920932,453779.77641847526,95.04742683727991,1
myopic,1,37,2,6,0,0,91.99999988079071,12352.941175922751,6658.53821352187,97.44620722915876,462744.82747194136,95.04742683727991,1
myopic,1,36,2,6,0,0,91.99999988079071,12352.941175922751,6589.595951150124,101.387040216155,472072.4351597413,95.04742683727991,1
myopic,1,35,2,6,0,0,91.99999988079071,12352.941175922751,6516.4955995393175,100.92956105848027,481357.9547650898,95.04742683727991,1
myopic,1,34,2,6,0,0,91.99999988079071,12352.941175922751,6443.847201943088,102.75971387847662,490811.84842965973,95.04742683727991,1
myopic,1,33,2,6,0,0,91.99999988079071,12352.941175922751,6371.052919970865,103.7610000568083,500357.8604225168,95.04742683727991,1
myopic,1,32,2,6,0,0,91.99999988079071,12352.941175922751,6297.502942187843,111.51411821422454,510617.15928493196,97.00694341239463,1
myopic,1,31,2,6,0,0,91.99999988079071,12352.941175922751,6218.495883537029,102.7188433729046,520067.29286299413,101.69890345053383,1
myopic,1,30,2,6,0,0,91.99999988079071,12352.941175922751,6142.5625509074125,114.76031596023701,530625.2419176555,101.69890345053383,1
myopic,1,29,2,6,0,0,91.99999988079071,12352.941175922751,6059.390996646822,119.27808108202069,541598.8253629823,105.09652333242514,1
myopic,1,28,2,6,0,0,91.99999988079071,12352.941175922751,5973.223927458233,113.81863585007223,552070.1398476207,105.09652333242514,1
myopic,1,27,2,6,0,0,91.99999988079071,12352.941175922751,5889.70175768815,117.9062455278527,562917.5144221276,105.51726153189219,1
myopic,1,26,2,6,0,0,91.99999988079071,12352.941175922751,5805.096005305813,125.98362839077126,574508.0082190601,105.51726153189219,1
myopic,1,25,2,6,0,0,91.99999988079071,12352.941175922751,5713.5859348400045,112.4577801667152,584854.1239809919,108.86577323146005,1
myopic,1,24,2,6,0,0,91.99999988079071,12352.941175922751,5632.073979534177,118.76067827353941,595780.1063680002,110.31606898852215,1
myopic,1,23,2,6,0,0,91.99999988079071,12352.941175922751,5542.508934282253,114.39041462024808,606304.0244994266,111.20897889534331,1
myopic,1,22,2,6,0,0,91.99999988079071,12352.941175922751,5457.724206392935,106.6921069948897,616119.6983302378,112.95137016244168,1
myopic,1,21,2,6,0,0,91.99999988079071,12352.941175922751,5378.593775418279,130.99123319942237,628170.8917689692,112.95137016244168,1
myopic,1,20,2,6,0,0,91.99999988079071,12352.941175922751,5281.47500351519,118.75986246854758,639096.7991019184,112.95137016244168,1
myopic,1,19,2,6,0,0,91.99999988079071,12352.941175922751,5192.537768919649,134.27626955454875,651450.2158849299,112.95137016244168,1
myopic,1,18,2,6,0,0,91.99999988079071,12352.941175922751,5091.049180923324,144.4548463767819,664740.0617343734,117.40424760711261,1
myopic,1,17,2,6,0,0,91.99999988079071,12352.941175922751,4982.177290664563,123.97361891674572,676145.6346599353,117.40424760711261,1
myopic,1,16,2,6,0,0,91.99999988079071,12352.941175922751,4888.848853809431,128.52126977626588,687969.5914640308,117.43877695873326,1
myopic,1,15,2,6,0,0,91.99999988079071,12352.941175922751,4791.420814580802,129.23445069768368,699859.1609128118,117.79311858824813,1
myopic,1,14,2,6,0,0,91.99999988079071,12352.941175922751,4692.990407214009,116.10787271859826,710541.0851890816,118.13382576143007,1
myopic,1,13,2,6,0,0,91.99999988079071,12352.941175922751,4603.458324043978,125.4441188620099,722081.9441094324,118.13382576143007,1
myopic,1,12,2,6,0,0,91.99999988079071,12352.941175922751,4508.923411564001,135.14404229050965,734515.1959840489,118.65148982084473,1
myopic,1,11,2,6,0,0,91.99999988079071,12352.941175922751,4403.252279023505,135.16005290350773,746949.9208350593,118.65148982084473,1
myopic,1,10,2,6,0,0,91.99999988079071,12352.941175922751,4298.545149538998,123.98361006741868,758356.4129464817,119.72247037978816,1
myopic,1,9,2,6,0,0,91.99999988079071,12352.941175922751,4199.2095690233655,138.48344147568636,771096.8895457364,119.9282594332441,1
myopic,1,8,2,6,0,0,91.99999988079071,12352.941175922751,4092.6235131887634,125.20426918047635,782615.6822954147,119.9282594332441,1
myopic,1,7,2,6,0,0,91.99999988079071,12352.941175922751,3994.167497748721,119.00352345442641,793564.0064390356,119.9282594332441,1
myopic,1,6,2,6,0,0,91.99999988079071,12352.941175922751,3899.92001300464,118.67945495335118,804482.5162805963,119.9282594332441,1
myopic,1,5,2,6,0,0,91.99999988079071,12352.941175922751,3804.2768868970634,123.11844604269987,815809.4133018478,111.6350613497792,1
myopic,1,4,2,6,0,0,91.99999988079071,12352.941175922751,3708.7588521145008,110.66068314638302,825990.1961381232,105.31132169984018,1
myopic,1,3,2,6,0,0,91.99999988079071,12352.941175922751,3620.7288709674913,115.691734375123,836633.8356868429,100.66337802387262,1
myopic,1,2,2,6,0,0,91.99999988079071,12352.941175922751,3525.900546138274,103.56079533338914,846161.4288451693,97.45860423514522,1
myopic,1,1,2,6,0,0,91.99999988079071,12352.941175922751,3440.5537602491995,106.45569555976242,855955.3528239769,90.48681714092218,1
myopic,2,100,2,6,0,0,91.99999988079071,12352.941175922751,10000.0,73.04533093322924,6720.170437149408,53.51064944791461,1
myopic,2,99,2,6,0,0,91.99999988079071,12352.941175922751,9950.096620943272,56.04428917651942,11876.245034708194,53.51064944791461,1
myopic,2,98,2,6,0,0,91.99999988079071,12352.941175922751,9912.003170299342,63.11359838455965,17682.696078563953,53.51064944791461,1
myopic,2,97,2,6,0,0,91.99999988079071,12352.941175922751,9870.06259423221,69.03484931210738,24033.90220704824,55.53276728716988,1
myopic,2,96,2,6,0,0,91.99999988079071,12352.941175922751,9823.92304312799,58.94785103831617,29457.104495546195,55.852472283942966,1
myopic,2,95,2,6,0,0,91.99999988079071,12352.941175922751,9784.828403912677,65.21810684070672,35457.17031711661,56.18471002774361,1
myopic,2,94,2,6,0,0,91.99999988079071,12352.941175922751,9740.96212897717,65.94075198249733,41523.719491645614,56.18471002774361,1
myopic,2,93,2,6,0,0,91.99999988079071,12352.941175922751,9696.966666773922,63.33087173711703,47350.15968391075,56.18471002774361,1
myopic,2,92,2,6,0,0,91.99999988079071,12352.941175922751,9654.88507768444,69.04796873918322,53702.57279968445,56.85789131285237,1
myopic,2,91,2,6,0,0,91.99999988079071,12352.941175922751,9608.025669580584,66.05891029118325,59779.992538598475,56.85789131285237,1
myopic,2,90,2,6,0,0,91.99999988079071,12352.941175922751,9562.96122971726,55.32828222487397,64870.194496691234,57.85980122566746,1
myopic,2,89,2,6,0,0,91.99999988079071,12352.941175922751,9524.92456299479,79.8679647728396,72218.04724627147,57.85980122566746,1
myopic,2,88,2,6,0,0,91.99999988079071,12352.941175922751,9472.344246782364,50.889881283807156,76899.91631831518,57.85980122566746,1
myopic,2,87,2,6,0,0,91.99999988079071,12352.941175922751,9438.708166842624,71.456844168675,83473.94597331497,59.05581472314141,1
myopic,2,86,2,6,0,0,91.99999988079071,12352.941175922751,9389.94999761723,73.64274453824524,90249.07846205463,59.05581472314141,1
myopic,2,85,2,6,0,0,91.99999988079071,12352.941175922751,9339.11168978618,66.70057951133309,96385.53176914595,59.321172379079584,1
myopic,2,84,2,6,0,0,91.99999988079071,12352.941175922751,9293.352891926548,63.657921030545765,102242.06049636754,59.321172379079584,1
myopic,2,83,2,6,0,0,91.99999988079071,12352.941175922751,9249.181613013357,55.978277318084814,107392.06200295822,59.321172379079584,1
myopic,2,82,2,6,0,0,91.99999988079071,12352.941175922751,9211.158326247765,67.3521611553005,113588.46082121687,59.321172379079584,1
myopic,2,81,2,6,0,0,91.99999988079071,12352.941175922751,9163.578782804583,59.29293740474742,119043.41105538537,59.67942540614826,1
myopic,2,80,2,6,0,0,91.99999988079071,12352.941175922751,9123.684770360847,61.41234075074686,124693.34639713315,59.67942540614826,1
myopic,2,79,2,6,0,0,91.99999988079071,12352.941175922751,9080.768361906086,64.52822324528802,130629.94292800728,60.144742931333404,1
myopic,2,78,2,6,0,0,91.99999988079071,12352.941175922751,9035.347911923358,52.628004195199395,135471.71930769188,60.59148468407464,1
myopic,2,77,2,6,0,0,91.99999988079071,12352.941175922751,8998.371384070888,75.8871702554839,142453.33896214995,61.68635059106254,1
myopic,2,76,2,6,0,0,91.99999988079071,12352.941175922751,8947.354634529913,68.83689542833525,148786.3333333508,61.68635059106254,1
myopic,2,75,2,6,0,0,91.99999988079071,12352.941175922751,8898.785238011884,68.31159267452377,155070.99985126362,61.68635059106254,1
myopic,2,74,2,6,0,0,91.99999988079071,12352.941175922751,8850.689130731891,86.74436549968985,163051.48146689436,61.68635059106254,1
myopic,2,73,2,6,0,0,91.99999988079071,12352.941175922751,8790.272906583672,65.5022116816092,169077.68493379393,61.811377832783585,1
myopic,2,72,2,6,0,0,91.99999988079071,12352.941175922751,8745.431013908837,74.99137530841092,175976.89145322808,61.811377832783585,1
myopic,2,71,2,6,0,0,91.99999988079071,12352.941175922751,8693.477705108095,68.3768875297025,182267.56509780954,63.69238905560433,1
myopic,2,70,2,6,0,0,91.99999988079071,12352.941175922751,8645.95910717872,75.005815716739,189168.10013480813,63.69238905560433,1
myopic,2,69,2,6,0,0,91.99999988079071,12352.941175922751,8594.661518985247,58.46607722441196,194546.97923248433,63.69238905560433,1
myopic,2,68,2,6,0,0,91.99999988079071,12352.941175922751,8555.678081746793,80.29445634489704,201934.069206643,64.51194257070377,1
myopic,2,67,2,6,0,0,91.99999988079071,12352.941175922751,8499.447077327299,84.4423750339984,209702.76769970453,64.51194257070377,1
myopic,2,66,2,6,0,0,91.99999988079071,12352.941175922751,8440.305319941119,66.42417608742622,215813.79189182937,66.02319309723785,1
myopic,2,65,2,6,0,0,91.99999988079071,12352.941175922751,8393.320542267398,71.74871242552206,222414.6734264243,66.02319309723785,1
myopic,2,64,2,6,0,0,91.99999988079071,12352.941175922751,8344.038443887484,65.28088707741345,228420.51502976424,66.02319309723785,1
myopic,2,63,2,6,0,0,91.99999988079071,12352.941175922751,8296.749386600073,75.19622449160784,235338.56767402808,66.02319309723785,1
myopic,2,62,2,6,0,0,91.99999988079071,12352.941175922751,8243.363772206152,70.19791012018113,241796.7753967165,66.02319309723785,1
myopic,2,61,2,6,0,0,91.99999988079071,12352.941175922751,8194.401118583197,100.4869361418349,251041.57350978634,66.0678136608015,1
myopic,2,60,2,6,0,0,91.99999988079071,12352.941175922751,8123.463693791542,87.280824723284,259071.4093739238,85.17672399217258,1
myopic,2,59,2,6,0,0,91.99999988079071,12352.941175922751,8061.77871448571,86.10884148348862,266993.4227801398,85.17672399217258,1
myopic,2,58,2,6,0,0,91.99999988079071,12352.941175922751,8000.480551394741,102.38751065781976,276413.07374845364,85.17672399217258,1
myopic,2,57,2,6,0,0,91.99999988079071,12352.941175922751,7928.774795473128,104.7820416586337,286053.02156855696,85.17672399217258,1
myopic,2,56,2,6,0,0,91.99999988079071,12352.941175922751,7855.041150767111,97.318709654559,295006.34284517507,85.17672399217258,1
myopic,2,55,2,6,0,0,91.99999988079071,12352.941175922751,7786.648244481072,94.3135310219328,303683.18768794986,87.67464619283565,1
myopic,2,54,2,6,0,0,91.99999988079071,12352.941175922751,7719.213355221975,92.61393278338006,312203.6694929804,87.67464619283565,1
myopic,2,53,2,6,0,0,91.99999988079071,12352.941175922751,7653.7380845094485,91.0308537725614,320578.5080292043,87.67464619283565,1
myopic,2,52,2,6,0,0,91.99999988079071,12352.941175922751,7589.402326652624,85.35530310086943,328431.19590430916,88.00542260216963,1
myopic,2,51,2,6,0,0,91.99999988079071,12352.941175922751,7528.370604205358,101.12520872114597,337734.7150945995,89.3393639748758,1
myopic,2,50,2,6,0,0,91.99999988079071,12352.941175922751,7454.518714736063,103.67723940398074,347273.0211074065,89.3393639748758,1
myopic,2,49,2,6,0,0,91.99999988079071,12352.941175922751,7376.900741709587,101.04987065623463,356569.60919573397,89.87264365606573,1
myopic,2,48,2,6,0,0,91.99999988079071,12352.941175922751,7304.486094530177,113.47349467174044,367009.170692007,89.87264365606573,1
myopic,2,47,2,6,0,0,91.99999988079071,12352.941175922751,7223.861050519385,108.89217492867017,377027.2507724637,89.87264365606573,1
myopic,2,46,2,6,0,0,91.99999988079071,12352.941175922751,7146.210859333442,104.02018690010087,386597.1079548728,92.28499445299059,1
myopic,2,45,2,6,0,0,91.99999988079071,12352.941175922751,7073.274693137526,108.96438009830612,396621.8309109274,92.32417290804567,1
myopic,2,44,2,6,0,0,91.99999988079071,12352.941175922751,6994.178970950178,94.02873866330759,405272.4748567426,92.85601305134094,1
myopic,2,43,2,6,0,0,91.99999988079071,12352.941175922751,6923.799638776656,107.89302790723023,415198.63341134595,92.85601305134094,1
myopic,2,42,2,6,0,0,91.99999988079071,12352.941175922751,6844.899971226018,96.65588268809411,424090.9746071283,92.85601305134094,1
myopic,2,41,2,6,0,0,91.99999988079071,12352.941175922751,6774.176831519654,101.30799969477356,433411.3105669706,93.6308664821853,1
myopic,2,40,2,6,0,0,91.99999988079071,12352.941175922751,6698.980746978992,109.00403124769346,443439.68142876413,93.6308664821853,1
myopic,2,39,2,6,0,0,91.99999988079071,12352.941175922751,6619.721854889367,99.77701546356882,452619.1668395181,93.6308664821853,1
myopic,2,38,2,6,0,0,91.99999988079071,12352.941175922751,6546.845515225576,93.37744197956201,461209.89149050636,95.04742683727991,1
myopic,2,37,2,6,0,0,91.99999988079071,12352.941175922751,6478.56142829097,103.43271542797407,470725.7012975498,95.04742683727991,1
myopic,2,36,2,6,0,0,91.99999988079071,12352.941175922751,6401.177118946817,114.73501586455946,481281.3227434118,95.04742683727991,1
myopic,2,35,2,6,0,0,91.99999988079071,12352.941175922751,6317.203124296085,108.57979220467564,491270.66361329827,95.04742683727991,1
myopic,2,34,2,6,0,0,91.99999988079071,12352.941175922751,6237.059148321674,120.77348216014835,502381.8239576346,95.04742683727991,1
myopic,2,33,2,6,0,0,91.99999988079071,12352.941175922751,6147.128925928083,110.33662588202299,512532.7935256276,95.04742683727991,1
myopic,2,32,2,6,0,0,91.99999988079071,12352.941175922751,6065.970682295985,104.97648261287098,522190.62991349754,97.00694341239463,1
myopic,2,31,2,6,0,0,91.99999988079071,12352.941175922751,5987.119668848938,108.38956272329753,532162.4696711198,101.69890345053383,1
myopic,2,30,2,6,0,0,91.99999988079071,12352.941175922751,5905.31630176946,102.69119676839381,541610.0597615703,101.69890345053383,1
myopic,2,29,2,6,0,0,91.99999988079071,12352.941175922751,5827.262563768503,107.98994686044188,551545.1348598575,105.09652333242514,1
myopic,2,28,2,6,0,0,91.99999988079071,12352.941175922751,5743.746063570666,113.33918085335371,561972.339484855,105.09652333242514,1
myopic,2,27,2,6,0,0,91.99999988079071,12352.941175922751,5656.622783136931,104.48705220699334,571585.1482754425,105.51726153189219,1
myopic,2,26,2,6,0,0,91.99999988079071,12352.941175922751,5576.863980626788,112.21265041105727,581908.712099883,105.51726153189219,1
myopic,2,25,2,6,0,0,91.99999988079071,12352.941175922751,5492.1663314444395,121.10318282675868,593050.2049055082,108.86577323146005,1
myopic,2,24,2,6,0,0,91.99999988079071,12352.941175922751,5400.252936434635,123.99908602955385,604458.1208054454,110.31606898852215,1
myopic,2,23,2,6,0,0,91.99999988079071,12352.941175922751,5304.379348226602,129.01695897233319,616327.68101552,111.20897889534331,1
myopic,2,22,2,6,0,0,91.99999988079071,12352.941175922751,5205.537211003593,112.88725777973953,626713.3087177988,112.95137016244168,1
myopic,2,21,2,6,0,0,91.99999988079071,12352.941175922751,5119.737650387958,122.22865219179221,637958.3447048729,112.95137016244168,1
myopic,2,20,2,6,0,0,91.99999988079071,12352.941175922751,5028.567273946759,129.81134657338055,649900.9885741492,112.95137016244168,1
myopic,2,19,2,6,0,0,91.99999988079071,12352.941175922751,4928.400148682172,126.66450115648847,661554.1226654466,112.95137016244168,1
myopic,2,18,2,6,0,0,91.99999988079071,12352.941175922751,4828.705380880113,134.01833959533894,673883.8098922416,117.40424760711261,1
myopic,2,17,2,6,0,0,91.99999988079071,12352.941175922751,4723.90135229634,120.70223101690148,684988.4151314077,117.40424760711261,1
myopic,2,16,2,6,0,0,91.99999988079071,12352.941175922751,4629.062029527982,131.8706784496782,697120.5175330578,117.43877695873326,1
myopic,2,15,2,6,0,0,91.99999988079071,12352.941175922751,4526.822643908479,137.82116796508254,709800.0649694159,117.79311858824813,1
myopic,2,14,2,6,0,0,91.99999988079071,12352.941175922751,4417.442720902956,113.71767827138932,720262.0913568275,118.13382576143007,1
myopic,2,13,2,6,0,0,91.99999988079071,12352.941175922751,4327.292522354572,119.92444906158983,731295.1406561977,118.13382576143007,1
myopic,2,12,2,6,0,0,91.99999988079071,12352.941175922751,4230.61542180425,136.49825667371883,743852.980253908,118.65148982084473,1
myopic,2,11,2,6,0,0,91.99999988079071,12352.941175922751,4123.288496427524,124.13684611033176,755273.5700812602,118.65148982084473,1
myopic,2,10,2,6,0,0,91.99999988079071,12352.941175922751,4023.5956221435627,129.53088596512634,767190.4115746105,119.72247037978816,1
myopic,2,9,2,6,0,0,91.99999988079071,12352.941175922751,3917.345479785843,137.36916304782773,779828.3745586349,119.9282594332441,1
myopic,2,8,2,6,0,0,91.99999988079071,12352.941175922751,3806.4189208492626,136.06053997980547,792345.9442205573,119.9282594332441,1
myopic,2,7,2,6,0,0,91.99999988079071,12352.941175922751,3698.4785771778797,133.92029000972914,804666.6108854879,119.9282594332441,1
myopic,2,6,2,6,0,0,91.99999988079071,12352.941175922751,3587.621802301781,120.92040731044582,815791.288343634,119.9282594332441,1
myopic,2,5,2,6,0,0,91.99999988079071,12352.941175922751,3488.5791186339193,119.94787636066242,826826.4929545161,111.6350613497792,1
myopic,2,4,2,6,0,0,91.99999988079071,12352.941175922751,3386.9506247043855,111.96601393165815,837127.3662228812,105.31132169984018,1
myopic,2,3,2,6,0,0,91.99999988079071,12352.941175922751,3294.017510283459,118.38106868449043,848018.4245277422,100.66337802387262,1
myopic,2,2,2,6,0,0,91.99999988079071,12352.941175922751,3195.3605167445603,103.19919055854737,857512.7500468262,97.45860423514522,1
myopic,2,1,2,6,0,0,91.99999988079071,12352.941175922751,3106.776362580392,99.27304110451131,866645.869816607,90.48681714092218,1
myopic,3,100,2,6,0,0,91.99999988079071,12352.941175922751,10000.0,56.7922128503085,5224.883575458223,53.51064944791461,1
myopic,3,99,2,6,0,0,91.99999988079071,12352.941175922751,9962.74750152726,85.23166800462107,13066.197021722955,53.51064944791461,1
myopic,3,98,2,6,0,0,91.99999988079071,12352.941175922751,9905.636178843508,58.042866671445694,18406.140748576712,53.51064944791461,1
myopic,3,97,2,6,0,0,91.99999988079071,12352.941175922751,9867.05091478988,55.8699389342275,23546.175123865425,55.53276728716988,1
myopic,3,96,2,6,0,0,91.99999988079071,12352.941175922751,9830.400579812636,58.45203445290264,28923.762286564444,55.852472283942966,1
myopic,3,95,2,6,0,0,91.99999988079071,12352.941175922751,9790.910820665698,59.67001341819294,34413.403513924975,56.18471002774361,1
myopic,3,94,2,6,0,0,91.99999988079071,12352.941175922751,9750.215964899047,59.98002523824724,39931.56582869354,56.18471002774361,1
myopic,3,93,2,6,0,0,91.99999988079071,12352.941175922751,9709.920759873687,74.68281576992456,46802.38487062372,56.18471002774361,1
myopic,3,92,2,6,0,0,91.99999988079071,12352.941175922751,9659.220412728091,58.27441907530992,52163.63141860538,56.85789131285237,1
myopic,3,91,2,6,0,0,91.99999988079071,12352.941175922751,9620.118004071046,67.73854328013907,58395.57739230311,56.85789131285237,1
myopic,3,90,2,6,0,0,91.99999988079071,12352.941175922751,9572.93787482951,61.257379607365344,64031.25630887827,57.85980122566746,1
myopic,3,89,2,6,0,0,91.99999988079071,12352.941175922751,9531.773259429216,71.43285103630618,70603.07859570297,57.85980122566746,1
myopic,3,88,2,6,0,0,91.99999988079071,12352.941175922751,9484.278132890246,62.39141116152409,76343.08841512556,57.85980122566746,1
myopic,3,87,2,6,0,0,91.99999988079071,12352.941175922751,9441.403127994157,69.3679731505702,82724.94193670871,59.05581472314141,1
myopic,3,86,2,6,0,0,91.99999988079071,12352.941175922751,9394.321971869382,70.37683985095869,89199.61119460734,59.05581472314141,1
myopic,3,85,2,6,0,0,91.99999988079071,12352.941175922751,9349.139514045095,73.18645955233148,95932.76546469732,59.321172379079584,1
myopic,3,84,2,6,0,0,91.99999988079071,12352.941175922751,9300.285531444802,51.667046271083095,100686.13371547777,59.321172379079584,1
myopic,3,83,2,6,0,0,91.99999988079071,12352.941175922751,9264.962825528943,70.62036409512598,107183.20720381076,59.321172379079584,1
myopic,3,82,2,6,0,0,91.99999988079071,12352.941175922751,9217.237453763535,56.79740360970415,112408.56832913276,59.321172379079584,1
myopic,3,81,2,6,0,0,91.99999988079071,12352.941175922751,9178.473304080799,64.98667186456758,118387.34213292596,59.67942540614826,1
myopic,3,80,2,6,0,0,91.99999988079071,12352.941175922751,9133.007003336514,71.89790223861397,125001.94913030755,59.67942540614826,1
myopic,3,79,2,6,0,0,91.99999988079071,12352.941175922751,9083.655641625164,75.30133294221456,131929.67175201466,60.144742931333404,1
myopic,3,78,2,6,0,0,91.99999988079071,12352.941175922751,9032.261367205381,60.20104374686064,137468.16776954933,60.59148468407464,1
myopic,3,77,2,6,0,0,91.99999988079071,12352.941175922751,8990.543174361299,72.2685476852931,144116.8741479812,61.68635059106254,1
myopic,3,76,2,6,0,0,91.99999988079071,12352.941175922751,8941.087177143578,61.34577171233586,149760.68513820312,61.68635059106254,1
myopic,3,75,2,6,0,0,91.99999988079071,12352.941175922751,8898.71505328993,47.657086108383666,154145.13705449324,61.68635059106254,1
myopic,3,74,2,6,0,0,91.99999988079071,12352.941175922751,8865.489545128572,71.67621627911264,160739.34894362715,61.68635059106254,1
myopic,3,73,2,6,0,0,91.99999988079071,12352.941175922751,8817.522734549431,68.23609827185808,167017.06997650373,61.811377832783585,1
myopic,3,72,2,6,0,0,91.99999988079071,12352.941175922751,8771.193911298033,75.86462685412025,173996.61563803902,61.811377832783585,1
myopic,3,71,2,6,0,0,91.99999988079071,12352.941175922751,8720.669284826961,62.49090219209833,179745.77863226258,63.69238905560433,1
myopic,3,70,2,6,0,0,91.99999988079071,12352.941175922751,8676.83382755878,79.0580668835123,187019.12077612124,63.69238905560433,1
myopic,3,69,2,6,0,0,91.99999988079071,12352.941175922751,8624.151848884592,66.72077039176598,193157.43164420998,63.69238905560433,1
myopic,3,68,2,6,0,0,91.99999988079071,12352.941175922751,8577.511184083634,65.83136004617745,199213.9167606106,64.51194257070377,1
myopic,3,67,2,6,0,0,91.99999988079071,12352.941175922751,8530.46016993852,62.83160627607738,204994.4245305196,64.51194257070377,1
myopic,3,66,2,6,0,0,91.99999988079071,12352.941175922751,8486.384091016334,63.97417558066354,210880.04867631433,66.02319309723785,1
myopic,3,65,2,6,0,0,91.99999988079071,12352.941175922751,8440.655906254171,72.18820989657516,217521.36397819372,66.02319309723785,1
myopic,3,64,2,6,0,0,91.99999988079071,12352.941175922751,8390.496592700656,58.615940131158695,222914.03046327276,66.02319309723785,1
myopic,3,63,2,6,0,0,91.99999988079071,12352.941175922751,8348.288696158252,78.38364847059873,230125.3261132238,66.02319309723785,1
myopic,3,62,2,6,0,0,91.99999988079071,12352.941175922751,8292.588163796594,81.51337393809148,237624.55650581105,66.02319309723785,1
myopic,3,61,2,6,0,0,91.99999988079071,12352.941175922751,8234.960178930345,88.23971673265606,245742.61043469643,66.0678136608015,1
myopic,3,60,2,6,0,0,91.99999988079071,12352.941175922751,8173.722060647631,86.95208978237939,253742.20268430983,85.17672399217258,1
myopic,3,59,2,6,0,0,91.99999988079071,12352.941175922751,8111.01968689495,81.67064000770414,261255.9015552827,85.17672399217258,1
myopic,3,58,2,6,0,0,91.99999988079071,12352.941175922751,8053.939775749592,90.78373826297786,269608.0054646544,85.17672399217258,1
myopic,3,57,2,6,0,0,91.99999988079071,12352.941175922751,7989.469373837538,97.9564847253299,278620.00204770744,85.17672399217258,1
myopic,3,56,2,6,0,0,91.99999988079071,12352.941175922751,7921.587181043435,82.25130474258731,286187.12207422033,85.17672399217258,1
myopic,3,55,2,6,0,0,91.99999988079071,12352.941175922751,7863.204025384588,105.79992295505613,295920.71497347316,87.67464619283565,1
myopic,3,54,2,6,0,0,91.99999988079071,12352.941175922751,7787.0193948038905,97.81661862236716,304919.8438750703,87.67464619283565,1
myopic,3,53,2,6,0,0,91.99999988079071,12352.941175922751,7717.71840946516,98.7998128642725,314009.4266468055,87.67464619283565,1
myopic,3,52,2,6,0,0,91.99999988079071,12352.941175922751,7647.505870910181,104.45359568820562,323619.1574376686,88.00542260216963,1
myopic,3,51,2,6,0,0,91.99999988079071,12352.941175922751,7573.857777868285,98.98986262095558,332726.22478699597,89.3393639748758,1
myopic,3,50,2,6,0,0,91.99999988079071,12352.941175922751,7503.0938064298625,102.84729269185313,342188.1757023861,89.3393639748758,1
myopic,3,49,2,6,0,0,91.99999988079071,12352.941175922751,7429.021413165354,118.90069466607515,353127.039597491,89.87264365606573,1
myopic,3,48,2,6,0,0,91.99999988079071,12352.941175922751,7341.490369534753,110.47431489975999,363290.6765550993,89.87264365606573,1
myopic,3,47,2,6,0,0,91.99999988079071,12352.941175922751,7264.805409836976,98.42182105487342,372345.48408041487,89.87264365606573,1
myopic,3,46,2,6,0,0,91.99999988079071,12352.941175922751,7194.518849870366,105.44906643840116,382046.7981801773,92.28499445299059,1
myopic,3,45,2,6,0,0,91.99999988079071,12352.941175922751,7121.37080588436,111.16617986917477,392274.08671488933,92.32417290804567,1
myopic,3,44,2,6,0,0,91.99999988079071,12352.941175922751,7039.460364340484,91.3536235711349,400678.62007254356,92.85601305134094,1
myopic,3,43,2,6,0,0,91.99999988079071,12352.941175922751,6974.255527187997,95.36081435085181,409451.81498145405,92.85601305134094,1
myopic,3,42,2,6,0,0,91.99999988079071,12352.941175922751,6904.848223743001,107.74719831593089,419364.55721367523,92.85601305134094,1
myopic,3,41,2,6,0,0,91.99999988079071,12352.941175922751,6823.841496561445,101.03986635931376,428660.2249066872,93.6308664821853,1
myopic,3,40,2,6,0,0,91.99999988079071,12352.941175922751,6749.14469809205,103.8627722788906,438215.59994396375,93.6308664821853,1
myopic,3,39,2,6,0,0,91.99999988079071,12352.941175922751,6671.067138975376,110.10924283931777,448345.65027205495,93.6308664821853,1
myopic,3,38,2,6,0,0,91.99999988079071,12352.941175922751,6588.590422463194,95.55057843135752,457136.30347634933,95.04742683727991,1
myopic,3,37,2,6,0,0,91.99999988079071,12352.941175922751,6518.577724429845,97.6618005748889,466121.1891175969,95.04742683727991,1
myopic,3,36,2,6,0,0,91.99999988079071,12352.941175922751,6444.972940231859,109.4330991801674,476189.0342291269,95.04742683727991,1
myopic,3,35,2,6,0,0,91.99999988079071,12352.941175922751,6364.576624899276,100.55223685306201,485439.8400076218,95.04742683727991,1
myopic,3,34,2,6,0,0,91.99999988079071,12352.941175922751,6289.601052137828,98.5600157081888,494507.3614410259,95.04742683727991,1
myopic,3,33,2,6,0,0,91.99999988079071,12352.941175922751,6217.611854296107,110.16980605692633,504642.9835851299,95.04742683727991,1
myopic,3,32,2,6,0,0,91.99999988079071,12352.941175922751,6132.763538757143,109.49292989474803,514716.33312239416,97.00694341239463,1
myopic,3,31,2,6,0,0,91.99999988079071,12352.941175922751,6051.888106272596,102.0927436550622,524108.8655264895,101.69890345053383,1
myopic,3,30,2,6,0,0,91.99999988079071,12352.941175922751,5977.281492716311,119.38565559919356,535092.3458273835,101.69890345053383,1
myopic,3,29,2,6,0,0,91.99999988079071,12352.941175922751,5886.7121040221455,115.25918748973966,545696.1910626995,105.09652333242514,1
myopic,3,28,2,6,0,0,91.99999988079071,12352.941175922751,5799.72163443493,116.57425140995433,556421.0221785186,105.09652333242514,1
myopic,3,27,2,6,0,0,91.99999988079071,12352.941175922751,5711.7682449188915,103.43764636923471,565937.2856321575,105.51726153189219,1
myopic,3,26,2,6,0,0,91.99999988079071,12352.941175922751,5634.238712070759,120.20872207813355,576996.4880490158,105.51726153189219,1
myopic,3,25,2,6,0,0,91.99999988079071,12352.941175922751,5544.35710339682,117.09497381835014,587769.2256263451,108.86577323146005,1
myopic,3,24,2,6,0,0,91.99999988079071,12352.941175922751,5456.601448516062,119.21706763479446,598737.1958345345,110.31606898852215,1
myopic,3,23,2,6,0,0,91.99999988079071,12352.941175922751,5364.719859914282,120.54205905436953,609827.0652531667,111.20897889534331,1
myopic,3,22,2,6,0,0,91.99999988079071,12352.941175922751,5272.8924358819595,130.30444873511925,621815.0745212642,112.95137016244168,1
myopic,3,21,2,6,0,0,91.99999988079071,12352.941175922751,5172.17241855374,137.3563623312914,634451.8598393688,112.95137016244168,1
myopic,3,20,2,6,0,0,91.99999988079071,12352.941175922751,5070.139086371037,130.64957341579918,646471.6205780477,112.95137016244168,1
myopic,3,19,2,6,0,0,91.99999988079071,12352.941175922751,4970.158438550369,129.7525900958866,658408.8588514016,112.95137016244168,1
myopic,3,18,2,6,0,0,91.99999988079071,12352.941175922751,4868.6569567206425,137.34108079087432,671044.2382677897,117.40424760711261,1
myopic,3,17,2,6,0,0,91.99999988079071,12352.941175922751,4760.581707755953,129.9537532433952,682999.9835506903,117.40424760711261,1
myopic,3,16,2,6,0,0,91.99999988079071,12352.941175922751,4657.249180050122,126.83746432349528,694669.0302533318,117.43877695873326,1
myopic,3,15,2,6,0,0,91.99999988079071,12352.941175922751,4558.306182831285,135.86948271467185,707169.0226468847,117.79311858824813,1
myopic,3,14,2,6,0,0,91.99999988079071,12352.941175922751,4452.520922012984,146.76192327312913,720671.1195705172,118.13382576143007,1
myopic,3,13,2,6,0,0,91.99999988079071,12352.941175922751,4335.390837105747,147.4466355943413,734236.2100276196,118.13382576143007,1
myopic,3,12,2,6,0,0,91.99999988079071,12352.941175922751,4218.7876665098875,126.9773246112877,745918.1238767212,118.65148982084473,1
myopic,3,11,2,6,0,0,91.99999988079071,12352.941175922751,4117.674501297962,137.09243972836174,758530.6283153879,118.65148982084473,1
myopic,3,10,2,6,0,0,91.99999988079071,12352.941175922751,4009.072459323417,134.47898648617388,770902.6950560848,119.72247037978816,1
myopic,3,9,2,6,0,0,91.99999988079071,12352.941175922751,3901.2048569044637,144.36682659500585,784184.4430856154,119.9282594332441,1
myopic,3,8,2,6,0,0,91.99999988079071,12352.941175922751,3785.7335568039753,139.81066668422406,797047.0244038973,119.9282594332441,1
myopic,3,7,2,6,0,0,91.99999988079071,12352.941175922751,3673.212356090021,123.75629896553492,808432.6038939736,119.9282594332441,1
myopic,3,6,2,6,0,0,91.99999988079071,12352.941175922751,3573.045452706706,112.83054050431528,818813.0136069201,119.9282594332441,1
myopic,3,5,2,6,0,0,91.99999988079071,12352.941175922751,3480.1659651551954,123.6712951023032,830190.7727415892,111.6350613497792,1
myopic,3,4,2,6,0,0,91.99999988079071,12352.941175922751,3377.5579049295193,115.32166335564352,840800.365756561,105.31132169984018,1
myopic,3,3,2,6,0,0,91.99999988079071,12352.941175922751,3279.792323403377,108.97484195856563,850826.0512037582,100.66337802387262,1
myopic,3,2,2,6,0,0,91.99999988079071,12352.941175922751,3187.5368751361266,96.97305997221096,859747.5727096415,97.45860423514522,1
myopic,3,1,2,6,0,0,91.99999988079071,12352.941175922751,3105.4126069827234,97.90616511074309,868754.9398881586,90.48681714092218,1
myopic,4,100,6,12,1,1,91.99999988079071,12352.941175922751,10000.0,143.97290051245665,13245.506829983104,119.21816460837967,0
myopic,4,99,6,12,1,1,91.99999988079071,12352.941175922751,9895.167725632436,117.5319302246499,24058.444396639996,119.21816460837967,0
myopic,4,98,6,12,1,1,91.99999988079071,12352.941175922751,9810.234953516454,127.06759012988162,35748.66267344147,119.21816460837967,0
myopic,4,97,6,12,1,1,91.99999988079071,12352.941175922751,9718.119462678475,119.18979778429765,46714.12405538832,120.48841230422327,0
myopic,4,96,6,12,1,1,91.99999988079071,12352.941175922751,9631.510747997365,135.09974670710463,59143.3007363368,120.48841230422327,0
myopic,4,95,6,12,1,1,91.99999988079071,12352.941175922751,9531.56765180177,135.7498594889802,71632.28779314033,121.5480831964681,0
myopic,4,94,6,12,1,1,91.99999988079071,12352.941175922751,9432.355353292194,121.80637925017251,82838.47466963576,121.5480831964681,0
myopic,4,93,6,12,1,1,91.99999988079071,12352.941175922751,9341.323049626719,119.51918898213836,93834.24004174469,122.03586911981081,0
myopic,4,92,6,12,1,1,91.99999988079071,12352.941175922751,9253.11929526304,132.20512085481397,105997.1111446275,123.03316904179233,0
myopic,4,91,6,12,1,1,91.99999988079071,12352.941175922751,9157.946382937129,131.17228969662256,118064.96178107982,123.03316904179233,0
myopic,4,90,6,12,1,1,91.99999988079071,12352.941175922751,9063.13114845726,139.46408252204674,130895.65735648271,124.47314745072495,0
myopic,4,89,6,12,1,1,91.99999988079071,12352.941175922751,8961.435383011536,148.57614404665406,144564.66259106324,124.47314745072495,0
myopic,4,88,6,12,1,1,91.99999988079071,12352.941175922751,8855.533236076693,138.57007183247532,157313.10918313212,124.74048774082162,0
myopic,4,87,6,12,1,1,91.99999988079071,12352.941175922751,8755.310948448521,144.8016943294666,170634.86504418135,126.45503592053535,0
myopic,4,86,6,12,1,1,91.99999988079071,12352.941175922751,8652.281696621229,137.3816155765993,183273.97366085133,126.45503592053535,0
myopic,4,85,6,12,1,1,91.99999988079071,12352.941175922751,8551.20243908516,131.36678433212361,195359.71780374658,127.85690711176491,0
myopic,4,84,6,12,1,1,91.99999988079071,12352.941175922751,8453.488624560572,144.67064043704158,208669.41670670832,130.6942817674587,0
myopic,4,83,6,12,1,1,91.99999988079071,12352.941175922751,8345.722075711232,150.9144118734905,222553.54258107903,130.6942817674587,0
myopic,4,82,6,12,1,1,91.99999988079071,12352.941175922751,8236.024504254108,137.25121225915788,235180.65409255994,130.6942817674587,0
myopic,4,81,6,12,1,1,91.99999988079071,12352.941175922751,8135.086716539681,149.61725612997927,248945.44163868227,131.0525347945274,0
myopic,4,80,6,12,1,1,91.99999988079071,12352.941175922751,8023.442047286195,141.95333814869608,262005.14873144016,131.0525347945274,0
myopic,4,79,6,12,1,1,91.99999988079071,12352.941175922751,7919.33945593206,141.24823379303334,274999.9862235611,134.69965047598188,0
myopic,4,78,6,12,1,1,91.99999988079071,12352.941175922751,7815.5894999593875,147.20363641047317,288542.7207557766,134.69965047598188,0
myopic,4,77,6,12,1,1,91.99999988079071,12352.941175922751,7706.683016648509,167.23200977674006,303928.0656353011,136.04655404778723,0
myopic,4,76,6,12,1,1,91.99999988079071,12352.941175922751,7583.402712117548,148.4572990925246,317586.1371341159,137.5612169999776,0
myopic,4,75,6,12,1,1,91.99999988079071,12352.941175922751,7472.464685143377,143.14250150419898,330755.2472554383,137.5612169999776,0
myopic,4,74,6,12,1,1,91.99999988079071,12352.941175922751,7366.475923826965,151.70930277726805,344712.5030928618,137.5612169999776,0
myopic,4,73,6,12,1,1,91.99999988079071,12352.941175922751,7252.37983517099,141.0746360580059,357691.36959338095,138.32368132308972,0
myopic,4,72,6,12,1,1,91.99999988079071,12352.941175922751,7145.397198712037,148.78309600076713,371379.4144077152,138.32368132308972,0
myopic,4,71,6,12,1,1,91.99999988079071,12352.941175922751,7034.036649335955,158.37946135945603,385950.32483390486,138.32368132308972,0
myopic,4,70,6,12,1,1,91.99999988079071,12352.941175922751,6914.622510913804,163.4977180782617,400992.1148776145,138.32368132308972,0
myopic,4,69,6,12,1,1,91.99999988079071,12352.941175922751,6791.916688700312,157.79250722911792,415509.025523883,141.44513027967048,0
myopic,4,68,6,12,1,1,91.99999988079071,12352.941175922751,6673.1247575273665,149.98369093462128,429307.5250719887,144.11442869521588,0
myopic,4,67,6,12,1,1,91.99999988079071,12352.941175922751,6558.854685387759,153.43871970366482,443423.88726643455,144.11442869521588,0
myopic,4,66,6,12,1,1,91.99999988079071,12352.941175922751,6445.342412159152,176.09307994030127,459624.45059995033,145.6585852960098,0
myopic,4,65,6,12,1,1,91.99999988079071,12352.941175922751,6312.9698418846165,150.20881071415346,473443.6611677462,145.6585852960098,0
myopic,4,64,6,12,1,1,91.99999988079071,12352.941175922751,6197.254253467846,158.87473482768516,488060.13675295387,145.6585852960098,0
myopic,4,63,6,12,1,1,91.99999988079071,12352.941175922751,6075.770429072185,154.87652603630613,502308.7771298313,147.36536096010775,0
myopic,4,62,6,12,1,1,91.99999988079071,12352.941175922751,5959.016412138579,148.0181636526664,515926.44816823147,147.36536096010775,0
myopic,4,61,6,12,1,1,91.99999988079071,12352.941175922751,5849.685451119963,181.7428363570892,532646.7890914183,147.3781006109956,0
myopic,4,60,6,12,1,1,91.99999988079071,12352.941175922751,5711.993908999605,196.1948713974606,550696.7172365964,172.95101534140753,0
myopic,4,59,6,12,1,1,91.99999988079071,12352.941175922751,5558.919597991108,188.24468541598915,568015.2282724269,173.18520571918685,0
myopic,4,58,6,12,1,1,91.99999988079071,12352.941175922751,5414.059193222674,191.66486170885884,585648.3955267937,179.28794627762093,0
myopic,4,57,6,12,1,1,91.99999988079071,12352.941175922751,5268.342315699741,184.65005643036812,602636.2006963756,179.28794627762093,0
myopic,4,56,6,12,1,1,91.99999988079071,12352.941175922751,5130.095319622775,192.70541298502835,620365.0986680259,179.28794627762093,0
myopic,4,55,6,12,1,1,91.99999988079071,12352.941175922751,4985.04761013564,198.90466268202047,638664.3276110606,181.50830068228348,0
myopic,4,54,6,12,1,1,91.99999988079071,12352.941175922751,4834.1602316909975,208.93867439741553,657886.6856307153,181.50830068228348,0
myopic,4,53,6,12,1,1,91.99999988079071,12352.941175922751,4673.766722351484,200.25500332149014,676310.1459124201,181.50830068228348,0
myopic,4,52,6,12,1,1,91.99999988079071,12352.941175922751,4518.091485174781,205.5244909122209,695218.399051844,181.50830068228348,0
myopic,4,51,6,12,1,1,91.99999988079071,12352.941175922751,4360.182496755195,210.30086440300255,714566.0785518504,183.74050410317923,0
myopic,4,50,6,12,1,1,91.99999988079071,12352.941175922751,4198.507681507329,220.47636371886796,734849.9039877034,192.542564800098,0
myopic,4,49,6,12,1,1,91.99999988079071,12352.941175922751,4026.9913998437687,214.7899317336754,754610.5776815965,193.30528083385084,0
myopic,4,48,6,12,1,1,91.99999988079071,12352.941175922751,3859.6088813192346,211.57568463181644,774075.5406425018,193.30528083385084,0
myopic,4,47,6,12,1,1,91.99999988079071,12352.941175922751,3694.990503320587,204.63328171889654,792901.8025362461,197.01820323067741,0
myopic,4,46,6,12,1,1,91.99999988079071,12352.941175922751,3534.088003271656,216.65233709357847,812833.8175230284,197.01820323067741,0
myopic,4,45,6,12,1,1,91.99999988079071,12352.941175922751,3365.5862939852314,221.37367130198854,833200.1952564215,197.01820323067741,0
myopic,4,44,6,12,1,1,91.99999988079071,12352.941175922751,3193.4998287211847,214.54573745629716,852938.403076825,197.60821190962048,0
myopic,4,43,6,12,1,1,91.99999988079071,12352.941175922751,3024.2668257935284,217.50460590130402,872948.8267938164,197.60821190962048,0
myopic,4,42,6,12,1,1,91.99999988079071,12352.941175922751,2856.3852432919575,223.82879036881747,893541.0754810651,197.60821190962048,0
myopic,4,41,6,12,1,1,91.99999988079071,12352.941175922751,2684.9876830925296,233.55665854046916,915028.2880389461,201.0148893750271,0
myopic,4,40,6,12,1,1,91.99999988079071,12352.941175922751,2502.5012248558287,220.67938987015583,935330.7918806934,201.0148893750271,0
myopic,4,39,6,12,1,1,91.99999988079071,12352.941175922751,2325.4581797372184,245.36746421471082,957904.5985591967,201.0148893750271,0
myopic,4,38,6,12,1,1,91.99999988079071,12352.941175922751,2132.445692869237,233.15246638641685,979354.625438953,208.16928401824555,0
myopic,4,37,6,12,1,1,91.99999988079071,12352.941175922751,1946.8465047623777,242.08827414486646,1001626.7466314216,208.16928401824555,0
myopic,4,36,6,12,1,1,91.99999988079071,12352.941175922751,1756.2236991300524,229.7141878044989,1022760.4518820514,208.605935944052,0
myopic,4,35,6,12,1,1,91.99999988079071,12352.941175922751,1572.4680934699645,230.78850851371035,1043992.9946378006,208.605935944052,0
myopic,4,34,6,12,1,1,91.99999988079071,12352.941175922751,1388.3694416467952,233.51098230071133,1065476.0049816293,208.605935944052,0
myopic,4,33,6,12,1,1,91.99999988079071,12352.941175922751,1205.4924796485684,221.76057799854178,1085877.9781310593,208.605935944052,0
myopic,4,32,6,12,1,1,91.99999988079071,12352.941175922751,1034.639381525123,231.46171538953251,1107172.455919304,208.605935944052,0
myopic,4,31,6,12,1,1,91.99999988079071,12352.941175922751,847.9140686877545,226.6000423384704,1128019.6597874304,213.0863875168285,0
myopic,4,30,6,12,1,1,91.99999988079071,12352.941175922751,664.939397698261,255.20159573412423,1151498.2065645475,214.84826275598544,0
myopic,4,29,6,12,1,1,91.99999988079071,10000.0,461.0339693391343,0.0,1151498.2065645475,225.55221352890493,0
myopic,4,28,6,12,1,1,91.99999988079071,10000.0,461.0339693391343,0.0,1151498.2065645475,225.55221352890493,0
myopic,4,27,6,12,1,1,91.99999988079071,10000.0,461.0339693391343,0.0,1151498.2065645475,225.97295172837198,0
myopic,4,26,6,12,1,1,91.99999988079071,10000.0,461.0339693391343,0.0,1151498.2065645475,225.97295172837198,0
myopic,4,25,6,12,1,1,91.99999988079071,10000.0,461.0339693391343,0.0,1151498.2065645475,230.19559885154544,0
myopic,4,24,6,12,1,1,91.99999988079071,10000.0,461.0339693391343,0.0,1151498.2065645475,233.6670386321828,0
myopic,4,23,6,12,1,1,91.99999988079071,10000.0,461.0339693391343,0.0,1151498.2065645475,235.30679756566138,0
myopic,4,22,6,12,1,1,91.99999988079071,10000.0,461.0339693391343,0.0,1151498.2065645475,238.1271749969102,0
myopic,4,21,6,12,1,1,91.99999988079071,10000.0,461.0339693391343,0.0,1151498.2065645475,238.1271749969102,0
myopic,4,20,6,12,1,1,91.99999988079071,10000.0,461.0339693391343,0.0,1151498.2065645475,238.1271749969102,0
myopic,4,19,6,12,1,1,91.99999988079071,10000.0,461.0339693391343,0.0,1151498.2065645475,238.1271749969102,0
myopic,4,18,6,12,1,1,91.99999988079071,10000.0,461.0339693391343,0.0,1151498.2065645475,244.15619931843952,0
myopic,4,17,6,12,1,1,91.99999988079071,10000.0,461.0339693391343,0.0,1151498.2065645475,244.15619931843952,0
myopic,4,16,6,12,1,1,91.99999988079071,10000.0,461.0339693391343,0.0,1151498.2065645475,246.45447097887347,0
myopic,4,15,6,12,1,1,91.99999988079071,10000.0,461.0339693391343,0.0,1151498.2065645475,249.0993376403336,0
myopic,4,14,6,12,1,1,91.99999988079071,10000.0,461.0339693391343,0.0,1151498.2065645475,251.01425215790965,0
myopic,4,13,6,12,1,1,91.99999988079071,10000.0,461.0339693391343,0.0,1151498.2065645475,251.46554524240713,0
myopic,4,12,6,12,1,1,91.99999988079071,10000.0,461.0339693391343,0.0,1151498.2065645475,252.18470229434556,0
myopic,4,11,6,12,1,1,91.99999988079071,10000.0,461.0339693391343,0.0,1151498.2065645475,252.18470229434556,0
myopic,4,10,6,12,1,1,91.99999988079071,10000.0,461.0339693391343,0.0,1151498.2065645475,253.3217479726484,0
myopic,4,9,6,12,1,1,91.99999988079071,10000.0,461.0339693391343,0.0,1151498.2065645475,253.3217479726484,0
myopic,4,8,6,12,1,1,91.99999988079071,10000.0,461.0339693391343,0.0,1151498.2065645475,253.3217479726484,0
myopic,4,7,6,12,1,1,91.99999988079071,10000.0,461.0339693391343,0.0,1151498.2065645475,253.3217479726484,0
myopic,4,6,6,12,1,1,91.99999988079071,10000.0,461.0339693391343,0.0,1151498.2065645475,253.3217479726484,0
myopic,4,5,6,12,1,1,91.99999988079071,10000.0,461.0339693391343,0.0,1151498.2065645475,227.42353435458372,0
myopic,4,4,6,12,1,1,91.99999988079071,10000.0,461.0339693391343,0.0,1151498.2065645475,223.80390014802688,0
myopic,4,3,6,12,1,1,91.99999988079071,10000.0,461.0339693391343,0.0,1151498.2065645475,212.94074769604768,0
myopic,4,2,6,12,1,1,91.99999988079071,10000.0,461.0339693391343,0.0,1151498.2065645475,199.91705650403023,0
myopic,4,1,6,12,1,1,91.99999988079071,10000.0,461.0339693391343,0.0,1151498.2065645475,192.4570690769313,0
myopic,5,100,1,6,0,0,91.99999988079071,12352.941175922751,10000.0,67.73604413137916,6231.716052012117,53.51064944791461,1
myopic,5,99,1,6,0,0,91.99999988079071,12352.941175922751,9955.987539579224,54.226493307172156,11220.553429807653,53.51064944791461,1
myopic,5,98,1,6,0,0,91.99999988079071,12352.941175922751,9921.28687659547,66.85387919205519,17371.110307507126,53.51064944791461,1
myopic,5,97,1,6,0,0,91.99999988079071,12352.941175922751,9876.58971040187,63.39645990985687,23203.58461165651,55.53276728716988,1
myopic,5,96,1,6,0,0,91.99999988079071,12352.941175922751,9836.268528659923,53.912320627291166,28163.51810294045,55.852472283942966,1
myopic,5,95,1,6,0,0,91.99999988079071,12352.941175922751,9800.156889095424,63.20150179484874,33978.05626053233,56.18471002774361,1
myopic,5,94,1,6,0,0,91.99999988079071,12352.941175922751,9760.252577045505,60.908872728243665,39581.672544269844,56.18471002774361,1
myopic,5,93,1,6,0,0,91.99999988079071,12352.941175922751,9721.313656286147,57.28194420772963,44851.61140455243,56.18471002774361,1
myopic,5,92,1,6,0,0,91.99999988079071,12352.941175922751,9684.175382464304,56.60974198716412,50059.70766062312,56.85789131285237,1
myopic,5,91,1,6,0,0,91.99999988079071,12352.941175922751,9646.733585794227,62.90965445069834,55847.39586258795,56.85789131285237,1
myopic,5,90,1,6,0,0,91.99999988079071,12352.941175922751,9605.9186112036,66.69144483855759,61983.008779785014,57.85980122566746,1
myopic,5,89,1,6,0,0,91.99999988079071,12352.941175922751,9561.485566512369,50.27015525485523,66607.86305723902,57.85980122566746,1
myopic,5,88,1,6,0,0,91.99999988079071,12352.941175922751,9528.585160822264,56.8791941726909,71840.74891434606,57.85980122566746,1
myopic,5,87,1,6,0,0,91.99999988079071,12352.941175922751,9491.253928663167,54.40982304701214,76846.45262818501,59.05581472314141,1
myopic,5,86,1,6,0,0,91.99999988079071,12352.941175922751,9455.371541995395,64.7129190839783,82800.04117619664,59.05581472314141,1
myopic,5,85,1,6,0,0,91.99999988079071,12352.941175922751,9412.887375910717,56.63259297136888,88010.23972281144,59.321172379079584,1
myopic,5,84,1,6,0,0,91.99999988079071,12352.941175922751,9375.720415650121,56.28537379876518,93188.49410558809,59.321172379079584,1
myopic,5,83,1,6,0,0,91.99999988079071,12352.941175922751,9339.39390187299,66.81429087200999,99335.40885784813,59.321172379079584,1
myopic,5,82,1,6,0,0,91.99999988079071,12352.941175922751,9296.007653819253,74.77101913993695,106214.34260980893,59.321172379079584,1
myopic,5,81,1,6,0,0,91.99999988079071,12352.941175922751,9245.761054801998,49.42611679091284,110761.54534868085,59.67942540614826,1
myopic,5,80,1,6,0,0,91.99999988079071,12352.941175922751,9212.754617390307,57.104905318130804,116015.19663114146,59.67942540614826,1
myopic,5,79,1,6,0,0,91.99999988079071,12352.941175922751,9174.727771538091,66.757323240978,122156.87036135334,60.144742931333404,1
myopic,5,78,1,6,0,0,91.99999988079071,12352.941175922751,9131.879795272336,65.74086014592143,128205.02948694119,60.59148468407464,1
myopic,5,77,1,6,0,0,91.99999988079071,12352.941175922751,9088.20493515835,75.30424459079234,135133.01998031713,61.68635059106254,1
myopic,5,76,1,6,0,0,91.99999988079071,12352.941175922751,9038.957652609144,73.51257551881307,141896.17691928454,61.68635059106254,1
myopic,5,75,1,6,0,0,91.99999988079071,12352.941175922751,8990.736577979982,64.95791319444825,147872.3049254302,61.68635059106254,1
myopic,5,74,1,6,0,0,91.99999988079071,12352.941175922751,8947.85671919089,79.33512050452609,155171.1360023891,61.68635059106254,1
myopic,5,73,1,6,0,0,91.99999988079071,12352.941175922751,8894.079035750157,87.19913021591441,163193.4559718583,61.811377832783585,1
myopic,5,72,1,6,0,0,91.99999988079071,12352.941175922751,8834.81119412519,76.56680036580845,170237.60159638518,61.811377832783585,1
myopic,5,71,1,6,0,0,91.99999988079071,12352.941175922751,8782.52050718235,64.95396620877862,176213.3664798497,63.69238905560433,1
myopic,5,70,1,6,0,0,91.99999988079071,12352.941175922751,8738.78189029821,80.60996943801206,183629.48365853736,63.69238905560433,1
myopic,5,69,1,6,0,0,91.99999988079071,12352.941175922751,8684.73409417363,72.21548540010521,190273.30830673827,63.69238905560433,1
myopic,5,68,1,6,0,0,91.99999988079071,12352.941175922751,8635.916904713335,75.57882109243833,197226.5598382329,64.51194257070377,1
myopic,5,67,1,6,0,0,91.99999988079071,12352.941175922751,8585.058143202776,71.14252461896484,203771.6720946968,64.51194257070377,1
myopic,5,66,1,6,0,0,91.99999988079071,12352.941175922751,8536.597863872863,73.1856048369141,210504.74773096852,66.02319309723785,1
myopic,5,65,1,6,0,0,91.99999988079071,12352.941175922751,8487.642228058166,79.52768407453519,217821.29465634533,66.02319309723785,1
myopic,5,64,1,6,0,0,91.99999988079071,12352.941175922751,8434.789960001246,62.752495338591416,223594.52422001507,66.02319309723785,1
myopic,5,63,1,6,0,0,91.99999988079071,12352.941175922751,8393.005778063072,80.09719796048535,230963.46642283138,66.02319309723785,1
myopic,5,62,1,6,0,0,91.99999988079071,12352.941175922751,8338.674609513346,64.6420328385807,236910.53343627488,66.02319309723785,1
myopic,5,61,1,6,0,0,91.99999988079071,12352.941175922751,8295.3713300525,96.72273871696669,245809.02538670556,66.0678136608015,1
myopic,5,60,1,6,0,0,91.99999988079071,12352.941175922751,8230.371133273944,83.17706393648629,253461.31525894682,85.17672399217258,1
myopic,5,59,1,6,0,0,91.99999988079071,12352.941175922751,8172.7211048090485,83.78002779972687,261169.07780653433,85.17672399217258,1
myopic,5,58,1,6,0,0,91.99999988079071,12352.941175922751,8115.476678219447,93.29959729449526,269752.6407465057,85.17672399217258,1
myopic,5,57,1,6,0,0,91.99999988079071,12352.941175922751,8051.757906531849,92.92093792450385,278301.36702448304,85.17672399217258,1
myopic,5,56,1,6,0,0,91.99999988079071,12352.941175922751,7986.279947779114,91.95625913205328,286761.3428536699,85.17672399217258,1
myopic,5,55,1,6,0,0,91.99999988079071,12352.941175922751,7924.185886967567,81.39744671121804,294249.9079413986,87.67464619283565,1
myopic,5,54,1,6,0,0,91.99999988079071,12352.941175922751,7868.070700107339,93.27335626947763,302831.0567070715,87.67464619283565,1
myopic,5,53,1,6,0,0,91.99999988079071,12352.941175922751,7803.139422810016,92.73998656477085,311363.13545997493,87.67464619283565,1
myopic,5,52,1,6,0,0,91.99999988079071,12352.941175922751,7739.282123119591,92.14541706147602,319840.51381864614,88.00542260216963,1
myopic,5,51,1,6,0,0,91.99999988079071,12352.941175922751,7675.764694765892,99.19775669480426,328966.70742274285,89.3393639748758,1
myopic,5,50,1,6,0,0,91.99999988079071,12352.941175922751,7607.093277779091,99.30395239827196,338102.6710315459,89.3393639748758,1
myopic,5,49,1,6,0,0,91.99999988079071,12352.941175922751,7535.67275080788,102.33336278198745,347517.34039528965,89.87264365606573,1
myopic,5,48,1,6,0,0,91.99999988079071,12352.941175922751,7466.084206812382,112.36865426051676,357855.2565738618,89.87264365606573,1
myopic,5,47,1,6,0,0,91.99999988079071,12352.941175922751,7386.894661571914,93.61304776088456,366467.65695670363,89.87264365606573,1
myopic,5,46,1,6,0,0,91.99999988079071,12352.941175922751,7320.206809391531,101.32853852656757,375789.88248906855,92.28499445299059,1
myopic,5,45,1,6,0,0,91.99999988079071,12352.941175922751,7249.675820890375,96.70211903363233,384686.47742863494,92.32417290804567,1
myopic,5,44,1,6,0,0,91.99999988079071,12352.941175922751,7182.679195735916,102.15514230901996,394084.75050888694,92.85601305134094,1
myopic,5,43,1,6,0,0,91.99999988079071,12352.941175922751,7109.305377828552,99.16977364665023,403208.3696725568,92.85601305134094,1
myopic,5,42,1,6,0,0,91.99999988079071,12352.941175922751,7038.652166588308,117.62459822861736,414029.8326955677,92.85601305134094,1
myopic,5,41,1,6,0,0,91.99999988079071,12352.941175922751,6956.976524507658,104.67960838980306,423660.35665495077,93.6308664821853,1
myopic,5,40,1,6,0,0,91.99999988079071,12352.941175922751,6882.975478726103,94.14538099979237,432321.73169570864,93.6308664821853,1
myopic,5,39,1,6,0,0,91.99999988079071,12352.941175922751,6817.099147562308,104.04969880430232,441894.3039733008,93.6308664821853,1
myopic,5,38,1,6,0,0,91.99999988079071,12352.941175922751,6742.338518835151,99.91926138368098,451086.8760086881,95.04742683727991,1
myopic,5,37,1,6,0,0,91.99999988079071,12352.941175922751,6670.823262427835,109.9496491851029,461202.24372061057,95.04742683727991,1
myopic,5,36,1,6,0,0,91.99999988079071,12352.941175922751,6591.6512081885085,111.12134146755237,471425.4071223787,95.04742683727991,1
myopic,5,35,1,6,0,0,91.99999988079071,12352.941175922751,6511.251230383275,108.0760253550709,481368.4014421616,95.04742683727991,1
myopic,5,34,1,6,0,0,91.99999988079071,12352.941175922751,6431.305355223324,109.15735493916576,491410.8780835523,95.04742683727991,1
myopic,5,33,1,6,0,0,91.99999988079071,12352.941175922751,6352.374230992286,111.99916054629006,501714.80084045965,95.04742683727991,1
myopic,5,32,1,6,0,0,91.99999988079071,12352.941175922751,6272.576741354768,108.76036004117958,511720.75395128294,97.00694341239463,1
myopic,5,31,1,6,0,0,91.99999988079071,12352.941175922751,6192.758800342173,116.50829192801761,522439.5167947717,101.69890345053383,1
myopic,5,30,1,6,0,0,91.99999988079071,12352.941175922751,6106.126293865664,115.26957395402921,533044.3175848012,101.69890345053383,1
myopic,5,29,1,6,0,0,91.99999988079071,12352.941175922751,6024.14201351359,130.7637651696894,545074.5839648244,105.09652333242514,1
myopic,5,28,1,6,0,0,91.99999988079071,12352.941175922751,5927.055702788093,107.17701932106897,554934.8697295863,105.09652333242514,1
myopic,5,27,1,6,0,0,91.99999988079071,12352.941175922751,5846.968261111911,115.90614118013016,565598.2347043412,105.51726153189219,1
myopic,5,26,1,6,0,0,91.99999988079071,12352.941175922751,5764.361233114778,115.95405624603039,576266.0078651531,105.51726153189219,1
myopic,5,25,1,6,0,0,91.99999988079071,12352.941175922751,5679.638698848994,133.63319705180663,588560.261977989,108.86577323146005,1
myopic,5,24,1,6,0,0,91.99999988079071,12352.941175922751,5582.161002050332,119.85610230534705,599587.023375793,110.31606898852215,1
myopic,5,23,1,6,0,0,91.99999988079071,12352.941175922751,5493.760906390298,120.76291975579622,610697.2119789302,111.20897889534331,1
myopic,5,22,1,6,0,0,91.99999988079071,12352.941175922751,5405.313473010314,125.54739713181974,622247.5725000912,112.95137016244168,1
myopic,5,21,1,6,0,0,91.99999988079071,12352.941175922751,5310.344214786728,128.78652306898834,634095.9326070856,112.95137016244168,1
myopic,5,20,1,6,0,0,91.99999988079071,12352.941175922751,5215.436020672,114.5961758023208,644638.7807672381,112.95137016244168,1
myopic,5,19,1,6,0,0,91.99999988079071,12352.941175922751,5129.359898966658,123.0224142363534,655956.8428623172,112.95137016244168,1
myopic,5,18,1,6,0,0,91.99999988079071,12352.941175922751,5037.661844575335,115.23749891462224,666558.6927487251,117.40424760711261,1
myopic,5,17,1,6,0,0,91.99999988079071,12352.941175922751,4948.445553141602,136.0458529350963,679074.911202536,117.40424760711261,1
myopic,5,16,1,6,0,0,91.99999988079071,12352.941175922751,4846.837865257155,136.36694027558076,691620.6696916332,117.43877695873326,1
myopic,5,15,1,6,0,0,91.99999988079071,12352.941175922751,4741.3226139342605,110.35824640610605,701773.6283478392,117.79311858824813,1
myopic,5,14,1,6,0,0,91.99999988079071,12352.941175922751,4657.726323620603,126.37088745851406,713399.7499789579,118.13382576143007,1
myopic,5,13,1,6,0,0,91.99999988079071,12352.941175922751,4560.053102078857,129.0703096349716,725274.218449989,118.13382576143007,1
myopic,5,12,1,6,0,0,91.99999988079071,12352.941175922751,4461.020128581422,129.57506190080093,737195.1241294161,118.65148982084473,1
myopic,5,11,1,6,0,0,91.99999988079071,12352.941175922751,4358.6347236512975,148.4956714657443,750856.7258865625,118.65148982084473,1
myopic,5,10,1,6,0,0,91.99999988079071,12352.941175922751,4244.091575584717,124.03142056439083,762267.6165637007,119.72247037978816,1
myopic,5,9,1,6,0,0,91.99999988079071,12352.941175922751,4144.424919581578,123.6034154448524,773639.1307698925,119.9282594332441,1
myopic,5,8,1,6,0,0,91.99999988079071,12352.941175922751,4048.1297230135824,131.73402458518422,785758.6610160255,119.9282594332441,1
myopic,5,7,1,6,0,0,91.99999988079071,12352.941175922751,3943.5908326062654,139.6736569058968,798608.6374347176,119.9282594332441,1
myopic,5,6,1,6,0,0,91.99999988079071,12352.941175922751,3832.1917051955843,115.37296282549173,809222.9500009093,119.9282594332441,1
myopic,5,5,1,6,0,0,91.99999988079071,12352.941175922751,3739.4444123290687,117.42054937248368,820025.6405291802,111.6350613497792,1
myopic,5,4,1,6,0,0,91.99999988079071,12352.941175922751,3643.1695546508954,110.20706407291877,830164.690410751,105.31132169984018,1
myopic,5,3,1,6,0,0,91.99999988079071,12352.941175922751,3554.807616018292,98.45447106606312,839222.5017370922,100.66337802387262,1
myopic,5,2,1,6,0,0,91.99999988079071,12352.941175922751,3472.9213679673194,94.852502059266,847948.9319152373,97.45860423514522,1
myopic,5,1,1,6,0,0,91.99999988079071,12352.941175922751,3395.143651831845,87.18265601188277,855969.7362579376,90.48681714092218,1
myopic,6,100,6,6,1,0,91.99999988079071,12352.941175922751,10000.0,82.84621430026206,7621.851705748071,94.22677816891029,0
myopic,6,99,6,6,1,0,91.99999988079071,12352.941175922751,9942.25996052771,111.38230428034439,17869.02368626195,94.22677816891029,0
myopic,6,98,6,6,1,0,91.99999988079071,12352.941175922751,9863.038275366212,109.82790543317437,27973.190973021483,94.22677816891029,0
myopic,6,97,6,6,1,0,91.99999988079071,12352.941175922751,9784.69744837809,107.26765576569613,37841.81529067823,95.43576480047696,0
myopic,6,96,6,6,1,0,91.99999988079071,12352.941175922751,9708.999177656953,107.53929583474559,47735.43049465514,95.75546979725004,0
myopic,6,95,6,6,1,0,91.99999988079071,12352.941175922751,9634.672094011303,99.3363626042754,56874.37584240666,96.81514068949487,0
myopic,6,94,6,6,1,0,91.99999988079071,12352.941175922751,9564.567036854103,101.46783272133595,66209.41644067367,96.81514068949487,0
myopic,6,93,6,6,1,0,91.99999988079071,12352.941175922751,9492.066532786506,117.80781483356829,77047.73539131816,96.81514068949487,0
myopic,6,92,6,6,1,0,91.99999988079071,12352.941175922751,9407.260063574167,107.26013138598523,86915.66746604239,98.05540323546752,0
myopic,6,91,6,6,1,0,91.99999988079071,12352.941175922751,9330.342355493778,101.64180368408965,96266.71339286199,98.05540323546752,0
myopic,6,90,6,6,1,0,91.99999988079071,12352.941175922751,9259.418280677111,109.5389732610212,106344.29891981787,99.3508655734912,0
myopic,6,89,6,6,1,0,91.99999988079071,12352.941175922751,9181.76163945022,96.3896471620254,115212.14644723367,99.3508655734912,0
myopic,6,88,6,6,1,0,91.99999988079071,12352.941175922751,9115.209233846199,113.31101613566264,125636.75991820691,99.61820586358787,0
myopic,6,87,6,6,1,0,91.99999988079071,12352.941175922751,9035.905253570423,120.1372453476073,136689.3864758653,100.79415033413501,0
myopic,6,86,6,6,1,0,91.99999988079071,12352.941175922751,8950.307469522888,114.46431661221449,147220.10359054382,100.79415033413501,0
myopic,6,85,6,6,1,0,91.99999988079071,12352.941175922751,8868.84779879992,119.17064047609132,158183.80250013797,102.19602152536453,0
myopic,6,84,6,6,1,0,91.99999988079071,12352.941175922751,8784.333323429037,120.69188765473882,169287.45614998636,102.19602152536453,0
myopic,6,83,6,6,1,0,91.99999988079071,12352.941175922751,8699.057121862696,110.20685799940287,179426.48707279374,102.19602152536453,0
myopic,6,82,6,6,1,0,91.99999988079071,12352.941175922751,8621.254006322897,117.18078011362647,190207.11882927833,102.19602152536453,0
myopic,6,81,6,6,1,0,91.99999988079071,12352.941175922751,8537.637743125464,105.50134860074492,199913.24288797012,102.5542745524332,0
myopic,6,80,6,6,1,0,91.99999988079071,12352.941175922751,8460.452301684418,112.47649224452988,210261.08016105863,102.5542745524332,0
myopic,6,79,6,6,1,0,91.99999988079071,12352.941175922751,8380.14966919669,118.53952265413031,221166.71623110762,105.27938350715478,0
myopic,6,78,6,6,1,0,91.99999988079071,12352.941175922751,8293.468509544124,115.68989168749476,231810.18625256582,105.27938350715478,0
myopic,6,77,6,6,1,0,91.99999988079071,12352.941175922751,8209.806249494643,119.3273940536377,242788.30649127555,106.63956259332332,0
myopic,6,76,6,6,1,0,91.99999988079071,12352.941175922751,8125.819957115631,124.87284943152093,254276.60862408948,108.15422554551367,0
myopic,6,75,6,6,1,0,91.99999988079071,12352.941175922751,8034.943204043013,116.61714114975466,265005.3855959651,108.15422554551367,0
myopic,6,74,6,6,1,0,91.99999988079071,12352.941175922751,7951.041136781633,106.77359763265119,274828.5565654406,108.15422554551367,0
myopic,6,73,6,6,1,0,91.99999988079071,12352.941175922751,7875.649538353912,115.65196716992652,285468.53753128706,108.37967750832935,0
myopic,6,72,6,6,1,0,91.99999988079071,12352.941175922751,7791.559652457323,115.02752985604133,296051.0702643305,108.37967750832935,0
myopic,6,71,6,6,1,0,91.99999988079071,12352.941175922751,7708.155454226203,126.52626550193507,307691.48667542543,108.37967750832935,0
myopic,6,70,6,6,1,0,91.99999988079071,12352.941175922751,7616.51543140011,126.80098161302816,319357.17696870817,108.37967750832935,0
myopic,6,69,6,6,1,0,91.99999988079071,12352.941175922751,7523.064670493544,115.16256087320176,329952.1325553143,111.50112646491013,0
myopic,6,68,6,6,1,0,91.99999988079071,12352.941175922751,7438.77102130719,110.05330901263495,340077.0369713573,114.17042488045551,0
myopic,6,67,6,6,1,0,91.99999988079071,12352.941175922751,7358.410190564688,129.0481328272009,351949.46517607605,114.17042488045551,0
myopic,6,66,6,6,1,0,91.99999988079071,12352.941175922751,7265.189485230447,118.80567131822704,362879.5869231902,116.26293387735014,0
myopic,6,65,6,6,1,0,91.99999988079071,12352.941175922751,7178.723614929773,124.14226641844509,374300.6754188883,116.26293387735014,0
myopic,6,64,6,6,1,0,91.99999988079071,12352.941175922751,7088.0701084280445,122.03238788352579,385527.6550896253,116.26293387735014,0
myopic,6,63,6,6,1,0,91.99999988079071,12352.941175922751,6998.351446948198,121.00799985467688,396660.3910618303,117.96970954144811,0
myopic,6,62,6,6,1,0,91.99999988079071,12352.941175922751,6910.175778564204,126.24000216794124,408274.4712462319,117.96970954144811,0
myopic,6,61,6,6,1,0,91.99999988079071,12352.941175922751,6816.331420427362,143.6121431385315,421486.7883978569,118.04371025661288,0
myopic,6,60,6,6,1,0,91.99999988079071,12352.941175922751,6711.525324725726,165.03737889956332,436670.22723694274,141.95045016902438,0
myopic,6,59,6,6,1,0,91.99999988079071,12352.941175922751,6591.276356593166,151.18521746774906,450579.267225953,141.95045016902438,0
myopic,6,58,6,6,1,0,91.99999988079071,12352.941175922751,6479.679574881624,158.78074323871905,465187.095584987,146.98995099620282,0
myopic,6,57,6,6,1,0,91.99999988079071,12352.941175922751,6361.554479072622,153.73786529647452,479330.9791739357,146.98995099620282,0
myopic,6,56,6,6,1,0,91.99999988079071,12352.941175922751,6247.862857695912,168.54314633295974,494836.9486164761,146.98995099620282,0
myopic,6,55,6,6,1,0,91.99999988079071,12352.941175922751,6121.8277803333285,154.36496586782,509038.5254579138,148.91799961184566,0
myopic,6,54,6,6,1,0,91.99999988079071,12352.941175922751,6005.737646109205,156.0085545606139,523391.31245889264,148.91799961184566,0
myopic,6,53,6,6,1,0,91.99999988079071,12352.941175922751,5892.268768104881,155.5775741594635,537704.449263017,148.91799961184566,0
myopic,6,52,6,6,1,0,91.99999988079071,12352.941175922751,5776.5670703012665,162.61645741011017,552665.1633253618,148.91799961184566,0
myopic,6,51,6,6,1,0,91.99999988079071,12352.941175922751,5655.045753252742,172.7515717305141,568558.3079039755,150.72146896463957,0
myopic,6,50,6,6,1,0,91.99999988079071,12352.941175922751,5525.929601025496,168.1767687203172,584030.5706061964,154.00250483209075,0
myopic,6,49,6,6,1,0,91.99999988079071,12352.941175922751,5397.997135710472,152.48472363006522,598059.1651619849,155.30382457501017,0
myopic,6,48,6,6,1,0,91.99999988079071,12352.941175922751,5286.494042332788,167.45979641839435,613465.4664125143,155.30382457501017,0
myopic,6,47,6,6,1,0,91.99999988079071,12352.941175922751,5163.071472291846,151.06748121772392,627363.6746665363,156.4916823109558,0
myopic,6,46,6,6,1,0,91.99999988079071,12352.941175922751,5050.9035103851365,165.8941172060801,642625.9334297195,156.4916823109558,0
myopic,6,45,6,6,1,0,91.99999988079071,12352.941175922751,4930.116971751692,180.1027231342714,659195.3839366026,156.83230445638512,0
myopic,6,44,6,6,1,0,91.99999988079071,12352.941175922751,4792.770033285865,183.1075885616244,676041.2820624439,158.05947025224935,0
myopic,6,43,6,6,1,0,91.99999988079071,12352.941175922751,4655.642472176657,174.4140769559544,692087.3771216,158.05947025224935,0
myopic,6,42,6,6,1,0,91.99999988079071,12352.941175922751,4525.7491704448885,178.14413184926912,708476.6372304963,158.05947025224935,0
myopic,6,41,6,6,1,0,91.99999988079071,12352.941175922751,4392.127343709013,179.77169909899402,725015.6335261733,161.03342439189663,0
myopic,6,40,6,6,1,0,91.99999988079071,12352.941175922751,4256.525396590165,184.7626927986792,742013.8012416264,161.03342439189663,0
myopic,6,39,6,6,1,0,91.99999988079071,12352.941175922751,4115.133739834558,189.41873078215085,759440.3244510038,161.03342439189663,0
myopic,6,38,6,6,1,0,91.99999988079071,12352.941175922751,3973.857255712749,164.9503154112887,774615.7534491788,163.78391687365212,0
myopic,6,37,6,6,1,0,91.99999988079071,12352.941175922751,3847.734439055079,175.36846221677968,790749.651952217,163.78391687365212,0
myopic,6,36,6,6,1,0,91.99999988079071,12352.941175922751,3713.4111401106647,182.37679051163062,807528.316657546,164.22056879945856,0
myopic,6,35,6,6,1,0,91.99999988079071,12352.941175922751,3573.7797666046554,187.3397719232445,824763.5756521518,164.22056879945856,0
myopic,6,34,6,6,1,0,91.99999988079071,12352.941175922751,3429.5185629278076,183.7653118322107,841669.9843188087,164.22056879945856,0
myopic,6,33,6,6,1,0,91.99999988079071,12352.941175922751,3289.9254723640424,193.78306596232224,859498.0263642416,164.22056879945856,0
myopic,6,32,6,6,1,0,91.99999988079071,12352.941175922751,3140.7878472503044,193.7527129481568,877323.2759323749,164.22056879945856,0
myopic,6,31,6,6,1,0,91.99999988079071,12352.941175922751,2991.0726142023286,195.96128898211882,895351.7144953693,168.70102037223506,0
myopic,6,30,6,6,1,0,91.99999988079071,12352.941175922751,2839.6135100276597,200.687277752629,913814.9440246874,169.5313551099291,0
myopic,6,29,6,6,1,0,91.99999988079071,12352.941175922751,2684.2088252700287,193.2769577191036,931596.4241118046,181.5204308117816,0
myopic,6,28,6,6,1,0,91.99999988079071,12352.941175922751,2535.322277200319,198.23193083141308,949833.7617246634,181.5204308117816,0
myopic,6,27,6,6,1,0,91.99999988079071,12352.941175922751,2381.5649268785273,191.54596698736918,967455.9906646673,181.94116901124866,0
myopic,6,26,6,6,1,0,91.99999988079071,12352.941175922751,2229.3158387757403,194.7114607181784,985369.4450275283,181.94116901124866,0
myopic,6,25,6,6,1,0,91.99999988079071,12352.941175922751,2077.9075355667756,226.7702563057228,1006232.3085806217,184.81972965388394,0
myopic,6,24,6,6,1,0,91.99999988079071,12352.941175922751,1901.7966093410223,215.5066354565537,1026058.9190169342,189.05835539811233,0
myopic,6,23,6,6,1,0,91.99999988079071,12352.941175922751,1731.8976978497667,208.98354047522773,1045285.4047157425,191.03935136353707,0
myopic,6,22,6,6,1,0,91.99999988079071,12352.941175922751,1570.1155076181676,198.2235105276891,1063521.9676606597,192.1968114158716,0
myopic,6,21,6,6,1,0,91.99999988079071,12352.941175922751,1414.0687836396955,214.0142342332968,1083211.2771846105,192.1968114158716,0
myopic,6,20,6,6,1,0,91.99999988079071,12352.941175922751,1248.8321570280787,211.87049063498495,1102703.3622977722,192.1968114158716,0
myopic,6,19,6,6,1,0,91.99999988079071,12352.941175922751,1082.2166471650216,224.23084243660233,1123332.5997752093,192.1968114158716,0
myopic,6,18,6,6,1,0,91.99999988079071,12352.941175922751,904.0579571185262,210.65776412392867,1142713.1140494985,198.05584899707483,0
myopic,6,17,6,6,1,0,91.99999988079071,12352.941175922751,737.1331388977051,219.97599756618925,1162950.9057993647,198.05584899707483,0
myopic,6,16,6,6,1,0,91.99999988079071,12352.941175922751,559.7503356611487,244.38431276390213,1185434.262544511,200.3541206575088,0
myopic,6,15,6,6,1,0,91.99999988079071,10000.0,363.67608060867315,0.0,1185434.262544511,200.70846228702368,0
myopic,6,14,6,6,1,0,91.99999988079071,10000.0,363.67608060867315,0.0,1185434.262544511,202.16814556654086,0
myopic,6,13,6,6,1,0,91.99999988079071,10000.0,363.67608060867315,0.0,1185434.262544511,202.16814556654086,0
myopic,6,12,6,6,1,0,91.99999988079071,10000.0,363.67608060867315,0.0,1185434.262544511,202.47826441075347,0
myopic,6,11,6,6,1,0,91.99999988079071,10000.0,363.67608060867315,0.0,1185434.262544511,202.47826441075347,0
myopic,6,10,6,6,1,0,91.99999988079071,10000.0,363.67608060867315,0.0,1185434.262544511,203.1428722162761,0
myopic,6,9,6,6,1,0,91.99999988079071,10000.0,363.67608060867315,0.0,1185434.262544511,203.1428722162761,0
myopic,6,8,6,6,1,0,91.99999988079071,10000.0,363.67608060867315,0.0,1185434.262544511,203.1428722162761,0
myopic,6,7,6,6,1,0,91.99999988079071,10000.0,363.67608060867315,0.0,1185434.262544511,203.1428722162761,0
myopic,6,6,6,6,1,0,91.99999988079071,10000.0,363.67608060867315,0.0,1185434.262544511,203.1428722162761,0
myopic,6,5,6,6,1,0,91.99999988079071,10000.0,363.67608060867315,0.0,1185434.262544511,184.9018914663731,0
myopic,6,4,6,6,1,0,91.99999988079071,10000.0,363.67608060867315,0.0,1185434.262544511,181.28225725981625,0
myopic,6,3,6,6,1,0,91.99999988079071,10000.0,363.67608060867315,0.0,1185434.262544511,172.60185591989207,0
myopic,6,2,6,6,1,0,91.99999988079071,10000.0,363.67608060867315,0.0,1185434.262544511,163.29379014865918,0
myopic,6,1,6,6,1,0,91.99999988079071,10000.0,363.67608060867315,0.0,1185434.262544511,155.83380272156026,0
myopic,7,100,6,12,1,1,91.99999988079071,12352.941175922751,10000.0,128.47000573842934,11819.240512620681,119.21816460837967,0
myopic,7,99,6,12,1,1,91.99999988079071,12352.941175922751,9908.869925629784,127.02574229995328,23505.608789073733,119.21816460837967,0
myopic,7,98,6,12,1,1,91.99999988079071,12352.941175922751,9818.789732395153,132.53644887856828,35698.96207010244,119.21816460837967,0
myopic,7,97,6,12,1,1,91.99999988079071,12352.941175922751,9721.751648972759,128.11764790937812,47485.78566249242,120.48841230422327,0
myopic,7,96,6,12,1,1,91.99999988079071,12352.941175922751,9630.213001996593,137.13543575868658,60102.24573594377,120.48841230422327,0
myopic,7,95,6,12,1,1,91.99999988079071,12352.941175922751,9530.825385381026,134.06001334918818,72435.76694808788,121.5480831964681,0
myopic,7,94,6,12,1,1,91.99999988079071,12352.941175922751,9435.231014210607,133.51729815018018,84719.35836198795,121.5480831964681,0
myopic,7,93,6,12,1,1,91.99999988079071,12352.941175922751,9337.82242741896,124.0906370675241,96135.6969574074,122.03586911981081,0
myopic,7,92,6,12,1,1,91.99999988079071,12352.941175922751,9248.547509119162,119.63457152739801,107142.07752366646,123.03316904179233,0
myopic,7,91,6,12,1,1,91.99999988079071,12352.941175922751,9163.368590310978,121.68868948172096,118337.43694147837,123.03316904179233,0
myopic,7,90,6,12,1,1,91.99999988079071,12352.941175922751,9075.351334866882,126.2829979325052,129955.47273621474,124.47314745072495,0
myopic,7,89,6,12,1,1,91.99999988079071,12352.941175922751,8983.293067305598,137.96958343537702,142648.67439582216,124.47314745072495,0
myopic,7,88,6,12,1,1,91.99999988079071,12352.941175922751,8883.197827550597,118.46064186323804,153547.05343311845,124.74048774082162,0
myopic,7,87,6,12,1,1,91.99999988079071,12352.941175922751,8797.556844518871,138.20671198659355,166262.07091940954,126.45503592053535,0
myopic,7,86,6,12,1,1,91.99999988079071,12352.941175922751,8696.652395719371,127.89008425335199,178027.95865547223,126.45503592053535,0
myopic,7,85,6,12,1,1,91.99999988079071,12352.941175922751,8603.89249567726,135.4127803796413,190485.93443425678,127.85690711176491,0
myopic,7,84,6,12,1,1,91.99999988079071,12352.941175922751,8505.995139582732,151.72812199118306,204444.92163935822,130.6942817674587,0
myopic,7,83,6,12,1,1,91.99999988079071,12352.941175922751,8396.16377009299,142.98075936453026,217599.15148385038,130.6942817674587,0
myopic,7,82,6,12,1,1,91.99999988079071,12352.941175922751,8290.246015702902,138.96477486032776,230383.91075443465,130.6942817674587,0
myopic,7,81,6,12,1,1,91.99999988079071,12352.941175922751,8188.463110728248,144.51729146827003,243679.5015522877,131.0525347945274,0
myopic,7,80,6,12,1,1,91.99999988079071,12352.941175922751,8082.240895344531,137.830370503024,256359.89562213523,131.0525347945274,0
myopic,7,79,6,12,1,1,91.99999988079071,12352.941175922751,7980.790716340649,158.50140448829785,270942.0248161638,134.69965047598188,0
myopic,7,78,6,12,1,1,91.99999988079071,12352.941175922751,7866.50058043957,155.98208493516375,285292.37661160436,134.69965047598188,0
myopic,7,77,6,12,1,1,91.99999988079071,12352.941175922751,7751.336119652702,145.63533087590062,298690.82703482616,136.04655404778723,0
myopic,7,76,6,12,1,1,91.99999988079071,12352.941175922751,7641.235935148084,156.86517172543608,313122.42281486647,137.5612169999776,0
myopic,7,75,6,12,1,1,91.99999988079071,12352.941175922751,7527.123464603246,151.3632238589301,327047.8393918441,137.5612169999776,0
myopic,7,74,6,12,1,1,91.99999988079071,12352.941175922751,7414.300480638427,150.09249792517397,340856.3491830677,137.5612169999776,0
myopic,7,73,6,12,1,1,91.99999988079071,12352.941175922751,7302.13643715439,151.07061636678463,354754.8458708028,138.32368132308972,0
myopic,7,72,6,12,1,1,91.99999988079071,12352.941175922751,7189.117161962624,163.11093566122918,369761.0519321916,138.32368132308972,0
myopic,7,71,6,12,1,1,91.99999988079071,12352.941175922751,7068.979694405069,153.22786381109682,383858.0153845463,138.32368132308972,0
myopic,7,70,6,12,1,1,91.99999988079071,12352.941175922751,6955.655228280489,156.04201027866438,398213.8803115818,138.32368132308972,0
myopic,7,69,6,12,1,1,91.99999988079071,12352.941175922751,6841.193547914104,153.31500128409257,412318.8604114417,141.44513027967048,0
myopic,7,68,6,12,1,1,91.99999988079071,12352.941175922751,6727.107216440176,165.13952503291722,427511.6966947839,144.11442869521588,0
myopic,7,67,6,12,1,1,91.99999988079071,12352.941175922751,6602.049775747049,149.05358735291898,441224.6267134839,144.11442869521588,0
myopic,7,66,6,12,1,1,91.99999988079071,12352.941175922751,6491.679480191036,164.81703707338042,456387.79410458717,145.6585852960098,0
myopic,7,65,6,12,1,1,91.99999988079071,12352.941175922751,6371.4384848229765,155.9364507731741,470733.94755713013,145.6585852960098,0
myopic,7,64,6,12,1,1,91.99999988079071,12352.941175922751,6254.613656100642,171.5685556413805,486518.2546556846,145.6585852960098,0
myopic,7,63,6,12,1,1,91.99999988079071,12352.941175922751,6124.672954187055,158.89472846130838,501136.56965518324,147.36536096010775,0
myopic,7,62,6,12,1,1,91.99999988079071,12352.941175922751,6005.696987941215,159.52483527633387,515812.8544815891,147.36536096010775,0
myopic,7,61,6,12,1,1,91.99999988079071,12352.941175922751,5883.395363274191,186.13011352100813,532936.8249033334,147.3781006109956,0
myopic,7,60,6,12,1,1,91.99999988079071,12352.941175922751,5743.509467230633,192.63169825425436,550658.9411197613,172.95101534140753,0
myopic,7,59,6,12,1,1,91.99999988079071,12352.941175922751,5598.199225743742,194.92131555302024,568591.7021274028,173.18520571918685,0
myopic,7,58,6,12,1,1,91.99999988079071,12352.941175922751,5452.7773867911155,196.40741763243764,586661.1845261734,179.28794627762093,0
myopic,7,57,6,12,1,1,91.99999988079071,12352.941175922751,5304.768441876722,205.8286115862678,605597.4167675733,179.28794627762093,0
myopic,7,56,6,12,1,1,91.99999988079071,12352.941175922751,5147.388698720828,198.73994890335294,623881.4920429902,179.28794627762093,0
myopic,7,55,6,12,1,1,91.99999988079071,12352.941175922751,4995.179129848944,196.2141413937272,641933.1930278225,181.50830068228348,0
myopic,7,54,6,12,1,1,91.99999988079071,12352.941175922751,4844.035535825833,198.8899013220594,660231.0639257425,181.50830068228348,0
myopic,7,53,6,12,1,1,91.99999988079071,12352.941175922751,4691.403568946542,188.6059518448445,677582.8114729846,181.50830068228348,0
myopic,7,52,6,12,1,1,91.99999988079071,12352.941175922751,4546.834337999716,187.87395982099503,694867.2157541198,181.50830068228348,0
myopic,7,51,6,12,1,1,91.99999988079071,12352.941175922751,4406.829727714106,208.5908362746503,714057.5726665216,183.74050410317923,0
myopic,7,50,6,12,1,1,91.99999988079071,12352.941175922751,4248.809813743154,213.17501043612376,733669.6736012326,192.542564800098,0
myopic,7,49,6,12,1,1,91.99999988079071,12352.941175922751,4081.321559483027,205.20880261912933,752548.8834177296,193.30528083385084,0
myopic,7,48,6,12,1,1,91.99999988079071,12352.941175922751,3924.8236754137006,217.57518259117685,772565.8001901809,193.30528083385084,0
myopic,7,47,6,12,1,1,91.99999988079071,12352.941175922751,3756.459755698548,214.5207024954132,792301.704794186,197.01820323067741,0
myopic,7,46,6,12,1,1,91.99999988079071,12352.941175922751,3591.5021198527056,221.55165466362362,812684.4569968284,197.01820323067741,0
myopic,7,45,6,12,1,1,91.99999988079071,12352.941175922751,3419.454194020368,208.30919387903538,831848.9028088673,197.01820323067741,0
myopic,7,44,6,12,1,1,91.99999988079071,12352.941175922751,3258.500797293699,216.86089532491667,851800.1051529078,197.60821190962048,0
myopic,7,43,6,12,1,1,91.99999988079071,12352.941175922751,3092.569443530321,218.65731334101977,871916.5779542156,197.60821190962048,0
myopic,7,42,6,12,1,1,91.99999988079071,12352.941175922751,2924.5676456976507,228.0888527059202,892900.7523759699,197.60821190962048,0
myopic,7,41,6,12,1,1,91.99999988079071,12352.941175922751,2746.884622632765,221.02677092873625,913235.2152750652,201.0148893750271,0
myopic,7,40,6,12,1,1,91.99999988079071,12352.941175922751,2575.915353769895,219.3634404515623,933416.6517704588,201.0148893750271,0
myopic,7,39,6,12,1,1,91.99999988079071,12352.941175922751,2408.812116439074,219.10227581760122,953574.0611195591,201.0148893750271,0
myopic,7,38,6,12,1,1,91.99999988079071,12352.941175922751,2236.910782270562,211.12499924720854,972997.5610251343,208.16928401824555,0
myopic,7,37,6,12,1,1,91.99999988079071,12352.941175922751,2070.1374268094705,214.6633342901029,992746.5877542339,208.16928401824555,0
myopic,7,36,6,12,1,1,91.99999988079071,12352.941175922751,1900.4198358569129,221.86812983005962,1013158.4556721506,208.605935944052,0
myopic,7,35,6,12,1,1,91.99999988079071,12352.941175922751,1724.6472873175917,229.6797157537726,1034288.9894941177,208.605935944052,0
myopic,7,34,6,12,1,1,91.99999988079071,12352.941175922751,1546.9252536297572,238.62529608956183,1056242.516705911,208.605935944052,0
myopic,7,33,6,12,1,1,91.99999988079071,12352.941175922751,1355.9596000123329,228.10566684509254,1077228.2380284672,208.605935944052,0
myopic,7,32,6,12,1,1,91.99999988079071,12352.941175922751,1176.179537678483,232.26374529550148,1098596.5025679653,208.605935944052,0
myopic,7,31,6,12,1,1,91.99999988079071,12352.941175922751,994.1536502634499,244.2623903659583,1121068.6424525152,213.0863875168285,0
myopic,7,30,6,12,1,1,91.99999988079071,12352.941175922751,801.4084701897973,246.7957030488014,1143773.8471035846,214.84826275598544,0
myopic,7,29,6,12,1,1,91.99999988079071,12352.941175922751,606.7798327992878,242.19664155257325,1166055.9380975491,225.55221352890493,0
myopic,7,28,6,12,1,1,91.99999988079071,10000.0,416.38393063610965,0.0,1166055.9380975491,225.55221352890493,0
myopic,7,27,6,12,1,1,91.99999988079071,10000.0,416.38393063610965,0.0,1166055.9380975491,225.97295172837198,0
myopic,7,26,6,12,1,1,91.99999988079071,10000.0,416.38393063610965,0.0,1166055.9380975491,225.97295172837198,0
myopic,7,25,6,12,1,1,91.99999988079071,10000.0,416.38393063610965,0.0,1166055.9380975491,230.19559885154544,0
myopic,7,24,6,12,1,1,91.99999988079071,10000.0,416.38393063610965,0.0,1166055.9380975491,233.6670386321828,0
myopic,7,23,6,12,1,1,91.99999988079071,10000.0,416.38393063610965,0.0,1166055.9380975491,235.30679756566138,0
myopic,7,22,6,12,1,1,91.99999988079071,10000.0,416.38393063610965,0.0,1166055.9380975491,238.1271749969102,0
myopic,7,21,6,12,1,1,91.99999988079071,10000.0,416.38393063610965,0.0,1166055.9380975491,238.1271749969102,0
myopic,7,20,6,12,1,1,91.99999988079071,10000.0,416.38393063610965,0.0,1166055.9380975491,238.1271749969102,0
myopic,7,19,6,12,1,1,91.99999988079071,10000.0,416.38393063610965,0.0,1166055.9380975491,238.1271749969102,0
myopic,7,18,6,12,1,1,91.99999988079071,10000.0,416.38393063610965,0.0,1166055.9380975491,244.15619931843952,0
myopic,7,17,6,12,1,1,91.99999988079071,10000.0,416.38393063610965,0.0,1166055.9380975491,244.15619931843952,0
myopic,7,16,6,12,1,1,91.99999988079071,10000.0,416.38393063610965,0.0,1166055.9380975491,246.45447097887347,0
myopic,7,15,6,12,1,1,91.99999988079071,10000.0,416.38393063610965,0.0,1166055.9380975491,249.0993376403336,0
myopic,7,14,6,12,1,1,91.99999988079071,10000.0,416.38393063610965,0.0,1166055.9380975491,251.01425215790965,0
myopic,7,13,6,12,1,1,91.99999988079071,10000.0,416.38393063610965,0.0,1166055.9380975491,251.46554524240713,0
myopic,7,12,6,12,1,1,91.99999988079071,10000.0,416.38393063610965,0.0,1166055.9380975491,252.18470229434556,0
myopic,7,11,6,12,1,1,91.99999988079071,10000.0,416.38393063610965,0.0,1166055.9380975491,252.18470229434556,0
myopic,7,10,6,12,1,1,91.99999988079071,10000.0,416.38393063610965,0.0,1166055.9380975491,253.3217479726484,0
myopic,7,9,6,12,1,1,91.99999988079071,10000.0,416.38393063610965,0.0,1166055.9380975491,253.3217479726484,0
myopic,7,8,6,12,1,1,91.99999988079071,10000.0,416.38393063610965,0.0,1166055.9380975491,253.3217479726484,0
myopic,7,7,6,12,1,1,91.99999988079071,10000.0,416.38393063610965,0.0,1166055.9380975491,253.3217479726484,0
myopic,7,6,6,12,1,1,91.99999988079071,10000.0,416.38393063610965,0.0,1166055.9380975491,253.3217479726484,0
myopic,7,5,6,12,1,1,91.99999988079071,10000.0,416.38393063610965,0.0,1166055.9380975491,227.42353435458372,0
myopic,7,4,6,12,1,1,91.99999988079071,10000.0,416.38393063610965,0.0,1166055.9380975491,223.80390014802688,0
myopic,7,3,6,12,1,1,91.99999988079071,10000.0,416.38393063610965,0.0,1166055.9380975491,212.94074769604768,0
myopic,7,2,6,12,1,1,91.99999988079071,10000.0,416.38393063610965,0.0,1166055.9380975491,199.91705650403023,0
myopic,7,1,6,12,1,1,91.99999988079071,10000.0,416.38393063610965,0.0,1166055.9380975491,192.4570690769313,0
myopic,8,100,1,12,0,1,91.99999988079071,12352.941175922751,10000.0,83.05676650211971,7641.222508293876,78.34826956228913,0
myopic,8,99,1,12,0,1,91.99999988079071,12352.941175922751,9946.864223576637,84.35852598367013,15402.206888735207,78.34826956228913,0
myopic,8,98,1,12,0,1,91.99999988079071,12352.941175922751,9891.349381151931,95.30188831303842,24169.98060217387,78.34826956228913,0
myopic,8,97,1,12,0,1,91.99999988079071,12352.941175922751,9826.347976867557,99.29115266671128,33304.76663567488,80.43164846582134,0
myopic,8,96,1,12,0,1,91.99999988079071,12352.941175922751,9758.762362161044,88.09298117122124,41409.32089292573,80.43164846582134,0
myopic,8,95,1,12,0,1,91.99999988079071,12352.941175922751,9698.63027381511,100.56106865235012,50660.93919695413,80.76388620962199,0
myopic,8,94,1,12,0,1,91.99999988079071,12352.941175922751,9631.73867105194,93.93464194060226,59302.92624429166,80.76388620962199,0
myopic,8,93,1,12,0,1,91.99999988079071,12352.941175922751,9568.469519202741,101.04348623048304,68598.92696545078,81.2516721329647,0
myopic,8,92,1,12,0,1,91.99999988079071,12352.941175922751,9501.318166123907,87.11097955063691,76613.13707372494,81.68189079408234,0
myopic,8,91,1,12,0,1,91.99999988079071,12352.941175922751,9442.070801749236,92.84471744313063,85154.851067425,81.68189079408234,0
myopic,8,90,1,12,0,1,91.99999988079071,12352.941175922751,9381.16339035557,93.66107716486174,93771.67015542701,82.82831677780638,0
myopic,8,89,1,12,0,1,91.99999988079071,12352.941175922751,9317.84177631719,88.86185251335016,101946.96057606206,82.82831677780638,0
myopic,8,88,1,12,0,1,91.99999988079071,12352.941175922751,9257.72657741309,94.43274940854785,110634.7735103912,82.82831677780638,0
myopic,8,87,1,12,0,1,91.99999988079071,12352.941175922751,9195.750539614466,105.10070831189702,120304.03866255675,84.56293398444693,0
myopic,8,86,1,12,0,1,91.99999988079071,12352.941175922751,9125.385673504084,75.04086489371163,127207.79822383265,84.56293398444693,0
myopic,8,85,1,12,0,1,91.99999988079071,12352.941175922751,9074.351804334614,107.74141372610458,137120.0082737905,84.8282916403851,0
myopic,8,84,1,12,0,1,91.99999988079071,12352.941175922751,9001.561130782795,108.49177535315462,147101.2515933475,87.66566629607894,0
myopic,8,83,1,12,0,1,91.99999988079071,12352.941175922751,8925.487921451188,89.17971504901826,155305.7853672261,87.66566629607894,0
myopic,8,82,1,12,0,1,91.99999988079071,12352.941175922751,8867.334756116248,86.59275364962623,163272.31869266907,87.66566629607894,0
myopic,8,81,1,12,0,1,91.99999988079071,12352.941175922751,8806.820861115124,89.94003831512177,171546.8022069386,88.02391932314761,0
myopic,8,80,1,12,0,1,91.99999988079071,12352.941175922751,8746.862164527009,87.2931656937442,179577.7734403569,88.02391932314761,0
myopic,8,79,1,12,0,1,91.99999988079071,12352.941175922751,8686.921321248592,98.27548417798562,188619.11797301623,89.41124357506565,0
myopic,8,78,1,12,0,1,91.99999988079071,12352.941175922751,8618.322189764125,107.75866978144809,198532.91558006362,89.85798532780689,0
myopic,8,77,1,12,0,1,91.99999988079071,12352.941175922751,8545.37295624199,98.59220042797946,207603.39800768462,91.10061121112462,0
myopic,8,76,1,12,0,1,91.99999988079071,12352.941175922751,8478.78775440386,100.42139539420687,216842.16637198048,91.10061121112462,0
myopic,8,75,1,12,0,1,91.99999988079071,12352.941175922751,8410.890228896353,90.2442575740916,225144.63805803895,91.10061121112462,0
myopic,8,74,1,12,0,1,91.99999988079071,12352.941175922751,8346.26297873875,100.65203915547113,234404.62564834364,91.10061121112462,0
myopic,8,73,1,12,0,1,91.99999988079071,12352.941175922751,8275.779248749659,120.69771507728976,245508.815421066,91.59938678561403,0
myopic,8,72,1,12,0,1,91.99999988079071,12352.941175922751,8190.932880252281,101.54137553551318,254850.62195822856,91.59938678561403,0
myopic,8,71,1,12,0,1,91.99999988079071,12352.941175922751,8120.336061292901,96.49858061392949,263728.4913632065,93.48039800843478,0
myopic,8,70,1,12,0,1,91.99999988079071,12352.941175922751,8051.955735836337,99.81228686733202,272911.22174310253,93.48039800843478,0
myopic,8,69,1,12,0,1,91.99999988079071,12352.941175922751,7980.365921354756,101.48763687970362,282248.084323937,93.48039800843478,0
myopic,8,68,1,12,0,1,91.99999988079071,12352.941175922751,7909.997516105558,100.89068600926161,291530.02742476197,95.11469441166237,0
myopic,8,67,1,12,0,1,91.99999988079071,12352.941175922751,7838.7381076373895,107.03281417901812,301377.04631647235,95.11469441166237,0
myopic,8,66,1,12,0,1,91.99999988079071,12352.941175922751,7762.100100651586,101.11052864257935,310679.21493953635,96.29318018780998,0
myopic,8,65,1,12,0,1,91.99999988079071,12352.941175922751,7690.870657047608,121.04101950008243,321814.98871911474,96.29318018780998,0
myopic,8,64,1,12,0,1,91.99999988079071,12352.941175922751,7606.249938575898,109.79822797587735,331916.4256798065,96.29318018780998,0
myopic,8,63,1,12,0,1,91.99999988079071,12352.941175922751,7527.022450825116,109.9648918628708,342033.1957180818,96.29318018780998,0
myopic,8,62,1,12,0,1,91.99999988079071,12352.941175922751,7450.439395902558,89.16517784455218,350236.3920691513,96.29318018780998,0
myopic,8,61,1,12,0,1,91.99999988079071,12352.941175922751,7385.097110641886,136.5886643459862,362802.5491726994,96.40873891602581,0
myopic,8,60,1,12,0,1,91.99999988079071,12352.941175922751,7286.555780010511,129.59218722904595,374725.030382323,121.48371342624034,0
myopic,8,59,1,12,0,1,91.99999988079071,12352.941175922751,7192.101465695152,137.5590105036968,387380.45933226484,121.717787817549,0
myopic,8,58,1,12,0,1,91.99999988079071,12352.941175922751,7094.498039582423,126.1881580923665,398989.76986171975,121.717787817549,0
myopic,8,57,1,12,0,1,91.99999988079071,12352.941175922751,7004.328419021556,129.51045536270408,410904.73173964967,121.717787817549,0
myopic,8,56,1,12,0,1,91.99999988079071,12352.941175922751,6912.556424453894,124.59463639717856,422367.43827333726,121.717787817549,0
myopic,8,55,1,12,0,1,91.99999988079071,12352.941175922751,6824.529114245517,138.85375521502067,435141.9837365665,125.52438207732914,0
myopic,8,54,1,12,0,1,91.99999988079071,12352.941175922751,6727.601371058245,138.16589501285046,447853.2460612781,125.52438207732914,0
myopic,8,53,1,12,0,1,91.99999988079071,12352.941175922751,6627.712368935516,135.39606399823197,460309.683932975,125.52438207732914,0
myopic,8,52,1,12,0,1,91.99999988079071,12352.941175922751,6531.763713578516,134.85640453147226,472716.4731337943,125.77567823347204,0
myopic,8,51,1,12,0,1,91.99999988079071,12352.941175922751,6433.489358872497,127.54135766995788,484450.2780242263,127.57061847614774,0
myopic,8,50,1,12,0,1,91.99999988079071,12352.941175922751,6342.266375460311,136.45632203779886,497004.25963543693,127.57061847614774,0
myopic,8,49,1,12,0,1,91.99999988079071,12352.941175922751,6243.747710763897,139.25500220183545,509815.7198214053,127.56529444817109,0
myopic,8,48,1,12,0,1,91.99999988079071,12352.941175922751,6145.191376604202,156.13227879504296,524179.8894519368,127.56529444817109,0
myopic,8,47,1,12,0,1,91.99999988079071,12352.941175922751,6031.982245619386,132.63641405602573,536382.4395292797,127.56529444817109,0
myopic,8,46,1,12,0,1,91.99999988079071,12352.941175922751,5937.376494681723,144.1533996758595,549644.5522822744,130.8145259896823,0
myopic,8,45,1,12,0,1,91.99999988079071,12352.941175922751,5831.71202099318,133.0952073691842,561889.3113443732,130.8145259896823,0
myopic,8,44,1,12,0,1,91.99999988079071,12352.941175922751,5733.813048388192,132.84611122255654,574111.1535610119,131.2339851260106,0
myopic,8,43,1,12,0,1,91.99999988079071,12352.941175922751,5638.322412043251,150.6572579863849,587971.6212777996,131.2339851260106,0
myopic,8,42,1,12,0,1,91.99999988079071,12352.941175922751,5525.404069108332,146.37503165639913,601438.1241727391,131.2339851260106,0
myopic,8,41,1,12,0,1,91.99999988079071,12352.941175922751,5418.869695677337,157.19588781848927,615900.1458333009,134.1721664575167,0
myopic,8,40,1,12,0,1,91.99999988079071,12352.941175922751,5305.719964003149,149.2760692751171,629633.5441888166,134.1721664575167,0
myopic,8,39,1,12,0,1,91.99999988079071,12352.941175922751,5195.642081421822,156.30286690021163,644013.4079250033,134.1721664575167,0
myopic,8,38,1,12,0,1,91.99999988079071,12352.941175922751,5080.017280072114,146.09713814334546,657454.3446167749,135.24479254111014,0
myopic,8,37,1,12,0,1,91.99999988079071,12352.941175922751,4971.173930090457,139.36141821808468,670275.5950762256,135.24479254111014,0
myopic,8,36,1,12,0,1,91.99999988079071,12352.941175922751,4866.807132290164,142.99252503752152,683430.9073626315,135.3776796692217,0
myopic,8,35,1,12,0,1,91.99999988079071,12352.941175922751,4762.427870438029,145.43276599039748,696810.7218164111,135.3776796692217,0
myopic,8,34,1,12,0,1,91.99999988079071,12352.941175922751,4654.320445652961,154.05862439542022,710984.1152424245,135.3776796692217,0
myopic,8,33,1,12,0,1,91.99999988079071,12352.941175922751,4540.008914250027,156.77827819590848,725407.7168177587,135.3776796692217,0
myopic,8,32,1,12,0,1,91.99999988079071,12352.941175922751,4421.258395247436,159.82653196795707,740111.757739758,137.67563429490323,0
myopic,8,31,1,12,0,1,91.99999988079071,12352.941175922751,4303.600882746941,168.11784218945317,755578.5992011465,146.59908961842842,0
myopic,8,30,1,12,0,1,91.99999988079071,12352.941175922751,4176.982725336011,146.43411380281395,769050.5376535491,146.67867998707746,0
myopic,8,29,1,12,0,1,91.99999988079071,12352.941175922751,4068.641668902109,164.50095560668748,784184.6255497544,149.0471367442043,0
myopic,8,28,1,12,0,1,91.99999988079071,12352.941175922751,3947.4095878921544,158.3654300123978,798754.2450920163,149.0471367442043,0
myopic,8,27,1,12,0,1,91.99999988079071,12352.941175922751,3831.0777876944785,167.03490004990184,814121.4558766951,149.46787494367135,0
myopic,8,26,1,12,0,1,91.99999988079071,12352.941175922751,3704.0412924677776,170.39352206333837,829797.6598862098,149.46787494367135,0
myopic,8,25,1,12,0,1,91.99999988079071,12352.941175922751,3571.8680394627427,166.91239222046835,845153.5999505953,154.18295349612166,0
myopic,8,24,1,12,0,1,91.99999988079071,12352.941175922751,3445.2447979475273,186.87122110267148,862345.7522697643,154.86606328959272,0
myopic,8,23,1,12,0,1,91.99999988079071,12352.941175922751,3305.3607708177997,179.88196569535242,878894.8930922932,155.75897319641388,0
myopic,8,22,1,12,0,1,91.99999988079071,12352.941175922751,3170.3221723952056,175.93870878152504,895081.2542792199,158.80352394212818,0
myopic,8,21,1,12,0,1,91.99999988079071,12352.941175922751,3031.178531692628,176.21951066706382,911293.4492395828,158.80352394212818,0
myopic,8,20,1,12,0,1,91.99999988079071,12352.941175922751,2896.8607975339055,193.122390940484,929060.7091830852,158.80352394212818,0
myopic,8,19,1,12,0,1,91.99999988079071,12352.941175922751,2748.650693722495,177.49311257330714,945390.0755186707,158.80352394212818,0
myopic,8,18,1,12,0,1,91.99999988079071,12352.941175922751,2610.2819583618075,168.40216299176285,960883.0744938378,163.45135432315968,0
myopic,8,17,1,12,0,1,91.99999988079071,12352.941175922751,2477.13340978003,192.13112921281927,978559.1383585134,163.45135432315968,0
myopic,8,16,1,12,0,1,91.99999988079071,12352.941175922751,2325.402709710389,185.2727136998313,995604.2279968116,163.48588367478033,0
myopic,8,15,1,12,0,1,91.99999988079071,12352.941175922751,2180.344960073222,190.78738416030797,1013156.6673168163,166.63305223218825,0
myopic,8,14,1,12,0,1,91.99999988079071,12352.941175922751,2037.4717459788144,183.18995462618847,1030010.1431205877,167.6035577215017,0
myopic,8,13,1,12,0,1,91.99999988079071,12352.941175922751,1892.1192496701087,169.4426125870725,1045598.8634583992,168.05485080599917,0
myopic,8,12,1,12,0,1,91.99999988079071,12352.941175922751,1756.8223825895002,184.30681425930013,1062555.0903482838,169.09384479432455,0
myopic,8,11,1,12,0,1,91.99999988079071,12352.941175922751,1609.8836184595202,187.82957060994582,1079835.4108220078,169.09384479432455,0
myopic,8,10,1,12,0,1,91.99999988079071,12352.941175922751,1458.2953642812226,190.90768588113883,1097398.9179003146,170.63726322604822,0
myopic,8,9,1,12,0,1,91.99999988079071,12352.941175922751,1306.6391013964912,186.30828972641083,1114539.2805329347,170.84305227950415,0
myopic,8,8,1,12,0,1,91.99999988079071,12352.941175922751,1156.1397132678048,187.55136505065144,1131794.0060952369,170.84305227950415,0
myopic,8,7,1,12,0,1,91.99999988079071,12352.941175922751,1004.5232526147793,195.00281684116723,1149734.265221378,170.84305227950415,0
myopic,8,6,1,12,0,1,91.99999988079071,12352.941175922751,842.5366611503669,182.48237895693956,1166522.644063663,170.84305227950415,0
myopic,8,5,1,12,0,1,91.99999988079071,12352.941175922751,689.1666805682908,175.3242072690811,1182652.471111518,155.39122305741984,0
myopic,8,4,1,12,0,1,91.99999988079071,12352.941175922751,544.1096072586024,150.97650554994613,1196542.3096041153,149.0674834074808,0
myopic,8,3,1,12,0,1,91.99999988079071,10000.0,417.94036428274194,0.0,1196542.3096041153,142.23678861945825,0
myopic,8,2,1,12,0,1,91.99999988079071,10000.0,417.94036428274194,0.0,1196542.3096041153,135.31638940994628,0
myopic,8,1,1,12,0,1,91.99999988079071,10000.0,417.94036428274194,0.0,1196542.3096041153,127.3584148712835,0
myopic,9,100,4,6,0,0,91.99999988079071,12352.941175922751,10000.0,47.56563967159401,4376.038844116383,55.48941880342484,1
myopic,9,99,4,6,0,0,91.99999988079071,12352.941175922751,9968.730691136894,69.9640272694686,10812.729344567133,55.48941880342484,1
myopic,9,98,4,6,0,0,91.99999988079071,12352.941175922751,9923.588348032565,65.72849190693292,16859.750592169516,55.48941880342484,1
myopic,9,97,4,6,0,0,91.99999988079071,12352.941175922751,9880.580915873312,59.48018617574792,22331.927713247733,56.829019946353895,1
myopic,9,96,4,6,0,0,91.99999988079071,12352.941175922751,9842.402748590419,47.535982499181465,26705.238097505695,57.148724943126965,1
myopic,9,95,4,6,0,0,91.99999988079071,12352.941175922751,9810.59680853512,63.41534402129659,32539.449739905285,58.20839583537179,1
myopic,9,94,4,6,0,0,91.99999988079071,12352.941175922751,9767.353285974934,70.4061479122322,39016.815339437584,58.20839583537179,1
myopic,9,93,4,6,0,0,91.99999988079071,12352.941175922751,9721.03389662321,59.896281202946646,44527.273202968485,58.20839583537179,1
myopic,9,92,4,6,0,0,91.99999988079071,12352.941175922751,9680.82107025759,61.1054167551652,50148.97153715935,59.44865838134444,1
myopic,9,91,4,6,0,0,91.99999988079071,12352.941175922751,9639.625548057084,63.5497482708423,55995.54837050112,59.44865838134444,1
myopic,9,90,4,6,0,0,91.99999988079071,12352.941175922751,9597.725568183188,54.5552752941762,61014.633691061834,60.89109345881038,1
myopic,9,89,4,6,0,0,91.99999988079071,12352.941175922751,9560.39800884639,66.27743684162114,67112.15787259009,60.89109345881038,1
myopic,9,88,4,6,0,0,91.99999988079071,12352.941175922751,9517.035163685678,75.48201560583142,74056.50329932843,61.15843374890705,1
myopic,9,87,4,6,0,0,91.99999988079071,12352.941175922751,9468.049228633221,75.13609274027911,80969.02382247719,62.95185624470667,1
myopic,9,86,4,6,0,0,91.99999988079071,12352.941175922751,9419.482829898867,74.09967917520103,87786.19429776231,62.95185624470667,1
myopic,9,85,4,6,0,0,91.99999988079071,12352.941175922751,9371.40503690949,55.04120013189077,92849.98470333483,63.6293292994672,1
myopic,9,84,4,6,0,0,91.99999988079071,12352.941175922751,9335.340642463216,58.02642967924563,98188.41622690814,63.6293292994672,1
myopic,9,83,4,6,0,0,91.99999988079071,12352.941175922751,9296.481193774687,69.91111393923329,104620.23870098355,63.6293292994672,1
myopic,9,82,4,6,0,0,91.99999988079071,12352.941175922751,9249.635143093088,70.86081292484408,111139.43348162193,63.6293292994672,1
myopic,9,81,4,6,0,0,91.99999988079071,12352.941175922751,9202.809306217887,70.35542503688325,117612.13257662817,63.98758232653586,1
myopic,9,80,4,6,0,0,91.99999988079071,12352.941175922751,9155.101505346276,69.17533162885857,123976.2630782368,63.98758232653586,1
myopic,9,79,4,6,0,0,91.99999988079071,12352.941175922751,9109.605445985846,63.370794258995026,129806.37614250997,64.45289985172099,1
myopic,9,78,4,6,0,0,91.99999988079071,12352.941175922751,9067.453431798069,65.99565603312381,135877.97648969007,64.89964160446222,1
myopic,9,77,4,6,0,0,91.99999988079071,12352.941175922751,9021.91452656055,62.5650549786451,141633.96154026708,65.68756414862953,1
myopic,9,76,4,6,0,0,91.99999988079071,12352.941175922751,8980.837402135821,69.54643190103758,148032.23326687195,65.68756414862953,1
myopic,9,75,4,6,0,0,91.99999988079071,12352.941175922751,8933.669131095197,69.84878588587556,154458.32156004588,65.68756414862953,1
myopic,9,74,4,6,0,0,91.99999988079071,12352.941175922751,8887.568645477984,65.36342439531104,160471.75659662258,65.68756414862953,1
myopic,9,73,4,6,0,0,91.99999988079071,12352.941175922751,8843.879772753215,79.60552926861222,167795.46527984517,65.5279447130899,1
myopic,9,72,4,6,0,0,91.99999988079071,12352.941175922751,8791.204017599934,73.1495938917274,174525.22790916398,65.5279447130899,1
myopic,9,71,4,6,0,0,91.99999988079071,12352.941175922751,8742.398850347341,76.47717601353331,181561.12809329227,67.40895593591064,1
myopic,9,70,4,6,0,0,91.99999988079071,12352.941175922751,8690.376396506656,62.15825149447117,187279.68722337377,67.40895593591064,1
myopic,9,69,4,6,0,0,91.99999988079071,12352.941175922751,8646.664928685217,76.2952736381819,194298.8523889914,67.40895593591064,1
myopic,9,68,4,6,0,0,91.99999988079071,12352.941175922751,8595.432421204916,67.62652256331305,200520.4924567545,68.22850945101008,1
myopic,9,67,4,6,0,0,91.99999988079071,12352.941175922751,8549.746872769727,76.80885752701619,207586.90734008365,68.22850945101008,1
myopic,9,66,4,6,0,0,91.99999988079071,12352.941175922751,8497.006485787104,76.59929228732886,214634.04222138657,69.84883539218049,1
myopic,9,65,4,6,0,0,91.99999988079071,12352.941175922751,8444.427199007912,63.674714046932515,220492.11590611373,69.84883539218049,1
myopic,9,64,4,6,0,0,91.99999988079071,12352.941175922751,8401.590667778031,68.50186261562797,226794.28725858545,69.84883539218049,1
myopic,9,63,4,6,0,0,91.99999988079071,12352.941175922751,8354.67721761793,80.21831627130078,234174.37234598235,69.84883539218049,1
myopic,9,62,4,6,0,0,91.99999988079071,12352.941175922751,8301.254467101908,75.25979853637058,241098.27380235677,69.84883539218049,1
myopic,9,61,4,6,0,0,91.99999988079071,12352.941175922751,8249.059210819025,104.9815515504422,250756.57653248266,69.89345595574414,1
myopic,9,60,4,6,0,0,91.99999988079071,12352.941175922751,8178.445441395383,102.16431133665796,260155.69316327627,89.10668574861131,1
myopic,9,59,4,6,0,0,91.99999988079071,12352.941175922751,8107.816571237292,94.17352499360206,268819.6574514613,89.10668574861131,1
myopic,9,58,4,6,0,0,91.99999988079071,12352.941175922751,8040.903676035593,88.71118161095498,276981.086149094,89.10668574861131,1
myopic,9,57,4,6,0,0,91.99999988079071,12352.941175922751,7980.016049764158,101.29930630137098,286300.6223167443,89.10668574861131,1
myopic,9,56,4,6,0,0,91.99999988079071,12352.941175922751,7909.7456865768145,99.02870895502882,295411.2635288018,89.10668574861131,1
myopic,9,55,4,6,0,0,91.99999988079071,12352.941175922751,7839.6643991785,111.96140963396779,305711.71320178,91.60460794927438,1
myopic,9,54,4,6,0,0,91.99999988079071,12352.941175922751,7760.873189577702,108.4118147392236,315685.6001448649,91.60460794927438,1
myopic,9,53,4,6,0,0,91.99999988079071,12352.941175922751,7685.657459838822,91.44281696226187,324098.33929449215,91.60460794927438,1
myopic,9,52,4,6,0,0,91.99999988079071,12352.941175922751,7619.823848916247,94.56300585541405,332798.13582191744,91.93538435860836,1
myopic,9,51,4,6,0,0,91.99999988079071,12352.941175922751,7551.587426541768,101.20633348812964,342109.1184907606,93.26932573131452,1
myopic,9,50,4,6,0,0,91.99999988079071,12352.941175922751,7480.650632183578,102.29620206211433,351520.3690682805,93.26932573131452,1
myopic,9,49,4,6,0,0,91.99999988079071,12352.941175922751,7407.973663605944,99.58480194611401,360682.1708354516,94.57064547423397,1
myopic,9,48,4,6,0,0,91.99999988079071,12352.941175922751,7336.13950056789,107.92965474459834,370611.6990590884,94.57064547423397,1
myopic,9,47,4,6,0,0,91.99999988079071,12352.941175922751,7260.140286418048,101.73278881128479,379971.1156175991,94.57064547423397,1
myopic,9,46,4,6,0,0,91.99999988079071,12352.941175922751,7188.243433908674,106.640710939324,389782.0610113043,96.98299627115883,1
myopic,9,45,4,6,0,0,91.99999988079071,12352.941175922751,7110.835766408921,114.73850671903895,400338.003615778,97.32361841658812,1
myopic,9,44,4,6,0,0,91.99999988079071,12352.941175922751,7032.002891779381,119.48236156668594,411330.3808656697,97.85545855988339,1
myopic,9,43,4,6,0,0,91.99999988079071,12352.941175922751,6951.017217949229,119.57626853411577,422331.39755655377,97.85545855988339,1
myopic,9,42,4,6,0,0,91.99999988079071,12352.941175922751,6869.022445750559,108.10496459110433,432277.0542860483,97.85545855988339,1
myopic,9,41,4,6,0,0,91.99999988079071,12352.941175922751,6791.215653606526,108.0369850620655,442216.4568988793,98.63031199072775,1
myopic,9,40,4,6,0,0,91.99999988079071,12352.941175922751,6715.726601795367,117.96498148115343,453069.2351810829,98.63031199072775,1
myopic,9,39,4,6,0,0,91.99999988079071,12352.941175922751,6634.143014495628,98.32293562855558,462114.945247189,98.63031199072775,1
myopic,9,38,4,6,0,0,91.99999988079071,12352.941175922751,6562.330011621141,103.08489891218335,471598.7559348212,100.36903837561965,1
myopic,9,37,4,6,0,0,91.99999988079071,12352.941175922751,6488.1718663836,116.82697552125602,482346.8376688499,100.36903837561965,1
myopic,9,36,4,6,0,0,91.99999988079071,12352.941175922751,6404.418455651026,112.56006747812951,492702.3638634196,100.68255637139985,1
myopic,9,35,4,6,0,0,91.99999988079071,12352.941175922751,6323.246896398994,112.06123866668003,503011.99780739547,100.68255637139985,1
myopic,9,34,4,6,0,0,91.99999988079071,12352.941175922751,6240.932037406541,117.8218272017174,513851.605895908,100.68255637139985,1
myopic,9,33,4,6,0,0,91.99999988079071,12352.941175922751,6155.304103326789,119.83546164291826,524876.468352771,100.68255637139985,1
myopic,9,32,4,6,0,0,91.99999988079071,12352.941175922751,6069.205998262753,111.52348265038425,535136.6287433117,102.64207294651457,1
myopic,9,31,4,6,0,0,91.99999988079071,12352.941175922751,5989.5004660038285,124.82121908427933,546620.1808841856,107.33403298465377,1
myopic,9,30,4,6,0,0,91.99999988079071,12352.941175922751,5896.401097692395,122.95194082774424,557931.7594256811,108.1643677223478,1
myopic,9,29,4,6,0,0,91.99999988079071,12352.941175922751,5809.586614448562,118.20232459068876,568806.3732739337,111.5619876042391,1
myopic,9,28,4,6,0,0,91.99999988079071,12352.941175922751,5722.4409926889075,125.10923570712806,580316.4229440753,111.5619876042391,1
myopic,9,27,4,6,0,0,91.99999988079071,12352.941175922751,5630.48382863282,130.64357066999875,592335.6314301413,111.98272580370616,1
myopic,9,26,4,6,0,0,91.99999988079071,12352.941175922751,5533.021901048539,115.67683109462504,602977.8998770571,111.98272580370616,1
myopic,9,25,4,6,0,0,91.99999988079071,12352.941175922751,5447.103777461665,122.07548025903222,614208.8440463356,115.33123750327402,1
myopic,9,24,4,6,0,0,91.99999988079071,12352.941175922751,5356.4508448765955,138.92254826786106,626989.7184704179,116.78153326033612,1
myopic,9,23,4,6,0,0,91.99999988079071,12352.941175922751,5250.708458789612,136.48083262315353,639545.9550554783,117.67444316715728,1
myopic,9,22,4,6,0,0,91.99999988079071,12352.941175922751,5149.896560238478,128.070778112208,651328.4666265341,119.41683443425565,1
myopic,9,21,4,6,0,0,91.99999988079071,12352.941175922751,5053.541822841383,122.97731131355341,662642.379252721,119.41683443425565,1
myopic,9,20,4,6,0,0,91.99999988079071,12352.941175922751,4961.529457630018,135.7203107781622,675128.6478281327,119.41683443425565,1
myopic,9,19,4,6,0,0,91.99999988079071,12352.941175922751,4858.247961380754,134.52347220449718,687504.80725491,119.41683443425565,1
myopic,9,18,4,6,0,0,91.99999988079071,12352.941175922751,4756.306816349803,147.8001626294803,701102.422199203,124.90873747636871,1
myopic,9,17,4,6,0,0,91.99999988079071,12352.941175922751,4644.025139988233,125.44480092593733,712643.3438694351,124.90873747636871,1
myopic,9,16,4,6,0,0,91.99999988079071,12352.941175922751,4548.510234614396,141.57558833532264,725668.2979794077,126.98521596814824,1
myopic,9,15,4,6,0,0,91.99999988079071,12352.941175922751,4441.274685005084,141.34313458414834,738671.8663443,127.33955759766313,1
myopic,9,14,4,6,0,0,91.99999988079071,12352.941175922751,4335.480500328364,150.96803095212363,752560.9251738986,128.64897873426494,1
myopic,9,13,4,6,0,0,91.99999988079071,12352.941175922751,4218.8962808774795,136.99097229926886,765164.0946091007,128.64897873426494,1
myopic,9,12,4,6,0,0,91.99999988079071,12352.941175922751,4112.922017716599,142.39893591705749,778264.7966964947,128.95909757847755,1
myopic,9,11,4,6,0,0,91.99999988079071,12352.941175922751,4003.903114801694,120.81668698841989,789379.9318850269,128.95909757847755,1
myopic,9,10,4,6,0,0,91.99999988079071,12352.941175922751,3913.7723552776133,158.3286478210846,803946.1674656924,129.70269371597854,1
myopic,9,9,4,6,0,0,91.99999988079071,12352.941175922751,3791.7609947239653,139.79884060656732,816807.6607848313,129.70269371597854,1
myopic,9,8,4,6,0,0,91.99999988079071,12352.941175922751,3681.1000637148527,139.2599552041426,829619.5766470113,129.70269371597854,1
myopic,9,7,4,6,0,0,91.99999988079071,12352.941175922751,3569.520850214796,134.56479547869867,841999.5378150103,129.70269371597854,1
myopic,9,6,4,6,0,0,91.99999988079071,12352.941175922751,3461.7795858793734,111.85217354953298,852289.9377682335,129.70269371597854,1
myopic,9,5,4,6,0,0,91.99999988079071,12352.941175922751,3371.4897129973333,127.11976444696465,863984.9560822004,117.28918192833491,1
myopic,9,4,4,6,0,0,91.99999988079071,12352.941175922751,3268.46287551116,118.93341474334835,874926.8302244105,110.96544227839588,1
myopic,9,3,4,6,0,0,91.99999988079071,12352.941175922751,3171.3080564618067,119.50261902800764,885921.0711607414,106.31749860242833,1
myopic,9,2,4,6,0,0,91.99999988079071,12352.941175922751,3072.071987288453,96.85854390073507,894832.0571880626,102.72787383917988,1
myopic,9,1,4,6,0,0,91.99999988079071,12352.941175922751,2990.4630995801735,90.63468447649215,903170.4481490954,95.2678864120809,1
myopic,10,100,3,12,0,1,91.99999988079071,12352.941175922751,10000.0,80.23665272364767,7381.772041010631,78.9152323625027,0
myopic,10,99,3,12,0,1,91.99999988079071,12352.941175922751,9946.437674318979,84.502448946681,15155.997334031807,78.9152323625027,0
myopic,10,98,3,12,0,1,91.99999988079071,12352.941175922751,9890.100526071064,95.02049912661258,23897.883242352837,78.9152323625027,0
myopic,10,97,3,12,0,1,91.99999988079071,12352.941175922751,9825.855858641387,92.07762769576655,32369.02497938685,80.54394018700624,0
myopic,10,96,3,12,0,1,91.99999988079071,12352.941175922751,9764.960844937821,82.60083287326864,39968.30159388078,80.54394018700624,0
myopic,10,95,3,12,0,1,91.99999988079071,12352.941175922751,9710.636634649187,85.88945226550457,47870.13119206838,80.87617793080689,0
myopic,10,94,3,12,0,1,91.99999988079071,12352.941175922751,9653.274685308232,81.3967150815452,55358.62896986729,80.87617793080689,0
myopic,10,93,3,12,0,1,91.99999988079071,12352.941175922751,9599.93358794502,92.0920659089746,63831.099022514725,81.3639638541496,0
myopic,10,92,3,12,0,1,91.99999988079071,12352.941175922751,9540.35422362398,88.22999608835501,71948.25865212554,81.79418251526724,0
myopic,10,91,3,12,0,1,91.99999988079071,12352.941175922751,9480.70186720894,83.02006218233021,79586.10436300316,81.79418251526724,0
myopic,10,90,3,12,0,1,91.99999988079071,12352.941175922751,9426.063732767852,84.81789877404722,87389.35104010443,82.94060849899128,0
myopic,10,89,3,12,0,1,91.99999988079071,12352.941175922751,9368.349562248575,89.86425618224989,95656.86259815877,82.94060849899128,0
myopic,10,88,3,12,0,1,91.99999988079071,12352.941175922751,9309.927416947397,89.41725461600872,103883.2500121722,82.94060849899128,0
myopic,10,87,3,12,0,1,91.99999988079071,12352.941175922751,9248.545966295598,100.67377025045883,113145.23686321315,84.67522570563183,0
myopic,10,86,3,12,0,1,91.99999988079071,12352.941175922751,9179.797014405834,91.19040904484588,121534.75448446823,84.67522570563183,0
myopic,10,85,3,12,0,1,91.99999988079071,12352.941175922751,9120.244027958934,97.56126394519084,130510.39075579558,84.94058336157,0
myopic,10,84,3,12,0,1,91.99999988079071,12352.941175922751,9054.384850741997,96.81904102839326,139417.74251886603,87.77795801726384,0
myopic,10,83,3,12,0,1,91.99999988079071,12352.941175922751,8986.990252834436,97.67411042168281,148403.7606660172,87.77795801726384,0
myopic,10,82,3,12,0,1,91.99999988079071,12352.941175922751,8920.343414535886,101.4380673277975,157736.0628480822,87.77795801726384,0
myopic,10,81,3,12,0,1,91.99999988079071,12352.941175922751,8851.687533394554,91.28243673956369,166134.04701724034,88.13621104433251,0
myopic,10,80,3,12,0,1,91.99999988079071,12352.941175922751,8790.363190043343,104.25352669157193,175725.37146043696,88.13621104433251,0
myopic,10,79,3,12,0,1,91.99999988079071,12352.941175922751,8718.65156135261,94.69105199972904,184436.94823312399,89.52353529625056,0
myopic,10,78,3,12,0,1,91.99999988079071,12352.941175922751,8652.713315388763,101.4439935902425,193769.79563133323,89.97027704899179,0
myopic,10,77,3,12,0,1,91.99999988079071,12352.941175922751,8585.050627680639,104.81637346788328,203412.9019778834,91.21290293230952,0
myopic,10,76,3,12,0,1,91.99999988079071,12352.941175922751,8513.459582145288,89.33892714745168,211632.08326479892,91.21290293230952,0
myopic,10,75,3,12,0,1,91.99999988079071,12352.941175922751,8451.650269975049,97.21080960273505,220575.4777366621,91.21290293230952,0
myopic,10,74,3,12,0,1,91.99999988079071,12352.941175922751,8385.364302590217,105.2351671071565,230257.1130979755,91.21290293230952,0
myopic,10,73,3,12,0,1,91.99999988079071,12352.941175922751,8315.942890848393,90.29759798839083,238564.49210214315,91.71167850679893,0
myopic,10,72,3,12,0,1,91.99999988079071,12352.941175922751,8254.225914506282,104.57089668097633,248185.01458432715,91.71167850679893,0
myopic,10,71,3,12,0,1,91.99999988079071,12352.941175922751,8182.960073942024,94.60385015816031,256888.56878760023,93.59268972961968,0
myopic,10,70,3,12,0,1,91.99999988079071,12352.941175922751,8118.85276684464,101.63924284654114,266239.3791173657,93.59268972961968,0
myopic,10,69,3,12,0,1,91.99999988079071,12352.941175922751,8047.72525535914,92.76876003418394,274774.1050294517,93.59268972961968,0
myopic,10,68,3,12,0,1,91.99999988079071,12352.941175922751,7985.916304925195,101.98976752092959,284157.1636292191,95.22698613284727,0
myopic,10,67,3,12,0,1,91.99999988079071,12352.941175922751,7915.625251393407,98.38855369017828,293208.9105569867,95.22698613284727,0
myopic,10,66,3,12,0,1,91.99999988079071,12352.941175922751,7846.533190250821,112.09745004406912,303521.875947678,96.40547190899488,0
myopic,10,65,3,12,0,1,91.99999988079071,12352.941175922751,7769.288022557403,102.90478608794766,312989.116255502,96.40547190899488,0
myopic,10,64,3,12,0,1,91.99999988079071,12352.941175922751,7696.851349264563,102.22669638585498,322393.97231081425,96.40547190899488,0
myopic,10,63,3,12,0,1,91.99999988079071,12352.941175922751,7627.275448528205,105.11985139167896,332064.9986263175,96.40547190899488,0
myopic,10,62,3,12,0,1,91.99999988079071,12352.941175922751,7554.939204706594,108.38929012591883,342036.813304981,96.40547190899488,0
myopic,10,61,3,12,0,1,91.99999988079071,12352.941175922751,7479.687356863342,131.75600391700834,354158.3656496392,96.52103063721071,0
myopic,10,60,3,12,0,1,91.99999988079071,12352.941175922751,7386.428560302804,132.52721457569848,366350.869374805,121.59600514742525,0
myopic,10,59,3,12,0,1,91.99999988079071,12352.941175922751,7294.326048211763,125.47411215729991,377894.4876783189,121.8300795387339,0
myopic,10,58,3,12,0,1,91.99999988079071,12352.941175922751,7203.506030313118,142.37863620069166,390993.3221918097,121.8300795387339,0
myopic,10,57,3,12,0,1,91.99999988079071,12352.941175922751,7105.805948513439,125.1062838864757,402503.10029445164,121.8300795387339,0
myopic,10,56,3,12,0,1,91.99999988079071,12352.941175922751,7016.570950581336,132.99087587684326,414738.2608592675,121.8300795387339,0
myopic,10,55,3,12,0,1,91.99999988079071,12352.941175922751,6922.449988044171,144.20988738984974,428005.5704819425,125.63667379851404,0
myopic,10,54,3,12,0,1,91.99999988079071,12352.941175922751,6820.014625156928,136.66406364670655,440578.6643211479,125.63667379851404,0
myopic,10,53,3,12,0,1,91.99999988079071,12352.941175922751,6723.772001548723,137.2818344088113,453208.59307039325,125.63667379851404,0
myopic,10,52,3,12,0,1,91.99999988079071,12352.941175922751,6625.4928685323175,153.81860256505033,467359.9044880413,125.88796995465694,0
myopic,10,51,3,12,0,1,91.99999988079071,12352.941175922751,6513.97236470411,138.34489353076367,480087.63467637956,127.68291019733265,0
myopic,10,50,3,12,0,1,91.99999988079071,12352.941175922751,6413.726328543627,140.87177376016888,493047.83784552186,127.68291019733265,0
myopic,10,49,3,12,0,1,91.99999988079071,12352.941175922751,6315.598442785204,139.081422573994,505843.32870574953,127.67758616935599,0
myopic,10,48,3,12,0,1,91.99999988079071,12352.941175922751,6214.329843427395,135.1637324794449,518278.3920777457,127.67758616935599,0
myopic,10,47,3,12,0,1,91.99999988079071,12352.941175922751,6115.822764811619,141.0423289679347,531254.2863259821,127.67758616935599,0
myopic,10,46,3,12,0,1,91.99999988079071,12352.941175922751,6014.335940270112,133.96659583276394,543579.2131266263,130.9268177108672,0
myopic,10,45,3,12,0,1,91.99999988079071,12352.941175922751,5914.670129950249,147.58301732466657,557156.8507029024,130.9268177108672,0
myopic,10,44,3,12,0,1,91.99999988079071,12352.941175922751,5806.380215646454,140.3338452123214,570067.5644457069,131.3462768471955,0
myopic,10,43,3,12,0,1,91.99999988079071,12352.941175922751,5707.418381355306,153.64838818247873,584203.2161401786,131.3462768471955,0
myopic,10,42,3,12,0,1,91.99999988079071,12352.941175922751,5597.367889380715,160.39218614249177,598959.2972461677,131.3462768471955,0
myopic,10,41,3,12,0,1,91.99999988079071,12352.941175922751,5481.184549161001,160.17201215927724,613695.1223457272,134.2844581787016,0
myopic,10,40,3,12,0,1,91.99999988079071,12352.941175922751,5366.012782103395,133.06385569559058,625936.997053859,134.2844581787016,0
myopic,10,39,3,12,0,1,91.99999988079071,12352.941175922751,5267.866288116912,147.80697417763457,639535.2386605815,134.2844581787016,0
myopic,10,38,3,12,0,1,91.99999988079071,12352.941175922751,5159.819792832621,156.74102673762326,653955.4131017579,135.35708426229505,0
myopic,10,37,3,12,0,1,91.99999988079071,12352.941175922751,5046.673278861362,138.13996632666857,666664.2899873438,135.35708426229505,0
myopic,10,36,3,12,0,1,91.99999988079071,12352.941175922751,4947.227295576945,135.03967581881147,679087.9401465765,135.4899713904066,0
myopic,10,35,3,12,0,1,91.99999988079071,12352.941175922751,4850.909269978353,138.2150973180081,691803.7290833567,135.4899713904066,0
myopic,10,34,3,12,0,1,91.99999988079071,12352.941175922751,4750.602117661003,144.8255277765059,705127.6776215307,135.4899713904066,0
myopic,10,33,3,12,0,1,91.99999988079071,12352.941175922751,4645.684833149964,149.8182390984744,718910.9556007306,135.4899713904066,0
myopic,10,32,3,12,0,1,91.99999988079071,12352.941175922751,4533.409252048282,158.78175988749314,733518.8774914517,137.78792601608814,0
myopic,10,31,3,12,0,1,91.99999988079071,12352.941175922751,4414.76435659939,153.22417796353506,747615.5018458312,146.71138133961333,0
myopic,10,30,3,12,0,1,91.99999988079071,12352.941175922751,4300.242959902016,166.7118257691628,762952.9897967206,146.79097170826236,0
myopic,10,29,3,12,0,1,91.99999988079071,12352.941175922751,4177.212562187867,150.5568012889477,776804.215497356,149.1594284653892,0
myopic,10,28,3,12,0,1,91.99999988079071,12352.941175922751,4065.026201014187,162.9982379667095,791800.0533708624,149.1594284653892,0
myopic,10,27,3,12,0,1,91.99999988079071,12352.941175922751,3940.3691717028014,159.5992956325512,806483.1885500314,149.58016666485625,0
myopic,10,26,3,12,0,1,91.99999988079071,12352.941175922751,3817.6946009751755,148.7815615632987,820171.0921961188,149.58016666485625,0
myopic,10,25,3,12,0,1,91.99999988079071,12352.941175922751,3706.2492524667614,164.60175669661442,835314.4537925853,154.29524521730656,0
myopic,10,24,3,12,0,1,91.99999988079071,12352.941175922751,3582.7721305905143,165.17844342518828,850510.8705680118,154.97835501077762,0
myopic,10,23,3,12,0,1,91.99999988079071,12352.941175922751,3457.8752487917955,185.68653938272743,867594.0321690871,155.87126491759878,0
myopic,10,22,3,12,0,1,91.99999988079071,12352.941175922751,3317.2829708198487,182.07593471032368,884345.0181407317,158.91581566331308,0
myopic,10,21,3,12,0,1,91.99999988079071,12352.941175922751,3178.8874911023886,173.4882770130148,900305.9396052477,158.91581566331308,0
myopic,10,20,3,12,0,1,91.99999988079071,12352.941175922751,3051.4836576697335,173.3054174774371,916250.0379925123,158.91581566331308,0
myopic,10,19,3,12,0,1,91.99999988079071,12352.941175922751,2917.5830196773777,168.70436238162614,931770.8393115108,158.91581566331308,0
myopic,10,18,3,12,0,1,91.99999988079071,12352.941175922751,2789.089432958922,170.93129388204665,947496.5183282825,163.56364604434458,0
myopic,10,17,3,12,0,1,91.99999988079071,12352.941175922751,2653.6018736946116,169.95004722478683,963131.9226527032,163.56364604434458,0
myopic,10,16,3,12,0,1,91.99999988079071,12352.941175922751,2523.4425066963468,159.69411203086895,977823.7809405061,163.59817539596523,0
myopic,10,15,3,12,0,1,91.99999988079071,12352.941175922751,2402.298176824348,183.80396977117968,994733.7461375436,166.74534395337315,0
myopic,10,14,3,12,0,1,91.99999988079071,12352.941175922751,2261.6214953912286,160.83651209911804,1009530.7052314893,167.7158494426866,0
myopic,10,13,3,12,0,1,91.99999988079071,12352.941175922751,2136.1969890860028,184.43447001374489,1026498.6764507674,168.16714252718407,0
myopic,10,12,3,12,0,1,91.99999988079071,12352.941175922751,1990.6744009727963,186.52037405107723,1043658.5508412316,169.09384479432455,0
myopic,10,11,3,12,0,1,91.99999988079071,12352.941175922751,1844.5733395148427,207.40860854829387,1062740.1428029495,169.09384479432455,0
myopic,10,10,3,12,0,1,91.99999988079071,12352.941175922751,1681.2019090829563,189.0083295210522,1080128.9090963549,170.63726322604822,0
myopic,10,9,3,12,0,1,91.99999988079071,12352.941175922751,1533.0256168511314,180.613155633922,1096745.319393145,170.84305227950415,0
myopic,10,8,3,12,0,1,91.99999988079071,12352.941175922751,1391.133404871336,187.21785885495254,1113969.3623854825,170.84305227950415,0
myopic,10,7,3,12,0,1,91.99999988079071,12352.941175922751,1240.8863646284099,177.610613647447,1130309.5388198749,170.84305227950415,0
myopic,10,6,3,12,0,1,91.99999988079071,12352.941175922751,1100.4345310839562,172.95174290228186,1146221.0991462674,170.84305227950415,0
myopic,10,5,3,12,0,1,91.99999988079071,12352.941175922751,957.8650343083682,168.29015074647,1161703.7929948808,155.39122305741984,0
myopic,10,4,3,12,0,1,91.99999988079071,12352.941175922751,819.3601985388104,159.71747764773323,1176397.8009194324,149.0674834074808,0
myopic,10,3,3,12,0,1,91.99999988079071,12352.941175922751,685.4446842204597,150.74009184793684,1190265.889351473,142.23678861945825,0
myopic,10,2,3,12,0,1,91.99999988079071,12352.941175922751,557.2147153000878,136.77585731320838,1202849.268207983,135.31638940994628,0
myopic,10,1,3,12,0,1,91.99999988079071,10000.0,440.2089830496425,0.0,1202849.268207983,127.3584148712835,0
myopic,11,100,0,6,0,0,91.99999988079071,12352.941175922751,10000.0,63.205482732037694,5814.904403812787,53.51064944791461,1
myopic,11,99,0,6,0,0,91.99999988079071,12352.941175922751,9958.61080077063,64.62275680151437,11760.198021848475,53.51064944791461,1
myopic,11,98,0,6,0,0,91.99999988079071,12352.941175922751,9917.6690389576,73.39630322377462,18512.65790968622,53.51064944791461,1
myopic,11,97,0,6,0,0,91.99999988079071,12352.941175922751,9869.524127569128,66.65733732929226,24645.132936034934,55.53276728716988,1
myopic,11,96,0,6,0,0,91.99999988079071,12352.941175922751,9825.77758576698,58.545653734181045,30031.333072600406,55.852472283942966,1
myopic,11,95,0,6,0,0,91.99999988079071,12352.941175922751,9786.893218212557,68.17455049102078,36303.39170964728,56.18471002774361,1
myopic,11,94,0,6,0,0,91.99999988079071,12352.941175922751,9742.093048428043,60.3561528422183,41856.15776393635,56.18471002774361,1
myopic,11,93,0,6,0,0,91.99999988079071,12352.941175922751,9701.750592400427,55.3535238246447,46948.68194920501,56.18471002774361,1
myopic,11,92,0,6,0,0,91.99999988079071,12352.941175922751,9666.179028321349,65.47610386221831,52972.48349672374,56.85789131285237,1
myopic,11,91,0,6,0,0,91.99999988079071,12352.941175922751,9623.359487660497,48.05161750515642,57393.232301469936,56.85789131285237,1
myopic,11,90,0,6,0,0,91.99999988079071,12352.941175922751,9591.979182971741,59.673561754958676,62883.19997581249,57.85980122566746,1
myopic,11,89,0,6,0,0,91.99999988079071,12352.941175922751,9553.239636742286,51.47463115359638,67618.8660358071,57.85980122566746,1
myopic,11,88,0,6,0,0,91.99999988079071,12352.941175922751,9519.005715916164,71.90316707486498,74233.95739812317,57.85980122566746,1
myopic,11,87,0,6,0,0,91.99999988079071,12352.941175922751,9471.354960908848,58.77640478497224,79641.38663133392,59.05581472314141,1
myopic,11,86,0,6,0,0,91.99999988079071,12352.941175922751,9431.920650546643,70.75389146988593,86150.7446381289,59.05581472314141,1
myopic,11,85,0,6,0,0,91.99999988079071,12352.941175922751,9384.964169415953,69.373347475698,92533.09259762317,59.321172379079584,1
myopic,11,84,0,6,0,0,91.99999988079071,12352.941175922751,9337.77031467162,63.36035352266426,98362.24511415514,59.321172379079584,1
myopic,11,83,0,6,0,0,91.99999988079071,12352.941175922751,9296.00525041906,67.79720980045492,104599.58840771494,59.321172379079584,1
myopic,11,82,0,6,0,0,91.99999988079071,12352.941175922751,9250.385063558482,74.19915247782588,111425.9104268297,59.321172379079584,1
myopic,11,81,0,6,0,0,91.99999988079071,12352.941175922751,9201.77837225793,60.115746887666226,116956.55913332863,59.67942540614826,1
myopic,11,80,0,6,0,0,91.99999988079071,12352.941175922751,9162.00614782093,52.04651956891635,121744.8389274645,59.67942540614826,1
myopic,11,79,0,6,0,0,91.99999988079071,12352.941175922751,9126.914853711303,70.63070100038681,128242.86341108025,60.144742931333404,1
myopic,11,78,0,6,0,0,91.99999988079071,12352.941175922751,9079.967450351014,78.69341693201686,135482.65775944482,60.59148468407464,1
myopic,11,77,0,6,0,0,91.99999988079071,12352.941175922751,9026.122435729618,72.62725216673186,142164.3649501263,61.68635059106254,1
myopic,11,76,0,6,0,0,91.99999988079071,12352.941175922751,8976.712564647572,75.25359685163667,149087.69585150594,61.68635059106254,1
myopic,11,75,0,6,0,0,91.99999988079071,12352.941175922751,8927.037102128153,72.5196776020465,155759.5061822492,61.68635059106254,1
myopic,11,74,0,6,0,0,91.99999988079071,12352.941175922751,8877.389578655551,53.60352157600891,160691.03016085198,61.68635059106254,1
myopic,11,73,0,6,0,0,91.99999988079071,12352.941175922751,8840.799493101329,65.74189941947296,166739.28489960646,61.811377832783585,1
myopic,11,72,0,6,0,0,91.99999988079071,12352.941175922751,8795.526286880136,66.29436099495369,172838.3661032393,61.811377832783585,1
myopic,11,71,0,6,0,0,91.99999988079071,12352.941175922751,8750.428017519323,72.54967063459628,179512.93579297356,63.69238905560433,1
myopic,11,70,0,6,0,0,91.99999988079071,12352.941175922751,8701.76156217694,74.59563168149812,186375.73389877888,63.69238905560433,1
myopic,11,69,0,6,0,0,91.99999988079071,12352.941175922751,8650.941738071799,74.64495013921035,193243.06930268786,63.69238905560433,1
myopic,11,68,0,6,0,0,91.99999988079071,12352.941175922751,8600.3889412374,79.39470149599656,200547.38183085495,64.51194257070377,1
myopic,11,67,0,6,0,0,91.99999988079071,12352.941175922751,8545.469042803741,70.93721953126493,207073.60601927494,64.51194257070377,1
myopic,11,66,0,6,0,0,91.99999988079071,12352.941175922751,8496.302637290823,82.43946101988863,214658.03642327714,66.02319309723785,1
myopic,11,65,0,6,0,0,91.99999988079071,12352.941175922751,8438.003437813708,59.77280876549787,220157.13482257747,66.02319309723785,1
myopic,11,64,0,6,0,0,91.99999988079071,12352.941175922751,8396.27444259903,76.08196779712668,227156.67585084346,66.02319309723785,1
myopic,11,63,0,6,0,0,91.99999988079071,12352.941175922751,8343.946959654982,64.30810024920306,233073.021066104,66.02319309723785,1
myopic,11,62,0,6,0,0,91.99999988079071,12352.941175922751,8298.639501291578,62.31641991919266,238806.13169124103,66.02319309723785,1
myopic,11,61,0,6,0,0,91.99999988079071,12352.941175922751,8255.155613047267,103.76863358688895,248352.84596886463,66.0678136608015,1
myopic,11,60,0,6,0,0,91.99999988079071,12352.941175922751,8185.3890514951345,90.93354689340134,256718.73227221743,85.17672399217258,1
myopic,11,59,0,6,0,0,91.99999988079071,12352.941175922751,8123.807848819495,95.30612248155464,265486.89552915905,85.17672399217258,1
myopic,11,58,0,6,0,0,91.99999988079071,12352.941175922751,8055.959867327518,109.54213785064502,275564.77219835995,85.17672399217258,1
myopic,11,57,0,6,0,0,91.99999988079071,12352.941175922751,7982.186690848157,88.75409757149896,283730.1491643575,85.17672399217258,1
myopic,11,56,0,6,0,0,91.99999988079071,12352.941175922751,7919.6036319248615,108.72639356951325,293732.9773597915,85.17672399217258,1
myopic,11,55,0,6,0,0,91.99999988079071,12352.941175922751,7843.162451689002,90.1221963720418,302024.21941527596,87.67464619283565,1
myopic,11,54,0,6,0,0,91.99999988079071,12352.941175922751,7779.822601624066,95.95845874492082,310852.39760836953,87.67464619283565,1
myopic,11,53,0,6,0,0,91.99999988079071,12352.941175922751,7712.833867245407,90.57817450949133,319185.589652445,87.67464619283565,1
myopic,11,52,0,6,0,0,91.99999988079071,12352.941175922751,7648.854495426973,100.37898005519135,328420.4558055565,88.00542260216963,1
myopic,11,51,0,6,0,0,91.99999988079071,12352.941175922751,7578.394456351398,96.1424395266595,337265.5602305481,89.3393639748758,1
myopic,11,50,0,6,0,0,91.99999988079071,12352.941175922751,7512.200869692925,94.61101223848044,345969.7733452098,89.3393639748758,1
myopic,11,49,0,6,0,0,91.99999988079071,12352.941175922751,7444.131967870982,96.97595152068368,354891.5608735522,89.87264365606573,1
myopic,11,48,0,6,0,0,91.99999988079071,12352.941175922751,7377.301925877154,109.17596003122243,364935.7491834099,89.87264365606573,1
myopic,11,47,0,6,0,0,91.99999988079071,12352.941175922751,7299.29959930835,118.00905028149486,375792.58179523965,89.87264365606573,1
myopic,11,46,0,6,0,0,91.99999988079071,12352.941175922751,7215.4695538631495,97.49621700687531,384762.2337482497,92.28499445299059,1
myopic,11,45,0,6,0,0,91.99999988079071,12352.941175922751,7147.891414435111,112.36089739761229,395099.4362954356,92.32417290804567,1
myopic,11,44,0,6,0,0,91.99999988079071,12352.941175922751,7064.687277523131,95.20271093931026,403858.08569050307,92.85601305134094,1
myopic,11,43,0,6,0,0,91.99999988079071,12352.941175922751,6997.470905450933,106.53970082648,413659.7381538387,92.85601305134094,1
myopic,11,42,0,6,0,0,91.99999988079071,12352.941175922751,6922.336365210425,100.45496286247761,422901.5947252115,92.85601305134094,1
myopic,11,41,0,6,0,0,91.99999988079071,12352.941175922751,6850.755754989943,104.15510089675158,432483.8639952964,93.6308664821853,1
myopic,11,40,0,6,0,0,91.99999988079071,12352.941175922751,6774.654641666895,102.79597051612649,441941.0932705258,93.6308664821853,1
myopic,11,39,0,6,0,0,91.99999988079071,12352.941175922751,6699.592352804485,100.81286878162128,451215.8771864171,93.6308664821853,1
myopic,11,38,0,6,0,0,91.99999988079071,12352.941175922751,6626.495756283868,87.06617523351971,459225.96529752185,95.04742683727991,1
myopic,11,37,0,6,0,0,91.99999988079071,12352.941175922751,6565.106295996684,110.53928725107941,469395.57971144386,95.04742683727991,1
myopic,11,36,0,6,0,0,91.99999988079071,12352.941175922751,6485.803038632163,108.81129933740648,479406.21923751396,95.04742683727991,1
myopic,11,35,0,6,0,0,91.99999988079071,12352.941175922751,6406.12312976295,114.75021081551974,489963.23861886247,95.04742683727991,1
myopic,11,34,0,6,0,0,91.99999988079071,12352.941175922751,6321.561612958798,112.30791075095811,500295.5663945625,95.04742683727991,1
myopic,11,33,0,6,0,0,91.99999988079071,12352.941175922751,6239.787274214345,100.73332870625104,509563.0326235292,95.04742683727991,1
myopic,11,32,0,6,0,0,91.99999988079071,12352.941175922751,6167.008932959423,107.55764680495668,519458.33611676336,97.00694341239463,1
myopic,11,31,0,6,0,0,91.99999988079071,12352.941175922751,6089.633803667066,107.08244967030367,529309.9214736661,101.69890345053383,1
myopic,11,30,0,6,0,0,91.99999988079071,12352.941175922751,6011.07165998111,117.19868537952625,540092.2005146113,101.69890345053383,1
myopic,11,29,0,6,0,0,91.99999988079071,12352.941175922751,5925.206850818254,99.79632679185349,549273.4625675651,105.09652333242514,1
myopic,11,28,0,6,0,0,91.99999988079071,12352.941175922751,5851.593352598299,117.44968508611524,560078.8335814866,105.09652333242514,1
myopic,11,27,0,6,0,0,91.99999988079071,12352.941175922751,5763.236906956462,120.2698299548241,571143.6579229932,105.51726153189219,1
myopic,11,26,0,6,0,0,91.99999988079071,12352.941175922751,5674.849122753047,113.52667513641623,581588.11202201,105.51726153189219,1
myopic,11,25,0,6,0,0,91.99999988079071,12352.941175922751,5587.937729212367,126.95951540136656,593268.387423801,108.86577323146005,1
myopic,11,24,0,6,0,0,91.99999988079071,12352.941175922751,5490.712753990991,138.9205972781392,606049.0823568292,110.31606898852215,1
myopic,11,23,0,6,0,0,91.99999988079071,12352.941175922751,5388.020302931654,126.876856277834,617721.7531192651,111.20897889534331,1
myopic,11,22,0,6,0,0,91.99999988079071,12352.941175922751,5292.113591094505,128.27159965210942,629522.740271968,112.95137016244168,1
myopic,11,21,0,6,0,0,91.99999988079071,12352.941175922751,5194.748689030016,125.41113895490697,641060.5650408692,112.95137016244168,1
myopic,11,20,0,6,0,0,91.99999988079071,12352.941175922751,5099.758706651719,111.7747023308588,651343.8376419836,112.95137016244168,1
myopic,11,19,0,6,0,0,91.99999988079071,12352.941175922751,5015.2422667625215,122.6940979372033,662631.6946375801,112.95137016244168,1
myopic,11,18,0,6,0,0,91.99999988079071,12352.941175922751,4921.768430378263,124.93468546483494,674125.6856854515,117.40424760711261,1
myopic,11,17,0,6,0,0,91.99999988079071,12352.941175922751,4825.616977746462,135.26550539220872,686570.1121654098,117.40424760711261,1
myopic,11,16,0,6,0,0,91.99999988079071,12352.941175922751,4721.586633566467,131.63060329575146,698680.1276529274,117.43877695873326,1
myopic,11,15,0,6,0,0,91.99999988079071,12352.941175922751,4620.279322852445,125.89229005982152,710262.2183234234,117.79311858824813,1
myopic,11,14,0,6,0,0,91.99999988079071,12352.941175922751,4523.358909735852,125.509504697062,721809.0927405913,118.13382576143007,1
myopic,11,13,0,6,0,0,91.99999988079071,12352.941175922751,4425.626537438438,130.15494030811394,733783.3472334221,118.13382576143007,1
myopic,11,12,0,6,0,0,91.99999988079071,12352.941175922751,4323.610671660672,119.41284652059336,744769.3290990816,118.65148982084473,1
myopic,11,11,0,6,0,0,91.99999988079071,12352.941175922751,4229.265552418953,125.11425781270623,756279.8408029358,118.65148982084473,1
myopic,11,10,0,6,0,0,91.99999988079071,12352.941175922751,4131.990980678866,129.8618286315004,768227.1290215531,119.72247037978816,1
myopic,11,9,0,6,0,0,91.99999988079071,12352.941175922751,4030.27058203289,133.77037407438064,780534.0034204494,119.9282594332441,1
myopic,11,8,0,6,0,0,91.99999988079071,12352.941175922751,3924.9278174979227,122.8855521062429,791839.4741995747,119.9282594332441,1
myopic,11,7,0,6,0,0,91.99999988079071,12352.941175922751,3827.919322567627,141.9372391125344,804897.7001810076,119.9282594332441,1
myopic,11,6,0,6,0,0,91.99999988079071,12352.941175922751,3713.9289400124817,113.01178511949638,815294.7843985292,119.9282594332441,1
myopic,11,5,0,6,0,0,91.99999988079071,12352.941175922751,3622.579059586148,102.97363741603063,824768.3590285286,111.6350613497792,1
myopic,11,4,0,6,0,0,91.99999988079071,12352.941175922751,3537.2971038903743,98.1312371758367,833796.4328370073,105.31132169984018,1
myopic,11,3,0,6,0,0,91.99999988079071,12352.941175922751,3456.2750771668625,111.16363569564864,844023.4873077553,100.66337802387262,1
myopic,11,2,0,6,0,0,91.99999988079071,12352.941175922751,3365.1662562985875,101.57576386323946,853368.4575710646,97.45860423514522,1
myopic,11,1,0,6,0,0,91.99999988079071,12352.941175922751,3278.8640635312986,95.56885594189326,862160.7923063261,90.48681714092218,1
myopic,12,100,3,12,0,1,91.99999988079071,12352.941175922751,10000.0,92.28274711539204,8490.012723615107,78.9152323625027,0
myopic,12,99,3,12,0,1,91.99999988079071,12352.941175922751,9937.988335110691,76.8466296410215,15559.902641428253,78.9152323625027,0
myopic,12,98,3,12,0,1,91.99999988079071,12352.941175922751,9888.283845473807,77.71085286733688,22709.30109595939,78.9152323625027,0
myopic,12,97,3,12,0,1,91.99999988079071,12352.941175922751,9837.474088485838,96.26626780271405,31565.79772233325,80.54394018700624,0
myopic,12,96,3,12,0,1,91.99999988079071,12352.941175922751,9774.356554126673,92.60733165957244,40085.67222397426,80.54394018700624,0
myopic,12,95,3,12,0,1,91.99999988079071,12352.941175922751,9715.718549605352,89.81680445488529,48348.81822311671,80.87617793080689,0
myopic,12,94,3,12,0,1,91.99999988079071,12352.941175922751,9657.64255236463,103.37801959850918,57859.59601385593,80.87617793080689,0
myopic,12,93,3,12,0,1,91.99999988079071,12352.941175922751,9588.516045957396,97.24122001980469,66805.78824408591,81.3639638541496,0
myopic,12,92,3,12,0,1,91.99999988079071,12352.941175922751,9524.480393855492,94.54932234798116,75504.32588882901,81.79418251526724,0
myopic,12,91,3,12,0,1,91.99999988079071,12352.941175922751,9461.346533776652,88.14768570217744,83613.91296292131,81.79418251526724,0
myopic,12,90,3,12,0,1,91.99999988079071,12352.941175922751,9403.615627658632,89.98472476628699,91892.50763069271,82.94060849899128,0
myopic,12,89,3,12,0,1,91.99999988079071,12352.941175922751,9344.723272135769,86.14819169350312,99818.14125622532,82.94060849899128,0
myopic,12,88,3,12,0,1,91.99999988079071,12352.941175922751,9287.932234432763,86.97670567703375,107819.998168144,82.94060849899128,0
myopic,12,87,3,12,0,1,91.99999988079071,12352.941175922751,9229.447574361691,80.0353568241379,115183.25098642372,84.67522570563183,0
myopic,12,86,3,12,0,1,91.99999988079071,12352.941175922751,9175.507775821929,88.09034772372162,123287.56296650492,84.67522570563183,0
myopic,12,85,3,12,0,1,91.99999988079071,12352.941175922751,9117.485733404223,85.39786497756224,131144.16653426044,84.94058336157,0
myopic,12,84,3,12,0,1,91.99999988079071,12352.941175922751,9060.747369240811,94.22335003834962,139812.7147265563,87.77795801726384,0
myopic,12,83,3,12,0,1,91.99999988079071,12352.941175922751,8997.68534097571,91.93444774508907,148270.68390814506,87.77795801726384,0
myopic,12,82,3,12,0,1,91.99999988079071,12352.941175922751,8936.178165431249,111.15482213570105,158496.92753137887,87.77795801726384,0
myopic,12,81,3,12,0,1,91.99999988079071,12352.941175922751,8861.298562069336,92.00776713342256,166961.64209668557,88.13621104433251,0
myopic,12,80,3,12,0,1,91.99999988079071,12352.941175922751,8798.655770590314,97.0873857410018,175893.681573284,88.13621104433251,0
myopic,12,79,3,12,0,1,91.99999988079071,12352.941175922751,8732.86446513349,103.5094032059801,185416.5466558949,89.52353529625056,0
myopic,12,78,3,12,0,1,91.99999988079071,12352.941175922751,8663.832073568425,84.52704176408447,193193.03448811427,89.97027704899179,0
myopic,12,77,3,12,0,1,91.99999988079071,12352.941175922751,8607.33513807532,104.38098513468891,202796.08510806246,91.21290293230952,0
myopic,12,76,3,12,0,1,91.99999988079071,12352.941175922751,8537.509634702617,103.48109626335658,212316.34595195536,91.21290293230952,0
myopic,12,75,3,12,0,1,91.99999988079071,12352.941175922751,8466.534647591361,95.61643442377965,221113.05790754472,91.21290293230952,0
myopic,12,74,3,12,0,1,91.99999988079071,12352.941175922751,8400.58916433947,113.49043546815135,231554.1779570855,91.21290293230952,0
myopic,12,73,3,12,0,1,91.99999988079071,12352.941175922751,8322.399469385176,109.8397024996644,241659.43057396074,91.71167850679893,0
myopic,12,72,3,12,0,1,91.99999988079071,12352.941175922751,8246.59419626777,120.6139005621178,252755.90941129727,91.71167850679893,0
myopic,12,71,3,12,0,1,91.99999988079071,12352.941175922751,8164.500960426703,102.59426074035875,262194.5813871801,93.59268972961968,0
myopic,12,70,3,12,0,1,91.99999988079071,12352.941175922751,8094.068499304656,95.31202712839726,270963.2878716306,93.59268972961968,0
myopic,12,69,3,12,0,1,91.99999988079071,12352.941175922751,8031.046274614407,97.31271315681008,279916.0574704565,93.59268972961968,0
myopic,12,68,3,12,0,1,91.99999988079071,12352.941175922751,7964.300956476673,108.15320366381034,289866.1521946342,95.22698613284727,0
myopic,12,67,3,12,0,1,91.99999988079071,12352.941175922751,7892.541255310518,90.59268768183283,298200.67945056333,95.22698613284727,0
myopic,12,66,3,12,0,1,91.99999988079071,12352.941175922751,7830.957826940157,104.15594522156835,307783.0263985313,96.40547190899488,0
myopic,12,65,3,12,0,1,91.99999988079071,12352.941175922751,7759.7090708124615,111.03129692326381,317997.9057022356,96.40547190899488,0
myopic,12,64,3,12,0,1,91.99999988079071,12352.941175922751,7681.997836185791,107.50756878942946,327888.6020180472,96.40547190899488,0
myopic,12,63,3,12,0,1,91.99999988079071,12352.941175922751,7607.388441729652,96.89878380770882,336803.2901168052,96.40547190899488,0
myopic,12,62,3,12,0,1,91.99999988079071,12352.941175922751,7542.1305604539575,107.67695639242304,346709.570092072,96.40547190899488,0
myopic,12,61,3,12,0,1,91.99999988079071,12352.941175922751,7467.101473805824,139.07916946281927,359504.85366607184,96.52103063721071,0
myopic,12,60,3,12,0,1,91.99999988079071,12352.941175922751,7370.150471677331,139.7991570205419,372366.37609529635,121.59600514742525,0
myopic,12,59,3,12,0,1,91.99999988079071,12352.941175922751,7272.191006399122,119.50828443723047,383361.13824927504,121.8300795387339,0
myopic,12,58,3,12,0,1,91.99999988079071,12352.941175922751,7190.5036717859075,137.16704528718242,395980.50639934425,121.8300795387339,0
myopic,12,57,3,12,0,1,91.99999988079071,12352.941175922751,7094.4066393035755,121.42902807273344,407151.97696756024,121.8300795387339,0
myopic,12,56,3,12,0,1,91.99999988079071,12352.941175922751,7008.400021358201,134.18713927212423,419497.19376459933,121.8300795387339,0
myopic,12,55,3,12,0,1,91.99999988079071,12352.941175922751,6915.381847465638,139.88834382097897,432366.9213794534,125.63667379851404,0
myopic,12,54,3,12,0,1,91.99999988079071,12352.941175922751,6816.633757315902,126.23285871576337,443980.3443662555,125.63667379851404,0
myopic,12,53,3,12,0,1,91.99999988079071,12352.941175922751,6727.02838100085,138.59156299215732,456730.76814501255,125.63667379851404,0
myopic,12,52,3,12,0,1,91.99999988079071,12352.941175922751,6631.357013139589,137.73828462670735,469402.69031424995,125.88796995465694,0
myopic,12,51,3,12,0,1,91.99999988079071,12352.941175922751,6538.609037725779,134.7595215621118,481800.56628189964,127.68291019733265,0
myopic,12,50,3,12,0,1,91.99999988079071,12352.941175922751,6443.693599160522,134.2622308225042,494152.6915015647,127.68291019733265,0
myopic,12,49,3,12,0,1,91.99999988079071,12352.941175922751,6349.7687641648445,138.76053568407949,506918.66076795844,127.67758616935599,0
myopic,12,48,3,12,0,1,91.99999988079071,12352.941175922751,6251.891954618548,148.09972794707616,520543.83572143456,127.67758616935599,0
myopic,12,47,3,12,0,1,91.99999988079071,12352.941175922751,6147.358732594256,141.41604891115662,533554.1122044029,127.67758616935599,0
myopic,12,46,3,12,0,1,91.99999988079071,12352.941175922751,6046.425423118684,160.10872888248866,548284.1152425054,130.9268177108672,0
myopic,12,45,3,12,0,1,91.99999988079071,12352.941175922751,5933.586752010593,148.0584576342059,561905.4933272024,130.9268177108672,0
myopic,12,44,3,12,0,1,91.99999988079071,12352.941175922751,5831.312957012003,154.71947057546072,576139.6846017007,131.3462768471955,0
myopic,12,43,3,12,0,1,91.99999988079071,12352.941175922751,5720.030075264661,154.61791695648282,590364.5329432653,131.3462768471955,0
myopic,12,42,3,12,0,1,91.99999988079071,12352.941175922751,5609.881388230119,138.83324184385467,603137.1911763496,131.3462768471955,0
myopic,12,41,3,12,0,1,91.99999988079071,12352.941175922751,5509.273685235271,153.20403442121588,617231.9623248382,134.2844581787016,0
myopic,12,40,3,12,0,1,91.99999988079071,12352.941175922751,5401.173058965496,135.3922854923831,629688.0525739974,134.2844581787016,0
myopic,12,39,3,12,0,1,91.99999988079071,12352.941175922751,5303.321819946808,146.9802285924214,643210.2335869787,134.2844581787016,0
myopic,12,38,3,12,0,1,91.99999988079071,12352.941175922751,5193.502752095751,143.437392925697,656406.4737190438,135.35708426229505,0
myopic,12,37,3,12,0,1,91.99999988079071,12352.941175922751,5091.034027795091,147.61089474291404,669986.6760177952,135.35708426229505,0
myopic,12,36,3,12,0,1,91.99999988079071,12352.941175922751,4987.43988899513,141.38431260620172,682994.0327607115,135.4899713904066,0
myopic,12,35,3,12,0,1,91.99999988079071,12352.941175922751,4882.537839902621,147.4459894571449,696559.0637731919,135.4899713904066,0
myopic,12,34,3,12,0,1,91.99999988079071,12352.941175922751,4776.623059326937,138.321824902714,709284.6716477523,135.4899713904066,0
myopic,12,33,3,12,0,1,91.99999988079071,12352.941175922751,4675.123630215271,156.28194828888664,723662.6108716996,135.4899713904066,0
myopic,12,32,3,12,0,1,91.99999988079071,12352.941175922751,4560.746160651881,157.68206385184195,738169.3607272719,137.78792601608814,0
myopic,12,31,3,12,0,1,91.99999988079071,12352.941175922751,4444.980161305446,163.93561863979667,753251.4376225906,146.71138133961333,0
myopic,12,30,3,12,0,1,91.99999988079071,12352.941175922751,4326.208138876659,168.4573938766955,768749.5178391648,146.79097170826236,0
myopic,12,29,3,12,0,1,91.99999988079071,12352.941175922751,4206.88606010498,153.1665282655009,782840.8384213321,149.1594284653892,0
myopic,12,28,3,12,0,1,91.99999988079071,12352.941175922751,4094.6576684987995,163.07187015019264,797843.4504557101,149.1594284653892,0
myopic,12,27,3,12,0,1,91.99999988079071,12352.941175922751,3976.532689193742,166.56963866361036,813167.8571929056,149.58016666485625,0
myopic,12,26,3,12,0,1,91.99999988079071,12352.941175922751,3851.333319055995,172.71598456012362,829057.7277518476,149.58016666485625,0
myopic,12,25,3,12,0,1,91.99999988079071,12352.941175922751,3722.7164833398583,176.48218263404476,845294.0885331414,154.29524521730656,0
myopic,12,24,3,12,0,1,91.99999988079071,12352.941175922751,3590.580653377787,161.6958356068558,860170.1053896965,154.97835501077762,0
myopic,12,23,3,12,0,1,91.99999988079071,12352.941175922751,3470.2607268349466,184.50235600861845,877144.322120495,155.87126491759878,0
myopic,12,22,3,12,0,1,91.99999988079071,12352.941175922751,3334.5774589851817,174.67010917892898,893213.9721441342,158.91581566331308,0
myopic,12,21,3,12,0,1,91.99999988079071,12352.941175922751,3204.184644655893,166.98764858616045,908576.8357941546,158.91581566331308,0
myopic,12,20,3,12,0,1,91.99999988079071,12352.941175922751,3080.3367728428348,174.97990358396743,924674.9869030203,158.91581566331308,0
myopic,12,19,3,12,0,1,91.99999988079071,12352.941175922751,2947.517015500048,181.73790694777955,941394.8743205512,158.91581566331308,0
myopic,12,18,3,12,0,1,91.99999988079071,12352.941175922751,2812.751142078024,176.9558290683677,957674.8105737462,163.56364604434458,0
myopic,12,17,3,12,0,1,91.99999988079071,12352.941175922751,2677.4773311349545,186.8780621401351,974867.592268361,163.56364604434458,0
myopic,12,16,3,12,0,1,91.99999988079071,12352.941175922751,2533.49166842458,189.40585706091701,992292.9310953864,163.59817539596523,0
myopic,12,15,3,12,0,1,91.99999988079071,12352.941175922751,2386.244933425206,190.40794611779071,1009810.4621155247,166.74534395337315,0
myopic,12,14,3,12,0,1,91.99999988079071,12352.941175922751,2241.4566924835126,184.77551481086022,1026809.8094560968,167.7158494426866,0
myopic,12,13,3,12,0,1,91.99999988079071,12352.941175922751,2100.154167095199,166.27505786247784,1042107.1147596233,168.16714252718407,0
myopic,12,12,3,12,0,1,91.99999988079071,12352.941175922751,1974.278239469024,202.0382019998331,1060694.6293195232,169.09384479432455,0
myopic,12,11,3,12,0,1,91.99999988079071,12352.941175922751,1819.2835437100275,169.0816125642972,1076250.1376552824,169.09384479432455,0
myopic,12,10,3,12,0,1,91.99999988079071,12352.941175922751,1687.9567943515867,199.40631936872305,1094595.5190134337,170.63726322604822,0
myopic,12,9,3,12,0,1,91.99999988079071,12352.941175922751,1531.1950795659195,190.50865195929654,1112122.3149709785,170.84305227950415,0
myopic,12,8,3,12,0,1,91.99999988079071,12352.941175922751,1381.0485563627954,186.57815333925362,1129287.505055948,170.84305227950415,0
myopic,12,7,3,12,0,1,91.99999988079071,12352.941175922751,1230.5871661791862,193.61192044748412,1147099.8017140361,170.84305227950415,0
myopic,12,6,3,12,0,1,91.99999988079071,12352.941175922751,1075.7996060194455,177.4417404601733,1163424.4418152194,170.84305227950415,0
myopic,12,5,3,12,0,1,91.99999988079071,12352.941175922751,931.2373967389558,161.62463385524003,1178293.9081106342,155.39122305741984,0
myopic,12,4,3,12,0,1,91.99999988079071,12352.941175922751,799.6241727272463,157.92451628780026,1192822.9635902857,149.0674834074808,0
myopic,12,3,3,12,0,1,91.99999988079071,12352.941175922751,671.0799820421744,157.5137978857136,1207314.2329769942,142.23678861945825,0
myopic,12,2,3,12,0,1,91.99999988079071,12352.941175922751,540.7534581511063,134.62906819326025,1219700.1072347253,135.31638940994628,0
myopic,12,1,3,12,0,1,91.99999988079071,10000.0,429.0407226929292,0.0,1219700.1072347253,127.3584148712835,0
myopic,13,100,5,12,1,1,91.99999988079071,12352.941175922751,10000.0,137.47797729253023,12647.97389452413,122.62129846453644,0
myopic,13,99,5,12,1,1,91.99999988079071,12352.941175922751,9900.116287870136,134.64689336575725,25035.488068122635,122.62129846453644,0
myopic,13,98,5,12,1,1,91.99999988079071,12352.941175922751,9805.087578285129,140.57216764436257,37968.127474646484,122.62129846453644,0
myopic,13,97,5,12,1,1,91.99999988079071,12352.941175922751,9704.496590505309,133.073573414418,50210.896212909334,124.02216067174243,0
myopic,13,96,5,12,1,1,91.99999988079071,12352.941175922751,9610.017199205366,142.84521299854367,63352.655791746874,124.02216067174243,0
myopic,13,95,5,12,1,1,91.99999988079071,12352.941175922751,9507.209814373215,133.1382137311796,75601.37143914409,125.08183156398725,0
myopic,13,94,5,12,1,1,91.99999988079071,12352.941175922751,9412.620292221454,123.16997782905017,86933.0093847337,125.08183156398725,0
myopic,13,93,5,12,1,1,91.99999988079071,12352.941175922751,9322.69988659171,136.9230146345178,99529.92671478684,125.56961748732996,0
myopic,13,92,5,12,1,1,91.99999988079071,12352.941175922751,9223.038171994287,142.05706641211833,112599.1768077672,126.56691740931149,0
myopic,13,91,5,12,1,1,91.99999988079071,12352.941175922751,9118.77143401198,152.59243780893618,126637.6810679989,126.56691740931149,0
myopic,13,90,5,12,1,1,91.99999988079071,12352.941175922751,9008.860627177923,152.14166535877834,140634.71426286982,128.0068958182441,0
myopic,13,89,5,12,1,1,91.99999988079071,12352.941175922751,8900.994192152506,150.65750810215135,154495.20499030798,128.0068958182441,0
myopic,13,88,5,12,1,1,91.99999988079071,12352.941175922751,8794.849172132232,145.2135987062523,167854.85605397238,128.27423610834077,0
myopic,13,87,5,12,1,1,91.99999988079071,12352.941175922751,8688.89634870064,144.25676489884836,181126.4784074697,129.9887842880545,0
myopic,13,86,5,12,1,1,91.99999988079071,12352.941175922751,8585.427817429081,137.55967823581565,193781.96878876633,129.9887842880545,0
myopic,13,85,5,12,1,1,91.99999988079071,12352.941175922751,8486.61039355435,155.5229223599759,208090.07762734435,131.39065547928402,0
myopic,13,84,5,12,1,1,91.99999988079071,12352.941175922751,8372.975304638381,145.01686951623174,221431.62960555032,134.22803013497784,0
myopic,13,83,5,12,1,1,91.99999988079071,12352.941175922751,8269.822989454844,152.50589915503278,235462.17230963323,134.22803013497784,0
myopic,13,82,5,12,1,1,91.99999988079071,12352.941175922751,8161.517932275709,143.25972730115723,248642.0672042618,134.22803013497784,0
myopic,13,81,5,12,1,1,91.99999988079071,12352.941175922751,8058.635533405951,153.45268822003112,262759.71450221166,134.58628316204653,0
myopic,13,80,5,12,1,1,91.99999988079071,12352.941175922751,7946.8825146619765,154.12234763877402,276938.970466606,134.58628316204653,0
myopic,13,79,5,12,1,1,91.99999988079071,12352.941175922751,7834.450017834304,145.00406885084033,290279.3447835975,137.25137735790267,0
myopic,13,78,5,12,1,1,91.99999988079071,12352.941175922751,7728.188301328812,162.92610555469392,305268.546475207,137.25137735790267,0
myopic,13,77,5,12,1,1,91.99999988079071,12352.941175922751,7609.500567780103,158.3552489208597,319837.2293570487,138.34527592112582,0
myopic,13,76,5,12,1,1,91.99999988079071,12352.941175922751,7494.126785352165,161.51493662405997,334696.6035072081,139.8599388733162,0
myopic,13,75,5,12,1,1,91.99999988079071,12352.941175922751,7375.126383509723,160.29304897155552,349443.5639934828,139.8599388733162,0
myopic,13,74,5,12,1,1,91.99999988079071,12352.941175922751,7257.336483876912,167.2421851613332,364829.8450083886,139.8599388733162,0
myopic,13,73,5,12,1,1,91.99999988079071,12352.941175922751,7135.381272466042,151.448825486703,378763.1369351112,140.6224031964283,0
myopic,13,72,5,12,1,1,91.99999988079071,12352.941175922751,7025.12800570433,159.0098557201952,393392.0436424137,140.6224031964283,0
myopic,13,71,5,12,1,1,91.99999988079071,12352.941175922751,6909.261198423422,148.96589301244632,407096.9057818006,140.6224031964283,0
myopic,13,70,5,12,1,1,91.99999988079071,12352.941175922751,6798.715986826804,166.8400283417307,422446.188369351,140.6224031964283,0
myopic,13,69,5,12,1,1,91.99999988079071,12352.941175922751,6674.970869205215,139.00398478884657,435234.5549533543,143.74385215300907,0
myopic,13,68,5,12,1,1,91.99999988079071,12352.941175922751,6573.708786265658,151.88089738752956,449207.5974949014,146.41315056855447,0
myopic,13,67,5,12,1,1,91.99999988079071,12352.941175922751,6463.287191149908,158.89906768336297,463826.31170282856,146.41315056855447,0
myopic,13,66,5,12,1,1,91.99999988079071,12352.941175922751,6343.264656894842,159.70202043913315,478518.89756419085,147.95730716934838,0
myopic,13,65,5,12,1,1,91.99999988079071,12352.941175922751,6226.098020743444,167.751790827972,493952.0623003667,147.95730716934838,0
myopic,13,64,5,12,1,1,91.99999988079071,12352.941175922751,6101.594531858412,164.99728402883903,509131.81241135066,147.95730716934838,0
myopic,13,63,5,12,1,1,91.99999988079071,12352.941175922751,5980.12067234379,164.01979926325006,524221.63392401696,149.66408283344634,0
myopic,13,62,5,12,1,1,91.99999988079071,12352.941175922751,5857.506954333448,149.04120412281475,537933.4246855489,149.66408283344634,0
myopic,13,61,5,12,1,1,91.99999988079071,12352.941175922751,5748.796303608076,201.4037076756771,556462.565767702,149.93764281533836,0
myopic,13,60,5,12,1,1,91.99999988079071,12352.941175922751,5597.0919693578335,188.93064211877066,573844.1848201066,175.84600634426346,0
myopic,13,59,5,12,1,1,91.99999988079071,12352.941175922751,5457.781378736926,198.1881265143399,592077.4924358,176.08019672204279,0
myopic,13,58,5,12,1,1,91.99999988079071,12352.941175922751,5311.754968973684,196.95172359516766,610197.050983077,182.18293728047686,0
myopic,13,57,5,12,1,1,91.99999988079071,12352.941175922751,5161.43945883619,200.72907426806972,628664.1257918107,182.18293728047686,0
myopic,13,56,5,12,1,1,91.99999988079071,12352.941175922751,5008.827602951987,200.3250437210291,647094.0297902648,182.18293728047686,0
myopic,13,55,5,12,1,1,91.99999988079071,12352.941175922751,4857.667598139589,213.1926518946982,666707.7537391625,184.4032916851394,0
myopic,13,54,5,12,1,1,91.99999988079071,12352.941175922751,4699.901199183493,199.32618399350523,685045.7626428034,184.4032916851394,0
myopic,13,53,5,12,1,1,91.99999988079071,12352.941175922751,4549.970510031384,204.36185738562673,703847.0534979192,184.4032916851394,0
myopic,13,52,5,12,1,1,91.99999988079071,12352.941175922751,4393.037573057556,210.03671893183773,723170.43161461,184.4032916851394,0
myopic,13,51,5,12,1,1,91.99999988079071,12352.941175922751,4237.182178495106,212.03178511017836,742677.3558194702,186.63549510603517,0
myopic,13,50,5,12,1,1,91.99999988079071,12352.941175922751,4078.3687148014606,207.68312197399422,761784.20301632,195.43755580295394,0
myopic,13,49,5,12,1,1,91.99999988079071,12352.941175922751,3917.401145520609,206.53173274371665,780785.1224041214,196.20027183670678,0
myopic,13,48,5,12,1,1,91.99999988079071,12352.941175922751,3760.105595529735,213.38316330930093,800416.3734031399,196.20027183670678,0
myopic,13,47,5,12,1,1,91.99999988079071,12352.941175922751,3596.2043234464554,221.93448707426148,820834.3461875153,199.91319423353335,0
myopic,13,46,5,12,1,1,91.99999988079071,12352.941175922751,3426.838725624507,218.49552404545702,840935.9343736507,199.91319423353335,0
myopic,13,45,5,12,1,1,91.99999988079071,12352.941175922751,3257.9810023780346,212.29791159778293,860467.3422153388,199.91319423353335,0
myopic,13,44,5,12,1,1,91.99999988079071,12352.941175922751,3097.03203977419,210.818662301132,879862.6591219114,200.5032029124764,0
myopic,13,43,5,12,1,1,91.99999988079071,12352.941175922751,2933.250021963726,217.40297964333718,899863.7332231819,200.5032029124764,0
myopic,13,42,5,12,1,1,91.99999988079071,12352.941175922751,2768.4670708753147,220.13264198323157,920115.9362593973,200.5032029124764,0
myopic,13,41,5,12,1,1,91.99999988079071,12352.941175922751,2594.9589626402894,222.62544554939055,940597.4772234022,203.90988037788304,0
myopic,13,40,5,12,1,1,91.99999988079071,12352.941175922751,2422.000277654548,227.20668379769128,961500.4921057047,203.90988037788304,0
myopic,13,39,5,12,1,1,91.99999988079071,12352.941175922751,2246.793756607437,225.7848061142696,982272.6942413019,203.90988037788304,0
myopic,13,38,5,12,1,1,91.99999988079071,12352.941175922751,2072.990415728096,228.49082640427372,1003293.8502432568,211.06427502110148,0
myopic,13,37,5,12,1,1,91.99999988079071,12352.941175922751,1900.7067579078366,252.39111877127777,1026513.833140127,211.06427502110148,0
myopic,13,36,5,12,1,1,91.99999988079071,12352.941175922751,1703.0942827431008,232.6003535030175,1047913.0656346765,211.3777930168817,0
myopic,13,35,5,12,1,1,91.99999988079071,12352.941175922751,1522.77599249778,225.35290639504993,1068645.532996157,211.3777930168817,0
myopic,13,34,5,12,1,1,91.99999988079071,12352.941175922751,1345.6472482639765,230.1752135651584,1089821.6526167125,211.3777930168817,0
myopic,13,33,5,12,1,1,91.99999988079071,12352.941175922751,1165.2379884216007,220.57010010408098,1110114.101799994,211.3777930168817,0
myopic,13,32,5,12,1,1,91.99999988079071,12352.941175922751,992.200824429452,252.58304566038913,1133351.7419706397,211.3777930168817,0
myopic,13,31,5,12,1,1,91.99999988079071,12352.941175922751,795.0274510364416,244.91129123273151,1155883.5807348553,215.8582445896582,0
myopic,13,30,5,12,1,1,91.99999988079071,12352.941175922751,602.802086668813,259.08470602868573,1179719.373658609,217.62011982881515,0
myopic,13,29,5,12,1,1,91.99999988079071,10000.0,396.97652202924655,0.0,1179719.373658609,228.32407060173463,0
myopic,13,28,5,12,1,1,91.99999988079071,10000.0,396.97652202924655,0.0,1179719.373658609,228.32407060173463,0
myopic,13,27,5,12,1,1,91.99999988079071,10000.0,396.97652202924655,0.0,1179719.373658609,228.74480880120169,0
myopic,13,26,5,12,1,1,91.99999988079071,10000.0,396.97652202924655,0.0,1179719.373658609,228.74480880120169,0
myopic,13,25,5,12,1,1,91.99999988079071,10000.0,396.97652202924655,0.0,1179719.373658609,232.96745592437514,0
myopic,13,24,5,12,1,1,91.99999988079071,10000.0,396.97652202924655,0.0,1179719.373658609,236.4388957050125,0
myopic,13,23,5,12,1,1,91.99999988079071,10000.0,396.97652202924655,0.0,1179719.373658609,238.0786546384911,0
myopic,13,22,5,12,1,1,91.99999988079071,10000.0,396.97652202924655,0.0,1179719.373658609,240.89903206973992,0
myopic,13,21,5,12,1,1,91.99999988079071,10000.0,396.97652202924655,0.0,1179719.373658609,240.89903206973992,0
myopic,13,20,5,12,1,1,91.99999988079071,10000.0,396.97652202924655,0.0,1179719.373658609,240.89903206973992,0
myopic,13,19,5,12,1,1,91.99999988079071,10000.0,396.97652202924655,0.0,1179719.373658609,240.89903206973992,0
myopic,13,18,5,12,1,1,91.99999988079071,10000.0,396.97652202924655,0.0,1179719.373658609,246.92805639126922,0
myopic,13,17,5,12,1,1,91.99999988079071,10000.0,396.97652202924655,0.0,1179719.373658609,246.92805639126922,0
myopic,13,16,5,12,1,1,91.99999988079071,10000.0,396.97652202924655,0.0,1179719.373658609,249.22632805170318,0
myopic,13,15,5,12,1,1,91.99999988079071,10000.0,396.97652202924655,0.0,1179719.373658609,251.8711947131633,0
myopic,13,14,5,12,1,1,91.99999988079071,10000.0,396.97652202924655,0.0,1179719.373658609,253.63584708782395,0
myopic,13,13,5,12,1,1,91.99999988079071,10000.0,396.97652202924655,0.0,1179719.373658609,254.08714017232143,0
myopic,13,12,5,12,1,1,91.99999988079071,10000.0,396.97652202924655,0.0,1179719.373658609,254.80629722425985,0
myopic,13,11,5,12,1,1,91.99999988079071,10000.0,396.97652202924655,0.0,1179719.373658609,254.80629722425985,0
myopic,13,10,5,12,1,1,91.99999988079071,10000.0,396.97652202924655,0.0,1179719.373658609,255.9433429025627,0
myopic,13,9,5,12,1,1,91.99999988079071,10000.0,396.97652202924655,0.0,1179719.373658609,255.9433429025627,0
myopic,13,8,5,12,1,1,91.99999988079071,10000.0,396.97652202924655,0.0,1179719.373658609,255.9433429025627,0
myopic,13,7,5,12,1,1,91.99999988079071,10000.0,396.97652202924655,0.0,1179719.373658609,255.9433429025627,0
myopic,13,6,5,12,1,1,91.99999988079071,10000.0,396.97652202924655,0.0,1179719.373658609,255.9433429025627,0
myopic,13,5,5,12,1,1,91.99999988079071,10000.0,396.97652202924655,0.0,1179719.373658609,230.04512928449802,0
myopic,13,4,5,12,1,1,91.99999988079071,10000.0,396.97652202924655,0.0,1179719.373658609,226.42549507794118,0
myopic,13,3,5,12,1,1,91.99999988079071,10000.0,396.97652202924655,0.0,1179719.373658609,215.56234262596197,0
myopic,13,2,5,12,1,1,91.99999988079071,10000.0,396.97652202924655,0.0,1179719.373658609,203.8312723170848,0
myopic,13,1,5,12,1,1,91.99999988079071,10000.0,396.97652202924655,0.0,1179719.373658609,196.37128488998587,0
myopic,14,100,0,6,0,0,91.99999988079071,12352.941175922751,10000.0,79.86596544881837,7347.668811770525,53.51064944791461,1
myopic,14,99,0,6,0,0,91.99999988079071,12352.941175922751,9948.286103209286,61.63609636896497,13018.189670367708,53.51064944791461,1
myopic,14,98,0,6,0,0,91.99999988079071,12352.941175922751,9905.778046183485,59.949893728965336,18533.579886285934,53.51064944791461,1
myopic,14,97,0,6,0,0,91.99999988079071,12352.941175922751,9866.14553738809,57.119273346677076,23788.553027371076,55.53276728716988,1
myopic,14,96,0,6,0,0,91.99999988079071,12352.941175922751,9828.189451218865,44.564972699730696,27888.530510433742,55.852472283942966,1
myopic,14,95,0,6,0,0,91.99999988079071,12352.941175922751,9799.0636597118,75.13118788820314,34800.5997871921,56.18471002774361,1
myopic,14,94,0,6,0,0,91.99999988079071,12352.941175922751,9749.12362686582,59.65525413249524,40288.8831602702,56.18471002774361,1
myopic,14,93,0,6,0,0,91.99999988079071,12352.941175922751,9709.307276404395,65.63310347201895,46327.12867187186,56.18471002774361,1
myopic,14,92,0,6,0,0,91.99999988079071,12352.941175922751,9665.616810414102,66.94495189015001,52486.064237785205,56.85789131285237,1
myopic,14,91,0,6,0,0,91.99999988079071,12352.941175922751,9622.492282904172,68.1443844652267,58755.34760046261,56.85789131285237,1
myopic,14,90,0,6,0,0,91.99999988079071,12352.941175922751,9577.69386154568,69.70076332230633,65167.817817805815,57.85980122566746,1
myopic,14,89,0,6,0,0,91.99999988079071,12352.941175922751,9531.261185820564,55.42887950791018,70267.27472592592,57.85980122566746,1
myopic,14,88,0,6,0,0,91.99999988079071,12352.941175922751,9494.321814821593,56.668531849485106,75480.77964932313,57.85980122566746,1
myopic,14,87,0,6,0,0,91.99999988079071,12352.941175922751,9455.787270576277,64.49638693114485,81414.44723929989,59.05581472314141,1
myopic,14,86,0,6,0,0,91.99999988079071,12352.941175922751,9411.990841046265,56.09555647774181,86575.23842856502,59.05581472314141,1
myopic,14,85,0,6,0,0,91.99999988079071,12352.941175922751,9373.363207393684,62.60751457272346,92335.12976179218,59.321172379079584,1
myopic,14,84,0,6,0,0,91.99999988079071,12352.941175922751,9330.372908203826,71.84841577041581,98945.18400410544,59.321172379079584,1
myopic,14,83,0,6,0,0,91.99999988079071,12352.941175922751,9283.081181350553,67.60124089363913,105164.49815826154,59.321172379079584,1
myopic,14,82,0,6,0,0,91.99999988079071,12352.941175922751,9238.054477993075,68.68356623355567,111483.38624356095,59.321172379079584,1
myopic,14,81,0,6,0,0,91.99999988079071,12352.941175922751,9190.652163357638,70.91801701261967,118007.84380026787,59.67942540614826,1
myopic,14,80,0,6,0,0,91.99999988079071,12352.941175922751,9141.933908667845,56.54608223463633,123210.0833591136,59.67942540614826,1
myopic,14,79,0,6,0,0,91.99999988079071,12352.941175922751,9103.603972475274,69.28084147702786,129583.92076674124,60.144742931333404,1
myopic,14,78,0,6,0,0,91.99999988079071,12352.941175922751,9055.863587964755,62.652853718857244,135347.9833014073,60.59148468407464,1
myopic,14,77,0,6,0,0,91.99999988079071,12352.941175922751,9013.00628641241,71.0440108084074,141884.03228731168,61.68635059106254,1
myopic,14,76,0,6,0,0,91.99999988079071,12352.941175922751,8966.165349597675,59.29045344945489,147338.75399759357,61.68635059106254,1
myopic,14,75,0,6,0,0,91.99999988079071,12352.941175922751,8925.579685350038,58.19569623235526,152692.7580440328,61.68635059106254,1
myopic,14,74,0,6,0,0,91.99999988079071,12352.941175922751,8886.875745348389,74.90719033205102,159584.21954565184,61.68635059106254,1
myopic,14,73,0,6,0,0,91.99999988079071,12352.941175922751,8835.593137531956,65.86402028451963,165643.70940397604,61.811377832783585,1
myopic,14,72,0,6,0,0,91.99999988079071,12352.941175922751,8790.5768485928,66.57065189288711,171768.20937018582,61.811377832783585,1
myopic,14,71,0,6,0,0,91.99999988079071,12352.941175922751,8745.529199250688,66.12215101613245,177851.44725578764,63.69238905560433,1
myopic,14,70,0,6,0,0,91.99999988079071,12352.941175922751,8699.982614543233,80.37728797018934,185246.15773946335,63.69238905560433,1
myopic,14,69,0,6,0,0,91.99999988079071,12352.941175922751,8645.362420302166,70.15583092637344,191700.4941763265,63.69238905560433,1
myopic,14,68,0,6,0,0,91.99999988079071,12352.941175922751,8597.399094680948,60.62486706736553,197277.98193929708,64.51194257070377,1
myopic,14,67,0,6,0,0,91.99999988079071,12352.941175922751,8555.546343829012,79.29554284408161,204573.17187149983,64.51194257070377,1
myopic,14,66,0,6,0,0,91.99999988079071,12352.941175922751,8501.778493787006,79.02619862334826,211843.58213542722,66.02319309723785,1
myopic,14,65,0,6,0,0,91.99999988079071,12352.941175922751,8447.841257884178,81.57182376349783,219348.1899119449,66.02319309723785,1
myopic,14,64,0,6,0,0,91.99999988079071,12352.941175922751,8390.35725066707,69.29683581309372,225723.4987984887,66.02319309723785,1
myopic,14,63,0,6,0,0,91.99999988079071,12352.941175922751,8344.178392516144,69.57751174728686,232124.6298709448,66.02319309723785,1
myopic,14,62,0,6,0,0,91.99999988079071,12352.941175922751,8297.180825351654,61.89255802063608,237818.74520146515,66.02319309723785,1
myopic,14,61,0,6,0,0,91.99999988079071,12352.941175922751,8254.423070974248,104.23728915123176,247408.57579095243,66.0678136608015,1
myopic,14,60,0,6,0,0,91.99999988079071,12352.941175922751,8182.0911015585,91.59704851112734,255835.50424305693,85.17672399217258,1
myopic,14,59,0,6,0,0,91.99999988079071,12352.941175922751,8120.45734399722,88.50469393247735,263977.93607429427,85.17672399217258,1
myopic,14,58,0,6,0,0,91.99999988079071,12352.941175922751,8060.275802504464,97.51631157684159,272949.4367277388,85.17672399217258,1
myopic,14,57,0,6,0,0,91.99999988079071,12352.941175922751,7992.786093402147,93.00241462444895,281505.6588621014,85.17672399217258,1
myopic,14,56,0,6,0,0,91.99999988079071,12352.941175922751,7927.7316630611385,94.58921375532096,290207.86651631497,85.17672399217258,1
myopic,14,55,0,6,0,0,91.99999988079071,12352.941175922751,7860.384230366615,99.98575204485333,299406.55569252226,87.67464619283565,1
myopic,14,54,0,6,0,0,91.99999988079071,12352.941175922751,7790.568451622881,97.32148528526724,308360.1323271652,87.67464619283565,1
myopic,14,53,0,6,0,0,91.99999988079071,12352.941175922751,7721.484356918807,107.42470515327487,318243.2051884605,87.67464619283565,1
myopic,14,52,0,6,0,0,91.99999988079071,12352.941175922751,7645.627051583702,109.49689458162854,328316.91947691725,88.00542260216963,1
myopic,14,51,0,6,0,0,91.99999988079071,12352.941175922751,7569.126707897449,96.04528940480158,337153.0860907095,89.3393639748758,1
myopic,14,50,0,6,0,0,91.99999988079071,12352.941175922751,7502.985498440397,105.07558492701679,346820.03989146906,89.3393639748758,1
myopic,14,49,0,6,0,0,91.99999988079071,12352.941175922751,7429.876450231844,90.2407072270149,355122.1849455969,89.87264365606573,1
myopic,14,48,0,6,0,0,91.99999988079071,12352.941175922751,7364.942663542946,94.23914835202928,363792.1865827494,89.87264365606573,1
myopic,14,47,0,6,0,0,91.99999988079071,12352.941175922751,7298.791049628566,108.76871938074223,373798.9087528115,89.87264365606573,1
myopic,14,46,0,6,0,0,91.99999988079071,12352.941175922751,7221.535693284901,108.55000155116966,383785.5088825789,92.28499445299059,1
myopic,14,45,0,6,0,0,91.99999988079071,12352.941175922751,7144.572020366827,107.58351753608854,393683.19248307415,92.32417290804567,1
myopic,14,44,0,6,0,0,91.99999988079071,12352.941175922751,7066.2895337299005,102.42852536611862,403106.6168045466,92.85601305134094,1
myopic,14,43,0,6,0,0,91.99999988079071,12352.941175922751,6990.81336057156,98.60106619379013,412177.91488262115,92.85601305134094,1
myopic,14,42,0,6,0,0,91.99999988079071,12352.941175922751,6920.25384609262,103.25439775148227,421677.31946344866,92.85601305134094,1
myopic,14,41,0,6,0,0,91.99999988079071,12352.941175922751,6844.7627022559855,100.31868115077714,430906.63811736123,93.6308664821853,1
myopic,14,40,0,6,0,0,91.99999988079071,12352.941175922751,6772.947363432722,104.6493286835686,440534.3763437744,93.6308664821853,1
myopic,14,39,0,6,0,0,91.99999988079071,12352.941175922751,6695.844523894664,100.83945646216777,449811.6063262728,93.6308664821853,1
myopic,14,38,0,6,0,0,91.99999988079071,12352.941175922751,6624.397690495216,103.12516877893806,459299.12184164167,95.04742683727991,1
myopic,14,37,0,6,0,0,91.99999988079071,12352.941175922751,6548.81550842084,99.82964498449803,468483.44916831487,95.04742683727991,1
myopic,14,36,0,6,0,0,91.99999988079071,12352.941175922751,6476.060309268662,89.22008325011998,476691.69681669003,95.04742683727991,1
myopic,14,35,0,6,0,0,91.99999988079071,12352.941175922751,6410.998524327639,104.99388363128956,486351.1340982524,95.04742683727991,1
myopic,14,34,0,6,0,0,91.99999988079071,12352.941175922751,6333.537823993494,106.64617435234831,496162.5821259552,95.04742683727991,1
myopic,14,33,0,6,0,0,91.99999988079071,12352.941175922751,6254.5016562726705,98.36460521364559,505212.1257938846,95.04742683727991,1
myopic,14,32,0,6,0,0,91.99999988079071,12352.941175922751,6181.555871974166,98.25194261667717,514251.3045029064,97.00694341239463,1
myopic,14,31,0,6,0,0,91.99999988079071,12352.941175922751,6109.949228368944,120.30885791798303,525319.7194170189,101.69890345053383,1
myopic,14,30,0,6,0,0,91.99999988079071,12352.941175922751,6020.051881285328,100.3616778475614,534552.9937670305,101.69890345053383,1
myopic,14,29,0,6,0,0,91.99999988079071,12352.941175922751,5945.165404711604,111.73937142127399,544833.0159244674,105.09652333242514,1
myopic,14,28,0,6,0,0,91.99999988079071,12352.941175922751,5863.34418243395,117.28254444482978,555623.0099994105,105.09652333242514,1
myopic,14,27,0,6,0,0,91.99999988079071,12352.941175922751,5775.987822450385,126.80149617214691,567288.747632132,105.51726153189219,1
myopic,14,26,0,6,0,0,91.99999988079071,12352.941175922751,5683.6686941371145,115.8898783162236,577950.6164234094,105.51726153189219,1
myopic,14,25,0,6,0,0,91.99999988079071,12352.941175922751,5597.240243718476,106.18136102598642,587719.3016251423,108.86577323146005,1
myopic,14,24,0,6,0,0,91.99999988079071,12352.941175922751,5516.307900567243,135.93372812924304,600225.2045968281,110.31606898852215,1
myopic,14,23,0,6,0,0,91.99999988079071,12352.941175922751,5415.10944009151,126.84712777937997,611895.1403374097,111.20897889534331,1
myopic,14,22,0,6,0,0,91.99999988079071,12352.941175922751,5319.866568786046,125.95791169871265,623483.2681986759,112.95137016244168,1
myopic,14,21,0,6,0,0,91.99999988079071,12352.941175922751,5225.591683417278,130.44713193548418,635484.40432119,112.95137016244168,1
myopic,14,20,0,6,0,0,91.99999988079071,12352.941175922751,5128.4026366068665,134.70181382119912,647876.9711766826,112.95137016244168,1
myopic,14,19,0,6,0,0,91.99999988079071,12352.941175922751,5025.374463626276,148.07296265819872,661499.6837235852,112.95137016244168,1
myopic,14,18,0,6,0,0,91.99999988079071,12352.941175922751,4915.17182894388,127.91090696046966,673267.4871487003,117.40424760711261,1
myopic,14,17,0,6,0,0,91.99999988079071,12352.941175922751,4819.05225027427,127.59350673748423,685006.0897533385,117.40424760711261,1
myopic,14,16,0,6,0,0,91.99999988079071,12352.941175922751,4720.360719650313,121.7451441195823,696206.6429978269,117.43877695873326,1
myopic,14,15,0,6,0,0,91.99999988079071,12352.941175922751,4628.3862495566955,115.60452977285713,706842.2597231487,117.79311858824813,1
myopic,14,14,0,6,0,0,91.99999988079071,12352.941175922751,4538.55987821393,139.688199593061,719693.5740690582,118.13382576143007,1
myopic,14,13,0,6,0,0,91.99999988079071,12352.941175922751,4428.282048658552,130.31206180645307,731682.2837397174,118.13382576143007,1
myopic,14,12,0,6,0,0,91.99999988079071,12352.941175922751,4327.846686133575,127.13565759727678,743378.7642235111,118.65148982084473,1
myopic,14,11,0,6,0,0,91.99999988079071,12352.941175922751,4230.194050300146,118.60505749721347,754290.4294991159,118.65148982084473,1
myopic,14,10,0,6,0,0,91.99999988079071,12352.941175922751,4135.499465637529,129.2161822449222,766178.318250245,119.72247037978816,1
myopic,14,9,0,6,0,0,91.99999988079071,12352.941175922751,4032.747301492982,129.25332707081307,778069.6243253516,119.9282594332441,1
myopic,14,8,0,6,0,0,91.99999988079071,12352.941175922751,3928.2656138120456,142.94157725167545,791220.2494154657,119.9282594332441,1
myopic,14,7,0,6,0,0,91.99999988079071,12352.941175922751,3814.87035642348,128.51262216948948,803043.4106397389,119.9282594332441,1
myopic,14,6,0,6,0,0,91.99999988079071,12352.941175922751,3712.1240654414814,132.89411374881192,815269.6690887874,119.9282594332441,1
myopic,14,5,0,6,0,0,91.99999988079071,12352.941175922751,3602.9114665990173,113.09890611862876,825674.7684382189,111.6350613497792,1
myopic,14,4,0,6,0,0,91.99999988079071,12352.941175922751,3508.482821258174,110.53832153127698,835844.2940059191,105.31132169984018,1
myopic,14,3,0,6,0,0,91.99999988079071,12352.941175922751,3418.4129910267575,90.54802431397273,844174.7122320104,100.66337802387262,1
myopic,14,2,0,6,0,0,91.99999988079071,12352.941175922751,3342.948657691223,101.74411177069003,853535.1705027851,97.45860423514522,1
myopic,14,1,0,6,0,0,91.99999988079071,12352.941175922751,3257.1224490289524,94.73301788865709,862250.6081372485,90.48681714092218,1
myopic,15,100,1,12,0,1,91.99999988079071,12352.941175922751,10000.0,74.4227193694743,6846.890173119756,78.34826956228913,0
myopic,15,99,1,12,0,1,91.99999988079071,12352.941175922751,9952.22595472568,89.02121040675004,15036.841519928605,78.34826956228913,0
myopic,15,98,1,12,0,1,91.99999988079071,12352.941175922751,9894.563548359714,92.35801646973866,23533.77902413463,78.34826956228913,0
myopic,15,97,1,12,0,1,91.99999988079071,12352.941175922751,9833.222194968286,76.6048357272015,30581.42390190516,80.43164846582134,0
myopic,15,96,1,12,0,1,91.99999988079071,12352.941175922751,9782.098890660682,83.75203022099942,38286.61067225309,80.43164846582134,0
myopic,15,95,1,12,0,1,91.99999988079071,12352.941175922751,9725.1408430687,94.34673093362674,46966.509906899744,80.76388620962199,0
myopic,15,94,1,12,0,1,91.99999988079071,12352.941175922751,9663.741211028948,90.66373509577103,55307.57352490272,80.76388620962199,0
myopic,15,93,1,12,0,1,91.99999988079071,12352.941175922751,9603.849080502672,92.15949730251657,63786.247265747974,81.2516721329647,0
myopic,15,92,1,12,0,1,91.99999988079071,12352.941175922751,9541.650912257572,93.78610455691408,72414.56887380389,81.68189079408234,0
myopic,15,91,1,12,0,1,91.99999988079071,12352.941175922751,9477.998349740248,95.85359622021736,81233.09971463724,81.68189079408234,0
myopic,15,90,1,12,0,1,91.99999988079071,12352.941175922751,9414.881915027567,78.58457223335475,88462.88035073786,82.82831677780638,0
myopic,15,89,1,12,0,1,91.99999988079071,12352.941175922751,9364.408078737966,92.41813512109056,96965.34877086109,82.82831677780638,0
myopic,15,88,1,12,0,1,91.99999988079071,12352.941175922751,9302.454305796638,104.22742049810479,106554.27144426186,82.82831677780638,0
myopic,15,87,1,12,0,1,91.99999988079071,12352.941175922751,9234.10373868544,93.3031673762274,115138.16283175218,84.56293398444693,0
myopic,15,86,1,12,0,1,91.99999988079071,12352.941175922751,9173.064198892718,89.59314081706218,123380.73177624156,84.56293398444693,0
myopic,15,85,1,12,0,1,91.99999988079071,12352.941175922751,9116.044315797224,101.99231002217202,132764.02428612296,84.8282916403851,0
myopic,15,84,1,12,0,1,91.99999988079071,12352.941175922751,9049.027389790985,95.500008274796,141550.0250360197,87.66566629607894,0
myopic,15,83,1,12,0,1,91.99999988079071,12352.941175922751,8984.856963326536,98.79427824132567,150639.09862244446,87.66566629607894,0
myopic,15,82,1,12,0,1,91.99999988079071,12352.941175922751,8920.4919677896,108.61955769440122,160632.09791738092,87.66566629607894,0
myopic,15,81,1,12,0,1,91.99999988079071,12352.941175922751,8846.917300816662,100.47529572801992,169875.82511238116,88.02391932314761,0
myopic,15,80,1,12,0,1,91.99999988079071,12352.941175922751,8780.45603080181,85.16051877011147,177710.59282907948,88.02391932314761,0
myopic,15,79,1,12,0,1,91.99999988079071,12352.941175922751,8725.082872208834,96.8170030483567,186617.75709798682,89.41124357506565,0
myopic,15,78,1,12,0,1,91.99999988079071,12352.941175922751,8659.90543131722,94.21938581278297,195285.94058153103,89.85798532780689,0
myopic,15,77,1,12,0,1,91.99999988079071,12352.941175922751,8594.603526752338,102.25540092498912,204693.43745444022,91.10061121112462,0
myopic,15,76,1,12,0,1,91.99999988079071,12352.941175922751,8524.578973306578,107.09882307469856,214546.52916454533,91.10061121112462,0
myopic,15,75,1,12,0,1,91.99999988079071,12352.941175922751,8453.777624311213,107.79730688082988,224463.88138473124,91.10061121112462,0
myopic,15,74,1,12,0,1,91.99999988079071,12352.941175922751,8380.428851677014,90.24388985386966,232766.31924052935,91.10061121112462,0
myopic,15,73,1,12,0,1,91.99999988079071,12352.941175922751,8318.650125799697,108.96873153342368,242791.44252861425,91.59938678561403,0
myopic,15,72,1,12,0,1,91.99999988079071,12352.941175922751,8243.629892368275,110.86934588064942,252991.42233641734,91.59938678561403,0
myopic,15,71,1,12,0,1,91.99999988079071,12352.941175922751,8170.37666998679,100.47454279561876,262235.08026163676,93.48039800843478,0
myopic,15,70,1,12,0,1,91.99999988079071,12352.941175922751,8102.805240571458,102.88884241600766,271700.85375164414,93.48039800843478,0
myopic,15,69,1,12,0,1,91.99999988079071,12352.941175922751,8032.697422283115,113.25432868234768,282120.2519769192,93.48039800843478,0
myopic,15,68,1,12,0,1,91.99999988079071,12352.941175922751,7954.557170071359,97.61411549029283,291100.7505903896,95.11469441166237,0
myopic,15,67,1,12,0,1,91.99999988079071,12352.941175922751,7886.939959263187,118.54634521629731,302007.0143361571,95.11469441166237,0
myopic,15,66,1,12,0,1,91.99999988079071,12352.941175922751,7805.513223468646,93.49238845153694,310608.31406255334,96.29318018780998,0
myopic,15,65,1,12,0,1,91.99999988079071,12352.941175922751,7742.264262705693,104.10125952255822,320185.6299262189,96.29318018780998,0
myopic,15,64,1,12,0,1,91.99999988079071,12352.941175922751,7673.011448592517,104.43096112927286,329793.27833766286,96.29318018780998,0
myopic,15,63,1,12,0,1,91.99999988079071,12352.941175922751,7602.956646724006,111.87826500147776,340086.07870446186,96.29318018780998,0
myopic,15,62,1,12,0,1,91.99999988079071,12352.941175922751,7525.135901490344,105.05222854067893,349750.8837176811,96.29318018780998,0
myopic,15,61,1,12,0,1,91.99999988079071,12352.941175922751,7454.408290596305,135.45983309421766,362213.1883462011,96.40873891602581,0
myopic,15,60,1,12,0,1,91.99999988079071,12352.941175922751,7362.010559868637,127.90073151707215,373980.05563052476,121.48371342624034,0
myopic,15,59,1,12,0,1,91.99999988079071,12352.941175922751,7271.997379380458,127.34550014891863,385695.8416290445,121.717787817549,0
myopic,15,58,1,12,0,1,91.99999988079071,12352.941175922751,7186.023589059376,139.72566115099352,398550.6024382793,121.717787817549,0
myopic,15,57,1,12,0,1,91.99999988079071,12352.941175922751,7086.341695188519,146.27696129188487,412008.08285969513,121.717787817549,0
myopic,15,56,1,12,0,1,91.99999988079071,12352.941175922751,6983.430595909906,154.31148571498147,426204.73952707805,121.717787817549,0
myopic,15,55,1,12,0,1,91.99999988079071,12352.941175922751,6876.742381744241,154.97756979195285,440462.67592946294,125.52438207732914,0
myopic,15,54,1,12,0,1,91.99999988079071,12352.941175922751,6765.10339509548,134.8361250339913,452867.59941651643,125.52438207732914,0
myopic,15,53,1,12,0,1,91.99999988079071,12352.941175922751,6670.32362855244,127.55556569147289,464602.7114449261,125.52438207732914,0
myopic,15,52,1,12,0,1,91.99999988079071,12352.941175922751,6582.718394046384,144.3440428155533,477882.36336674984,125.77567823347204,0
myopic,15,51,1,12,0,1,91.99999988079071,12352.941175922751,6483.650215371401,141.53638269216862,490903.7105575569,127.57061847614774,0
myopic,15,50,1,12,0,1,91.99999988079071,12352.941175922751,6383.547017948804,140.93206303928392,503869.4603403706,127.57061847614774,0
myopic,15,49,1,12,0,1,91.99999988079071,12352.941175922751,6282.865105281759,155.46983921788345,518172.68552988244,127.56529444817109,0
myopic,15,48,1,12,0,1,91.99999988079071,12352.941175922751,6172.985708997041,147.9890339222065,531787.6766330837,127.56529444817109,0
myopic,15,47,1,12,0,1,91.99999988079071,12352.941175922751,6066.004843312461,139.87568471425206,544656.2396101204,127.56529444817109,0
myopic,15,46,1,12,0,1,91.99999988079071,12352.941175922751,5968.185427711995,124.065188523047,556070.2369394511,130.8145259896823,0
myopic,15,45,1,12,0,1,91.99999988079071,12352.941175922751,5879.6319624346925,152.44693100028425,570095.3545733042,130.8145259896823,0
myopic,15,44,1,12,0,1,91.99999988079071,12352.941175922751,5770.594081398803,160.85032081045094,584893.5840686908,131.2339851260106,0
myopic,15,43,1,12,0,1,91.99999988079071,12352.941175922751,5653.368219484564,150.59610865636893,598748.4260471243,131.2339851260106,0
myopic,15,42,1,12,0,1,91.99999988079071,12352.941175922751,5546.046788112267,140.24494728129912,611650.9611802853,131.2339851260106,0
myopic,15,41,1,12,0,1,91.99999988079071,12352.941175922751,5445.6544047166635,151.3064643446972,625571.1558819603,134.1721664575167,0
myopic,15,40,1,12,0,1,91.99999988079071,12352.941175922751,5337.430228551274,144.85194086035938,638897.5344238457,134.1721664575167,0
myopic,15,39,1,12,0,1,91.99999988079071,12352.941175922751,5234.150182855911,154.0741842371273,653072.3593552944,134.1721664575167,0
myopic,15,38,1,12,0,1,91.99999988079071,12352.941175922751,5126.596238771203,145.92367114679274,666497.3370834038,135.24479254111014,0
myopic,15,37,1,12,0,1,91.99999988079071,12352.941175922751,5021.314352346591,154.18530446946548,680682.3850762143,135.24479254111014,0
myopic,15,36,1,12,0,1,91.99999988079071,12352.941175922751,4908.72376199201,146.79349715039788,694187.3867965518,135.3776796692217,0
myopic,15,35,1,12,0,1,91.99999988079071,12352.941175922751,4803.477856584635,139.23635977610374,706997.1318793551,135.3776796692217,0
myopic,15,34,1,12,0,1,91.99999988079071,12352.941175922751,4700.649070812739,153.3103012994145,721101.6795806251,135.3776796692217,0
myopic,15,33,1,12,0,1,91.99999988079071,12352.941175922751,4588.796620309889,145.32339902278486,734471.4322733975,135.3776796692217,0
myopic,15,32,1,12,0,1,91.99999988079071,12352.941175922751,4484.82235849956,170.282964268238,750137.4649657761,137.67563429490323,0
myopic,15,31,1,12,0,1,91.99999988079071,12352.941175922751,4360.416518976409,164.8010848569598,765299.1647529706,146.59908961842842,0
myopic,15,30,1,12,0,1,91.99999988079071,12352.941175922751,4236.500555395628,151.34110289798826,779222.5462015442,146.67867998707746,0
myopic,15,29,1,12,0,1,91.99999988079071,12352.941175922751,4126.7379823587835,166.56406533571135,794546.4401925737,149.0471367442043,0
myopic,15,28,1,12,0,1,91.99999988079071,12352.941175922751,4002.9479320608234,155.7277190600769,808873.3903275366,149.0471367442043,0
myopic,15,27,1,12,0,1,91.99999988079071,12352.941175922751,3888.137164092469,159.2258329692695,823522.1669417282,149.46787494367135,0
myopic,15,26,1,12,0,1,91.99999988079071,12352.941175922751,3771.352556949224,172.31842054959006,839375.4616117486,149.46787494367135,0
myopic,15,25,1,12,0,1,91.99999988079071,12352.941175922751,3643.0842222394376,179.42199455891512,855882.28508978,154.18295349612166,0
myopic,15,24,1,12,0,1,91.99999988079071,12352.941175922751,3508.3576537375466,182.9415657781594,872712.9091195624,154.86606328959272,0
myopic,15,23,1,12,0,1,91.99999988079071,12352.941175922751,3373.5390954107143,177.57330143273302,889049.6528302054,155.75897319641388,0
myopic,15,22,1,12,0,1,91.99999988079071,12352.941175922751,3243.583500872065,160.86909658634482,903849.6096969721,158.80352394212818,0
myopic,15,21,1,12,0,1,91.99999988079071,12352.941175922751,3125.4357766456224,179.8703028381231,920397.6775366372,158.80352394212818,0
myopic,15,20,1,12,0,1,91.99999988079071,12352.941175922751,2989.6002268325838,160.9985784141875,935209.5467315499,158.80352394212818,0
myopic,15,19,1,12,0,1,91.99999988079071,12352.941175922751,2865.799078187648,186.94055993045754,952408.078222867,158.80352394212818,0
myopic,15,18,1,12,0,1,91.99999988079071,12352.941175922751,2724.50205735447,177.205790027376,968711.010884261,163.45135432315968,0
myopic,15,17,1,12,0,1,91.99999988079071,12352.941175922751,2589.7747350530544,169.3927739008314,984295.1460629443,163.45135432315968,0
myopic,15,16,1,12,0,1,91.99999988079071,12352.941175922751,2456.644135231908,178.86509555012864,1000750.7348322337,163.48588367478033,0
myopic,15,15,1,12,0,1,91.99999988079071,12352.941175922751,2320.01767796048,181.06488843619917,1017408.7045467795,166.63305223218825,0
myopic,15,14,1,12,0,1,91.99999988079071,12352.941175922751,2182.113294207131,176.87911461770562,1033681.5830705228,167.6035577215017,0
myopic,15,13,1,12,0,1,91.99999988079071,12352.941175922751,2044.9650435253498,175.373905082163,1049815.9823171755,168.05485080599917,0
myopic,15,12,1,12,0,1,91.99999988079071,12352.941175922751,1910.9905326941744,178.79159213808651,1066264.8087725658,169.09384479432455,0
myopic,15,11,1,12,0,1,91.99999988079071,12352.941175922751,1770.37404395669,178.97932469054828,1082730.9066227602,169.09384479432455,0
myopic,15,10,1,12,0,1,91.99999988079071,12352.941175922751,1632.2329878882028,189.79831745014388,1100192.3518055477,170.63726322604822,0
myopic,15,9,1,12,0,1,91.99999988079071,12352.941175922751,1485.256646120033,184.55759472843374,1117171.6504985627,170.84305227950415,0
myopic,15,8,1,12,0,1,91.99999988079071,12352.941175922751,1337.887458728199,190.4695179309461,1134694.846125504,170.84305227950415,0
myopic,15,7,1,12,0,1,91.99999988079071,12352.941175922751,1186.4422517571638,199.3929292465689,1153038.9955924188,170.84305227950415,0
myopic,15,6,1,12,0,1,91.99999988079071,12352.941175922751,1027.7490921121644,165.34942549744184,1168251.1427184723,170.84305227950415,0
myopic,15,5,1,12,0,1,91.99999988079071,12352.941175922751,897.4120833795841,163.54901260777106,1183297.6518588907,155.39122305741984,0
myopic,15,4,1,12,0,1,91.99999988079071,12352.941175922751,763.8375629625953,150.4309598665911,1197137.3001486843,149.0674834074808,0
myopic,15,3,1,12,0,1,91.99999988079071,12352.941175922751,638.6307784478904,156.38030925273952,1211524.2885812942,142.23678861945825,0
myopic,15,2,1,12,0,1,91.99999988079071,12352.941175922751,508.1408824082173,129.81377593015551,1223467.1559513935,135.31638940994628,0
myopic,15,1,1,12,0,1,91.99999988079071,10000.0,398.75259845654546,0.0,1223467.1559513935,127.3584148712835,0
myopic,16,100,1,6,0,0,91.99999988079071,12352.941175922751,10000.0,66.8950458277704,6154.344208180366,53.51064944791461,1
myopic,16,99,1,6,0,0,91.99999988079071,12352.941175922751,9955.565326378988,55.566156824660105,11266.430629425093,53.51064944791461,1
myopic,16,98,1,6,0,0,91.99999988079071,12352.941175922751,9919.394842350819,57.934139571320564,16596.371463080297,53.51064944791461,1
myopic,16,97,1,6,0,0,91.99999988079071,12352.941175922751,9882.990327490259,55.58343673878812,21710.047636422743,55.53276728716988,1
myopic,16,96,1,6,0,0,91.99999988079071,12352.941175922751,9846.980465335302,54.25704443766051,26701.695718219566,55.852472283942966,1
myopic,16,95,1,6,0,0,91.99999988079071,12352.941175922751,9811.993781092728,70.54044287676315,33191.416454472695,56.18471002774361,1
myopic,16,94,1,6,0,0,91.99999988079071,12352.941175922751,9765.828447766651,66.1571915122246,39277.87806571081,56.18471002774361,1
myopic,16,93,1,6,0,0,91.99999988079071,12352.941175922751,9722.648155028823,60.91404262444092,44881.969979897855,56.18471002774361,1
myopic,16,92,1,6,0,0,91.99999988079071,12352.941175922751,9684.466063634965,70.24791743730901,51344.77837575608,56.85789131285237,1
myopic,16,91,1,6,0,0,91.99999988079071,12352.941175922751,9640.057841919719,65.14302257139838,57337.936444559076,56.85789131285237,1
myopic,16,90,1,6,0,0,91.99999988079071,12352.941175922751,9597.7208252721,64.51252163430009,63273.08842722419,57.85980122566746,1
myopic,16,89,1,6,0,0,91.99999988079071,12352.941175922751,9555.468276193444,60.74360164625914,68861.49977143883,57.85980122566746,1
myopic,16,88,1,6,0,0,91.99999988079071,12352.941175922751,9515.183740038723,54.4443624634297,73870.3811115841,57.85980122566746,1
myopic,16,87,1,6,0,0,91.99999988079071,12352.941175922751,9479.096983459687,51.18959759408889,78579.824084138,59.05581472314141,1
myopic,16,86,1,6,0,0,91.99999988079071,12352.941175922751,9444.897503640686,60.944262781586644,84186.69625277886,59.05581472314141,1
myopic,16,85,1,6,0,0,91.99999988079071,12352.941175922751,9404.687035807226,77.08044708398955,91278.09737531719,59.321172379079584,1
myopic,16,84,1,6,0,0,91.99999988079071,12352.941175922751,9356.146570144712,62.498979588235024,97028.00348998434,59.321172379079584,1
myopic,16,83,1,6,0,0,91.99999988079071,12352.941175922751,9314.657380832115,72.2102299899242,103671.34464044924,59.321172379079584,1
myopic,16,82,1,6,0,0,91.99999988079071,12352.941175922751,9266.022315381695,70.25781616095382,110135.0637188816,59.321172379079584,1
myopic,16,81,1,6,0,0,91.99999988079071,12352.941175922751,9219.30424736006,66.25935404140536,116230.92428279217,59.67942540614826,1
myopic,16,80,1,6,0,0,91.99999988079071,12352.941175922751,9175.37440808272,66.4864844787906,122347.6808469151,59.67942540614826,1
myopic,16,79,1,6,0,0,91.99999988079071,12352.941175922751,9130.683491117923,67.68293800449355,128574.51113526007,60.144742931333404,1
myopic,16,78,1,6,0,0,91.99999988079071,12352.941175922751,9085.37222715427,80.53735018872626,135983.94734302207,60.59148468407464,1
myopic,16,77,1,6,0,0,91.99999988079071,12352.941175922751,9030.927112063684,64.8552414883643,141950.62955222023,61.68635059106254,1
myopic,16,76,1,6,0,0,91.99999988079071,12352.941175922751,8987.967245028482,73.4868298285034,148711.41788768224,61.68635059106254,1
myopic,16,75,1,6,0,0,91.99999988079071,12352.941175922751,8939.693243229394,52.9608914469121,153583.8198944847,61.68635059106254,1
myopic,16,74,1,6,0,0,91.99999988079071,12352.941175922751,8905.09096519943,72.05452395805445,160212.83609003614,61.68635059106254,1
myopic,16,73,1,6,0,0,91.99999988079071,12352.941175922751,8857.247079001603,64.8899597901949,166182.71238299858,61.811377832783585,1
myopic,16,72,1,6,0,0,91.99999988079071,12352.941175922751,8813.376689929479,61.39327842136555,171830.89399044556,61.811377832783585,1
myopic,16,71,1,6,0,0,91.99999988079071,12352.941175922751,8770.795274428176,69.99115894790997,178270.0806053097,63.69238905560433,1
myopic,16,70,1,6,0,0,91.99999988079071,12352.941175922751,8724.208689795152,86.10277937848167,186191.53629786576,63.69238905560433,1
myopic,16,69,1,6,0,0,91.99999988079071,12352.941175922751,8667.612283943443,66.72682655901038,192330.40433334027,63.69238905560433,1
myopic,16,68,1,6,0,0,91.99999988079071,12352.941175922751,8622.877754972731,63.02278585228902,198128.50062423796,64.51194257070377,1
myopic,16,67,1,6,0,0,91.99999988079071,12352.941175922751,8580.749268399437,77.02240325499524,205214.56171451573,64.51194257070377,1
myopic,16,66,1,6,0,0,91.99999988079071,12352.941175922751,8528.71987214362,71.97319307453533,211836.0954687931,66.02319309723785,1
myopic,16,65,1,6,0,0,91.99999988079071,12352.941175922751,8479.354177747375,87.45399108606887,219881.8626382861,66.02319309723785,1
myopic,16,64,1,6,0,0,91.99999988079071,12352.941175922751,8418.7254687048,55.61455404525387,224998.4016038197,66.02319309723785,1
myopic,16,63,1,6,0,0,91.99999988079071,12352.941175922751,8380.22696731034,78.56721359716272,232226.58524539272,66.02319309723785,1
myopic,16,62,1,6,0,0,91.99999988079071,12352.941175922751,8326.602449763843,64.54492877689013,238164.71868517227,66.02319309723785,1
myopic,16,61,1,6,0,0,91.99999988079071,12352.941175922751,8283.129899945681,91.67659906703646,246598.96578841092,66.0678136608015,1
myopic,16,60,1,6,0,0,91.99999988079071,12352.941175922751,8222.343373599855,103.22711306065953,256095.86017768597,85.17672399217258,1
myopic,16,59,1,6,0,0,91.99999988079071,12352.941175922751,8150.980638419759,93.24689570039864,264674.57457100676,85.17672399217258,1
myopic,16,58,1,6,0,0,91.99999988079071,12352.941175922751,8088.425334954556,104.1206316427843,274253.6726697308,85.17672399217258,1
myopic,16,57,1,6,0,0,91.99999988079071,12352.941175922751,8016.500405698689,101.85927910024702,283624.72633481096,85.17672399217258,1
myopic,16,56,1,6,0,0,91.99999988079071,12352.941175922751,7947.276141379429,115.25779381739052,294228.4433522711,85.17672399217258,1
myopic,16,55,1,6,0,0,91.99999988079071,12352.941175922751,7868.4269960941965,111.72944841521526,304507.55259315175,87.67464619283565,1
myopic,16,54,1,6,0,0,91.99999988079071,12352.941175922751,7794.445391837179,98.55782022890949,313574.8720424624,87.67464619283565,1
myopic,16,53,1,6,0,0,91.99999988079071,12352.941175922751,7726.528622070715,76.28022077212209,320592.6523444043,87.67464619283565,1
myopic,16,52,1,6,0,0,91.99999988079071,12352.941175922751,7674.529213152624,88.1130183971422,328699.0500264375,88.00542260216963,1
myopic,16,51,1,6,0,0,91.99999988079071,12352.941175922751,7615.18388719527,91.8854971083508,337152.51574945217,89.3393639748758,1
myopic,16,50,1,6,0,0,91.99999988079071,12352.941175922751,7552.9092318429175,101.10459086250174,346454.1380967497,89.3393639748758,1
myopic,16,49,1,6,0,0,91.99999988079071,12352.941175922751,7482.289032407643,100.64953838496332,355713.895616168,89.87264365606573,1
myopic,16,48,1,6,0,0,91.99999988079071,12352.941175922751,7413.390633683635,94.64249195211727,364421.0048644805,89.87264365606573,1
myopic,16,47,1,6,0,0,91.99999988079071,12352.941175922751,7345.783222353885,98.38666372394124,373472.5779153545,89.87264365606573,1
myopic,16,46,1,6,0,0,91.99999988079071,12352.941175922751,7277.224437730141,96.4852819793198,382349.22384595,92.28499445299059,1
myopic,16,45,1,6,0,0,91.99999988079071,12352.941175922751,7209.254841162724,108.85283624479027,392363.68476749444,92.32417290804567,1
myopic,16,44,1,6,0,0,91.99999988079071,12352.941175922751,7132.0988705750515,105.176432764621,402039.91656930157,92.85601305134094,1
myopic,16,43,1,6,0,0,91.99999988079071,12352.941175922751,7057.5027599748155,100.06463683900633,411245.8631465615,92.85601305134094,1
myopic,16,42,1,6,0,0,91.99999988079071,12352.941175922751,6986.49100897348,94.7047506100329,419958.70019139483,92.85601305134094,1
myopic,16,41,1,6,0,0,91.99999988079071,12352.941175922751,6919.704768513149,109.53898278120477,430036.28659420763,93.6308664821853,1
myopic,16,40,1,6,0,0,91.99999988079071,12352.941175922751,6843.749480542592,108.8506313403106,440050.5446645402,93.6308664821853,1
myopic,16,39,1,6,0,0,91.99999988079071,12352.941175922751,6766.398431981455,94.37055480245337,448732.63569511607,93.6308664821853,1
myopic,16,38,1,6,0,0,91.99999988079071,12352.941175922751,6701.487127385452,90.95306421218018,457100.3175917942,95.04742683727991,1
myopic,16,37,1,6,0,0,91.99999988079071,12352.941175922751,6638.03571045016,106.72266543284701,466918.80279889377,95.04742683727991,1
myopic,16,36,1,6,0,0,91.99999988079071,12352.941175922751,6561.789283892671,113.9980641019574,477406.6246826842,95.04742683727991,1
myopic,16,35,1,6,0,0,91.99999988079071,12352.941175922751,6477.734664919924,100.34287535746692,486638.16920360934,95.04742683727991,1
myopic,16,34,1,6,0,0,91.99999988079071,12352.941175922751,6408.501244242061,92.25282693225323,495125.42927037925,95.04742683727991,1
myopic,16,33,1,6,0,0,91.99999988079071,12352.941175922751,6344.682295857072,100.79507800076072,504398.5764344335,95.04742683727991,1
myopic,16,32,1,6,0,0,91.99999988079071,12352.941175922751,6272.920531014359,121.67323362332107,515592.51391327445,97.00694341239463,1
myopic,16,31,1,6,0,0,91.99999988079071,12352.941175922751,6187.511180417685,109.46632947307347,525663.4162117478,101.69890345053383,1
myopic,16,30,1,6,0,0,91.99999988079071,12352.941175922751,6108.8246048533,114.1197103436938,536162.4295497634,101.69890345053383,1
myopic,16,29,1,6,0,0,91.99999988079071,12352.941175922751,6027.009088314585,132.06590472270943,548312.4927685092,105.09652333242514,1
myopic,16,28,1,6,0,0,91.99999988079071,12352.941175922751,5931.490751214361,115.91894509047195,558977.035703014,105.09652333242514,1
myopic,16,27,1,6,0,0,91.99999988079071,12352.941175922751,5846.293439073883,117.38321779366133,569776.2917260376,105.51726153189219,1
myopic,16,26,1,6,0,0,91.99999988079071,12352.941175922751,5758.515659543497,109.6484769350988,579863.9515909957,105.51726153189219,1
myopic,16,25,1,6,0,0,91.99999988079071,12352.941175922751,5678.582265882502,116.8063788514624,590610.1384314058,108.86577323146005,1
myopic,16,24,1,6,0,0,91.99999988079071,12352.941175922751,5593.035502597992,129.0120059050146,602479.2429592877,110.31606898852215,1
myopic,16,23,1,6,0,0,91.99999988079071,12352.941175922751,5499.0454318445445,108.05337164315219,612420.1531375768,111.20897889534331,1
myopic,16,22,1,6,0,0,91.99999988079071,12352.941175922751,5419.268543958369,115.37330583000823,623034.4972601839,112.95137016244168,1
myopic,16,21,1,6,0,0,91.99999988079071,12352.941175922751,5333.160148205569,125.57144256282211,634587.0699609943,112.95137016244168,1
myopic,16,20,1,6,0,0,91.99999988079071,12352.941175922751,5237.342813262948,128.08404960958848,646370.8025098076,112.95137016244168,1
myopic,16,19,1,6,0,0,91.99999988079071,12352.941175922751,5143.164656940351,131.57874955960241,658476.0474536057,112.95137016244168,1
myopic,16,18,1,6,0,0,91.99999988079071,12352.941175922751,5043.4393894624,129.31364419162585,670372.9027038199,117.40424760711261,1
myopic,16,17,1,6,0,0,91.99999988079071,12352.941175922751,4946.553354312997,126.54288422344082,682014.8480372914,117.40424760711261,1
myopic,16,16,1,6,0,0,91.99999988079071,12352.941175922751,4851.919060456772,121.72430472290449,693213.484057288,117.43877695873326,1
myopic,16,15,1,6,0,0,91.99999988079071,12352.941175922751,4758.554274140857,132.6503565056132,705417.3168399913,117.79311858824813,1
myopic,16,14,1,6,0,0,91.99999988079071,12352.941175922751,4660.098936008129,138.0646457069261,718119.2642285698,118.13382576143007,1
myopic,16,13,1,6,0,0,91.99999988079071,12352.941175922751,4554.999995458156,131.8556692368804,730249.9857826444,118.13382576143007,1
myopic,16,12,1,6,0,0,91.99999988079071,12352.941175922751,4454.030034022452,139.5556506027308,743089.1056214593,118.65148982084473,1
myopic,16,11,1,6,0,0,91.99999988079071,12352.941175922751,4350.337319488116,131.0753721466512,755148.0398433259,118.65148982084473,1
myopic,16,10,1,6,0,0,91.99999988079071,12352.941175922751,4248.556530566025,130.41427990173634,767146.153578739,119.72247037978816,1
myopic,16,9,1,6,0,0,91.99999988079071,12352.941175922751,4149.724821781819,121.31349384947227,778306.9949984287,119.9282594332441,1
myopic,16,8,1,6,0,0,91.99999988079071,12352.941175922751,4054.9582128914944,142.8578936174516,791449.9211942042,119.9282594332441,1
myopic,16,7,1,6,0,0,91.99999988079071,12352.941175922751,3945.8271532615227,126.79355772791338,803114.9284900574,119.9282594332441,1
myopic,16,6,1,6,0,0,91.99999988079071,12352.941175922751,3845.487350883045,124.36079350664988,814556.1214778442,119.9282594332441,1
myopic,16,5,1,6,0,0,91.99999988079071,12352.941175922751,3746.166011214863,124.87470847718825,826044.5946428593,111.6350613497792,1
myopic,16,4,1,6,0,0,91.99999988079071,12352.941175922751,3645.4628159155336,98.75763902541175,835130.2974214243,105.31132169984018,1
myopic,16,3,1,6,0,0,91.99999988079071,12352.941175922751,3565.9375053354133,98.27501947759974,844171.5992016481,100.66337802387262,1
myopic,16,2,1,6,0,0,91.99999988079071,12352.941175922751,3485.688326618887,111.51003798711054,854430.5226831692,97.45860423514522,1
myopic,16,1,1,6,0,0,91.99999988079071,12352.941175922751,3392.5852202186743,110.6718438783837,864612.3323067874,90.48681714092218,1
myopic,17,100,4,6,0,0,91.99999988079071,12352.941175922751,10000.0,45.65943292921784,4200.667824045013,55.48941880342484,1
myopic,17,99,4,6,0,0,91.99999988079071,12352.941175922751,9969.812305680094,54.33186629183906,9199.199516417342,55.48941880342484,1
myopic,17,98,4,6,0,0,91.99999988079071,12352.941175922751,9934.43570690143,60.50884988582731,14766.013698700237,55.48941880342484,1
myopic,17,97,4,6,0,0,91.99999988079071,12352.941175922751,9894.383503865134,44.42074009321242,18852.721781980414,56.829019946353895,1
myopic,17,96,4,6,0,0,91.99999988079071,12352.941175922751,9864.434761214236,47.58163707155506,23230.232386891304,57.148724943126965,1
myopic,17,95,4,6,0,0,91.99999988079071,12352.941175922751,9831.81493954809,68.52094681163416,29534.159485393313,58.20839583537179,1
myopic,17,94,4,6,0,0,91.99999988079071,12352.941175922751,9786.638493062817,74.54037421788146,36391.8739045525,58.20839583537179,1
myopic,17,93,4,6,0,0,91.99999988079071,12352.941175922751,9736.987227600139,70.68309741198178,42894.71885802874,58.20839583537179,1
myopic,17,92,4,6,0,0,91.99999988079071,12352.941175922751,9689.772728366945,73.9279807120377,49696.09307472331,59.44865838134444,1
myopic,17,91,4,6,0,0,91.99999988079071,12352.941175922751,9639.503904195668,59.47796538681707,55168.06588322015,59.44865838134444,1
myopic,17,90,4,6,0,0,91.99999988079071,12352.941175922751,9600.191720869449,69.48245493486105,61560.45172894441,60.89109345881038,1
myopic,17,89,4,6,0,0,91.99999988079071,12352.941175922751,9553.8657219274,48.750329743854365,66045.48205956753,60.89109345881038,1
myopic,17,88,4,6,0,0,91.99999988079071,12352.941175922751,9520.064019024194,51.595415543301414,70792.26028340061,61.15843374890705,1
myopic,17,87,4,6,0,0,91.99999988079071,12352.941175922751,9486.793416730541,58.786335176388356,76200.60311262046,62.95185624470667,1
myopic,17,86,4,6,0,0,91.99999988079071,12352.941175922751,9446.901656719474,84.10584505628071,83938.3408477721,62.95185624470667,1
myopic,17,85,4,6,0,0,91.99999988079071,12352.941175922751,9390.555883697514,66.6091261988825,90066.38045012885,63.6293292994672,1
myopic,17,84,4,6,0,0,91.99999988079071,12352.941175922751,9345.543899089955,66.80286705720636,96212.24421142832,63.6293292994672,1
myopic,17,83,4,6,0,0,91.99999988079071,12352.941175922751,9300.413475713993,60.617973328334486,101789.09775040887,63.6293292994672,1
myopic,17,82,4,6,0,0,91.99999988079071,12352.941175922751,9259.14962953745,73.2710255066664,108530.03208828758,63.6293292994672,1
myopic,17,81,4,6,0,0,91.99999988079071,12352.941175922751,9211.857066893015,69.24858275882764,114900.90169384464,63.98758232653586,1
myopic,17,80,4,6,0,0,91.99999988079071,12352.941175922751,9164.815963562662,75.13017641179121,121812.87791477321,63.98758232653586,1
myopic,17,79,4,6,0,0,91.99999988079071,12352.941175922751,9114.607812831815,60.50573317723031,127379.40535986556,64.45289985172099,1
myopic,17,78,4,6,0,0,91.99999988079071,12352.941175922751,9074.218017185907,76.3778981143922,134406.17197728468,64.89964160446222,1
myopic,17,77,4,6,0,0,91.99999988079071,12352.941175922751,9023.065387574816,65.88041990867615,140467.17060102933,65.68756414862953,1
myopic,17,76,4,6,0,0,91.99999988079071,12352.941175922751,8977.307203906968,65.70430968503189,146511.9670842197,65.68756414862953,1
myopic,17,75,4,6,0,0,91.99999988079071,12352.941175922751,8933.214670534615,71.26366989275782,153068.22470585813,65.68756414862953,1
myopic,17,74,4,6,0,0,91.99999988079071,12352.941175922751,8884.363462377465,80.119664768655,160439.23385502337,65.68756414862953,1
myopic,17,73,4,6,0,0,91.99999988079071,12352.941175922751,8830.41990600333,59.27339074380265,165892.38579638727,65.5279447130899,1
myopic,17,72,4,6,0,0,91.99999988079071,12352.941175922751,8789.898717764323,79.02931032802272,173163.08233714433,65.5279447130899,1
myopic,17,71,4,6,0,0,91.99999988079071,12352.941175922751,8737.137845802587,69.98211167590978,179601.43660298552,67.40895593591064,1
myopic,17,70,4,6,0,0,91.99999988079071,12352.941175922751,8688.793575447053,75.72841020236439,186568.4503325755,67.40895593591064,1
myopic,17,69,4,6,0,0,91.99999988079071,12352.941175922751,8636.602954145135,72.72333031688831,193258.99671305993,67.40895593591064,1
myopic,17,68,4,6,0,0,91.99999988079071,12352.941175922751,8587.195205283806,67.35334244821914,199455.50421026695,68.22850945101008,1
myopic,17,67,4,6,0,0,91.99999988079071,12352.941175922751,8539.79132159601,67.61664597066552,205676.23563150765,68.22850945101008,1
myopic,17,66,4,6,0,0,91.99999988079071,12352.941175922751,8492.075361940946,66.03385620282675,211751.35039429585,69.84883539218049,1
myopic,17,65,4,6,0,0,91.99999988079071,12352.941175922751,8444.208523979803,62.64943625868224,217515.0985226262,69.84883539218049,1
myopic,17,64,4,6,0,0,91.99999988079071,12352.941175922751,8399.599033942053,69.37774642742775,223897.8511856791,69.84883539218049,1
myopic,17,63,4,6,0,0,91.99999988079071,12352.941175922751,8351.505834766354,76.02990312243138,230892.6022638793,69.84883539218049,1
myopic,17,62,4,6,0,0,91.99999988079071,12352.941175922751,8299.218045210699,94.43036890605806,239580.19619197966,69.84883539218049,1
myopic,17,61,4,6,0,0,91.99999988079071,12352.941175922751,8233.307327654336,87.09233776398331,247592.6912558839,69.89345595574414,1
myopic,17,60,4,6,0,0,91.99999988079071,12352.941175922751,8171.852199781237,103.3601416808512,257101.82427820071,89.10668574861131,1
myopic,17,59,4,6,0,0,91.99999988079071,12352.941175922751,8101.061516239752,101.94583204374726,266480.8408140726,89.10668574861131,1
myopic,17,58,4,6,0,0,91.99999988079071,12352.941175922751,8029.584837415879,104.22361299009097,276069.41319673654,89.10668574861131,1
myopic,17,57,4,6,0,0,91.99999988079071,12352.941175922751,7955.598870567341,97.593388455315,285048.0049229915,89.10668574861131,1
myopic,17,56,4,6,0,0,91.99999988079071,12352.941175922751,7887.507461561667,107.68163190861898,294954.7150457478,89.10668574861131,1
myopic,17,55,4,6,0,0,91.99999988079071,12352.941175922751,7811.311057057168,88.4844314583836,303095.2827293709,91.60460794927438,1
myopic,17,54,4,6,0,0,91.99999988079071,12352.941175922751,7749.50846118657,96.53215125457851,311976.2406332846,91.60460794927438,1
myopic,17,53,4,6,0,0,91.99999988079071,12352.941175922751,7681.629929907169,119.03551790489878,322927.5082663452,91.60460794927438,1
myopic,17,52,4,6,0,0,91.99999988079071,12352.941175922751,7597.945368367486,106.04187445835213,332683.3607038724,91.93538435860836,1
myopic,17,51,4,6,0,0,91.99999988079071,12352.941175922751,7520.767622662165,106.25240940283213,342458.5823562667,93.26932573131452,1
myopic,17,50,4,6,0,0,91.99999988079071,12352.941175922751,7444.7685130568825,114.03309723848763,352949.62728861376,93.26932573131452,1
myopic,17,49,4,6,0,0,91.99999988079071,12352.941175922751,7363.369907812197,105.13728662213794,362622.2576453171,94.57064547423397,1
myopic,17,48,4,6,0,0,91.99999988079071,12352.941175922751,7287.57971997013,106.94604266368233,372461.29355762695,94.57064547423397,1
myopic,17,47,4,6,0,0,91.99999988079071,12352.941175922751,7212.092179047417,96.96623736876661,381382.1873839942,94.57064547423397,1
myopic,17,46,4,6,0,0,91.99999988079071,12352.941175922751,7142.843990964891,117.85078219088719,392224.4593315069,96.98299627115883,1
myopic,17,45,4,6,0,0,91.99999988079071,12352.941175922751,7058.678090699938,116.43701865693433,402936.6650340645,97.32361841658812,1
myopic,17,44,4,6,0,0,91.99999988079071,12352.941175922751,6974.476168912617,104.77840648130936,412576.2784178544,97.85545855988339,1
myopic,17,43,4,6,0,0,91.99999988079071,12352.941175922751,6902.616116842393,109.0266519692899,422606.7303860321,97.85545855988339,1
myopic,17,42,4,6,0,0,91.99999988079071,12352.941175922751,6824.349849140157,95.2946680286046,431373.8398333037,97.85545855988339,1
myopic,17,41,4,6,0,0,91.99999988079071,12352.941175922751,6754.911607281676,107.89544194169002,441300.220479077,98.63031199072775,1
myopic,17,40,4,6,0,0,91.99999988079071,12352.941175922751,6676.30401780569,103.26349491588303,450800.4619990283,98.63031199072775,1
myopic,17,39,4,6,0,0,91.99999988079071,12352.941175922751,6601.1216651191135,106.21861071497142,460572.5741721434,98.63031199072775,1
myopic,17,38,4,6,0,0,91.99999988079071,12352.941175922751,6522.583123740982,110.99907153507363,470784.48874013807,100.36903837561965,1
myopic,17,37,4,6,0,0,91.99999988079071,12352.941175922751,6443.6030671980225,112.06261030481843,481094.24887482246,100.36903837561965,1
myopic,17,36,4,6,0,0,91.99999988079071,12352.941175922751,6361.659327601944,108.7205267344872,491096.53732143476,100.68255637139985,1
myopic,17,35,4,6,0,0,91.99999988079071,12352.941175922751,6283.867232028799,118.8243841681018,502028.38065073517,100.68255637139985,1
myopic,17,34,4,6,0,0,91.99999988079071,12352.941175922751,6197.722509913557,123.00916546266177,513345.2238586362,100.68255637139985,1
myopic,17,33,4,6,0,0,91.99999988079071,12352.941175922751,6108.223633507014,112.7555269710441,523718.7323265308,100.68255637139985,1
myopic,17,32,4,6,0,0,91.99999988079071,12352.941175922751,6025.1583138603855,118.84749572552084,534652.701919111,102.64207294651457,1
myopic,17,31,4,6,0,0,91.99999988079071,12352.941175922751,5933.98966530932,114.56184474265875,545192.3916217787,107.33403298465377,1
myopic,17,30,4,6,0,0,91.99999988079071,12352.941175922751,5846.559095582902,127.25960436723601,556900.2752083939,108.1643677223478,1
myopic,17,29,4,6,0,0,91.99999988079071,12352.941175922751,5753.0944029991415,132.31642226091728,569073.3860406249,111.5619876042391,1
myopic,17,28,4,6,0,0,91.99999988079071,12352.941175922751,5653.329164411634,130.36856245701603,581067.2937711292,111.5619876042391,1
myopic,17,27,4,6,0,0,91.99999988079071,12352.941175922751,5558.09896559954,126.75556048187384,592728.8053203512,111.98272580370616,1
myopic,17,26,4,6,0,0,91.99999988079071,12352.941175922751,5463.810638643184,125.26571167448797,604253.2507794712,111.98272580370616,1
myopic,17,25,4,6,0,0,91.99999988079071,12352.941175922751,5369.976479614224,128.31790739934937,616058.4982449147,115.33123750327402,1
myopic,17,24,4,6,0,0,91.99999988079071,12352.941175922751,5271.206811326953,131.99871141271723,628202.3796791492,116.78153326033612,1
myopic,17,23,4,6,0,0,91.99999988079071,12352.941175922751,5174.512120528629,140.85579242062795,641161.1125650557,117.67444316715728,1
myopic,17,22,4,6,0,0,91.99999988079071,12352.941175922751,5067.7321029042605,131.9330697710581,653298.9549682654,119.41683443425565,1
myopic,17,21,4,6,0,0,91.99999988079071,12352.941175922751,4970.432257797846,134.07887729361263,665634.2116632942,119.41683443425565,1
myopic,17,20,4,6,0,0,91.99999988079071,12352.941175922751,4869.052710485549,138.52581037738693,678378.5862015003,119.41683443425565,1
myopic,17,19,4,6,0,0,91.99999988079071,12352.941175922751,4762.50094192979,143.5217306785546,691582.5854068182,119.41683443425565,1
myopic,17,18,4,6,0,0,91.99999988079071,12352.941175922751,4653.048681358941,122.2651866885775,702830.9825675922,124.90873747636871,1
myopic,17,17,4,6,0,0,91.99999988079071,12352.941175922751,4557.735406925494,142.53859636055964,715944.5334157718,124.90873747636871,1
myopic,17,16,4,6,0,0,91.99999988079071,12352.941175922751,4448.18988080298,135.10763998785433,728374.4362785483,126.98521596814824,1
myopic,17,15,4,6,0,0,91.99999988079071,12352.941175922751,4344.810275074713,126.89898805144398,740049.1431641537,127.33955759766313,1
myopic,17,14,4,6,0,0,91.99999988079071,12352.941175922751,4247.7499984998985,140.43838290791697,752969.4743749405,128.64897873426494,1
myopic,17,13,4,6,0,0,91.99999988079071,12352.941175922751,4135.837730527533,144.9644922569214,766306.2076452961,128.64897873426494,1
myopic,17,12,4,6,0,0,91.99999988079071,12352.941175922751,4019.8783602383564,133.26058570791002,778566.1815145379,128.95909757847755,1
myopic,17,11,4,6,0,0,91.99999988079071,12352.941175922751,3913.2650782218643,138.82508730611494,791338.0895301512,128.95909757847755,1
myopic,17,10,4,6,0,0,91.99999988079071,12352.941175922751,3801.4581106543183,151.9813138656705,805320.3703876754,129.70269371597854,1
myopic,17,9,4,6,0,0,91.99999988079071,12352.941175922751,3680.502063135429,143.23012847158327,818497.5421899867,129.70269371597854,1
myopic,17,8,4,6,0,0,91.99999988079071,12352.941175922751,3564.3614200757047,135.78803742315023,830990.0416167293,129.70269371597854,1
myopic,17,7,4,6,0,0,91.99999988079071,12352.941175922751,3458.2513908873707,148.68958980135565,844669.4838607289,129.70269371597854,1
myopic,17,6,4,6,0,0,91.99999988079071,12352.941175922751,3335.2454659088135,113.37947527617801,855100.3955726214,129.70269371597854,1
myopic,17,5,4,6,0,0,91.99999988079071,12352.941175922751,3242.6392359441707,112.16089028529626,865419.197465498,117.28918192833491,1
myopic,17,4,4,6,0,0,91.99999988079071,12352.941175922751,3150.802797386429,108.52378549455265,875403.3857180598,110.96544227839588,1
myopic,17,3,4,6,0,0,91.99999988079071,12352.941175922751,3060.14152655181,108.22827774529313,885360.387257725,106.31749860242833,1
myopic,17,2,4,6,0,0,91.99999988079071,12352.941175922751,2969.59812771432,95.7434439476746,894168.7840894975,102.72787383917988,1
myopic,17,1,4,6,0,0,91.99999988079071,12352.941175922751,2887.7159007311484,94.13624012999202,902829.3181702349,95.2678864120809,1
myopic,18,100,5,12,1,1,91.99999988079071,12352.941175922751,10000.0,131.51883978787447,12099.733244806184,122.62129846453644,0
myopic,18,99,5,12,1,1,91.99999988079071,12352.941175922751,9905.51095859162,147.28565601168404,25650.0135803233,122.62129846453644,0
myopic,18,98,5,12,1,1,91.99999988079071,12352.941175922751,9796.645261845022,128.54217095121854,37475.89329251198,122.62129846453644,0
myopic,18,97,5,12,1,1,91.99999988079071,12352.941175922751,9703.50590464734,140.07021330723026,50362.352900079495,124.02216067174243,0
myopic,18,96,5,12,1,1,91.99999988079071,12352.941175922751,9603.660606699726,145.8272730377178,63778.462002165565,124.02216067174243,0
myopic,18,95,5,12,1,1,91.99999988079071,12352.941175922751,9498.50677446706,145.69961425934636,77182.82649665668,125.08183156398725,0
myopic,18,94,5,12,1,1,91.99999988079071,12352.941175922751,9394.756654829152,137.6043691326448,89842.42844045628,125.08183156398725,0
myopic,18,93,5,12,1,1,91.99999988079071,12352.941175922751,9295.448644716012,138.87416051277657,102618.85119107664,125.56961748732996,0
myopic,18,92,5,12,1,1,91.99999988079071,12352.941175922751,9195.602607949006,132.57000967726114,114815.29206558109,126.56691740931149,0
myopic,18,91,5,12,1,1,91.99999988079071,12352.941175922751,9100.040001140422,141.79672918500975,127860.5911336985,126.56691740931149,0
myopic,18,90,5,12,1,1,91.99999988079071,12352.941175922751,8997.95836707552,140.17757446718005,140756.9279679686,128.0068958182441,0
myopic,18,89,5,12,1,1,91.99999988079071,12352.941175922751,8895.93234795567,135.31973824606112,153206.34387047484,128.0068958182441,0
myopic,18,88,5,12,1,1,91.99999988079071,12352.941175922751,8797.326683764511,141.2398415129341,166200.40927282767,128.27423610834077,0
myopic,18,87,5,12,1,1,91.99999988079071,12352.941175922751,8695.125362628638,140.94057554078069,179166.94220577806,129.9887842880545,0
myopic,18,86,5,12,1,1,91.99999988079071,12352.941175922751,8591.922081814815,150.08871793695005,192975.1042380855,129.9887842880545,0
myopic,18,85,5,12,1,1,91.99999988079071,12352.941175922751,8483.126614944838,143.60575310215881,206186.833506365,131.39065547928402,0
myopic,18,84,5,12,1,1,91.99999988079071,12352.941175922751,8376.51346341447,151.42606660244874,220118.03161573887,134.22803013497784,0
myopic,18,83,5,12,1,1,91.99999988079071,12352.941175922751,8268.172641348865,147.07887122815347,233649.28775119584,134.22803013497784,0
myopic,18,82,5,12,1,1,91.99999988079071,12352.941175922751,8161.331340441959,153.2817261292351,247751.20653681285,134.22803013497784,0
myopic,18,81,5,12,1,1,91.99999988079071,12352.941175922751,8050.011865720527,141.59194870804498,260777.66580107392,134.58628316204653,0
myopic,18,80,5,12,1,1,91.99999988079071,12352.941175922751,7945.031176776829,134.48716754468558,273150.4851991529,134.58628316204653,0
myopic,18,79,5,12,1,1,91.99999988079071,12352.941175922751,7848.677938715607,146.24530516473845,286605.053256875,137.25137735790267,0
myopic,18,78,5,12,1,1,91.99999988079071,12352.941175922751,7742.467964724094,150.60809261487842,300460.9977594899,137.25137735790267,0
myopic,18,77,5,12,1,1,91.99999988079071,12352.941175922751,7632.230319752495,161.2688999882949,315297.7365391883,138.34527592112582,0
myopic,18,76,5,12,1,1,91.99999988079071,12352.941175922751,7516.405040005703,177.15532646658977,331596.026552996,139.8599388733162,0
myopic,18,75,5,12,1,1,91.99999988079071,12352.941175922751,7385.389368797141,147.10185698238635,345129.39737783966,139.8599388733162,0
myopic,18,74,5,12,1,1,91.99999988079071,12352.941175922751,7278.0813037660255,150.2589517634175,358953.2209221618,139.8599388733162,0
myopic,18,73,5,12,1,1,91.99999988079071,12352.941175922751,7170.826170180015,157.32831225900352,373427.4256312352,140.6224031964283,0
myopic,18,72,5,12,1,1,91.99999988079071,12352.941175922751,7056.578500564741,149.78459731872738,387207.6085667024,140.6224031964283,0
myopic,18,71,5,12,1,1,91.99999988079071,12352.941175922751,6947.63833249882,149.33830772521242,400946.7328596194,140.6224031964283,0
myopic,18,70,5,12,1,1,91.99999988079071,12352.941175922751,6837.278284237197,147.25660935903258,414494.3409030961,140.6224031964283,0
myopic,18,69,5,12,1,1,91.99999988079071,12352.941175922751,6726.360617609247,150.26499641096092,428318.7205549915,143.74385215300907,0
myopic,18,68,5,12,1,1,91.99999988079071,12352.941175922751,6615.750725636042,160.2638467997287,443062.99444146163,146.41315056855447,0
myopic,18,67,5,12,1,1,91.99999988079071,12352.941175922751,6495.968743089648,163.8457598680843,458136.80432979343,146.41315056855447,0
myopic,18,66,5,12,1,1,91.99999988079071,12352.941175922751,6374.218395855089,166.0450050746604,473412.9447768681,147.95730716934838,0
myopic,18,65,5,12,1,1,91.99999988079071,12352.941175922751,6250.164981949711,154.31657987598473,487610.0701070627,147.95730716934838,0
myopic,18,64,5,12,1,1,91.99999988079071,12352.941175922751,6134.431594823063,158.70422599873262,502210.8588800271,147.95730716934838,0
myopic,18,63,5,12,1,1,91.99999988079071,12352.941175922751,6017.808900354208,163.10223502098387,517216.2644825143,149.66408283344634,0
myopic,18,62,5,12,1,1,91.99999988079071,12352.941175922751,5896.777431385496,166.05554097128467,532493.3742320772,149.66408283344634,0
myopic,18,61,5,12,1,1,91.99999988079071,12352.941175922751,5772.167479075037,187.65046678279927,549757.217153725,149.93764281533836,0
myopic,18,60,5,12,1,1,91.99999988079071,12352.941175922751,5631.119712245175,192.22560701891217,567441.9729765499,175.84600634426346,0
myopic,18,59,5,12,1,1,91.99999988079071,12352.941175922751,5489.96138771932,211.74559612993116,586922.5677952615,176.08019672204279,0
myopic,18,58,5,12,1,1,91.99999988079071,12352.941175922751,5330.963833229724,198.13651912884166,605151.1275314952,182.18293728047686,0
myopic,18,57,5,12,1,1,91.99999988079071,12352.941175922751,5180.466909537699,188.12217961091991,622458.3680332738,182.18293728047686,0
myopic,18,56,5,12,1,1,91.99999988079071,12352.941175922751,5039.981813662447,209.22125752123227,641706.7237002861,182.18293728047686,0
myopic,18,55,5,12,1,1,91.99999988079071,12352.941175922751,4886.00564353857,194.88285055789711,659635.9459283808,184.4032916851394,0
myopic,18,54,5,12,1,1,91.99999988079071,12352.941175922751,4736.039096232165,206.50540306745,678634.4429859689,184.4032916851394,0
myopic,18,53,5,12,1,1,91.99999988079071,12352.941175922751,4581.690366937928,202.1452882975533,697231.8094852462,184.4032916851394,0
myopic,18,52,5,12,1,1,91.99999988079071,12352.941175922751,4427.2139670352935,197.85033573836833,715434.0403495905,184.4032916851394,0
myopic,18,51,5,12,1,1,91.99999988079071,12352.941175922751,4277.034630590302,216.6364893292503,735364.5973420565,186.63549510603517,0
myopic,18,50,5,12,1,1,91.99999988079071,12352.941175922751,4112.287591491452,226.93405416582473,756242.5302982597,195.43755580295394,0
myopic,18,49,5,12,1,1,91.99999988079071,12352.941175922751,3939.285440528938,213.48909090406573,775883.5266359838,196.20027183670678,0
myopic,18,48,5,12,1,1,91.99999988079071,12352.941175922751,3776.060162331325,215.76793198081666,795734.1763524974,196.20027183670678,0
myopic,18,47,5,12,1,1,91.99999988079071,12352.941175922751,3612.8248907604466,216.9415322758098,815692.7972960104,199.91319423353335,0
myopic,18,46,5,12,1,1,91.99999988079071,12352.941175922751,3448.091275386467,233.6221527360224,837186.0353198745,199.91319423353335,0
myopic,18,45,5,12,1,1,91.99999988079071,12352.941175922751,3264.946077411234,216.52428176561315,857106.2692164993,199.91319423353335,0
myopic,18,44,5,12,1,1,91.99999988079071,12352.941175922751,3104.475980931378,216.661080620186,877039.0886077284,200.5032029124764,0
myopic,18,43,5,12,1,1,91.99999988079071,12352.941175922751,2936.613772877973,214.579752197464,896780.4257843151,200.5032029124764,0
myopic,18,42,5,12,1,1,91.99999988079071,12352.941175922751,2770.0518322490952,228.4385932702969,917796.7763379504,200.5032029124764,0
myopic,18,41,5,12,1,1,91.99999988079071,12352.941175922751,2594.986274046011,221.43239653136473,938168.5567924391,203.90988037788304,0
myopic,18,40,5,12,1,1,91.99999988079071,12352.941175922751,2425.7047415980232,219.9990521692672,958408.4695657857,203.90988037788304,0
myopic,18,39,5,12,1,1,91.99999988079071,12352.941175922751,2257.454385944261,226.99849524119222,979292.3311009151,203.90988037788304,0
myopic,18,38,5,12,1,1,91.99999988079071,12352.941175922751,2078.602208097578,228.76251964388877,1000338.4828808822,211.06427502110148,0
myopic,18,37,5,12,1,1,91.99999988079071,12352.941175922751,1898.7228983499026,234.22659507840768,1021887.3296001737,211.06427502110148,0
myopic,18,36,5,12,1,1,91.99999988079071,12352.941175922751,1719.3908815537925,230.87093222758602,1043127.4553375897,211.3777930168817,0
myopic,18,35,5,12,1,1,91.99999988079071,12352.941175922751,1540.129962966017,221.80794456011847,1063533.786210679,211.3777930168817,0
myopic,18,34,5,12,1,1,91.99999988079071,12352.941175922751,1367.5906328289748,241.3962889752218,1085742.2447676228,211.3777930168817,0
myopic,18,33,5,12,1,1,91.99999988079071,12352.941175922751,1176.1725365595503,228.31061829970477,1106746.821623979,211.3777930168817,0
myopic,18,32,5,12,1,1,91.99999988079071,12352.941175922751,998.3534551175471,236.19705964007807,1128476.9510827092,211.3777930168817,0
myopic,18,31,5,12,1,1,91.99999988079071,12352.941175922751,811.9495756882025,248.95424472159266,1151380.7415674182,215.8582445896582,0
myopic,18,30,5,12,1,1,91.99999988079071,12352.941175922751,616.9633593683411,242.67531854166427,1173706.8708443223,217.62011982881515,0
myopic,18,29,5,12,1,1,91.99999988079071,10000.0,425.4387856471694,0.0,1173706.8708443223,228.32407060173463,0
myopic,18,28,5,12,1,1,91.99999988079071,10000.0,425.4387856471694,0.0,1173706.8708443223,228.32407060173463,0
myopic,18,27,5,12,1,1,91.99999988079071,10000.0,425.4387856471694,0.0,1173706.8708443223,228.74480880120169,0
myopic,18,26,5,12,1,1,91.99999988079071,10000.0,425.4387856471694,0.0,1173706.8708443223,228.74480880120169,0
myopic,18,25,5,12,1,1,91.99999988079071,10000.0,425.4387856471694,0.0,1173706.8708443223,232.96745592437514,0
myopic,18,24,5,12,1,1,91.99999988079071,10000.0,425.4387856471694,0.0,1173706.8708443223,236.4388957050125,0
myopic,18,23,5,12,1,1,91.99999988079071,10000.0,425.4387856471694,0.0,1173706.8708443223,238.0786546384911,0
myopic,18,22,5,12,1,1,91.99999988079071,10000.0,425.4387856471694,0.0,1173706.8708443223,240.89903206973992,0
myopic,18,21,5,12,1,1,91.99999988079071,10000.0,425.4387856471694,0.0,1173706.8708443223,240.89903206973992,0
myopic,18,20,5,12,1,1,91.99999988079071,10000.0,425.4387856471694,0.0,1173706.8708443223,240.89903206973992,0
myopic,18,19,5,12,1,1,91.99999988079071,10000.0,425.4387856471694,0.0,1173706.8708443223,240.89903206973992,0
myopic,18,18,5,12,1,1,91.99999988079071,10000.0,425.4387856471694,0.0,1173706.8708443223,246.92805639126922,0
myopic,18,17,5,12,1,1,91.99999988079071,10000.0,425.4387856471694,0.0,1173706.8708443223,246.92805639126922,0
myopic,18,16,5,12,1,1,91.99999988079071,10000.0,425.4387856471694,0.0,1173706.8708443223,249.22632805170318,0
myopic,18,15,5,12,1,1,91.99999988079071,10000.0,425.4387856471694,0.0,1173706.8708443223,251.8711947131633,0
myopic,18,14,5,12,1,1,91.99999988079071,10000.0,425.4387856471694,0.0,1173706.8708443223,253.63584708782395,0
myopic,18,13,5,12,1,1,91.99999988079071,10000.0,425.4387856471694,0.0,1173706.8708443223,254.08714017232143,0
myopic,18,12,5,12,1,1,91.99999988079071,10000.0,425.4387856471694,0.0,1173706.8708443223,254.80629722425985,0
myopic,18,11,5,12,1,1,91.99999988079071,10000.0,425.4387856471694,0.0,1173706.8708443223,254.80629722425985,0
myopic,18,10,5,12,1,1,91.99999988079071,10000.0,425.4387856471694,0.0,1173706.8708443223,255.9433429025627,0
myopic,18,9,5,12,1,1,91.99999988079071,10000.0,425.4387856471694,0.0,1173706.8708443223,255.9433429025627,0
myopic,18,8,5,12,1,1,91.99999988079071,10000.0,425.4387856471694,0.0,1173706.8708443223,255.9433429025627,0
myopic,18,7,5,12,1,1,91.99999988079071,10000.0,425.4387856471694,0.0,1173706.8708443223,255.9433429025627,0
myopic,18,6,5,12,1,1,91.99999988079071,10000.0,425.4387856471694,0.0,1173706.8708443223,255.9433429025627,0
myopic,18,5,5,12,1,1,91.99999988079071,10000.0,425.4387856471694,0.0,1173706.8708443223,230.04512928449802,0
myopic,18,4,5,12,1,1,91.99999988079071,10000.0,425.4387856471694,0.0,1173706.8708443223,226.42549507794118,0
myopic,18,3,5,12,1,1,91.99999988079071,10000.0,425.4387856471694,0.0,1173706.8708443223,215.56234262596197,0
myopic,18,2,5,12,1,1,91.99999988079071,10000.0,425.4387856471694,0.0,1173706.8708443223,203.8312723170848,0
myopic,18,1,5,12,1,1,91.99999988079071,10000.0,425.4387856471694,0.0,1173706.8708443223,196.37128488998587,0
myopic,19,100,4,6,0,0,91.99999988079071,12352.941175922751,10000.0,64.14326293310245,5901.180182198952,55.48941880342484,1
myopic,19,99,4,6,0,0,91.99999988079071,12352.941175922751,9959.144162230503,66.19352950048919,11990.984888353074,55.48941880342484,1
myopic,19,98,4,6,0,0,91.99999988079071,12352.941175922751,9917.60017860639,67.03248302865329,18157.97331899828,55.48941880342484,1
myopic,19,97,4,6,0,0,91.99999988079071,12352.941175922751,9874.753902409358,67.6866273950236,24385.143031271575,56.829019946353895,1
myopic,19,96,4,6,0,0,91.99999988079071,12352.941175922751,9830.64406009212,57.658411471541264,29689.716879779953,57.148724943126965,1
myopic,19,95,4,6,0,0,91.99999988079071,12352.941175922751,9792.964176638392,66.53182330694868,35810.64461608802,58.20839583537179,1
myopic,19,94,4,6,0,0,91.99999988079071,12352.941175922751,9750.345591770247,79.8056063605406,43152.76039174419,58.20839583537179,1
myopic,19,93,4,6,0,0,91.99999988079071,12352.941175922751,9697.814922028643,55.699207608800165,48277.08748511394,58.20839583537179,1
myopic,19,92,4,6,0,0,91.99999988079071,12352.941175922751,9662.275085886407,67.69038315441368,54504.602727250676,59.44865838134444,1
myopic,19,91,4,6,0,0,91.99999988079071,12352.941175922751,9617.985025541237,60.92179013123042,60109.40741206143,59.44865838134444,1
myopic,19,90,4,6,0,0,91.99999988079071,12352.941175922751,9577.450658571339,67.51277544672215,66320.58274511172,60.89109345881038,1
myopic,19,89,4,6,0,0,91.99999988079071,12352.941175922751,9534.102293740152,64.0328617952609,72211.60602264242,60.89109345881038,1
myopic,19,88,4,6,0,0,91.99999988079071,12352.941175922751,9492.410125631255,56.56874978670556,77415.93099627581,61.15843374890705,1
myopic,19,87,4,6,0,0,91.99999988079071,12352.941175922751,9455.972001212607,54.51593853002221,82431.39733453906,62.95185624470667,1
myopic,19,86,4,6,0,0,91.99999988079071,12352.941175922751,9420.45690750849,74.63886128884823,89298.17256421545,62.95185624470667,1
myopic,19,85,4,6,0,0,91.99999988079071,12352.941175922751,9372.66640467296,72.3144350830443,95951.10058323498,63.6293292994672,1
myopic,19,84,4,6,0,0,91.99999988079071,12352.941175922751,9326.20902609406,68.42873938882227,102246.54459884929,63.6293292994672,1
myopic,19,83,4,6,0,0,91.99999988079071,12352.941175922751,9281.632494305913,60.04027942996292,107770.25029924851,63.6293292994672,1
myopic,19,82,4,6,0,0,91.99999988079071,12352.941175922751,9242.490834319226,60.32663631592094,113320.30083312174,63.6293292994672,1
myopic,19,81,4,6,0,0,91.99999988079071,12352.941175922751,9202.508797616634,70.49979452411766,119806.28192093634,63.98758232653586,1
myopic,19,80,4,6,0,0,91.99999988079071,12352.941175922751,9154.996703889214,58.93435201332055,125228.2422991363,63.98758232653586,1
myopic,19,79,4,6,0,0,91.99999988079071,12352.941175922751,9115.29511761108,70.49994856573676,131714.23755877983,64.45289985172099,1
myopic,19,78,4,6,0,0,91.99999988079071,12352.941175922751,9068.285911354054,70.48583608797219,138198.9344704707,64.89964160446222,1
myopic,19,77,4,6,0,0,91.99999988079071,12352.941175922751,9020.319080872654,83.08171275484223,145842.45203401207,65.68756414862953,1
myopic,19,76,4,6,0,0,91.99999988079071,12352.941175922751,8964.14046436333,74.0692245169574,152656.8206807424,65.68756414862953,1
myopic,19,75,4,6,0,0,91.99999988079071,12352.941175922751,8917.040536512908,76.44419551870864,159689.68665935076,65.68756414862953,1
myopic,19,74,4,6,0,0,91.99999988079071,12352.941175922751,8866.168409875865,70.74687078639727,166198.39876326564,65.68756414862953,1
myopic,19,73,4,6,0,0,91.99999988079071,12352.941175922751,8818.634783388381,81.36630413648697,173684.09873412282,65.5279447130899,1
myopic,19,72,4,6,0,0,91.99999988079071,12352.941175922751,8764.043802850465,70.14880885411665,180137.78914033915,65.5279447130899,1
myopic,19,71,4,6,0,0,91.99999988079071,12352.941175922751,8717.781790770705,76.84078289299815,187207.14115733485,67.40895593591064,1
myopic,19,70,4,6,0,0,91.99999988079071,12352.941175922751,8665.349451611075,78.26403354636133,194407.4322342703,67.40895593591064,1
myopic,19,69,4,6,0,0,91.99999988079071,12352.941175922751,8612.433872157888,71.17048908724317,200955.11722181248,67.40895593591064,1
myopic,19,68,4,6,0,0,91.99999988079071,12352.941175922751,8565.686170805802,82.3468215624754,208531.02479574372,68.22850945101008,1
myopic,19,67,4,6,0,0,91.99999988079071,12352.941175922751,8509.70207322011,61.9333879400985,214228.89647884975,68.22850945101008,1
myopic,19,66,4,6,0,0,91.99999988079071,12352.941175922751,8468.497723459881,84.56528368289094,222008.90256759475,69.84883539218049,1
myopic,19,65,4,6,0,0,91.99999988079071,12352.941175922751,8410.390118836687,71.42730623396582,228580.2147326048,69.84883539218049,1
myopic,19,64,4,6,0,0,91.99999988079071,12352.941175922751,8360.32274383315,87.76815339371834,236654.88483436411,69.84883539218049,1
myopic,19,63,4,6,0,0,91.99999988079071,12352.941175922751,8299.937781089999,75.53289536762935,243603.9111991818,69.84883539218049,1
myopic,19,62,4,6,0,0,91.99999988079071,12352.941175922751,8249.994550930056,83.08729506133785,251247.9423349201,69.84883539218049,1
myopic,19,61,4,6,0,0,91.99999988079071,12352.941175922751,8191.90305883781,104.97262849309048,260905.4241437707,69.89345595574414,1
myopic,19,60,4,6,0,0,91.99999988079071,12352.941175922751,8121.850782016506,106.7706265364203,270728.3217723933,89.10668574861131,1
myopic,19,59,4,6,0,0,91.99999988079071,12352.941175922751,8049.937100282748,80.07646443851098,278095.35649119044,89.10668574861131,1
myopic,19,58,4,6,0,0,91.99999988079071,12352.941175922751,7994.978019416321,75.97870858936123,285085.3976723543,89.10668574861131,1
myopic,19,57,4,6,0,0,91.99999988079071,12352.941175922751,7942.926515754554,105.7569509707428,294815.03714905545,89.10668574861131,1
myopic,19,56,4,6,0,0,91.99999988079071,12352.941175922751,7869.2402309028585,122.1657696018191,306054.28793785954,89.10668574861131,1
myopic,19,55,4,6,0,0,91.99999988079071,12352.941175922751,7784.481364459627,92.5320577782192,314567.23724242504,91.60460794927438,1
myopic,19,54,4,6,0,0,91.99999988079071,12352.941175922751,7720.2292247812875,105.83215524626883,324303.7955124656,91.60460794927438,1
myopic,19,53,4,6,0,0,91.99999988079071,12352.941175922751,7648.096859036257,86.76162814360248,332285.8652913342,91.60460794927438,1
myopic,19,52,4,6,0,0,91.99999988079071,12352.941175922751,7588.638301069537,96.66817929223498,341179.3377746961,91.93538435860836,1
myopic,19,51,4,6,0,0,91.99999988079071,12352.941175922751,7522.296962160946,100.72011027777131,350445.5879082443,93.26932573131452,1
myopic,19,50,4,6,0,0,91.99999988079071,12352.941175922751,7451.70826580848,108.41434261869429,360419.7074162402,93.26932573131452,1
myopic,19,49,4,6,0,0,91.99999988079071,12352.941175922751,7374.791735681167,99.44817368972836,369568.9393838401,94.57064547423397,1
myopic,19,48,4,6,0,0,91.99999988079071,12352.941175922751,7304.673753526926,89.69514354084845,377820.8925789056,94.57064547423397,1
myopic,19,47,4,6,0,0,91.99999988079071,12352.941175922751,7242.2098752469155,93.61382077325189,386433.3640788852,94.57064547423397,1
myopic,19,46,4,6,0,0,91.99999988079071,12352.941175922751,7177.90915293318,115.01631814265635,397014.8653342985,96.98299627115883,1
myopic,19,45,4,6,0,0,91.99999988079071,12352.941175922751,7098.845549421601,118.76824370625174,407941.5437411154,97.32361841658812,1
myopic,19,44,4,6,0,0,91.99999988079071,12352.941175922751,7013.440134734628,111.54584323592745,418203.76130552345,97.85545855988339,1
myopic,19,43,4,6,0,0,91.99999988079071,12352.941175922751,6935.575720203451,99.39040214269157,427347.6782908028,97.85545855988339,1
myopic,19,42,4,6,0,0,91.99999988079071,12352.941175922751,6866.695721779761,107.53477178394337,437240.87728210643,97.85545855988339,1
myopic,19,41,4,6,0,0,91.99999988079071,12352.941175922751,6792.218835184925,107.36925549290373,447118.84877465415,98.63031199072775,1
myopic,19,40,4,6,0,0,91.99999988079071,12352.941175922751,6717.419379065446,113.01575300063267,457516.2980372398,98.63031199072775,1
myopic,19,39,4,6,0,0,91.99999988079071,12352.941175922751,6640.005429842648,113.86614878264513,467991.9837116693,98.63031199072775,1
myopic,19,38,4,6,0,0,91.99999988079071,12352.941175922751,6558.073390178786,101.97644711135608,477373.8168337575,100.36903837561965,1
myopic,19,37,4,6,0,0,91.99999988079071,12352.941175922751,6483.982877297443,122.60615048782097,488653.58266402123,100.36903837561965,1
myopic,19,36,4,6,0,0,91.99999988079071,12352.941175922751,6395.739907912581,98.41024705354641,497707.32538121607,100.68255637139985,1
myopic,19,35,4,6,0,0,91.99999988079071,12352.941175922751,6325.213399275902,97.4676553088575,506674.3496580119,100.68255637139985,1
myopic,19,34,4,6,0,0,91.99999988079071,12352.941175922751,6256.017094664327,100.27012731133412,515899.2013587015,100.68255637139985,1
myopic,19,33,4,6,0,0,91.99999988079071,12352.941175922751,6183.956455684151,106.52633608200595,525699.6242655471,100.68255637139985,1
myopic,19,32,4,6,0,0,91.99999988079071,12352.941175922751,6107.003863135456,125.00409456903665,537200.0009509969,102.64207294651457,1
myopic,19,31,4,6,0,0,91.99999988079071,12352.941175922751,6017.983417618112,122.87193933610263,548504.2193552708,107.33403298465377,1
myopic,19,30,4,6,0,0,91.99999988079071,12352.941175922751,5929.835959070488,120.49681510428428,559589.9263305006,108.1643677223478,1
myopic,19,29,4,6,0,0,91.99999988079071,12352.941175922751,5843.024508940876,116.26786917123148,570286.5702803937,111.5619876042391,1
myopic,19,28,4,6,0,0,91.99999988079071,12352.941175922751,5759.399480059705,130.00852573374772,582247.3546324002,111.5619876042391,1
myopic,19,27,4,6,0,0,91.99999988079071,12352.941175922751,5663.334282687483,122.43292992922409,593511.1841712936,111.98272580370616,1
myopic,19,26,4,6,0,0,91.99999988079071,12352.941175922751,5572.899991117533,134.31161088686193,605867.8523568737,111.98272580370616,1
myopic,19,25,4,6,0,0,91.99999988079071,12352.941175922751,5473.686545267531,111.12835868396895,616091.6613425513,115.33123750327402,1
myopic,19,24,4,6,0,0,91.99999988079071,12352.941175922751,5392.256511073376,139.06180809431717,628885.347670651,116.78153326033612,1
myopic,19,23,4,6,0,0,91.99999988079071,12352.941175922751,5289.47076399705,130.0646813751556,640851.2983416604,117.67444316715728,1
myopic,19,22,4,6,0,0,91.99999988079071,12352.941175922751,5193.999682755156,133.09865626891184,653096.3747025337,119.41683443425565,1
myopic,19,21,4,6,0,0,91.99999988079071,12352.941175922751,5096.021145596723,137.62562289664376,665757.9319926187,119.41683443425565,1
myopic,19,20,4,6,0,0,91.99999988079071,12352.941175922751,4993.971580704013,130.80998893341012,677792.4509588986,119.41683443425565,1
myopic,19,19,4,6,0,0,91.99999988079071,12352.941175922751,4895.864481595007,146.65287589797748,691284.5155240302,119.41683443425565,1
myopic,19,18,4,6,0,0,91.99999988079071,12352.941175922751,4786.498763421229,140.46990521302772,704207.7467868835,124.90873747636871,1
myopic,19,17,4,6,0,0,91.99999988079071,12352.941175922751,4681.569523390214,129.53661400941024,716125.1152603072,124.90873747636871,1
myopic,19,16,4,6,0,0,91.99999988079071,12352.941175922751,4584.079197053958,143.88468995351556,729362.5067188783,126.98521596814824,1
myopic,19,15,4,6,0,0,91.99999988079071,12352.941175922751,4474.857474400287,140.26922098644283,742267.2750329096,127.33955759766313,1
myopic,19,14,4,6,0,0,91.99999988079071,12352.941175922751,4368.865142049251,131.16949966965558,754334.8689868812,128.64897873426494,1
myopic,19,13,4,6,0,0,91.99999988079071,12352.941175922751,4269.1705608179755,153.98084283917837,768501.1065097296,128.64897873426494,1
myopic,19,12,4,6,0,0,91.99999988079071,12352.941175922751,4151.799768195545,141.01775974723535,781474.7403896647,128.95909757847755,1
myopic,19,11,4,6,0,0,91.99999988079071,12352.941175922751,4041.669960814377,143.07301495718622,794637.4577486701,128.95909757847755,1
myopic,19,10,4,6,0,0,91.99999988079071,12352.941175922751,3930.9294100976513,132.93832764381133,806867.7838760533,129.70269371597854,1
myopic,19,9,4,6,0,0,91.99999988079071,12352.941175922751,3826.841160978216,153.15904137058118,820958.4156638888,129.70269371597854,1
myopic,19,8,4,6,0,0,91.99999988079071,12352.941175922751,3707.5356024399553,150.52682394089334,834806.8834485068,129.70269371597854,1
myopic,19,7,4,6,0,0,91.99999988079071,12352.941175922751,3588.2366919384694,120.29744167498957,845874.2480682653,129.70269371597854,1
myopic,19,6,4,6,0,0,91.99999988079071,12352.941175922751,3491.9827289147197,117.32858066652537,856668.4774755989,129.70269371597854,1
myopic,19,5,4,6,0,0,91.99999988079071,12352.941175922751,3398.3563355642627,125.22762443242206,868189.4189084534,117.28918192833491,1
myopic,19,4,4,6,0,0,91.99999988079071,12352.941175922751,3298.3540627571783,113.63596647802187,878643.927810885,110.96544227839588,1
myopic,19,3,4,6,0,0,91.99999988079071,12352.941175922751,3206.90165984567,108.8091277763452,888654.3675533377,106.31749860242833,1
myopic,19,2,4,6,0,0,91.99999988079071,12352.941175922751,3118.3825745102804,98.60748945084282,897726.2565710603,102.72787383917988,1
myopic,19,1,4,6,0,0,91.99999988079071,12352.941175922751,3036.6525681917747,99.00899629084783,906835.0842180155,95.2678864120809,1
myopic,20,100,5,6,1,0,91.99999988079071,12352.941175922751,10000.0,108.67955469765609,9998.519019228748,96.84458680514814,0
myopic,20,99,5,6,1,0,91.99999988079071,12352.941175922751,9923.366454336961,102.22526884893787,19403.24374114483,96.84458680514814,0
myopic,20,98,5,6,1,0,91.99999988079071,12352.941175922751,9852.491450659025,100.40698509929831,28640.686358310828,96.84458680514814,0
myopic,20,97,5,6,1,0,91.99999988079071,12352.941175922751,9782.87974174404,115.39390540121853,39256.92564146691,98.1841879480772,0
myopic,20,96,5,6,1,0,91.99999988079071,12352.941175922751,9701.741141573455,110.14789886767026,49390.53232416192,98.50389294485028,0
myopic,20,95,5,6,1,0,91.99999988079071,12352.941175922751,9624.81407315599,100.41912843936778,58629.09212861286,99.5635638370951,0
myopic,20,94,5,6,1,0,91.99999988079071,12352.941175922751,9555.151073223104,102.38911263206501,68048.8904785571,99.5635638370951,0
myopic,20,93,5,6,1,0,91.99999988079071,12352.941175922751,9482.288657365767,110.62851451574912,78226.71380081808,99.5635638370951,0
myopic,20,92,5,6,1,0,91.99999988079071,12352.941175922751,9404.559559990494,108.56676664512005,88214.85631922695,100.80382638306776,0
myopic,20,91,5,6,1,0,91.99999988079071,12352.941175922751,9329.21785503036,121.74628008597568,99415.51407262342,100.80382638306776,0
myopic,20,90,5,6,1,0,91.99999988079071,12352.941175922751,9244.372487820867,112.23987482968862,109741.58254357474,102.09928872109144,0
myopic,20,89,5,6,1,0,91.99999988079071,12352.941175922751,9162.627180457395,91.78430345080477,118185.73845010724,102.09928872109144,0
myopic,20,88,5,6,1,0,91.99999988079071,12352.941175922751,9098.680179022846,107.69301281211088,128093.49561598343,102.36662901118811,0
myopic,20,87,5,6,1,0,91.99999988079071,12352.941175922751,9021.981588280483,99.76364997394798,137271.75140169388,103.54257348173525,0
myopic,20,86,5,6,1,0,91.99999988079071,12352.941175922751,8951.172109316189,114.79169009602153,147832.58687684362,103.54257348173525,0
myopic,20,85,5,6,1,0,91.99999988079071,12352.941175922751,8869.163931800482,95.91212515724303,156656.50237987636,104.94444467296476,0
myopic,20,84,5,6,1,0,91.99999988079071,12352.941175922751,8800.145775130077,127.79405729073221,168413.5556353895,104.94444467296476,0
myopic,20,83,5,6,1,0,91.99999988079071,12352.941175922751,8708.316276621563,109.23418074735181,178463.10025112412,104.94444467296476,0
myopic,20,82,5,6,1,0,91.99999988079071,12352.941175922751,8630.794146244749,94.24129100218917,187133.2990120911,104.94444467296476,0
myopic,20,81,5,6,1,0,91.99999988079071,12352.941175922751,8562.875595336454,127.43629667198599,198857.43829072223,105.30269770003343,0
myopic,20,80,5,6,1,0,91.99999988079071,12352.941175922751,8470.721551965073,93.5040646694892,207459.8122291687,105.30269770003343,0
myopic,20,79,5,6,1,0,91.99999988079071,12352.941175922751,8403.94461197993,116.49932928513499,218177.7505095133,107.04578516915666,0
myopic,20,78,5,6,1,0,91.99999988079071,12352.941175922751,8320.70245031763,126.80144104641016,229843.48307066713,107.04578516915666,0
myopic,20,77,5,6,1,0,91.99999988079071,12352.941175922751,8231.541449365051,114.45366785123515,240373.22049933684,108.15295924674302,0
myopic,20,76,5,6,1,0,91.99999988079071,12352.941175922751,8148.417899818454,128.1231401920927,252160.5493817359,109.66762219893337,0
myopic,20,75,5,6,1,0,91.99999988079071,12352.941175922751,8055.74016563735,128.63794548238272,263995.2403507803,109.66762219893337,0
myopic,20,74,5,6,1,0,91.99999988079071,12352.941175922751,7962.163568631293,111.96866574927694,274296.35758636607,109.66762219893337,0
myopic,20,73,5,6,1,0,91.99999988079071,12352.941175922751,7879.853223356356,116.39746714381242,285004.9245497211,109.89307416174906,0
myopic,20,72,5,6,1,0,91.99999988079071,12352.941175922751,7797.320459896246,123.94709750805106,296408.0575056862,109.89307416174906,0
myopic,20,71,5,6,1,0,91.99999988079071,12352.941175922751,7705.431459835872,128.1161911350021,308194.7470748337,109.89307416174906,0
myopic,20,70,5,6,1,0,91.99999988079071,12352.941175922751,7611.214303883247,125.38902643062043,319730.5374915033,109.89307416174906,0
myopic,20,69,5,6,1,0,91.99999988079071,12352.941175922751,7522.9981933078125,132.2296977431328,331895.6696681085,113.01452311832983,0
myopic,20,68,5,6,1,0,91.99999988079071,12352.941175922751,7426.47820117023,105.66045760925763,341616.4317555645,115.68382153387522,0
myopic,20,67,5,6,1,0,91.99999988079071,12352.941175922751,7350.0339902386595,122.0453811102734,352844.60680316074,115.68382153387522,0
myopic,20,66,5,6,1,0,91.99999988079071,12352.941175922751,7259.740353095605,130.06987025504978,364811.0348511198,117.77633053076984,0
myopic,20,65,5,6,1,0,91.99999988079071,12352.941175922751,7164.244029527217,131.02458339771076,376865.2965080898,117.77633053076984,0
myopic,20,64,5,6,1,0,91.99999988079071,12352.941175922751,7069.893131773428,115.24290460375246,387467.643717897,117.77633053076984,0
myopic,20,63,5,6,1,0,91.99999988079071,12352.941175922751,6985.2954761437195,128.60644409842348,399299.4365596209,119.48310619486782,0
myopic,20,62,5,6,1,0,91.99999988079071,12352.941175922751,6890.836945623006,129.98948374585515,411258.4690487436,119.48310619486782,0
myopic,20,61,5,6,1,0,91.99999988079071,12352.941175922751,6795.800084758829,162.3313825381565,426192.9562229026,119.81792724103677,0
myopic,20,60,5,6,1,0,91.99999988079071,12352.941175922751,6675.9315038351515,152.9068160512753,440260.383281392,144.0601159519614,0
myopic,20,59,5,6,1,0,91.99999988079071,12352.941175922751,6565.86127728844,142.69295980157654,453388.13556612673,144.0601159519614,0
myopic,20,58,5,6,1,0,91.99999988079071,12352.941175922751,6462.341959907302,162.18721508233398,468309.3593343672,149.09961677913984,0
myopic,20,57,5,6,1,0,91.99999988079071,12352.941175922751,6341.0527202278,160.05345096394058,483034.2768039699,149.09961677913984,0
myopic,20,56,5,6,1,0,91.99999988079071,12352.941175922751,6221.502925531958,174.81271960348298,499117.046986651,149.09961677913984,0
myopic,20,55,5,6,1,0,91.99999988079071,12352.941175922751,6088.336076012915,167.82285660268596,514556.7497740921,151.02766539478267,0
myopic,20,54,5,6,1,0,91.99999988079071,12352.941175922751,5961.479953087825,167.4012993719418,529957.669296355,151.02766539478267,0
myopic,20,53,5,6,1,0,91.99999988079071,12352.941175922751,5838.756635806214,147.3611756122993,543514.8974351197,151.02766539478267,0
myopic,20,52,5,6,1,0,91.99999988079071,12352.941175922751,5728.506833309817,174.6106881540501,559579.0807244771,151.02766539478267,0
myopic,20,51,5,6,1,0,91.99999988079071,12352.941175922751,5594.621174158867,165.75281988332793,574828.340133984,152.83113474757658,0
myopic,20,50,5,6,1,0,91.99999988079071,12352.941175922751,5469.9542054622525,171.5983398355967,590615.3873784028,156.11217061502776,0
myopic,20,49,5,6,1,0,91.99999988079071,12352.941175922751,5345.216338755791,175.52363510171926,606763.5617868368,157.41349035794718,0
myopic,20,48,5,6,1,0,91.99999988079071,12352.941175922751,5214.014393349536,163.61579213295306,621816.214643564,157.41349035794718,0
myopic,20,47,5,6,1,0,91.99999988079071,12352.941175922751,5088.790771998768,168.89051604873194,637354.142099914,158.60134809389282,0
myopic,20,46,5,6,1,0,91.99999988079071,12352.941175922751,4960.985112064985,172.0769860494681,653185.224795952,158.60134809389282,0
myopic,20,45,5,6,1,0,91.99999988079071,12352.941175922751,4832.3208310593745,174.20230702634666,669211.8370216093,158.94197023932213,0
myopic,20,44,5,6,1,0,91.99999988079071,12352.941175922751,4699.599360265397,170.02573380697638,684854.2045115825,160.16913603518637,0
myopic,20,43,5,6,1,0,91.99999988079071,12352.941175922751,4573.491078339593,189.91635050565304,702326.5087354628,160.16913603518637,0
myopic,20,42,5,6,1,0,91.99999988079071,12352.941175922751,4428.864748232804,171.13252525061614,718070.7010381189,160.16913603518637,0
myopic,20,41,5,6,1,0,91.99999988079071,12352.941175922751,4299.079350300605,166.2866415746812,733369.0720431667,163.14309017483365,0
myopic,20,40,5,6,1,0,91.99999988079071,12352.941175922751,4172.709231621599,185.68987043319643,750452.5401008849,163.14309017483365,0
myopic,20,39,5,6,1,0,91.99999988079071,12352.941175922751,4034.4487965231638,188.75565500378258,767818.0603387314,163.14309017483365,0
myopic,20,38,5,6,1,0,91.99999988079071,12352.941175922751,3889.1478242891853,179.64440991629158,784345.3460296149,165.89358265658913,0
myopic,20,37,5,6,1,0,91.99999988079071,12352.941175922751,3751.634749330524,179.4955034817316,800858.9323285366,165.89358265658913,0
myopic,20,36,5,6,1,0,91.99999988079071,12352.941175922751,3614.8048312870906,167.2686707203641,816247.6500148701,166.20710065236935,0
myopic,20,35,5,6,1,0,91.99999988079071,12352.941175922751,3484.3131695145357,176.79114894100766,832512.4356963676,166.20710065236935,0
myopic,20,34,5,6,1,0,91.99999988079071,12352.941175922751,3348.176985247108,180.34019176247094,849103.7333170167,166.20710065236935,0
myopic,20,33,5,6,1,0,91.99999988079071,12352.941175922751,3208.580945031551,186.69980848602862,866280.115675475,166.20710065236935,0
myopic,20,32,5,6,1,0,91.99999988079071,12352.941175922751,3066.0570010437877,189.9718860029037,883757.5291650956,166.20710065236935,0
myopic,20,31,5,6,1,0,91.99999988079071,12352.941175922751,2919.5327773636154,180.91532623808277,900401.7391574325,170.68755222514585,0
myopic,20,30,5,6,1,0,91.99999988079071,12352.941175922751,2777.530544307506,210.5521252996778,919772.534659903,171.5178869628399,0
myopic,20,29,5,6,1,0,91.99999988079071,12352.941175922751,2615.5655054762665,198.7057110865209,938053.4600561754,183.5069626646924,0
myopic,20,28,5,6,1,0,91.99999988079071,12352.941175922751,2462.5581434943642,192.4857367676827,955762.147815856,183.5069626646924,0
myopic,20,27,5,6,1,0,91.99999988079071,12352.941175922751,2313.9633104183204,206.02210522581984,974716.1814720717,183.92770086415945,0
myopic,20,26,5,6,1,0,91.99999988079071,12352.941175922751,2155.3158787524408,193.0383639489856,992475.7109323664,183.92770086415945,0
myopic,20,25,5,6,1,0,91.99999988079071,12352.941175922751,2003.6750239012908,203.62813083114915,1011209.4989445577,186.80626150679473,0
myopic,20,24,5,6,1,0,91.99999988079071,12352.941175922751,1841.9845200814816,203.86975358274526,1029965.5162498672,191.0448872510231,0
myopic,20,23,5,6,1,0,91.99999988079071,12352.941175922751,1682.3111216134512,206.61998784700066,1048974.5551071602,193.02588321644785,0
myopic,20,22,5,6,1,0,91.99999988079071,12352.941175922751,1523.2490163105704,215.60770647065164,1068810.4640767577,194.18334326878238,0
myopic,20,21,5,6,1,0,91.99999988079071,12352.941175922751,1351.6898724470302,220.4659261402651,1089093.3292553804,194.18334326878238,0
myopic,20,20,5,6,1,0,91.99999988079071,12352.941175922751,1177.2397522809206,218.16760399966884,1109164.7487973424,194.18334326878238,0
myopic,20,19,5,6,1,0,91.99999988079071,12352.941175922751,1004.1120446416571,218.4925789902613,1129266.0660384002,194.18334326878238,0
myopic,20,18,5,6,1,0,91.99999988079071,12352.941175922751,831.3202674175591,217.9832058760271,1149320.5209530091,200.04238084998562,0
myopic,20,17,5,6,1,0,91.99999988079071,12352.941175922751,658.683306571902,226.56271977574474,1170164.2911453692,200.04238084998562,0
myopic,20,16,5,6,1,0,91.99999988079071,10000.0,478.27881934399375,0.0,1170164.2911453692,202.34065251041957,0
myopic,20,15,5,6,1,0,91.99999988079071,10000.0,478.27881934399375,0.0,1170164.2911453692,202.69499413993447,0
myopic,20,14,5,6,1,0,91.99999988079071,10000.0,478.27881934399375,0.0,1170164.2911453692,204.00441527653624,0
myopic,20,13,5,6,1,0,91.99999988079071,10000.0,478.27881934399375,0.0,1170164.2911453692,204.00441527653624,0
myopic,20,12,5,6,1,0,91.99999988079071,10000.0,478.27881934399375,0.0,1170164.2911453692,204.31453412074885,0
myopic,20,11,5,6,1,0,91.99999988079071,10000.0,478.27881934399375,0.0,1170164.2911453692,204.31453412074885,0
myopic,20,10,5,6,1,0,91.99999988079071,10000.0,478.27881934399375,0.0,1170164.2911453692,204.97914192627147,0
myopic,20,9,5,6,1,0,91.99999988079071,10000.0,478.27881934399375,0.0,1170164.2911453692,204.97914192627147,0
myopic,20,8,5,6,1,0,91.99999988079071,10000.0,478.27881934399375,0.0,1170164.2911453692,204.97914192627147,0
myopic,20,7,5,6,1,0,91.99999988079071,10000.0,478.27881934399375,0.0,1170164.2911453692,204.97914192627147,0
myopic,20,6,5,6,1,0,91.99999988079071,10000.0,478.27881934399375,0.0,1170164.2911453692,204.97914192627147,0
myopic,20,5,5,6,1,0,91.99999988079071,10000.0,478.27881934399375,0.0,1170164.2911453692,186.73816117636846,0
myopic,20,4,5,6,1,0,91.99999988079071,10000.0,478.27881934399375,0.0,1170164.2911453692,183.11852696981163,0
myopic,20,3,5,6,1,0,91.99999988079071,10000.0,478.27881934399375,0.0,1170164.2911453692,174.43812562988745,0
myopic,20,2,5,6,1,0,91.99999988079071,10000.0,478.27881934399375,0.0,1170164.2911453692,166.42268074179484,0
myopic,20,1,5,6,1,0,91.99999988079071,10000.0,478.27881934399375,0.0,1170164.2911453692,158.9626933146959,0
myopic,21,100,0,6,0,0,91.99999988079071,12352.941175922751,10000.0,58.269134174212915,5360.760337081366,53.51064944791461,1
myopic,21,99,0,6,0,0,91.99999988079071,12352.941175922751,9963.307064956542,52.22401812433912,10165.369998294977,53.51064944791461,1
myopic,21,98,0,6,0,0,91.99999988079071,12352.941175922751,9930.557921765681,59.07475015891885,15600.247005873252,53.51064944791461,1
myopic,21,97,0,6,0,0,91.99999988079071,12352.941175922751,9892.151202607607,65.88681955624286,21661.834397193274,55.53276728716988,1
myopic,21,96,0,6,0,0,91.99999988079071,12352.941175922751,9849.407731605475,48.01997513662777,26079.6721040386,55.852472283942966,1
myopic,21,95,0,6,0,0,91.99999988079071,12352.941175922751,9819.468983606022,74.00886766509709,32888.48792040499,56.18471002774361,1
myopic,21,94,0,6,0,0,91.99999988079071,12352.941175922751,9771.064192215337,79.044154282561,40160.5501049778,56.18471002774361,1
myopic,21,93,0,6,0,0,91.99999988079071,12352.941175922751,9719.091682537404,54.12111827978562,45139.692980266336,56.18471002774361,1
myopic,21,92,0,6,0,0,91.99999988079071,12352.941175922751,9683.417277079849,67.34340307438472,51335.28605508177,56.85789131285237,1
myopic,21,91,0,6,0,0,91.99999988079071,12352.941175922751,9639.779981266722,56.855355645525584,56565.97876769244,56.85789131285237,1
myopic,21,90,0,6,0,0,91.99999988079071,12352.941175922751,9603.030759069594,62.23835261185723,62291.90720056392,57.85980122566746,1
myopic,21,89,0,6,0,0,91.99999988079071,12352.941175922751,9562.120528407406,64.41031777809036,68217.65642846993,57.85980122566746,1
myopic,21,88,0,6,0,0,91.99999988079071,12352.941175922751,9519.239045813063,58.52928699529782,73602.35082506009,57.85980122566746,1
myopic,21,87,0,6,0,0,91.99999988079071,12352.941175922751,9480.945329077116,68.71591204066266,79924.21472460948,59.05581472314141,1
myopic,21,86,0,6,0,0,91.99999988079071,12352.941175922751,9437.003269440338,55.56587664056272,85036.27536891728,59.05581472314141,1
myopic,21,85,0,6,0,0,91.99999988079071,12352.941175922751,9400.214314916115,69.15552878338237,91398.58400874448,59.321172379079584,1
myopic,21,84,0,6,0,0,91.99999988079071,12352.941175922751,9355.294716012419,68.17094420116726,97670.31086712526,59.321172379079584,1
myopic,21,83,0,6,0,0,91.99999988079071,12352.941175922751,9311.369213749434,66.92279062871941,103827.20759698963,59.321172379079584,1
myopic,21,82,0,6,0,0,91.99999988079071,12352.941175922751,9268.132721935019,66.91895806374036,109983.75173087638,59.321172379079584,1
myopic,21,81,0,6,0,0,91.99999988079071,12352.941175922751,9223.611310410673,62.69160837041322,115751.37969348097,59.67942540614826,1
myopic,21,80,0,6,0,0,91.99999988079071,12352.941175922751,9181.941092373188,57.645043612537954,121054.72369896263,59.67942540614826,1
myopic,21,79,0,6,0,0,91.99999988079071,12352.941175922751,9144.326554967256,55.490326529221754,126159.83373303607,60.144742931333404,1
myopic,21,78,0,6,0,0,91.99999988079071,12352.941175922751,9107.94473834433,68.23747300264944,132437.68124114527,60.59148468407464,1
myopic,21,77,0,6,0,0,91.99999988079071,12352.941175922751,9063.21965444376,65.46683460238822,138460.63001676073,61.68635059106254,1
myopic,21,76,0,6,0,0,91.99999988079071,12352.941175922751,9019.108893997824,78.99858303078685,145728.49964617574,61.68635059106254,1
myopic,21,75,0,6,0,0,91.99999988079071,12352.941175922751,8968.151801056953,77.00115628209474,152812.6060149492,61.68635059106254,1
myopic,21,74,0,6,0,0,91.99999988079071,12352.941175922751,8918.898355909749,61.86943618645634,158504.59413672777,61.68635059106254,1
myopic,21,73,0,6,0,0,91.99999988079071,12352.941175922751,8878.095725182919,68.63375501452312,164818.89958988212,61.811377832783585,1
myopic,21,72,0,6,0,0,91.99999988079071,12352.941175922751,8833.485583794618,64.02710826080097,170709.39354224317,61.811377832783585,1
myopic,21,71,0,6,0,0,91.99999988079071,12352.941175922751,8790.94825988052,64.25947670899332,176621.26539181022,63.69238905560433,1
myopic,21,70,0,6,0,0,91.99999988079071,12352.941175922751,8748.738200830423,75.13696611384681,183533.8662653271,63.69238905560433,1
myopic,21,69,0,6,0,0,91.99999988079071,12352.941175922751,8697.940494098792,70.22464890113575,189994.53395586016,63.69238905560433,1
myopic,21,68,0,6,0,0,91.99999988079071,12352.941175922751,8651.123141088361,70.54830421245848,196484.97793499634,64.51194257070377,1
myopic,21,67,0,6,0,0,91.99999988079071,12352.941175922751,8604.4110573648,68.27027401628729,202765.84313635633,64.51194257070377,1
myopic,21,66,0,6,0,0,91.99999988079071,12352.941175922751,8559.618834557545,77.54852950497354,209900.3078415694,66.02319309723785,1
myopic,21,65,0,6,0,0,91.99999988079071,12352.941175922751,8507.771862098562,71.26190454424604,216456.40305114494,66.02319309723785,1
myopic,21,64,0,6,0,0,91.99999988079071,12352.941175922751,8459.817307687228,76.60681846939514,223504.23034119705,66.02319309723785,1
myopic,21,63,0,6,0,0,91.99999988079071,12352.941175922751,8407.140426908065,70.17305317230523,229960.15122468385,66.02319309723785,1
myopic,21,62,0,6,0,0,91.99999988079071,12352.941175922751,8360.262937971778,74.0149118945688,236769.52311016092,66.02319309723785,1
myopic,21,61,0,6,0,0,91.99999988079071,12352.941175922751,8311.134042302057,103.53313055851162,246294.57110920188,66.0678136608015,1
myopic,21,60,0,6,0,0,91.99999988079071,12352.941175922751,8240.166402343379,98.90508772015875,255393.83916766607,85.17672399217258,1
myopic,21,59,0,6,0,0,91.99999988079071,12352.941175922751,8173.43976233449,99.27034701414937,264526.71108113386,85.17672399217258,1
myopic,21,58,0,6,0,0,91.99999988079071,12352.941175922751,8105.037067652358,97.3529376127485,273483.18132990133,85.17672399217258,1
myopic,21,57,0,6,0,0,91.99999988079071,12352.941175922751,8039.3203946448975,79.87310565176108,280831.50704034173,85.17672399217258,1
myopic,21,56,0,6,0,0,91.99999988079071,12352.941175922751,7984.192099661189,93.26540462755892,289411.92425495904,85.17672399217258,1
myopic,21,55,0,6,0,0,91.99999988079071,12352.941175922751,7921.64719702354,103.21619940921582,298907.8145883026,87.67464619283565,1
myopic,21,54,0,6,0,0,91.99999988079071,12352.941175922751,7850.870487774932,84.74072074186755,306703.9608864525,87.67464619283565,1
myopic,21,53,0,6,0,0,91.99999988079071,12352.941175922751,7793.08850034515,94.3000710404595,315379.5674109334,87.67464619283565,1
myopic,21,52,0,6,0,0,91.99999988079071,12352.941175922751,7727.509075132486,82.75496840939999,322993.024494733,88.00542260216963,1
myopic,21,51,0,6,0,0,91.99999988079071,12352.941175922751,7671.157294509494,96.80995010063049,331899.5398924504,89.3393639748758,1
myopic,21,50,0,6,0,0,91.99999988079071,12352.941175922751,7603.1484637357935,89.83329870265304,340164.2033623855,89.3393639748758,1
myopic,21,49,0,6,0,0,91.99999988079071,12352.941175922751,7544.66909994989,87.42819092292845,348207.59691687266,89.87264365606573,1
myopic,21,48,0,6,0,0,91.99999988079071,12352.941175922751,7484.144232011557,104.97715436756977,357865.49510617484,89.87264365606573,1
myopic,21,47,0,6,0,0,91.99999988079071,12352.941175922751,7409.65198587908,104.3518350368134,367465.86391712195,89.87264365606573,1
myopic,21,46,0,6,0,0,91.99999988079071,12352.941175922751,7338.44216714397,108.26241036018556,377426.00565735315,92.28499445299059,1
myopic,21,45,0,6,0,0,91.99999988079071,12352.941175922751,7263.405858333246,100.16252688025972,386640.95811839675,92.32417290804567,1
myopic,21,44,0,6,0,0,91.99999988079071,12352.941175922751,7193.8141865793095,111.96679884438214,396941.90359873243,92.85601305134094,1
myopic,21,43,0,6,0,0,91.99999988079071,12352.941175922751,7117.082007078534,93.57877221199604,405551.1506310806,92.85601305134094,1
myopic,21,42,0,6,0,0,91.99999988079071,12352.941175922751,7051.894369194472,102.08687018597395,414943.1426760205,92.85601305134094,1
myopic,21,41,0,6,0,0,91.99999988079071,12352.941175922751,6981.534102591266,95.58377772730833,423736.8502155384,93.6308664821853,1
myopic,21,40,0,6,0,0,91.99999988079071,12352.941175922751,6914.192468558818,113.32211087307145,434162.48440235195,93.6308664821853,1
myopic,21,39,0,6,0,0,91.99999988079071,12352.941175922751,6833.766979215841,109.65294883735636,444250.55568231706,93.6308664821853,1
myopic,21,38,0,6,0,0,91.99999988079071,12352.941175922751,6755.155463836962,88.24419813601538,452369.02190031094,95.04742683727991,1
myopic,21,37,0,6,0,0,91.99999988079071,12352.941175922751,6694.558106347331,98.52879439819284,461433.6709731991,95.04742683727991,1
myopic,21,36,0,6,0,0,91.99999988079071,12352.941175922751,6626.357155621955,96.25679815448235,470289.2963919368,95.04742683727991,1
myopic,21,35,0,6,0,0,91.99999988079071,12352.941175922751,6558.139674161432,93.89686268684201,478927.80774793285,95.04742683727991,1
myopic,21,34,0,6,0,0,91.99999988079071,12352.941175922751,6491.995679788713,87.82674249403001,487007.8680469138,95.04742683727991,1
myopic,21,33,0,6,0,0,91.99999988079071,12352.941175922751,6430.533394618059,117.08399320616667,497779.5954079237,95.04742683727991,1
myopic,21,32,0,6,0,0,91.99999988079071,12352.941175922751,6347.797629904417,114.05510926453888,508272.66544666485,97.00694341239463,1
myopic,21,31,0,6,0,0,91.99999988079071,12352.941175922751,6265.407753391988,107.5347794853728,518165.8651465,101.69890345053383,1
myopic,21,30,0,6,0,0,91.99999988079071,12352.941175922751,6187.690120770936,116.90207200611023,528920.8557571264,101.69890345053383,1
myopic,21,29,0,6,0,0,91.99999988079071,12352.941175922751,6102.846490367572,110.10136759790589,539050.1815630086,105.09652333242514,1
myopic,21,28,0,6,0,0,91.99999988079071,12352.941175922751,6025.432228124301,107.46995964709248,548937.4178377297,105.09652333242514,1
myopic,21,27,0,6,0,0,91.99999988079071,12352.941175922751,5948.5266621367755,119.93354834712484,559971.304271368,105.51726153189219,1
myopic,21,26,0,6,0,0,91.99999988079071,12352.941175922751,5861.989444799717,116.12643710523848,570654.9364712066,105.51726153189219,1
myopic,21,25,0,6,0,0,91.99999988079071,12352.941175922751,5777.935610643545,129.7044667016401,582587.7473922955,108.86577323146005,1
myopic,21,24,0,6,0,0,91.99999988079071,12352.941175922751,5684.367453034221,133.97569437970265,594913.511259257,110.31606898852215,1
myopic,21,23,0,6,0,0,91.99999988079071,12352.941175922751,5588.453549237786,119.05682041390195,605866.7387231432,111.20897889534331,1
myopic,21,22,0,6,0,0,91.99999988079071,12352.941175922751,5500.219991347293,127.93731685174566,617636.9718582525,112.95137016244168,1
myopic,21,21,0,6,0,0,91.99999988079071,12352.941175922751,5407.494946984433,122.92242995269987,628945.8353992475,112.95137016244168,1
myopic,21,20,0,6,0,0,91.99999988079071,12352.941175922751,5317.91022073937,130.60287207515316,640961.2996145925,112.95137016244168,1
myopic,21,19,0,6,0,0,91.99999988079071,12352.941175922751,5220.657114793753,122.9701811725182,652274.5562678049,112.95137016244168,1
myopic,21,18,0,6,0,0,91.99999988079071,12352.941175922751,5128.969400256795,125.73788724874605,663842.4418797004,117.40424760711261,1
myopic,21,17,0,6,0,0,91.99999988079071,12352.941175922751,5035.514590764586,129.22981847497803,675731.585163993,117.40424760711261,1
myopic,21,16,0,6,0,0,91.99999988079071,12352.941175922751,4939.80327323985,132.50131640401062,687921.7062573666,117.43877695873326,1
myopic,21,15,0,6,0,0,91.99999988079071,12352.941175922751,4839.883569791206,132.8821264500807,700146.8618749332,117.79311858824813,1
myopic,21,14,0,6,0,0,91.99999988079071,12352.941175922751,4738.4780185046375,127.30074406332984,711858.5303135841,118.13382576143007,1
myopic,21,13,0,6,0,0,91.99999988079071,12352.941175922751,4644.366998046354,126.12945697050048,723462.4403398344,118.13382576143007,1
myopic,21,12,0,6,0,0,91.99999988079071,12352.941175922751,4548.443542090587,130.2179187235888,735442.4888468814,118.65148982084473,1
myopic,21,11,0,6,0,0,91.99999988079071,12352.941175922751,4448.506929170851,137.66717008713104,748107.8684784863,118.65148982084473,1
myopic,21,10,0,6,0,0,91.99999988079071,12352.941175922751,4343.288864783553,130.5584113940991,760119.2423111796,119.72247037978816,1
myopic,21,9,0,6,0,0,91.99999988079071,12352.941175922751,4244.150998846236,139.70613667432548,772972.2068685633,119.9282594332441,1
myopic,21,8,0,6,0,0,91.99999988079071,12352.941175922751,4136.461654893516,122.7749110182429,784267.4986676058,119.9282594332441,1
myopic,21,7,0,6,0,0,91.99999988079071,12352.941175922751,4042.2978152965734,128.12324629736588,796054.83731169,119.9282594332441,1
myopic,21,6,0,6,0,0,91.99999988079071,12352.941175922751,3940.3888478514637,128.53239756000866,807879.8178718885,119.9282594332441,1
myopic,21,5,0,6,0,0,91.99999988079071,12352.941175922751,3841.1549354406643,114.43229320642743,818407.5888332385,111.6350613497792,1
myopic,21,4,0,6,0,0,91.99999988079071,12352.941175922751,3750.0301672324076,115.33952105616927,829018.8247566565,105.31132169984018,1
myopic,21,3,0,6,0,0,91.99999988079071,12352.941175922751,3657.2964200013557,101.68869828555007,838374.184986805,100.66337802387262,1
myopic,21,2,0,6,0,0,91.99999988079071,12352.941175922751,3574.604233389803,94.74034723487648,847090.2969211197,97.45860423514522,1
myopic,21,1,0,6,0,0,91.99999988079071,12352.941175922751,3498.1469939311046,86.15734583527589,855016.7727276942,90.48681714092218,1
myopic,22,100,6,12,1,1,91.99999988079071,12352.941175922751,10000.0,142.24134950447618,13086.204137455317,119.21816460837967,0
myopic,22,99,6,12,1,1,91.99999988079071,12352.941175922751,9899.103872802994,138.21486429546235,25801.971636161357,119.21816460837967,0
myopic,22,98,6,12,1,1,91.99999988079071,12352.941175922751,9797.079141978265,129.21161505210037,37689.440205551364,119.21816460837967,0
myopic,22,97,6,12,1,1,91.99999988079071,12352.941175922751,9704.021887907995,135.83221702331514,50186.00415550389,120.48841230422327,0
myopic,22,96,6,12,1,1,91.99999988079071,12352.941175922751,9603.593543018336,150.46094958441532,64028.41149933376,120.48841230422327,0
myopic,22,95,6,12,1,1,91.99999988079071,12352.941175922751,9492.672163638723,145.96744068316698,77457.41602478444,121.5480831964681,0
myopic,22,94,6,12,1,1,91.99999988079071,12352.941175922751,9386.817139527784,126.75757686011818,89119.11308080463,121.5480831964681,0
myopic,22,93,6,12,1,1,91.99999988079071,12352.941175922751,9296.423817264003,125.6147327518368,100675.66847899917,122.03586911981081,0
myopic,22,92,6,12,1,1,91.99999988079071,12352.941175922751,9205.007544610251,136.388311222478,113223.39309520839,123.03316904179233,0
myopic,22,91,6,12,1,1,91.99999988079071,12352.941175922751,9106.935599282857,142.9512566955013,126374.90869415339,123.03316904179233,0
myopic,22,90,6,12,1,1,91.99999988079071,12352.941175922751,9002.293502756122,131.28496118301345,138453.12510734025,124.47314745072495,0
myopic,22,89,6,12,1,1,91.99999988079071,12352.941175922751,8906.933192541386,152.88108092544726,152518.18453425655,124.47314745072495,0
myopic,22,88,6,12,1,1,91.99999988079071,12352.941175922751,8794.356028403567,131.41130723569884,164608.0247842754,124.74048774082162,0
myopic,22,87,6,12,1,1,91.99999988079071,12352.941175922751,8698.921158004985,153.29731499353605,178711.37774540624,126.45503592053535,0
myopic,22,86,6,12,1,1,91.99999988079071,12352.941175922751,8586.880376418703,149.64080311232058,192478.33161390116,126.45503592053535,0
myopic,22,85,6,12,1,1,91.99999988079071,12352.941175922751,8474.561516205342,124.64572215332797,203945.7380371484,127.85690711176491,0
myopic,22,84,6,12,1,1,91.99999988079071,12352.941175922751,8380.974284139433,141.57347594507263,216970.4978072182,130.6942817674587,0
myopic,22,83,6,12,1,1,91.99999988079071,12352.941175922751,8277.834405475533,138.89019342015365,229748.39558531533,130.6942817674587,0
myopic,22,82,6,12,1,1,91.99999988079071,12352.941175922751,8174.304505782671,146.62539076517112,243237.93151823196,130.6942817674587,0
myopic,22,81,6,12,1,1,91.99999988079071,12352.941175922751,8065.060216646082,137.83441018998923,255918.69723927983,131.0525347945274,0
myopic,22,80,6,12,1,1,91.99999988079071,12352.941175922751,7961.1635879874475,159.64786094553844,270606.3004272379,131.0525347945274,0
myopic,22,79,6,12,1,1,91.99999988079071,12352.941175922751,7839.8990612529215,155.63451827008168,284924.6760895323,134.69965047598188,0
myopic,22,78,6,12,1,1,91.99999988079071,12352.941175922751,7721.4597017445285,165.85843906637885,300183.6524638673,134.69965047598188,0
myopic,22,77,6,12,1,1,91.99999988079071,12352.941175922751,7596.841691058175,157.8163909314239,314702.76041074516,136.04655404778723,0
myopic,22,76,6,12,1,1,91.99999988079071,12352.941175922751,7478.294148780371,155.1784892456321,328979.1814028446,137.5612169999776,0
myopic,22,75,6,12,1,1,91.99999988079071,12352.941175922751,7361.181836226509,137.09523881653766,341591.94335762307,137.5612169999776,0
myopic,22,74,6,12,1,1,91.99999988079071,12352.941175922751,7259.107079456788,155.50560894061783,355898.45936162217,137.5612169999776,0
myopic,22,73,6,12,1,1,91.99999988079071,12352.941175922751,7145.974401607028,140.0680305331268,368784.7181539724,138.32368132308972,0
myopic,22,72,6,12,1,1,91.99999988079071,12352.941175922751,7038.967110975134,143.12945391590625,381952.6278971734,138.32368132308972,0
myopic,22,71,6,12,1,1,91.99999988079071,12352.941175922751,6932.169372529933,154.6037081244709,396176.16902619455,138.32368132308972,0
myopic,22,70,6,12,1,1,91.99999988079071,12352.941175922751,6816.671761821002,148.13747238976066,409804.81646839314,138.32368132308972,0
myopic,22,69,6,12,1,1,91.99999988079071,12352.941175922751,6705.911800099101,154.52383389361788,424021.0091681853,141.44513027967048,0
myopic,22,68,6,12,1,1,91.99999988079071,12352.941175922751,6590.31387187127,159.4083270629372,438686.57523897255,144.11442869521588,0
myopic,22,67,6,12,1,1,91.99999988079071,12352.941175922751,6467.713329262788,162.49224783549906,453635.8620204679,144.11442869521588,0
myopic,22,66,6,12,1,1,91.99999988079071,12352.941175922751,6342.55657551749,165.5591270755176,468867.3016916793,145.6585852960098,0
myopic,22,65,6,12,1,1,91.99999988079071,12352.941175922751,6216.008245503455,164.3351129113764,483986.13205993565,145.6585852960098,0
myopic,22,64,6,12,1,1,91.99999988079071,12352.941175922751,6091.939277832067,164.8855561774996,499155.60320860974,145.6585852960098,0
myopic,22,63,6,12,1,1,91.99999988079071,12352.941175922751,5966.3542458688535,152.61380633166857,513196.0733729303,147.36536096010775,0
myopic,22,62,6,12,1,1,91.99999988079071,12352.941175922751,5849.339972595178,166.14814074136277,528481.7023013292,147.36536096010775,0
myopic,22,61,6,12,1,1,91.99999988079071,12352.941175922751,5722.337516029842,185.08659104234906,545509.6686551613,147.3781006109956,0
myopic,22,60,6,12,1,1,91.99999988079071,12352.941175922751,5586.1516226218555,201.5506700312559,564052.3302740101,172.95101534140753,0
myopic,22,59,6,12,1,1,91.99999988079071,12352.941175922751,5432.457166401354,179.08026647588846,580527.7147684438,173.18520571918685,0
myopic,22,58,6,12,1,1,91.99999988079071,12352.941175922751,5294.529222792583,190.90440896197245,598090.9203701877,179.28794627762093,0
myopic,22,57,6,12,1,1,91.99999988079071,12352.941175922751,5147.218970177665,195.6847105897702,616093.9137211192,179.28794627762093,0
myopic,22,56,6,12,1,1,91.99999988079071,12352.941175922751,4995.239703683436,200.8005587891413,634567.5651057828,179.28794627762093,0
myopic,22,55,6,12,1,1,91.99999988079071,12352.941175922751,4840.566662568458,200.13263933717235,652979.767900945,181.50830068228348,0
myopic,22,54,6,12,1,1,91.99999988079071,12352.941175922751,4684.516910081537,188.56572178537928,670327.8142827211,181.50830068228348,0
myopic,22,53,6,12,1,1,91.99999988079071,12352.941175922751,4537.356060050652,204.4435512816903,689136.620976265,181.50830068228348,0
myopic,22,52,6,12,1,1,91.99999988079071,12352.941175922751,4380.720464801382,201.36090504938872,707661.8242168047,181.50830068228348,0
myopic,22,51,6,12,1,1,91.99999988079071,12352.941175922751,4225.998895274267,211.50145476783032,727119.9580302321,183.74050410317923,0
myopic,22,50,6,12,1,1,91.99999988079071,12352.941175922751,4060.618243487803,206.42816831301772,746111.3494904216,192.542564800098,0
myopic,22,49,6,12,1,1,91.99999988079071,12352.941175922751,3899.3034640718643,219.38812754785715,766295.0571986714,193.30528083385084,0
myopic,22,48,6,12,1,1,91.99999988079071,12352.941175922751,3727.7921315059084,228.43501527583547,787311.0785768167,193.30528083385084,0
myopic,22,47,6,12,1,1,91.99999988079071,12352.941175922751,3550.3474031723126,221.47480572304312,807686.7606769348,197.01820323067741,0
myopic,22,46,6,12,1,1,91.99999988079071,12352.941175922751,3373.3648836163047,216.16020716393209,827573.4997102483,197.01820323067741,0
myopic,22,45,6,12,1,1,91.99999988079071,12352.941175922751,3205.0289337666154,216.61349055692676,847501.9408156632,197.01820323067741,0
myopic,22,44,6,12,1,1,91.99999988079071,12352.941175922751,3034.684815435884,211.63294285370102,866972.171532975,197.60821190962048,0
myopic,22,43,6,12,1,1,91.99999988079071,12352.941175922751,2869.5152360329566,202.53998999002053,885605.8505879123,197.60821190962048,0
myopic,22,42,6,12,1,1,91.99999988079071,12352.941175922751,2712.660882318498,212.14335371457008,905123.0391043632,197.60821190962048,0
myopic,22,41,6,12,1,1,91.99999988079071,12352.941175922751,2548.2933911083965,216.75907740160903,925064.8741994716,201.0148893750271,0
myopic,22,40,6,12,1,1,91.99999988079071,12352.941175922751,2376.4870011935764,217.24683758656872,945051.5832315381,201.0148893750271,0
myopic,22,39,6,12,1,1,91.99999988079071,12352.941175922751,2207.876610516396,230.0918436760633,966220.0328223068,201.0148893750271,0
myopic,22,38,6,12,1,1,91.99999988079071,12352.941175922751,2025.8756200246453,216.93968645195653,986178.4839500256,208.16928401824555,0
myopic,22,37,6,12,1,1,91.99999988079071,12352.941175922751,1854.0052574091278,220.0451279867894,1006422.6356985788,208.16928401824555,0
myopic,22,36,6,12,1,1,91.99999988079071,12352.941175922751,1680.8464731935564,222.72974507361474,1026913.7722187999,208.605935944052,0
myopic,22,35,6,12,1,1,91.99999988079071,12352.941175922751,1502.504972389679,222.02351807031923,1047339.935854802,208.605935944052,0
myopic,22,34,6,12,1,1,91.99999988079071,12352.941175922751,1326.5070025346322,230.07952764011807,1068507.2523702653,208.605935944052,0
myopic,22,33,6,12,1,1,91.99999988079071,12352.941175922751,1141.2148431591868,238.07478928071686,1090410.1329557106,208.605935944052,0
myopic,22,32,6,12,1,1,91.99999988079071,12352.941175922751,953.2061499042484,243.01041743563115,1112767.0913308195,208.605935944052,0
myopic,22,31,6,12,1,1,91.99999988079071,12352.941175922751,758.1694563985584,245.02700380672493,1135309.5756518287,213.0863875168285,0
myopic,22,30,6,12,1,1,91.99999988079071,12352.941175922751,559.6691861506788,242.94094224179793,1157660.1423091132,214.84826275598544,0
myopic,22,29,6,12,1,1,91.99999988079071,10000.0,364.41080042824797,0.0,1157660.1423091132,225.55221352890493,0
myopic,22,28,6,12,1,1,91.99999988079071,10000.0,364.41080042824797,0.0,1157660.1423091132,225.55221352890493,0
myopic,22,27,6,12,1,1,91.99999988079071,10000.0,364.41080042824797,0.0,1157660.1423091132,225.97295172837198,0
myopic,22,26,6,12,1,1,91.99999988079071,10000.0,364.41080042824797,0.0,1157660.1423091132,225.97295172837198,0
myopic,22,25,6,12,1,1,91.99999988079071,10000.0,364.41080042824797,0.0,1157660.1423091132,230.19559885154544,0
myopic,22,24,6,12,1,1,91.99999988079071,10000.0,364.41080042824797,0.0,1157660.1423091132,233.6670386321828,0
myopic,22,23,6,12,1,1,91.99999988079071,10000.0,364.41080042824797,0.0,1157660.1423091132,235.30679756566138,0
myopic,22,22,6,12,1,1,91.99999988079071,10000.0,364.41080042824797,0.0,1157660.1423091132,238.1271749969102,0
myopic,22,21,6,12,1,1,91.99999988079071,10000.0,364.41080042824797,0.0,1157660.1423091132,238.1271749969102,0
myopic,22,20,6,12,1,1,91.99999988079071,10000.0,364.41080042824797,0.0,1157660.1423091132,238.1271749969102,0
myopic,22,19,6,12,1,1,91.99999988079071,10000.0,364.41080042824797,0.0,1157660.1423091132,238.1271749969102,0
myopic,22,18,6,12,1,1,91.99999988079071,10000.0,364.41080042824797,0.0,1157660.1423091132,244.15619931843952,0
myopic,22,17,6,12,1,1,91.99999988079071,10000.0,364.41080042824797,0.0,1157660.1423091132,244.15619931843952,0
myopic,22,16,6,12,1,1,91.99999988079071,10000.0,364.41080042824797,0.0,1157660.1423091132,246.45447097887347,0
myopic,22,15,6,12,1,1,91.99999988079071,10000.0,364.41080042824797,0.0,1157660.1423091132,249.0993376403336,0
myopic,22,14,6,12,1,1,91.99999988079071,10000.0,364.41080042824797,0.0,1157660.1423091132,251.01425215790965,0
myopic,22,13,6,12,1,1,91.99999988079071,10000.0,364.41080042824797,0.0,1157660.1423091132,251.46554524240713,0
myopic,22,12,6,12,1,1,91.99999988079071,10000.0,364.41080042824797,0.0,1157660.1423091132,252.18470229434556,0
myopic,22,11,6,12,1,1,91.99999988079071,10000.0,364.41080042824797,0.0,1157660.1423091132,252.18470229434556,0
myopic,22,10,6,12,1,1,91.99999988079071,10000.0,364.41080042824797,0.0,1157660.1423091132,253.3217479726484,0
myopic,22,9,6,12,1,1,91.99999988079071,10000.0,364.41080042824797,0.0,1157660.1423091132,253.3217479726484,0
myopic,22,8,6,12,1,1,91.99999988079071,10000.0,364.41080042824797,0.0,1157660.1423091132,253.3217479726484,0
myopic,22,7,6,12,1,1,91.99999988079071,10000.0,364.41080042824797,0.0,1157660.1423091132,253.3217479726484,0
myopic,22,6,6,12,1,1,91.99999988079071,10000.0,364.41080042824797,0.0,1157660.1423091132,253.3217479726484,0
myopic,22,5,6,12,1,1,91.99999988079071,10000.0,364.41080042824797,0.0,1157660.1423091132,227.42353435458372,0
myopic,22,4,6,12,1,1,91.99999988079071,10000.0,364.41080042824797,0.0,1157660.1423091132,223.80390014802688,0
myopic,22,3,6,12,1,1,91.99999988079071,10000.0,364.41080042824797,0.0,1157660.1423091132,212.94074769604768,0
myopic,22,2,6,12,1,1,91.99999988079071,10000.0,364.41080042824797,0.0,1157660.1423091132,199.91705650403023,0
myopic,22,1,6,12,1,1,91.99999988079071,10000.0,364.41080042824797,0.0,1157660.1423091132,192.4570690769313,0
myopic,23,100,5,6,1,0,91.99999988079071,12352.941175922751,10000.0,87.59017851920714,8058.2964133254945,96.84458680514814,0
myopic,23,99,5,6,1,0,91.99999988079071,12352.941175922751,9937.197339171886,89.13142900137261,16258.387870826482,96.84458680514814,0
myopic,23,98,5,6,1,0,91.99999988079071,12352.941175922751,9872.824480407098,112.45759471559752,26604.486571255464,96.84458680514814,0
myopic,23,97,5,6,1,0,91.99999988079071,12352.941175922751,9791.59671687906,114.58185355818998,37146.01708494972,98.1841879480772,0
myopic,23,96,5,6,1,0,91.99999988079071,12352.941175922751,9709.306348600621,104.84165479801165,46791.449313868696,98.50389294485028,0
myopic,23,95,5,6,1,0,91.99999988079071,12352.941175922751,9634.529594631182,121.18624428046013,57940.5837732245,99.5635638370951,0
myopic,23,94,5,6,1,0,91.99999988079071,12352.941175922751,9548.318977963898,107.29667567707278,67811.87792272444,99.5635638370951,0
myopic,23,93,5,6,1,0,91.99999988079071,12352.941175922751,9472.049496364078,106.34299916011705,77595.43383277813,99.5635638370951,0
myopic,23,92,5,6,1,0,91.99999988079071,12352.941175922751,9395.936145005448,112.53340702698347,87948.50726584558,100.80382638306776,0
myopic,23,91,5,6,1,0,91.99999988079071,12352.941175922751,9315.283531039553,109.06315286446029,97982.31731637458,100.80382638306776,0
myopic,23,90,5,6,1,0,91.99999988079071,12352.941175922751,9237.366850889275,112.61749631961915,108343.1269643545,102.09928872109144,0
myopic,23,89,5,6,1,0,91.99999988079071,12352.941175922751,9157.628136770303,112.61130473716103,118703.366986749,102.09928872109144,0
myopic,23,88,5,6,1,0,91.99999988079071,12352.941175922751,9074.964408975591,107.34735765342984,128579.32387806773,102.36662901118811,0
myopic,23,87,5,6,1,0,91.99999988079071,12352.941175922751,8997.406375102033,136.02033281597463,141093.1944809225,103.54257348173525,0
myopic,23,86,5,6,1,0,91.99999988079071,12352.941175922751,8900.262778929642,102.04997931799868,150481.7925660131,103.54257348173525,0
myopic,23,85,5,6,1,0,91.99999988079071,12352.941175922751,8826.725569447935,129.47461535471896,162393.45716321265,104.94444467296476,0
myopic,23,84,5,6,1,0,91.99999988079071,12352.941175922751,8730.425244151163,105.29121340664946,172080.2487840727,104.94444467296476,0
myopic,23,83,5,6,1,0,91.99999988079071,12352.941175922751,8653.380123010302,115.0552829624387,182665.3348029014,104.94444467296476,0
myopic,23,82,5,6,1,0,91.99999988079071,12352.941175922751,8570.342813182457,99.84617429103528,191851.18282577407,104.94444467296476,0
myopic,23,81,5,6,1,0,91.99999988079071,12352.941175922751,8496.694582574586,108.52745037603273,201835.7082474316,105.30269770003343,0
myopic,23,80,5,6,1,0,91.99999988079071,12352.941175922751,8417.26000641215,117.97733240389051,212689.62281452556,105.30269770003343,0
myopic,23,79,5,6,1,0,91.99999988079071,12352.941175922751,8329.158374151717,126.73013901383462,224348.79558869093,107.04578516915666,0
myopic,23,78,5,6,1,0,91.99999988079071,12352.941175922751,8237.93416063799,116.43648224212356,235060.95194108598,107.04578516915666,0
myopic,23,77,5,6,1,0,91.99999988079071,12352.941175922751,8151.613896558078,109.53159437266106,245137.85861031362,108.15295924674302,0
myopic,23,76,5,6,1,0,91.99999988079071,12352.941175922751,8071.749630624762,122.01632049252828,256363.36008108075,109.66762219893337,0
myopic,23,75,5,6,1,0,91.99999988079071,12352.941175922751,7984.13520987727,110.31204891541748,266512.06856814894,109.66762219893337,0
myopic,23,74,5,6,1,0,91.99999988079071,12352.941175922751,7904.917275987872,122.73861646876932,277804.02126864414,109.66762219893337,0
myopic,23,73,5,6,1,0,91.99999988079071,12352.941175922751,7815.269494237634,127.87199573964425,289568.2448614479,109.89307416174906,0
myopic,23,72,5,6,1,0,91.99999988079071,12352.941175922751,7720.935589470014,125.0189474654922,301069.98801336973,109.89307416174906,0
myopic,23,71,5,6,1,0,91.99999988079071,12352.941175922751,7628.813673190425,126.45819980044558,312704.1423799357,109.89307416174906,0
myopic,23,70,5,6,1,0,91.99999988079071,12352.941175922751,7535.529913395465,116.00630509279848,323376.7224346441,109.89307416174906,0
myopic,23,69,5,6,1,0,91.99999988079071,12352.941175922751,7448.501071530417,134.62953374785388,335762.6395233976,113.01452311832983,0
myopic,23,68,5,6,1,0,91.99999988079071,12352.941175922751,7346.144839288727,125.65186111467803,347322.6107309691,115.68382153387522,0
myopic,23,67,5,6,1,0,91.99999988079071,12352.941175922751,7253.64108043186,117.50651840837068,358133.2104105314,115.68382153387522,0
myopic,23,66,5,6,1,0,91.99999988079071,12352.941175922751,7171.022568584716,118.61567170950558,369045.8521936658,117.77633053076984,0
myopic,23,65,5,6,1,0,91.99999988079071,12352.941175922751,7082.288512108025,121.99860929924604,380269.72423465305,117.77633053076984,0
myopic,23,64,5,6,1,0,91.99999988079071,12352.941175922751,6994.559213397386,135.81956222328753,392765.1239430045,117.77633053076984,0
myopic,23,63,5,6,1,0,91.99999988079071,12352.941175922751,6894.0197948721425,128.06545181227426,404547.1454944672,119.48310619486782,0
myopic,23,62,5,6,1,0,91.99999988079071,12352.941175922751,6798.890837311454,130.2428612627478,416529.48871511384,119.48310619486782,0
myopic,23,61,5,6,1,0,91.99999988079071,12352.941175922751,6700.93029684009,144.01375408072158,429778.75407337246,119.81792724103677,0
myopic,23,60,5,6,1,0,91.99999988079071,12352.941175922751,6593.371206651044,153.82117440369052,443930.30210017506,144.0601159519614,0
myopic,23,59,5,6,1,0,91.99999988079071,12352.941175922751,6476.464763146119,155.13080137676903,458202.33580834477,144.0601159519614,0
myopic,23,58,5,6,1,0,91.99999988079071,12352.941175922751,6357.748631744962,168.27744578340446,473683.86080035777,149.09961677913984,0
myopic,23,57,5,6,1,0,91.99999988079071,12352.941175922751,6228.8092118066825,157.7772972024122,488199.3721241712,149.09961677913984,0
myopic,23,56,5,6,1,0,91.99999988079071,12352.941175922751,6108.827239284289,168.43115349010117,503695.0382251819,149.09961677913984,0
myopic,23,55,5,6,1,0,91.99999988079071,12352.941175922751,5984.120203928619,163.438978310903,518731.42421030154,151.02766539478267,0
myopic,23,54,5,6,1,0,91.99999988079071,12352.941175922751,5861.293045074241,157.7970913583478,533248.7565964586,151.02766539478267,0
myopic,23,53,5,6,1,0,91.99999988079071,12352.941175922751,5742.98385261623,154.00770700916655,547417.4656229428,151.02766539478267,0
myopic,23,52,5,6,1,0,91.99999988079071,12352.941175922751,5626.90361347723,170.17601432580665,563073.6589206305,151.02766539478267,0
myopic,23,51,5,6,1,0,91.99999988079071,12352.941175922751,5498.923960954904,158.59372332630687,577664.2814477448,152.83113474757658,0
myopic,23,50,5,6,1,0,91.99999988079071,12352.941175922751,5376.91614756263,169.5586687593454,593263.6789533916,156.11217061502776,0
myopic,23,49,5,6,1,0,91.99999988079071,12352.941175922751,5247.748662846389,170.65363835016598,608963.8136612634,157.41349035794718,0
myopic,23,48,5,6,1,0,91.99999988079071,12352.941175922751,5118.406007830563,178.64114765609887,625398.7992243288,157.41349035794718,0
myopic,23,47,5,6,1,0,91.99999988079071,12352.941175922751,4982.768894497313,174.05689609219377,641412.0336440614,158.60134809389282,0
myopic,23,46,5,6,1,0,91.99999988079071,12352.941175922751,4851.876617134915,161.09027327233835,656232.338765913,158.60134809389282,0
myopic,23,45,5,6,1,0,91.99999988079071,12352.941175922751,4728.950678811799,190.8307453522729,673788.7673155733,158.94197023932213,0
myopic,23,44,5,6,1,0,91.99999988079071,12352.941175922751,4582.129023918442,191.01441380471874,691362.0933628367,160.16913603518637,0
myopic,23,43,5,6,1,0,91.99999988079071,12352.941175922751,4434.479415256681,179.1730477865892,707846.0137378438,160.16913603518637,0
myopic,23,42,5,6,1,0,91.99999988079071,12352.941175922751,4297.356853790146,178.62548653285035,724279.5584775723,160.16913603518637,0
myopic,23,41,5,6,1,0,91.99999988079071,12352.941175922751,4156.907858576051,188.2863437088537,741601.9020763413,163.14309017483365,0
myopic,23,40,5,6,1,0,91.99999988079071,12352.941175922751,4012.3674870204277,175.04629138515702,757706.1608629086,163.14309017483365,0
myopic,23,39,5,6,1,0,91.99999988079071,12352.941175922751,3874.8869053204253,177.70108472123331,774054.6606360784,163.14309017483365,0
myopic,23,38,5,6,1,0,91.99999988079071,12352.941175922751,3735.6646649114664,174.54286892942707,790112.6045567786,165.89358265658913,0
myopic,23,37,5,6,1,0,91.99999988079071,12352.941175922751,3599.0831411439067,194.37259923009245,807994.8836627761,165.89358265658913,0
myopic,23,36,5,6,1,0,91.99999988079071,12352.941175922751,3446.3890882173437,184.11053450347848,824933.0528151484,166.20710065236935,0
myopic,23,35,5,6,1,0,91.99999988079071,12352.941175922751,3302.5262174933296,181.48653290866724,841629.8138211109,166.20710065236935,0
myopic,23,34,5,6,1,0,91.99999988079071,12352.941175922751,3160.6904687796577,191.59356203728697,859256.4215057015,166.20710065236935,0
myopic,23,33,5,6,1,0,91.99999988079071,12352.941175922751,3008.8773597347317,185.42547990952633,876315.5656352735,166.20710065236935,0
myopic,23,32,5,6,1,0,91.99999988079071,12352.941175922751,2865.368579852123,182.90828835066853,893143.1281417306,166.20710065236935,0
myopic,23,31,5,6,1,0,91.99999988079071,12352.941175922751,2721.1036806783277,188.395568509324,910475.5204221299,170.68755222514585,0
myopic,23,30,5,6,1,0,91.99999988079071,12352.941175922751,2574.8347259713264,206.43570599988914,929467.6053495107,171.5178869628399,0
myopic,23,29,5,6,1,0,91.99999988079071,12352.941175922751,2407.921313475168,191.31130398503512,947068.2452933278,183.5069626646924,0
myopic,23,28,5,6,1,0,91.99999988079071,12352.941175922751,2256.4584636609143,214.5430689399128,966806.2076102243,183.5069626646924,0
myopic,23,27,5,6,1,0,91.99999988079071,12352.941175922751,2087.0712247405563,198.32282641767588,985051.9076170085,183.92770086415945,0
myopic,23,26,5,6,1,0,91.99999988079071,12352.941175922751,1929.2183922792774,209.2755157896121,1004305.2550447052,183.92770086415945,0
myopic,23,25,5,6,1,0,91.99999988079071,12352.941175922751,1763.2390722505152,217.22371153467193,1024289.8364799999,186.80626150679473,0
myopic,23,24,5,6,1,0,91.99999988079071,12352.941175922751,1593.3076524334156,216.7997431393116,1044235.412822972,191.0448872510231,0
myopic,23,23,5,6,1,0,91.99999988079071,12352.941175922751,1419.2602205060975,211.55367259538417,1063698.3506765282,193.02588321644785,0
myopic,23,22,5,6,1,0,91.99999988079071,12352.941175922751,1249.0019368074027,213.20796684583723,1083313.483600929,194.18334326878238,0
myopic,23,21,5,6,1,0,91.99999988079071,12352.941175922751,1075.6002537612985,209.1312512349968,1102553.5586896183,194.18334326878238,0
myopic,23,20,5,6,1,0,91.99999988079071,12352.941175922751,907.140413503008,201.7237054492678,1121112.1395669035,194.18334326878238,0
myopic,23,19,5,6,1,0,91.99999988079071,12352.941175922751,745.9179877202077,217.31858628274182,1141105.4494790093,194.18334326878238,0
myopic,23,18,5,6,1,0,91.99999988079071,12352.941175922751,572.5120304525863,212.468144962232,1160652.5187902064,200.04238084998562,0
myopic,23,17,5,6,1,0,91.99999988079071,10000.0,402.08830737640164,0.0,1160652.5187902064,200.04238084998562,0
myopic,23,16,5,6,1,0,91.99999988079071,10000.0,402.08830737640164,0.0,1160652.5187902064,202.34065251041957,0
myopic,23,15,5,6,1,0,91.99999988079071,10000.0,402.08830737640164,0.0,1160652.5187902064,202.69499413993447,0
myopic,23,14,5,6,1,0,91.99999988079071,10000.0,402.08830737640164,0.0,1160652.5187902064,204.00441527653624,0
myopic,23,13,5,6,1,0,91.99999988079071,10000.0,402.08830737640164,0.0,1160652.5187902064,204.00441527653624,0
myopic,23,12,5,6,1,0,91.99999988079071,10000.0,402.08830737640164,0.0,1160652.5187902064,204.31453412074885,0
myopic,23,11,5,6,1,0,91.99999988079071,10000.0,402.08830737640164,0.0,1160652.5187902064,204.31453412074885,0
myopic,23,10,5,6,1,0,91.99999988079071,10000.0,402.08830737640164,0.0,1160652.5187902064,204.97914192627147,0
myopic,23,9,5,6,1,0,91.99999988079071,10000.0,402.08830737640164,0.0,1160652.5187902064,204.97914192627147,0
myopic,23,8,5,6,1,0,91.99999988079071,10000.0,402.08830737640164,0.0,1160652.5187902064,204.97914192627147,0
myopic,23,7,5,6,1,0,91.99999988079071,10000.0,402.08830737640164,0.0,1160652.5187902064,204.97914192627147,0
myopic,23,6,5,6,1,0,91.99999988079071,10000.0,402.08830737640164,0.0,1160652.5187902064,204.97914192627147,0
myopic,23,5,5,6,1,0,91.99999988079071,10000.0,402.08830737640164,0.0,1160652.5187902064,186.73816117636846,0
myopic,23,4,5,6,1,0,91.99999988079071,10000.0,402.08830737640164,0.0,1160652.5187902064,183.11852696981163,0
myopic,23,3,5,6,1,0,91.99999988079071,10000.0,402.08830737640164,0.0,1160652.5187902064,174.43812562988745,0
myopic,23,2,5,6,1,0,91.99999988079071,10000.0,402.08830737640164,0.0,1160652.5187902064,166.42268074179484,0
myopic,23,1,5,6,1,0,91.99999988079071,10000.0,402.08830737640164,0.0,1160652.5187902064,158.9626933146959,0
myopic,24,100,3,6,0,0,91.99999988079071,12352.941175922751,10000.0,57.638323159702075,5302.725723821567,53.96532052694327,1
myopic,24,99,3,6,0,0,91.99999988079071,12352.941175922751,9961.363566783333,64.45540661058334,11232.62312431155,53.96532052694327,1
myopic,24,98,3,6,0,0,91.99999988079071,12352.941175922751,9919.313624115064,75.01484195526243,18133.98857525323,53.96532052694327,1
myopic,24,97,3,6,0,0,91.99999988079071,12352.941175922751,9869.36200620357,53.57877343322007,23063.235724722388,55.53276728716988,1
myopic,24,96,3,6,0,0,91.99999988079071,12352.941175922751,9833.845435944091,54.93002320166935,28116.7978527278,55.852472283942966,1
myopic,24,95,3,6,0,0,91.99999988079071,12352.941175922751,9797.133583712248,50.843900038824565,32794.4366502386,56.18471002774361,1
myopic,24,94,3,6,0,0,91.99999988079071,12352.941175922751,9763.083082011754,47.41421875958107,37156.54477046784,56.18471002774361,1
myopic,24,93,3,6,0,0,91.99999988079071,12352.941175922751,9730.952039494981,64.49375097401423,43089.969852388895,56.18471002774361,1
myopic,24,92,3,6,0,0,91.99999988079071,12352.941175922751,9687.002325404304,56.63254147048507,48300.16366092239,56.85789131285237,1
myopic,24,91,3,6,0,0,91.99999988079071,12352.941175922751,9650.73933528043,52.45762101988666,53126.26478849853,56.85789131285237,1
myopic,24,90,3,6,0,0,91.99999988079071,12352.941175922751,9615.881929656909,79.12505929717356,60405.77023440605,57.85980122566746,1
myopic,24,89,3,6,0,0,91.99999988079071,12352.941175922751,9562.469997388325,73.90933120859907,67205.42869678649,57.85980122566746,1
myopic,24,88,3,6,0,0,91.99999988079071,12352.941175922751,9513.807212855047,60.47223482407301,72768.87429339235,57.85980122566746,1
myopic,24,87,3,6,0,0,91.99999988079071,12352.941175922751,9473.533225048353,74.08026338897375,79584.25851634688,59.05581472314141,1
myopic,24,86,3,6,0,0,91.99999988079071,12352.941175922751,9424.341285234486,62.688690401810824,85351.61802584039,59.05581472314141,1
myopic,24,85,3,6,0,0,91.99999988079071,12352.941175922751,9381.05313297764,58.034069023695324,90690.75236910216,59.321172379079584,1
myopic,24,84,3,6,0,0,91.99999988079071,12352.941175922751,9342.037486596857,54.26034737323307,95682.70432097127,59.321172379079584,1
myopic,24,83,3,6,0,0,91.99999988079071,12352.941175922751,9305.64274656645,71.65144231760682,102274.63700564958,59.321172379079584,1
myopic,24,82,3,6,0,0,91.99999988079071,12352.941175922751,9256.315628342067,54.274889932382536,107267.9268729587,59.321172379079584,1
myopic,24,81,3,6,0,0,91.99999988079071,12352.941175922751,9221.40143194047,69.71753727367232,113681.94029382558,59.67942540614826,1
myopic,24,80,3,6,0,0,91.99999988079071,12352.941175922751,9172.904839148645,60.31292111727221,119230.72902942477,59.67942540614826,1
myopic,24,79,3,6,0,0,91.99999988079071,12352.941175922751,9131.865018077526,66.62241653146684,125359.9913423777,60.144742931333404,1
myopic,24,78,3,6,0,0,91.99999988079071,12352.941175922751,9088.495944920876,46.244844470559144,129614.51702815633,60.59148468407464,1
myopic,24,77,3,6,0,0,91.99999988079071,12352.941175922751,9057.124296235008,71.49692400913445,136192.2340284736,61.68635059106254,1
myopic,24,76,3,6,0,0,91.99999988079071,12352.941175922751,9009.847663262428,64.99123360495317,142171.42751238175,61.68635059106254,1
myopic,24,75,3,6,0,0,91.99999988079071,12352.941175922751,8966.21252065799,59.89745325494745,147681.99320469657,61.68635059106254,1
myopic,24,74,3,6,0,0,91.99999988079071,12352.941175922751,8926.315484439609,77.10573018324482,154775.72037236337,61.68635059106254,1
myopic,24,73,3,6,0,0,91.99999988079071,12352.941175922751,8873.634994007287,65.87631775454749,160836.34159792867,61.811377832783585,1
myopic,24,72,3,6,0,0,91.99999988079071,12352.941175922751,8828.961856115791,72.83988384917302,167537.61090336938,61.811377832783585,1
myopic,24,71,3,6,0,0,91.99999988079071,12352.941175922751,8779.515333644813,71.00286860535064,174069.87480659745,63.69238905560433,1
myopic,24,70,3,6,0,0,91.99999988079071,12352.941175922751,8731.480763200669,72.45824675829905,180736.03349972327,63.69238905560433,1
myopic,24,69,3,6,0,0,91.99999988079071,12352.941175922751,8681.977986228892,75.02218422168367,187638.07443917482,63.69238905560433,1
myopic,24,68,3,6,0,0,91.99999988079071,12352.941175922751,8631.849146135517,64.0425641627801,193529.99033451613,64.51194257070377,1
myopic,24,67,3,6,0,0,91.99999988079071,12352.941175922751,8588.725727475521,84.54441539054548,201308.07654036782,64.51194257070377,1
myopic,24,66,3,6,0,0,91.99999988079071,12352.941175922751,8531.051940924408,71.37441778738152,207874.52296829844,66.02319309723785,1
myopic,24,65,3,6,0,0,91.99999988079071,12352.941175922751,8483.310698766478,64.1835485022328,213779.40942285256,66.02319309723785,1
myopic,24,64,3,6,0,0,91.99999988079071,12352.941175922751,8440.308243879694,70.80324107684619,220293.30759348202,66.02319309723785,1
myopic,24,63,3,6,0,0,91.99999988079071,12352.941175922751,8392.127398951401,83.87636586598438,228009.93324315373,66.02319309723785,1
myopic,24,62,3,6,0,0,91.99999988079071,12352.941175922751,8334.873037204212,79.6513072388697,235337.85349963457,66.02319309723785,1
myopic,24,61,3,6,0,0,91.99999988079071,12352.941175922751,8279.684592133704,96.65118816965077,244229.76279972072,66.0678136608015,1
myopic,24,60,3,6,0,0,91.99999988079071,12352.941175922751,8213.54520841972,92.11900679799065,252704.71141415442,85.17672399217258,1
myopic,24,59,3,6,0,0,91.99999988079071,12352.941175922751,8149.531211779424,86.19831354916398,260634.95625040185,85.17672399217258,1
myopic,24,58,3,6,0,0,91.99999988079071,12352.941175922751,8088.7963321209845,80.55405725047923,268045.92950784316,85.17672399217258,1
myopic,24,57,3,6,0,0,91.99999988079071,12352.941175922751,8032.644824426628,90.8861532495997,276407.45559597184,85.17672399217258,1
myopic,24,56,3,6,0,0,91.99999988079071,12352.941175922751,7968.894838234095,86.028743765795,284322.10001216957,85.17672399217258,1
myopic,24,55,3,6,0,0,91.99999988079071,12352.941175922751,7907.86200679944,88.05284018069338,292422.96129829664,87.67464619283565,1
myopic,24,54,3,6,0,0,91.99999988079071,12352.941175922751,7846.627358161239,87.57153610050743,300479.54260910396,87.67464619283565,1
myopic,24,53,3,6,0,0,91.99999988079071,12352.941175922751,7785.385147426989,98.64950417768527,309555.29698169103,87.67464619283565,1
myopic,24,52,3,6,0,0,91.99999988079071,12352.941175922751,7712.6251493141135,75.91702482599973,316539.663256633,88.00542260216963,1
myopic,24,51,3,6,0,0,91.99999988079071,12352.941175922751,7658.165499466234,104.23214998992205,326129.0210432804,89.3393639748758,1
myopic,24,50,3,6,0,0,91.99999988079071,12352.941175922751,7582.599582962167,99.85586391090457,335315.76051117986,89.3393639748758,1
myopic,24,49,3,6,0,0,91.99999988079071,12352.941175922751,7511.210503193393,112.20720786159171,345638.8236210701,89.87264365606573,1
myopic,24,48,3,6,0,0,91.99999988079071,12352.941175922751,7431.305833866736,99.42032268769073,354785.49329648586,89.87264365606573,1
myopic,24,47,3,6,0,0,91.99999988079071,12352.941175922751,7360.490207731218,104.23356688655532,364374.9814376233,89.87264365606573,1
myopic,24,46,3,6,0,0,91.99999988079071,12352.941175922751,7283.993395166225,93.62260428300937,372988.2610204995,92.28499445299059,1
myopic,24,45,3,6,0,0,91.99999988079071,12352.941175922751,7215.767927525681,82.80276476917439,380606.1153693927,92.32417290804567,1
myopic,24,44,3,6,0,0,91.99999988079071,12352.941175922751,7155.975798348955,97.96406578785053,389618.80941019667,92.85601305134094,1
myopic,24,43,3,6,0,0,91.99999988079071,12352.941175922751,7084.1981967861175,107.80629047964266,399536.9881214723,92.85601305134094,1
myopic,24,42,3,6,0,0,91.99999988079071,12352.941175922751,7005.648582460555,106.75221292528347,409358.19169787253,92.85601305134094,1
myopic,24,41,3,6,0,0,91.99999988079071,12352.941175922751,6928.269908631609,85.90777594410798,417261.70707448944,93.6308664821853,1
myopic,24,40,3,6,0,0,91.99999988079071,12352.941175922751,6865.913652487783,91.2484713100091,425656.5664241326,93.6308664821853,1
myopic,24,39,3,6,0,0,91.99999988079071,12352.941175922751,6798.7616021053655,98.27731926100354,434698.0797844294,93.6308664821853,1
myopic,24,38,3,6,0,0,91.99999988079071,12352.941175922751,6727.472575673584,99.58502176937198,443859.90177534014,95.04742683727991,1
myopic,24,37,3,6,0,0,91.99999988079071,12352.941175922751,6655.004020028295,105.03233429567925,453522.8765180218,95.04742683727991,1
myopic,24,36,3,6,0,0,91.99999988079071,12352.941175922751,6577.876817793257,93.50284799837395,462125.1385227258,95.04742683727991,1
myopic,24,35,3,6,0,0,91.99999988079071,12352.941175922751,6507.997460899328,94.79134015803136,470845.9418059647,95.04742683727991,1
myopic,24,34,3,6,0,0,91.99999988079071,12352.941175922751,6438.8546002574685,81.72373880240792,478364.525766044,95.04742683727991,1
myopic,24,33,3,6,0,0,91.99999988079071,12352.941175922751,6378.66291848332,113.22298573090451,488781.04043978994,95.04742683727991,1
myopic,24,32,3,6,0,0,91.99999988079071,12352.941175922751,6293.9265954884095,114.72122297889284,499335.3929401722,97.00694341239463,1
myopic,24,31,3,6,0,0,91.99999988079071,12352.941175922751,6208.786313493896,105.24331206119008,509017.7776372557,101.69890345053383,1
myopic,24,30,3,6,0,0,91.99999988079071,12352.941175922751,6131.58098164052,112.65249758233324,519381.80740140117,101.69890345053383,1
myopic,24,29,3,6,0,0,91.99999988079071,12352.941175922751,6047.998915931999,105.6371225744398,529100.4226656567,105.09652333242514,1
myopic,24,28,3,6,0,0,91.99999988079071,12352.941175922751,5970.057957877092,118.94773502042491,540043.614273356,105.09652333242514,1
myopic,24,27,3,6,0,0,91.99999988079071,12352.941175922751,5881.326486827461,113.67692034313677,550501.8909313732,105.51726153189219,1
myopic,24,26,3,6,0,0,91.99999988079071,12352.941175922751,5797.610534966135,120.73541381610276,561609.548988062,105.51726153189219,1
myopic,24,25,3,6,0,0,91.99999988079071,12352.941175922751,5707.024058885886,131.89235065017013,573743.6452321549,108.86577323146005,1
myopic,24,24,3,6,0,0,91.99999988079071,12352.941175922751,5608.040918352412,128.82842112541556,585595.8599603355,110.31606898852215,1
myopic,24,23,3,6,0,0,91.99999988079071,12352.941175922751,5513.132201797742,137.11608325647538,598210.5396035857,111.20897889534331,1
myopic,24,22,3,6,0,0,91.99999988079071,12352.941175922751,5411.893047091077,122.15396909230317,609448.7047455157,112.95137016244168,1
myopic,24,21,3,6,0,0,91.99999988079071,12352.941175922751,5319.952841322894,118.00411304443735,620305.0831315367,112.95137016244168,1
myopic,24,20,3,6,0,0,91.99999988079071,12352.941175922751,5230.809118513265,118.28810732034448,631187.5889909074,112.95137016244168,1
myopic,24,19,3,6,0,0,91.99999988079071,12352.941175922751,5140.607691888486,129.59082406827827,643109.9447897406,112.95137016244168,1
myopic,24,18,3,6,0,0,91.99999988079071,12352.941175922751,5040.041844187649,137.32438392171434,655743.788094168,117.40424760711261,1
myopic,24,17,3,6,0,0,91.99999988079071,12352.941175922751,4932.293529661626,131.30316110496395,667823.6789001721,117.40424760711261,1
myopic,24,16,3,6,0,0,91.99999988079071,12352.941175922751,4832.461948019613,146.49718426845897,681301.4198354065,117.43877695873326,1
myopic,24,15,3,6,0,0,91.99999988079071,12352.941175922751,4718.458953692707,108.06244116051303,691243.1644092916,117.79311858824813,1
myopic,24,14,3,6,0,0,91.99999988079071,12352.941175922751,4633.817471580949,127.21735093722042,702947.1606803504,118.13382576143007,1
myopic,24,13,3,6,0,0,91.99999988079071,12352.941175922751,4535.768032443681,124.07949803480761,714362.4744847612,118.13382576143007,1
myopic,24,12,3,6,0,0,91.99999988079071,12352.941175922751,4438.690718479868,122.39993011775253,725623.2680410033,118.65148982084473,1
myopic,24,11,3,6,0,0,91.99999988079071,12352.941175922751,4342.277567435084,128.72944438384533,737466.3769089712,118.65148982084473,1
myopic,24,10,3,6,0,0,91.99999988079071,12352.941175922751,4240.9492538439845,133.94894294250196,749789.6796437134,119.72247037978816,1
myopic,24,9,3,6,0,0,91.99999988079071,12352.941175922751,4134.2927372829645,143.19429901921177,762963.5551364108,119.9282594332441,1
myopic,24,8,3,6,0,0,91.99999988079071,12352.941175922751,4019.4728488071714,122.79398044818939,774260.601323006,119.9282594332441,1
myopic,24,7,3,6,0,0,91.99999988079071,12352.941175922751,3920.971434450743,144.07206253570587,787515.2310591162,119.9282594332441,1
myopic,24,6,3,6,0,0,91.99999988079071,12352.941175922751,3802.600120059097,115.06957809241112,798101.6322299007,119.9282594332441,1
myopic,24,5,3,6,0,0,91.99999988079071,12352.941175922751,3708.4062759579174,110.82635043019906,808297.6564562675,111.6350613497792,1
myopic,24,4,3,6,0,0,91.99999988079071,12352.941175922751,3617.881336630412,97.15985665226148,817236.3632566931,105.31132169984018,1
myopic,24,3,3,6,0,0,91.99999988079071,12352.941175922751,3538.9777377257233,103.5452575103166,826762.5269352987,100.66337802387262,1
myopic,24,2,3,6,0,0,91.99999988079071,12352.941175922751,3452.232808017914,102.2425388063662,836168.8404932962,97.45860423514522,1
myopic,24,1,3,6,0,0,91.99999988079071,12352.941175922751,3366.024564329384,89.01645084448576,844358.3539603773,90.48681714092218,1
myopic,25,100,2,12,0,1,91.99999988079071,12352.941175922751,10000.0,103.7046141534338,9540.824489753355,78.34826956228913,0
myopic,25,99,2,12,0,1,91.99999988079071,12352.941175922751,9928.930416090865,84.04389435713749,17272.86276059119,78.34826956228913,0
myopic,25,98,2,12,0,1,91.99999988079071,12352.941175922751,9873.300729108198,95.82480685995543,26088.744980283882,78.34826956228913,0
myopic,25,97,2,12,0,1,91.99999988079071,12352.941175922751,9809.910624889424,89.95121521655403,34364.256769483836,80.43164846582134,0
myopic,25,96,2,12,0,1,91.99999988079071,12352.941175922751,9748.773895273605,98.03498349071467,43383.475238942905,80.43164846582134,0
myopic,25,95,2,12,0,1,91.99999988079071,12352.941175922751,9684.089719660999,84.87225104720194,51191.722325167924,80.76388620962199,0
myopic,25,94,2,12,0,1,91.99999988079071,12352.941175922751,9628.040136105503,88.93856706409557,59374.07048446241,80.76388620962199,0
myopic,25,93,2,12,0,1,91.99999988079071,12352.941175922751,9568.557389181395,86.41385508799921,67324.14514225701,81.2516721329647,0
myopic,25,92,2,12,0,1,91.99999988079071,12352.941175922751,9509.976789894983,89.9202457619676,75596.8077416387,81.68189079408234,0
myopic,25,91,2,12,0,1,91.99999988079071,12352.941175922751,9449.751237727725,75.02978666033651,82499.5481054454,81.68189079408234,0
myopic,25,90,2,12,0,1,91.99999988079071,12352.941175922751,9400.734704294833,85.21803190591521,90339.60703063081,82.82831677780638,0
myopic,25,89,2,12,0,1,91.99999988079071,12352.941175922751,9343.158629604708,83.85052129424281,98053.85497970539,82.82831677780638,0
myopic,25,88,2,12,0,1,91.99999988079071,12352.941175922751,9285.274311494964,93.86202098598392,106689.16089922668,82.82831677780638,0
myopic,25,87,2,12,0,1,91.99999988079071,12352.941175922751,9221.808574521314,93.64067720380028,115304.10319081348,84.56293398444693,0
myopic,25,86,2,12,0,1,91.99999988079071,12352.941175922751,9158.148142468674,100.36363464576478,124537.55756625955,84.56293398444693,0
myopic,25,85,2,12,0,1,91.99999988079071,12352.941175922751,9091.0911969379,108.62983972707877,134531.50280820113,84.8282916403851,0
myopic,25,84,2,12,0,1,91.99999988079071,12352.941175922751,9018.72159857384,100.22084012044088,143751.82008733443,87.66566629607894,0
myopic,25,83,2,12,0,1,91.99999988079071,12352.941175922751,8951.155379768563,94.7502854721787,152468.84633947976,87.66566629607894,0
myopic,25,82,2,12,0,1,91.99999988079071,12352.941175922751,8886.199267826472,98.08872557148892,161493.00908036364,87.66566629607894,0
myopic,25,81,2,12,0,1,91.99999988079071,12352.941175922751,8817.811941923012,92.41149135136311,169994.86627367273,88.02391932314761,0
myopic,25,80,2,12,0,1,91.99999988079071,12352.941175922751,8754.454046699724,102.6657078307963,179440.1113818673,88.02391932314761,0
myopic,25,79,2,12,0,1,91.99999988079071,12352.941175922751,8682.110732273108,111.3588915610647,189685.12939221022,89.41124357506565,0
myopic,25,78,2,12,0,1,91.99999988079071,12352.941175922751,8605.305533130075,113.22642382418172,200101.9603705373,89.85798532780689,0
myopic,25,77,2,12,0,1,91.99999988079071,12352.941175922751,8526.912281012155,93.59166589210656,208712.3936214541,91.10061121112462,0
myopic,25,76,2,12,0,1,91.99999988079071,12352.941175922751,8462.592632521304,109.66615769093394,218801.6801159468,91.10061121112462,0
myopic,25,75,2,12,0,1,91.99999988079071,12352.941175922751,8388.254757828396,112.05927806139063,229111.13368423624,91.10061121112462,0
myopic,25,74,2,12,0,1,91.99999988079071,12352.941175922751,8310.99098803844,95.36185103462199,237884.42396805345,91.10061121112462,0
myopic,25,73,2,12,0,1,91.99999988079071,12352.941175922751,8245.023628557377,87.83437194505399,245965.18617652776,91.59938678561403,0
myopic,25,72,2,12,0,1,91.99999988079071,12352.941175922751,8185.404950961243,94.09235058687254,254621.68241930334,91.59938678561403,0
myopic,25,71,2,12,0,1,91.99999988079071,12352.941175922751,8120.085612061559,94.26859360430052,263294.3930196613,93.48039800843478,0
myopic,25,70,2,12,0,1,91.99999988079071,12352.941175922751,8056.961763237663,104.88643553499588,272943.9450763775,93.48039800843478,0
myopic,25,69,2,12,0,1,91.99999988079071,12352.941175922751,7985.173576668488,98.44592236640077,282000.96992235066,93.48039800843478,0
myopic,25,68,2,12,0,1,91.99999988079071,12352.941175922751,7917.832821493346,112.61866659873272,292361.8872360089,95.11469441166237,0
myopic,25,67,2,12,0,1,91.99999988079071,12352.941175922751,7839.622044851532,99.53062607797652,301518.70482331776,95.11469441166237,0
myopic,25,66,2,12,0,1,91.99999988079071,12352.941175922751,7767.461598465716,109.44974117891832,311588.08099873085,96.29318018780998,0
myopic,25,65,2,12,0,1,91.99999988079071,12352.941175922751,7689.030801698125,113.9517710333096,322071.64392021124,96.29318018780998,0
myopic,25,64,2,12,0,1,91.99999988079071,12352.941175922751,7607.944110650355,98.52964311001192,331136.3710745867,96.29318018780998,0
myopic,25,63,2,12,0,1,91.99999988079071,12352.941175922751,7539.982990793893,110.69077362497039,341319.9222348886,96.29318018780998,0
myopic,25,62,2,12,0,1,91.99999988079071,12352.941175922751,7462.848028456487,106.28943484976283,351098.5502283961,96.29318018780998,0
myopic,25,61,2,12,0,1,91.99999988079071,12352.941175922751,7387.194285606831,114.72595174426223,361653.3377751918,96.40873891602581,0
myopic,25,60,2,12,0,1,91.99999988079071,12352.941175922751,7307.335590895049,145.69351105786262,375057.1407751472,121.48371342624034,0
myopic,25,59,2,12,0,1,91.99999988079071,12352.941175922751,7205.9940901215505,133.7386340477857,387361.09509160055,121.717787817549,0
myopic,25,58,2,12,0,1,91.99999988079071,12352.941175922751,7111.436734248076,135.95938504505995,399869.35849953844,121.717787817549,0
myopic,25,57,2,12,0,1,91.99999988079071,12352.941175922751,7015.2555633772445,125.9424064511035,411456.0598780265,121.717787817549,0
myopic,25,56,2,12,0,1,91.99999988079071,12352.941175922751,6925.983551339494,132.75682338931483,423669.68761401763,121.717787817549,0
myopic,25,55,2,12,0,1,91.99999988079071,12352.941175922751,6829.831552719274,132.56452897923788,435865.6242643046,125.52438207732914,0
myopic,25,54,2,12,0,1,91.99999988079071,12352.941175922751,6735.666510294534,135.97975498674006,448375.76170687465,125.52438207732914,0
myopic,25,53,2,12,0,1,91.99999988079071,12352.941175922751,6637.527441851735,138.8184137681263,461147.0557569938,125.52438207732914,0
myopic,25,52,2,12,0,1,91.99999988079071,12352.941175922751,6537.83492245193,135.29927056842143,473594.58863315964,125.77567823347204,0
myopic,25,51,2,12,0,1,91.99999988079071,12352.941175922751,6442.255057176238,132.25094748354468,485761.6757858802,127.57061847614774,0
myopic,25,50,2,12,0,1,91.99999988079071,12352.941175922751,6348.318432711524,137.5491763556441,498416.1999942023,127.57061847614774,0
myopic,25,49,2,12,0,1,91.99999988079071,12352.941175922751,6252.087299960011,129.76022721553826,510354.1408825632,127.56529444817109,0
myopic,25,48,2,12,0,1,91.99999988079071,12352.941175922751,6159.061686692956,138.44211433160496,523090.81538456725,127.56529444817109,0
myopic,25,47,2,12,0,1,91.99999988079071,12352.941175922751,6061.086418132311,136.0079322722552,535603.5451374013,127.56529444817109,0
myopic,25,46,2,12,0,1,91.99999988079071,12352.941175922751,5965.335160461111,144.15034216090382,548865.3765990204,130.8145259896823,0
myopic,25,45,2,12,0,1,91.99999988079071,12352.941175922751,5862.6112881573135,138.7376047524943,561629.2362197111,130.8145259896823,0
myopic,25,44,2,12,0,1,91.99999988079071,12352.941175922751,5763.597895872484,140.043206185551,574513.2111720874,131.2339851260106,0
myopic,25,43,2,12,0,1,91.99999988079071,12352.941175922751,5663.015621488163,144.5084566184096,587807.9891637543,131.2339851260106,0
myopic,25,42,2,12,0,1,91.99999988079071,12352.941175922751,5561.672018397844,144.96688201661735,601144.9422920017,131.2339851260106,0
myopic,25,41,2,12,0,1,91.99999988079071,12352.941175922751,5458.739413139346,144.06126216402288,614398.5783939183,134.1721664575167,0
myopic,25,40,2,12,0,1,91.99999988079071,12352.941175922751,5352.042758964795,131.7286624408292,626517.6153227714,134.1721664575167,0
myopic,25,39,2,12,0,1,91.99999988079071,12352.941175922751,5258.2565634789635,144.06690132286525,639771.7702273008,134.1721664575167,0
myopic,25,38,2,12,0,1,91.99999988079071,12352.941175922751,5157.377952282063,167.30930843647104,655164.2265835113,135.24479254111014,0
myopic,25,37,2,12,0,1,91.99999988079071,12352.941175922751,5036.343906348471,161.28797478049265,670002.7202440896,135.24479254111014,0
myopic,25,36,2,12,0,1,91.99999988079071,12352.941175922751,4918.334720372027,157.850352070676,684524.9526157746,135.3776796692217,0
myopic,25,35,2,12,0,1,91.99999988079071,12352.941175922751,4800.954248577749,145.8998358175206,697947.7374935938,135.3776796692217,0
myopic,25,34,2,12,0,1,91.99999988079071,12352.941175922751,4692.728087751791,143.07410802215927,711110.5554145767,135.3776796692217,0
myopic,25,33,2,12,0,1,91.99999988079071,12352.941175922751,4587.998372409199,162.78083614388942,726086.3923204095,135.3776796692217,0
myopic,25,32,2,12,0,1,91.99999988079071,12352.941175922751,4469.325329519505,153.3607374239727,740195.580145133,137.67563429490323,0
myopic,25,31,2,12,0,1,91.99999988079071,12352.941175922751,4351.448429971213,157.66313569969492,754700.58861071,146.59908961842842,0
myopic,25,30,2,12,0,1,91.99999988079071,12352.941175922751,4233.743804238224,176.46535601034643,770935.4013426255,146.67867998707746,0
myopic,25,29,2,12,0,1,91.99999988079071,12352.941175922751,4103.298457631329,158.84838322518218,785549.4525804061,149.0471367442043,0
myopic,25,28,2,12,0,1,91.99999988079071,12352.941175922751,3981.5093739231334,163.644768717029,800604.7712828647,149.0471367442043,0
myopic,25,27,2,12,0,1,91.99999988079071,12352.941175922751,3858.470653220057,161.16577147239485,815432.0222391126,149.46787494367135,0
myopic,25,26,2,12,0,1,91.99999988079071,12352.941175922751,3736.498112911214,156.27940462382534,829809.7274458746,149.46787494367135,0
myopic,25,25,2,12,0,1,91.99999988079071,12352.941175922751,3618.535625118656,177.7468317839914,846162.4359488128,154.18295349612166,0
myopic,25,24,2,12,0,1,91.99999988079071,12352.941175922751,3482.46305264915,166.6110316421332,861490.6508400274,154.86606328959272,0
myopic,25,23,2,12,0,1,91.99999988079071,12352.941175922751,3355.1329412598443,191.14540861233306,879076.0284095757,155.75897319641388,0
myopic,25,22,2,12,0,1,91.99999988079071,12352.941175922751,3209.705114127387,179.45408920491826,895585.8045950356,158.80352394212818,0
myopic,25,21,2,12,0,1,91.99999988079071,12352.941175922751,3073.731120398964,160.19793725813784,910324.0148036872,158.80352394212818,0
myopic,25,20,2,12,0,1,91.99999988079071,12352.941175922751,2950.028963463138,166.40285502996664,925633.0774466074,158.80352394212818,0
myopic,25,19,2,12,0,1,91.99999988079071,12352.941175922751,2823.790623857126,179.61050801074649,942157.2441621849,158.80352394212818,0
myopic,25,18,2,12,0,1,91.99999988079071,12352.941175922751,2685.6811435094323,178.14659635618142,958546.7310057168,163.45135432315968,0
myopic,25,17,2,12,0,1,91.99999988079071,12352.941175922751,2546.117992831646,180.2701288845042,975131.5828416013,163.45135432315968,0
myopic,25,16,2,12,0,1,91.99999988079071,12352.941175922751,2406.4117976188754,173.99019729139147,991138.6809716681,163.48588367478033,0
myopic,25,15,2,12,0,1,91.99999988079071,12352.941175922751,2269.5140906003844,173.46350689013337,1007097.323584882,166.63305223218825,0
myopic,25,14,2,12,0,1,91.99999988079071,12352.941175922751,2138.759970887162,177.67043390713744,1023443.0034831587,167.6035577215017,0
myopic,25,13,2,12,0,1,91.99999988079071,12352.941175922751,1998.2735692010874,188.11237422639954,1040749.3418895627,168.05485080599917,0
myopic,25,12,2,12,0,1,91.99999988079071,12352.941175922751,1847.9076947634112,188.53615497815838,1058094.668125078,169.09384479432455,0
myopic,25,11,2,12,0,1,91.99999988079071,12352.941175922751,1698.1963152664212,189.6584991069003,1075543.2500203038,169.09384479432455,0
myopic,25,10,2,12,0,1,91.99999988079071,12352.941175922751,1548.8702090703846,183.56383750430564,1092431.1230488173,170.63726322604822,0
myopic,25,9,2,12,0,1,91.99999988079071,12352.941175922751,1403.2456451265498,188.70859310978688,1109792.3135924218,170.84305227950415,0
myopic,25,8,2,12,0,1,91.99999988079071,12352.941175922751,1253.6529830825275,183.86620934379226,1126708.0048301322,170.84305227950415,0
myopic,25,7,2,12,0,1,91.99999988079071,12352.941175922751,1104.8321055317156,186.61963888108536,1143877.0115849453,170.84305227950415,0
myopic,25,6,2,12,0,1,91.99999988079071,12352.941175922751,953.8162572007604,168.65302566776367,1159393.0899262745,170.84305227950415,0
myopic,25,5,2,12,0,1,91.99999988079071,12352.941175922751,817.9373370270259,152.49975653239972,1173423.0675090759,155.39122305741984,0
myopic,25,4,2,12,0,1,91.99999988079071,12352.941175922751,693.3975745837361,163.4689008017716,1188462.2063633518,149.0674834074808,0
myopic,25,3,2,12,0,1,91.99999988079071,12352.941175922751,556.5221037084048,150.46891454212843,1202305.3464832902,142.23678861945825,0
myopic,25,2,2,12,0,1,91.99999988079071,10000.0,429.38289511220137,0.0,1202305.3464832902,135.31638940994628,0
myopic,25,1,2,12,0,1,91.99999988079071,10000.0,429.38289511220137,0.0,1202305.3464832902,127.3584148712835,0
myopic,26,100,2,6,0,0,91.99999988079071,12352.941175922751,10000.0,67.88337704410029,6245.270679964897,53.51064944791461,1
myopic,26,99,2,6,0,0,91.99999988079071,12352.941175922751,9953.000627529525,69.28381084190885,12619.381269161237,53.51064944791461,1
myopic,26,98,2,6,0,0,91.99999988079071,12352.941175922751,9906.615904643993,60.280806454827314,18165.215455819318,53.51064944791461,1
myopic,26,97,2,6,0,0,91.99999988079071,12352.941175922751,9866.105924095466,72.1602511453995,24803.9585525939,55.53276728716988,1
myopic,26,96,2,6,0,0,91.99999988079071,12352.941175922751,9816.541547620538,62.0454640292362,30512.141235887233,55.852472283942966,1
myopic,26,95,2,6,0,0,91.99999988079071,12352.941175922751,9773.992151206,72.46089054260003,37178.543157168424,56.18471002774361,1
myopic,26,94,2,6,0,0,91.99999988079071,12352.941175922751,9724.526713616931,52.894307913640844,42044.81947891789,56.18471002774361,1
myopic,26,93,2,6,0,0,91.99999988079071,12352.941175922751,9688.661542075492,58.90299655863637,47463.89515529065,56.18471002774361,1
myopic,26,92,2,6,0,0,91.99999988079071,12352.941175922751,9649.803287852716,45.9493972795925,51691.23969953557,56.85789131285237,1
myopic,26,91,2,6,0,0,91.99999988079071,12352.941175922751,9618.442589126462,55.05128524818939,56755.957935806364,56.85789131285237,1
myopic,26,90,2,6,0,0,91.99999988079071,12352.941175922751,9580.645138327583,57.01262358601672,62001.11929892347,57.85980122566746,1
myopic,26,89,2,6,0,0,91.99999988079071,12352.941175922751,9541.18697817131,70.49494255751493,68486.65400581119,57.85980122566746,1
myopic,26,88,2,6,0,0,91.99999988079071,12352.941175922751,9492.688507061719,55.13106027664994,73558.71154469084,57.85980122566746,1
myopic,26,87,2,6,0,0,91.99999988079071,12352.941175922751,9456.407846537983,81.86006468501606,81089.83748595385,59.05581472314141,1
myopic,26,86,2,6,0,0,91.99999988079071,12352.941175922751,9400.37686249825,81.4101356589215,88579.56995686977,59.05581472314141,1
myopic,26,85,2,6,0,0,91.99999988079071,12352.941175922751,9344.76474334305,55.5830903040677,93693.21425821798,59.321172379079584,1
myopic,26,84,2,6,0,0,91.99999988079071,12352.941175922751,9306.57913224117,55.14930767566079,98766.95055780446,59.321172379079584,1
myopic,26,83,2,6,0,0,91.99999988079071,12352.941175922751,9268.61142439356,78.18315998218067,105959.80126684492,59.321172379079584,1
myopic,26,82,2,6,0,0,91.99999988079071,12352.941175922751,9213.911750409465,90.21640674001216,114259.71067617141,59.321172379079584,1
myopic,26,81,2,6,0,0,91.99999988079071,12352.941175922751,9151.278011685527,68.19503538049908,120533.65392304784,59.67942540614826,1
myopic,26,80,2,6,0,0,91.99999988079071,12352.941175922751,9104.947128851443,58.48133558880389,125913.93679024628,59.67942540614826,1
myopic,26,79,2,6,0,0,91.99999988079071,12352.941175922751,9064.30090212162,59.30582542592226,131370.07272236134,60.144742931333404,1
myopic,26,78,2,6,0,0,91.99999988079071,12352.941175922751,9023.454108999273,65.17461567801953,137366.1373569697,60.59148468407464,1
myopic,26,77,2,6,0,0,91.99999988079071,12352.941175922751,8979.19931841589,86.33069624860921,145308.56140155034,61.68635059106254,1
myopic,26,76,2,6,0,0,91.99999988079071,12352.941175922751,8921.389199697922,68.85776198890173,151643.4754963208,61.68635059106254,1
myopic,26,75,2,6,0,0,91.99999988079071,12352.941175922751,8872.667618474758,76.70867518194095,158700.673603915,61.68635059106254,1
myopic,26,74,2,6,0,0,91.99999988079071,12352.941175922751,8819.628937374708,59.49028364430556,164173.7796920993,61.68635059106254,1
myopic,26,73,2,6,0,0,91.99999988079071,12352.941175922751,8776.424634018047,85.527232586142,172042.28507982873,61.811377832783585,1
myopic,26,72,2,6,0,0,91.99999988079071,12352.941175922751,8716.48601020569,70.21975189975498,178502.50224623532,61.811377832783585,1
myopic,26,71,2,6,0,0,91.99999988079071,12352.941175922751,8667.243513357722,60.907998427740246,184106.03809432662,63.69238905560433,1
myopic,26,70,2,6,0,0,91.99999988079071,12352.941175922751,8624.578042055986,78.91754638508168,191366.45235234644,63.69238905560433,1
myopic,26,69,2,6,0,0,91.99999988079071,12352.941175922751,8568.454059297337,63.22340466433002,197183.00557392798,63.69238905560433,1
myopic,26,68,2,6,0,0,91.99999988079071,12352.941175922751,8523.399100100463,64.13294505983883,203083.2365117879,64.51194257070377,1
myopic,26,67,2,6,0,0,91.99999988079071,12352.941175922751,8479.60567760385,75.50768607681638,210029.94362185377,64.51194257070377,1
myopic,26,66,2,6,0,0,91.99999988079071,12352.941175922751,8425.749389890883,84.59261672558065,217812.46435052296,66.02319309723785,1
myopic,26,65,2,6,0,0,91.99999988079071,12352.941175922751,8366.91395169317,81.2119248363476,225283.96142578573,66.02319309723785,1
myopic,26,64,2,6,0,0,91.99999988079071,12352.941175922751,8308.90802590485,74.66236653779691,232152.8991383626,66.02319309723785,1
myopic,26,63,2,6,0,0,91.99999988079071,12352.941175922751,8256.403834034396,70.53091668342697,238641.74346482995,66.02319309723785,1
myopic,26,62,2,6,0,0,91.99999988079071,12352.941175922751,8205.911509927222,75.31314310440345,245570.55262145706,66.02319309723785,1
myopic,26,61,2,6,0,0,91.99999988079071,12352.941175922751,8153.550119206581,88.64135159560712,253725.55695768603,66.0678136608015,1
myopic,26,60,2,6,0,0,91.99999988079071,12352.941175922751,8090.549647379071,101.43155859606236,263057.2603364322,85.17672399217258,1
myopic,26,59,2,6,0,0,91.99999988079071,12352.941175922751,8017.63961928253,93.14078750792541,271626.21277605806,85.17672399217258,1
myopic,26,58,2,6,0,0,91.99999988079071,12352.941175922751,7951.419233545491,106.41031028911797,281415.9613099718,85.17672399217258,1
myopic,26,57,2,6,0,0,91.99999988079071,12352.941175922751,7875.921802190845,87.01567881659457,289421.40375072544,85.17672399217258,1
myopic,26,56,2,6,0,0,91.99999988079071,12352.941175922751,7814.070617710589,99.036370725698,298532.7498456836,85.17672399217258,1
myopic,26,55,2,6,0,0,91.99999988079071,12352.941175922751,7742.980530122872,91.62497135521495,306962.2471994408,87.67464619283565,1
myopic,26,54,2,6,0,0,91.99999988079071,12352.941175922751,7677.647765541247,100.49313662063582,316207.61575655953,87.67464619283565,1
myopic,26,53,2,6,0,0,91.99999988079071,12352.941175922751,7604.665319510204,99.12660960579201,325327.2638284756,87.67464619283565,1
myopic,26,52,2,6,0,0,91.99999988079071,12352.941175922751,7534.331959329655,98.03770486597803,334346.73266445857,88.00542260216963,1
myopic,26,51,2,6,0,0,91.99999988079071,12352.941175922751,7462.017301173735,92.02873794104309,342813.37654406385,89.3393639748758,1
myopic,26,50,2,6,0,0,91.99999988079071,12352.941175922751,7393.506661208139,100.48524169239616,352058.0187677855,89.3393639748758,1
myopic,26,49,2,6,0,0,91.99999988079071,12352.941175922751,7319.425415345546,90.31600244593568,360367.0909820451,89.87264365606573,1
myopic,26,48,2,6,0,0,91.99999988079071,12352.941175922751,7252.266364376466,99.28956405119091,369501.7308629184,89.87264365606573,1
myopic,26,47,2,6,0,0,91.99999988079071,12352.941175922751,7179.415676126126,107.27987768873587,379371.47959749337,89.87264365606573,1
myopic,26,46,2,6,0,0,91.99999988079071,12352.941175922751,7099.056476021278,100.3144141383184,388600.40568626026,92.28499445299059,1
myopic,26,45,2,6,0,0,91.99999988079071,12352.941175922751,7024.881409543752,104.00074312080224,398168.4740409762,92.32417290804567,1
myopic,26,44,2,6,0,0,91.99999988079071,12352.941175922751,6950.635593092697,92.95047671333046,406719.917887522,92.85601305134094,1
myopic,26,43,2,6,0,0,91.99999988079071,12352.941175922751,6884.005230784747,101.29843915077797,416039.3742773179,92.85601305134094,1
myopic,26,42,2,6,0,0,91.99999988079071,12352.941175922751,6809.114671628133,107.46565532915649,425926.21455478936,92.85601305134094,1
myopic,26,41,2,6,0,0,91.99999988079071,12352.941175922751,6728.5406946082385,105.51464816529017,435633.5621734177,93.6308664821853,1
myopic,26,40,2,6,0,0,91.99999988079071,12352.941175922751,6652.197521519097,117.6501140921899,446457.3726558742,93.6308664821853,1
myopic,26,39,2,6,0,0,91.99999988079071,12352.941175922751,6564.774554485051,99.92878331973147,455650.82070937706,93.6308664821853,1
myopic,26,38,2,6,0,0,91.99999988079071,12352.941175922751,6492.632497832198,109.45444411444515,465720.629554858,95.04742683727991,1
myopic,26,37,2,6,0,0,91.99999988079071,12352.941175922751,6413.324712681595,114.44849076573587,476249.8906916624,95.04742683727991,1
myopic,26,36,2,6,0,0,91.99999988079071,12352.941175922751,6327.667803862081,90.20004247658325,484548.29458875535,95.04742683727991,1
myopic,26,35,2,6,0,0,91.99999988079071,12352.941175922751,6260.77019899596,119.42201662824627,495535.1201043178,95.04742683727991,1
myopic,26,34,2,6,0,0,91.99999988079071,12352.941175922751,6174.299312462639,100.03583367198338,504738.41679021507,95.04742683727991,1
myopic,26,33,2,6,0,0,91.99999988079071,12352.941175922751,6102.027805151594,107.3669228599043,514616.17368052714,95.04742683727991,1
myopic,26,32,2,6,0,0,91.99999988079071,12352.941175922751,6019.076451442372,111.00371471343772,524828.5154209307,97.00694341239463,1
myopic,26,31,2,6,0,0,91.99999988079071,12352.941175922751,5935.636386385826,108.63093432042619,534822.56136546,101.69890345053383,1
myopic,26,30,2,6,0,0,91.99999988079071,12352.941175922751,5853.981093970376,112.0560395641159,545131.7169920006,101.69890345053383,1
myopic,26,29,2,6,0,0,91.99999988079071,12352.941175922751,5768.265918858611,123.55613446472657,556498.8813480263,105.09652333242514,1
myopic,26,28,2,6,0,0,91.99999988079071,12352.941175922751,5678.322656888181,93.74996603507739,565123.8782120775,105.09652333242514,1
myopic,26,27,2,6,0,0,91.99999988079071,12352.941175922751,5605.892781451,123.66594858612987,576501.1454672593,105.51726153189219,1
myopic,26,26,2,6,0,0,91.99999988079071,12352.941175922751,5513.842560334987,116.49346962698509,587218.5446590548,105.51726153189219,1
myopic,26,25,2,6,0,0,91.99999988079071,12352.941175922751,5424.284599142589,126.29427883882381,598837.6182971712,108.86577323146005,1
myopic,26,24,2,6,0,0,91.99999988079071,12352.941175922751,5327.241112773636,123.92483383264388,610238.7029950015,110.31606898852215,1
myopic,26,23,2,6,0,0,91.99999988079071,12352.941175922751,5232.264455880367,129.68314121456504,622169.551971282,111.20897889534331,1
myopic,26,22,2,6,0,0,91.99999988079071,12352.941175922751,5132.272872220866,121.25375762977922,633324.8976587671,112.95137016244168,1
myopic,26,21,2,6,0,0,91.99999988079071,12352.941175922751,5038.955408901699,117.57145537209934,644141.4715389846,112.95137016244168,1
myopic,26,20,2,6,0,0,91.99999988079071,12352.941175922751,4946.7967880715205,125.81536951218253,655716.485519107,112.95137016244168,1
myopic,26,19,2,6,0,0,91.99999988079071,12352.941175922751,4848.458812575735,125.71177780016069,667281.9690617358,112.95137016244168,1
myopic,26,18,2,6,0,0,91.99999988079071,12352.941175922751,4749.2225731924245,130.53052649738834,679290.777483935,117.40424760711261,1
myopic,26,17,2,6,0,0,91.99999988079071,12352.941175922751,4648.676267344155,107.93092114285894,689220.4222162117,117.40424760711261,1
myopic,26,16,2,6,0,0,91.99999988079071,12352.941175922751,4564.390557228639,127.81470958558602,700979.3754828488,117.43877695873326,1
myopic,26,15,2,6,0,0,91.99999988079071,12352.941175922751,4460.748075787133,140.42861204742783,713898.8077744718,117.79311858824813,1
myopic,26,14,2,6,0,0,91.99999988079071,12352.941175922751,4348.210813484812,148.85999959442486,727593.9277194134,118.13382576143007,1
myopic,26,13,2,6,0,0,91.99999988079071,12352.941175922751,4230.607993134873,131.28428744793348,739672.082148973,118.13382576143007,1
myopic,26,12,2,6,0,0,91.99999988079071,12352.941175922751,4124.524261203003,129.6861546682759,751603.2083629946,118.65148982084473,1
myopic,26,11,2,6,0,0,91.99999988079071,12352.941175922751,4020.6242478406803,134.42017154873412,763969.864129454,118.65148982084473,1
myopic,26,10,2,6,0,0,91.99999988079071,12352.941175922751,3912.3855818720976,140.68793091902018,776913.1537572326,119.72247037978816,1
myopic,26,9,2,6,0,0,91.99999988079071,12352.941175922751,3801.4154762524477,135.00766204898392,789333.858649645,119.9282594332441,1
myopic,26,8,2,6,0,0,91.99999988079071,12352.941175922751,3689.22131143759,126.37262059066849,800960.1397289217,119.9282594332441,1
myopic,26,7,2,6,0,0,91.99999988079071,12352.941175922751,3586.6604265278174,133.90729258964177,813279.6106312057,119.9282594332441,1
myopic,26,6,2,6,0,0,91.99999988079071,12352.941175922751,3476.1980329684366,126.15682494938834,824886.0385115104,119.9282594332441,1
myopic,26,5,2,6,0,0,91.99999988079071,12352.941175922751,3371.980149037864,117.37774680117803,835684.7912032262,111.6350613497792,1
myopic,26,4,2,6,0,0,91.99999988079071,12352.941175922751,3272.997206544668,91.55046158605994,844107.43365823,105.31132169984018,1
myopic,26,3,2,6,0,0,91.99999988079071,12352.941175922751,3195.672569920178,110.72213026582756,854293.869629487,100.66337802387262,1
myopic,26,2,2,6,0,0,91.99999988079071,12352.941175922751,3102.170890577605,88.52194081520864,862437.8881739336,97.45860423514522,1
myopic,26,1,2,6,0,0,91.99999988079071,12352.941175922751,3024.9074448689125,86.03046024409235,870352.6905061344,90.48681714092218,1
myopic,27,100,5,12,1,1,91.99999988079071,12352.941175922751,10000.0,141.32908215746025,13002.275541638603,122.62129846453644,0
myopic,27,99,5,12,1,1,91.99999988079071,12352.941175922751,9897.18445407377,132.8756554595354,25226.835828075848,122.62129846453644,0
myopic,27,98,5,12,1,1,91.99999988079071,12352.941175922751,9798.777271835233,132.43405576376057,37410.76894255445,122.62129846453644,0
myopic,27,97,5,12,1,1,91.99999988079071,12352.941175922751,9703.6975822742,132.1722900795384,49570.61961411582,124.02216067174243,0
myopic,27,96,5,12,1,1,91.99999988079071,12352.941175922751,9608.582092193812,122.37083043388232,60828.735999445256,124.02216067174243,0
myopic,27,95,5,12,1,1,91.99999988079071,12352.941175922751,9519.124810389589,140.27591935872826,73734.12056372606,125.08183156398725,0
myopic,27,94,5,12,1,1,91.99999988079071,12352.941175922751,9419.365159786697,137.7401193965858,86406.21153179205,125.08183156398725,0
myopic,27,93,5,12,1,1,91.99999988079071,12352.941175922751,9317.90433046452,140.10286998750772,99295.6755539412,125.56961748732996,0
myopic,27,92,5,12,1,1,91.99999988079071,12352.941175922751,9216.70987009348,136.22965103732633,111828.80343313538,126.56691740931149,0
myopic,27,91,5,12,1,1,91.99999988079071,12352.941175922751,9116.711111384478,143.75936666939077,125054.66514958188,126.56691740931149,0
myopic,27,90,5,12,1,1,91.99999988079071,12352.941175922751,9012.65099393334,143.3628601496283,138244.0482662575,128.0068958182441,0
myopic,27,89,5,12,1,1,91.99999988079071,12352.941175922751,8905.563009397894,122.28739985855997,149494.48903866723,128.0068958182441,0
myopic,27,88,5,12,1,1,91.99999988079071,12352.941175922751,8814.993437879457,130.2548004760323,161477.9306669346,128.27423610834077,0
myopic,27,87,5,12,1,1,91.99999988079071,12352.941175922751,8718.90424973106,137.02652082848388,174084.3705668203,129.9887842880545,0
myopic,27,86,5,12,1,1,91.99999988079071,12352.941175922751,8615.837798845798,144.46102806582562,187374.78513165514,129.9887842880545,0
myopic,27,85,5,12,1,1,91.99999988079071,12352.941175922751,8507.684815388177,138.73968981567828,200138.8365781585,131.39065547928402,0
myopic,27,84,5,12,1,1,91.99999988079071,12352.941175922751,8404.124962087757,158.49290310490366,214720.18364491579,134.22803013497784,0
myopic,27,83,5,12,1,1,91.99999988079071,12352.941175922751,8287.471528597183,152.44091136291252,228744.74747213136,134.22803013497784,0
myopic,27,82,5,12,1,1,91.99999988079071,12352.941175922751,8173.378240688979,146.989174740238,242267.75153071078,134.22803013497784,0
myopic,27,81,5,12,1,1,91.99999988079071,12352.941175922751,8065.727991329177,149.77138234741128,256046.71868881848,134.58628316204653,0
myopic,27,80,5,12,1,1,91.99999988079071,12352.941175922751,7954.432200662963,155.24366742560593,270329.13607346773,134.58628316204653,0
myopic,27,79,5,12,1,1,91.99999988079071,12352.941175922751,7837.382484312915,162.70383052713757,285297.8884625686,137.25137735790267,0
myopic,27,78,5,12,1,1,91.99999988079071,12352.941175922751,7717.078246269806,158.54675748256807,299884.19013206457,137.25137735790267,0
myopic,27,77,5,12,1,1,91.99999988079071,12352.941175922751,7597.354894270298,153.8898789623164,314042.0589782526,138.34527592112582,0
myopic,27,76,5,12,1,1,91.99999988079071,12352.941175922751,7481.128565777181,154.3400373682202,328241.3423977301,139.8599388733162,0
myopic,27,75,5,12,1,1,91.99999988079071,12352.941175922751,7364.329822586383,156.42249663603724,342632.2120695985,139.8599388733162,0
myopic,27,74,5,12,1,1,91.99999988079071,12352.941175922751,7247.638879974802,154.9766668425277,356890.0654006364,139.8599388733162,0
myopic,27,73,5,12,1,1,91.99999988079071,12352.941175922751,7130.06826545962,147.30984619713112,370442.5712332118,140.6224031964283,0
myopic,27,72,5,12,1,1,91.99999988079071,12352.941175922751,7019.64705366425,164.6396620491019,385589.4201221026,140.6224031964283,0
myopic,27,71,5,12,1,1,91.99999988079071,12352.941175922751,6894.938600300921,149.17325066935072,399313.35916590004,140.6224031964283,0
myopic,27,70,5,12,1,1,91.99999988079071,12352.941175922751,6783.056587610801,168.91137674997316,414853.20580676175,140.6224031964283,0
myopic,27,69,5,12,1,1,91.99999988079071,12352.941175922751,6654.54300612031,145.36333787553986,428226.6328739828,143.74385215300907,0
myopic,27,68,5,12,1,1,91.99999988079071,12352.941175922751,6543.725337005702,153.45839043513732,442344.80477572174,146.41315056855447,0
myopic,27,67,5,12,1,1,91.99999988079071,12352.941175922751,6427.479971632241,149.48274769403062,456097.2175457528,146.41315056855447,0
myopic,27,66,5,12,1,1,91.99999988079071,12352.941175922751,6314.33054259546,156.11526120418262,470459.82155792724,147.95730716934838,0
myopic,27,65,5,12,1,1,91.99999988079071,12352.941175922751,6197.408747397045,169.53742917903816,486057.2650221883,147.95730716934838,0
myopic,27,64,5,12,1,1,91.99999988079071,12352.941175922751,6064.603762582053,168.55699921893032,501564.50893023633,147.95730716934838,0
myopic,27,63,5,12,1,1,91.99999988079071,12352.941175922751,5935.733633716776,154.2136638902816,515752.16598975856,149.66408283344634,0
myopic,27,62,5,12,1,1,91.99999988079071,12352.941175922751,5818.3158455503635,158.98181641754155,530378.4930812203,149.66408283344634,0
myopic,27,61,5,12,1,1,91.99999988079071,12352.941175922751,5699.636152192515,197.13143403832225,548514.5849892461,149.93764281533836,0
myopic,27,60,5,12,1,1,91.99999988079071,12352.941175922751,5548.747629540589,187.17401178962535,565734.5940515788,175.84600634426346,0
myopic,27,59,5,12,1,1,91.99999988079071,12352.941175922751,5407.887008225336,203.22830995352135,584431.5985430761,176.08019672204279,0
myopic,27,58,5,12,1,1,91.99999988079071,12352.941175922751,5249.324365727075,200.43332956010698,602871.4648387124,182.18293728047686,0
myopic,27,57,5,12,1,1,91.99999988079071,12352.941175922751,5096.08275612877,204.57636911931942,621692.4907733024,182.18293728047686,0
myopic,27,56,5,12,1,1,91.99999988079071,12352.941175922751,4940.359506441452,184.66167214771357,638681.3645888787,182.18293728047686,0
myopic,27,55,5,12,1,1,91.99999988079071,12352.941175922751,4795.1054304983645,215.60529317789366,658517.0515355428,184.4032916851394,0
myopic,27,54,5,12,1,1,91.99999988079071,12352.941175922751,4629.086843107207,202.65284690112404,677161.1134262881,184.4032916851394,0
myopic,27,53,5,12,1,1,91.99999988079071,12352.941175922751,4469.296831248119,193.2956445102523,694944.3126981887,184.4032916851394,0
myopic,27,52,5,12,1,1,91.99999988079071,12352.941175922751,4319.246385355578,211.4817342717622,714400.6322259803,184.4032916851394,0
myopic,27,51,5,12,1,1,91.99999988079071,12352.941175922751,4151.883197065945,207.7705391379428,733515.5218019028,186.63549510603517,0
myopic,27,50,5,12,1,1,91.99999988079071,12352.941175922751,3991.8937448682173,216.5464237239031,753437.7927586875,195.43755580295394,0
myopic,27,49,5,12,1,1,91.99999988079071,12352.941175922751,3824.392341875063,227.40611422666316,774359.1552404317,196.20027183670678,0
myopic,27,48,5,12,1,1,91.99999988079071,12352.941175922751,3648.568082482928,220.6045655800951,794654.7752475023,196.20027183670678,0
myopic,27,47,5,12,1,1,91.99999988079071,12352.941175922751,3475.851380346766,216.9289026188522,814612.2342625767,199.91319423353335,0
myopic,27,46,5,12,1,1,91.99999988079071,12352.941175922751,3309.5228932406053,229.68743344861593,835743.4781124685,199.91319423353335,0
myopic,27,45,5,12,1,1,91.99999988079071,12352.941175922751,3129.0569755803235,225.22750771844602,856464.4087957164,199.91319423353335,0
myopic,27,44,5,12,1,1,91.99999988079071,12352.941175922751,2951.029946683184,215.24873379173806,876267.2922788966,200.5032029124764,0
myopic,27,43,5,12,1,1,91.99999988079071,12352.941175922751,2782.557231812867,216.23625164133304,896161.0274041218,200.5032029124764,0
myopic,27,42,5,12,1,1,91.99999988079071,12352.941175922751,2610.0527903433676,219.292694746109,916335.9552946221,200.5032029124764,0
myopic,27,41,5,12,1,1,91.99999988079071,12352.941175922751,2441.6333281664756,220.93855269740243,936662.3021164451,203.90988037788304,0
myopic,27,40,5,12,1,1,91.99999988079071,12352.941175922751,2268.7696233556344,230.91673825049122,957906.6420079629,203.90988037788304,0
myopic,27,39,5,12,1,1,91.99999988079071,12352.941175922751,2087.2108658843254,234.4878905377612,979479.5279094838,203.90988037788304,0
myopic,27,38,5,12,1,1,91.99999988079071,12352.941175922751,1901.26246924297,232.66575045791015,1000884.7769238756,211.06427502110148,0
myopic,27,37,5,12,1,1,91.99999988079071,12352.941175922751,1718.1646419333392,227.88896518438804,1021850.5616936728,211.06427502110148,0
myopic,27,36,5,12,1,1,91.99999988079071,12352.941175922751,1536.8176965978582,235.19119842470352,1043488.1519207086,211.3777930168817,0
myopic,27,35,5,12,1,1,91.99999988079071,12352.941175922751,1348.3830921898352,222.17800503343932,1063928.5283572993,211.3777930168817,0
myopic,27,34,5,12,1,1,91.99999988079071,12352.941175922751,1171.391736632675,239.2632721908895,1085940.7493703386,211.3777930168817,0
myopic,27,33,5,12,1,1,91.99999988079071,12352.941175922751,978.3950861810663,227.12579623731844,1106836.3225970964,211.3777930168817,0
myopic,27,32,5,12,1,1,91.99999988079071,12352.941175922751,797.1081692021926,248.87888260038946,1129733.1797666636,211.3777930168817,0
myopic,27,31,5,12,1,1,91.99999988079071,12352.941175922751,595.5402343618625,224.76763534083946,1150411.8021912265,215.8582445896582,0
myopic,27,30,5,12,1,1,91.99999988079071,10000.0,410.82899203831585,0.0,1150411.8021912265,217.62011982881515,0
myopic,27,29,5,12,1,1,91.99999988079071,10000.0,410.82899203831585,0.0,1150411.8021912265,228.32407060173463,0
myopic,27,28,5,12,1,1,91.99999988079071,10000.0,410.82899203831585,0.0,1150411.8021912265,228.32407060173463,0
myopic,27,27,5,12,1,1,91.99999988079071,10000.0,410.82899203831585,0.0,1150411.8021912265,228.74480880120169,0
myopic,27,26,5,12,1,1,91.99999988079071,10000.0,410.82899203831585,0.0,1150411.8021912265,228.74480880120169,0
myopic,27,25,5,12,1,1,91.99999988079071,10000.0,410.82899203831585,0.0,1150411.8021912265,232.96745592437514,0
myopic,27,24,5,12,1,1,91.99999988079071,10000.0,410.82899203831585,0.0,1150411.8021912265,236.4388957050125,0
myopic,27,23,5,12,1,1,91.99999988079071,10000.0,410.82899203831585,0.0,1150411.8021912265,238.0786546384911,0
myopic,27,22,5,12,1,1,91.99999988079071,10000.0,410.82899203831585,0.0,1150411.8021912265,240.89903206973992,0
myopic,27,21,5,12,1,1,91.99999988079071,10000.0,410.82899203831585,0.0,1150411.8021912265,240.89903206973992,0
myopic,27,20,5,12,1,1,91.99999988079071,10000.0,410.82899203831585,0.0,1150411.8021912265,240.89903206973992,0
myopic,27,19,5,12,1,1,91.99999988079071,10000.0,410.82899203831585,0.0,1150411.8021912265,240.89903206973992,0
myopic,27,18,5,12,1,1,91.99999988079071,10000.0,410.82899203831585,0.0,1150411.8021912265,246.92805639126922,0
myopic,27,17,5,12,1,1,91.99999988079071,10000.0,410.82899203831585,0.0,1150411.8021912265,246.92805639126922,0
myopic,27,16,5,12,1,1,91.99999988079071,10000.0,410.82899203831585,0.0,1150411.8021912265,249.22632805170318,0
myopic,27,15,5,12,1,1,91.99999988079071,10000.0,410.82899203831585,0.0,1150411.8021912265,251.8711947131633,0
myopic,27,14,5,12,1,1,91.99999988079071,10000.0,410.82899203831585,0.0,1150411.8021912265,253.63584708782395,0
myopic,27,13,5,12,1,1,91.99999988079071,10000.0,410.82899203831585,0.0,1150411.8021912265,254.08714017232143,0
myopic,27,12,5,12,1,1,91.99999988079071,10000.0,410.82899203831585,0.0,1150411.8021912265,254.80629722425985,0
myopic,27,11,5,12,1,1,91.99999988079071,10000.0,410.82899203831585,0.0,1150411.8021912265,254.80629722425985,0
myopic,27,10,5,12,1,1,91.99999988079071,10000.0,410.82899203831585,0.0,1150411.8021912265,255.9433429025627,0
myopic,27,9,5,12,1,1,91.99999988079071,10000.0,410.82899203831585,0.0,1150411.8021912265,255.9433429025627,0
myopic,27,8,5,12,1,1,91.99999988079071,10000.0,410.82899203831585,0.0,1150411.8021912265,255.9433429025627,0
myopic,27,7,5,12,1,1,91.99999988079071,10000.0,410.82899203831585,0.0,1150411.8021912265,255.9433429025627,0
myopic,27,6,5,12,1,1,91.99999988079071,10000.0,410.82899203831585,0.0,1150411.8021912265,255.9433429025627,0
myopic,27,5,5,12,1,1,91.99999988079071,10000.0,410.82899203831585,0.0,1150411.8021912265,230.04512928449802,0
myopic,27,4,5,12,1,1,91.99999988079071,10000.0,410.82899203831585,0.0,1150411.8021912265,226.42549507794118,0
myopic,27,3,5,12,1,1,91.99999988079071,10000.0,410.82899203831585,0.0,1150411.8021912265,215.56234262596197,0
myopic,27,2,5,12,1,1,91.99999988079071,10000.0,410.82899203831585,0.0,1150411.8021912265,203.8312723170848,0
myopic,27,1,5,12,1,1,91.99999988079071,10000.0,410.82899203831585,0.0,1150411.8021912265,196.37128488998587,0
myopic,28,100,2,12,0,1,91.99999988079071,12352.941175922751,10000.0,82.1855500378809,7561.070593687762,78.34826956228913,0
myopic,28,99,2,12,0,1,91.99999988079071,12352.941175922751,9945.13904454546,83.18167904129116,15213.785055570519,78.34826956228913,0
myopic,28,98,2,12,0,1,91.99999988079071,12352.941175922751,9889.822944071566,78.85348842418011,22468.305981195022,78.34826956228913,0
myopic,28,97,2,12,0,1,91.99999988079071,12352.941175922751,9836.427818815333,81.71465197034587,29986.0539527257,80.43164846582134,0
myopic,28,96,2,12,0,1,91.99999988079071,12352.941175922751,9783.19209602645,91.34286509029975,38389.597530144354,80.43164846582134,0
myopic,28,95,2,12,0,1,91.99999988079071,12352.941175922751,9720.56566293973,87.99344422927204,46484.99438874774,80.76388620962199,0
myopic,28,94,2,12,0,1,91.99999988079071,12352.941175922751,9662.263147388085,71.12054829170528,53028.0848231064,80.76388620962199,0
myopic,28,93,2,12,0,1,91.99999988079071,12352.941175922751,9614.503389925087,87.04843405114063,61036.54074543436,81.2516721329647,0
myopic,28,92,2,12,0,1,91.99999988079071,12352.941175922751,9556.20384898776,103.44138142245171,70553.14782396874,81.68189079408234,0
myopic,28,91,2,12,0,1,91.99999988079071,12352.941175922751,9489.79134076347,88.08263864046987,78656.7505683917,81.68189079408234,0
myopic,28,90,2,12,0,1,91.99999988079071,12352.941175922751,9430.11778489599,101.99014937611567,88039.84429883616,82.82831677780638,0
myopic,28,89,2,12,0,1,91.99999988079071,12352.941175922751,9361.920338894553,82.86489745125083,95663.41485447297,82.82831677780638,0
myopic,28,88,2,12,0,1,91.99999988079071,12352.941175922751,9307.62247845826,86.68720608842415,103638.63780427407,82.82831677780638,0
myopic,28,87,2,12,0,1,91.99999988079071,12352.941175922751,9249.666668002752,96.62716928673456,112528.3373671348,84.56293398444693,0
myopic,28,86,2,12,0,1,91.99999988079071,12352.941175922751,9185.027843185746,94.18955965967331,121193.77684459646,84.56293398444693,0
myopic,28,85,2,12,0,1,91.99999988079071,12352.941175922751,9121.735211601239,89.76596424167658,129452.24554412976,84.8282916403851,0
myopic,28,84,2,12,0,1,91.99999988079071,12352.941175922751,9061.683024449809,80.01044227166811,136813.20622358524,87.66566629607894,0
myopic,28,83,2,12,0,1,91.99999988079071,12352.941175922751,9008.93514974898,102.15584691971586,146211.54412802117,87.66566629607894,0
myopic,28,82,2,12,0,1,91.99999988079071,12352.941175922751,8939.858421488476,106.72747648888149,156030.47195227537,87.66566629607894,0
myopic,28,81,2,12,0,1,91.99999988079071,12352.941175922751,8870.320417082818,102.64507844209437,165473.8191567118,88.02391932314761,0
myopic,28,80,2,12,0,1,91.99999988079071,12352.941175922751,8802.635679170253,103.43100823525783,174989.4719020256,88.02391932314761,0
myopic,28,79,2,12,0,1,91.99999988079071,12352.941175922751,8735.630324056465,92.3645248043894,183487.00817301872,89.41124357506565,0
myopic,28,78,2,12,0,1,91.99999988079071,12352.941175922751,8673.774998104713,86.37195761839894,191433.22826361508,89.85798532780689,0
myopic,28,77,2,12,0,1,91.99999988079071,12352.941175922751,8616.576491045467,115.37035331703743,202047.3007550293,91.10061121112462,0
myopic,28,76,2,12,0,1,91.99999988079071,12352.941175922751,8537.204282764738,102.72195721722203,211497.72080676834,91.10061121112462,0
myopic,28,75,2,12,0,1,91.99999988079071,12352.941175922751,8468.179975767867,95.89687674354056,220320.23345574227,91.10061121112462,0
myopic,28,74,2,12,0,1,91.99999988079071,12352.941175922751,8403.72630615895,120.58344829708582,231413.9106846995,91.10061121112462,0
myopic,28,73,2,12,0,1,91.99999988079071,12352.941175922751,8321.168248703896,106.36969619542798,241199.92272199862,91.59938678561403,0
myopic,28,72,2,12,0,1,91.99999988079071,12352.941175922751,8249.363766228907,103.28457817715706,250702.10390198458,91.59938678561403,0
myopic,28,71,2,12,0,1,91.99999988079071,12352.941175922751,8178.321887703066,99.93519611170991,259896.1419323487,93.48039800843478,0
myopic,28,70,2,12,0,1,91.99999988079071,12352.941175922751,8109.943719420677,101.86266921352785,269267.50748785026,93.48039800843478,0
myopic,28,69,2,12,0,1,91.99999988079071,12352.941175922751,8040.5118226515815,99.60222947626845,278430.9125877934,93.48039800843478,0
myopic,28,68,2,12,0,1,91.99999988079071,12352.941175922751,7971.654183867969,104.61328831142876,288055.335099974,95.11469441166237,0
myopic,28,67,2,12,0,1,91.99999988079071,12352.941175922751,7898.781913784892,108.59489437603871,298046.06536962406,95.11469441166237,0
myopic,28,66,2,12,0,1,91.99999988079071,12352.941175922751,7825.411046108985,108.77837233399526,308053.6756113842,96.29318018780998,0
myopic,28,65,2,12,0,1,91.99999988079071,12352.941175922751,7750.1660600648775,114.83650835831453,318618.63436665956,96.29318018780998,0
myopic,28,64,2,12,0,1,91.99999988079071,12352.941175922751,7670.738388347347,109.5081464139944,328693.3838236927,96.29318018780998,0
myopic,28,63,2,12,0,1,91.99999988079071,12352.941175922751,7593.477244622802,114.29226976511829,339208.27262845886,96.29318018780998,0
myopic,28,62,2,12,0,1,91.99999988079071,12352.941175922751,7514.737197754804,118.86960561558843,350144.2763309226,96.29318018780998,0
myopic,28,61,2,12,0,1,91.99999988079071,12352.941175922751,7432.829367116011,132.4369237081295,362328.4732962828,96.40873891602581,0
myopic,28,60,2,12,0,1,91.99999988079071,12352.941175922751,7339.462461129095,133.73285257146202,374631.89571691514,121.48371342624034,0
myopic,28,59,2,12,0,1,91.99999988079071,12352.941175922751,7249.28073160025,133.5732128609943,386920.63128420344,121.717787817549,0
myopic,28,58,2,12,0,1,91.99999988079071,12352.941175922751,7156.123117560813,145.87477500946673,400341.11056768475,121.717787817549,0
myopic,28,57,2,12,0,1,91.99999988079071,12352.941175922751,7055.32408105608,124.49915353168318,411795.03267775814,121.717787817549,0
myopic,28,56,2,12,0,1,91.99999988079071,12352.941175922751,6966.647051046795,140.2905976509263,424701.7676449194,121.717787817549,0
myopic,28,55,2,12,0,1,91.99999988079071,12352.941175922751,6866.908518536184,138.17117142530591,437413.5153995763,125.52438207732914,0
myopic,28,54,2,12,0,1,91.99999988079071,12352.941175922751,6769.992371766373,138.88727965068364,450191.1451108825,125.52438207732914,0
myopic,28,53,2,12,0,1,91.99999988079071,12352.941175922751,6672.565718374404,133.10083678706718,462436.4220794258,125.52438207732914,0
myopic,28,52,2,12,0,1,91.99999988079071,12352.941175922751,6578.048345351494,133.24363575283303,474694.8365528026,125.77567823347204,0
myopic,28,51,2,12,0,1,91.99999988079071,12352.941175922751,6486.0685246937355,138.59185200208654,487445.2869204731,127.57061847614774,0
myopic,28,50,2,12,0,1,91.99999988079071,12352.941175922751,6385.259833498976,118.25499349286324,498324.74630771944,127.57061847614774,0
myopic,28,49,2,12,0,1,91.99999988079071,12352.941175922751,6303.369213925765,122.24748741494308,509571.5151353212,127.56529444817109,0
myopic,28,48,2,12,0,1,91.99999988079071,12352.941175922751,6216.561020293473,135.04943747770298,521996.0633671707,127.56529444817109,0
myopic,28,47,2,12,0,1,91.99999988079071,12352.941175922751,6123.827748904724,149.44401388931846,535744.9126271729,127.56529444817109,0
myopic,28,46,2,12,0,1,91.99999988079071,12352.941175922751,6019.985322474736,161.05637614250568,550562.099213084,130.8145259896823,0
myopic,28,45,2,12,0,1,91.99999988079071,12352.941175922751,5904.436017070041,148.8867692513137,564259.6819664561,130.8145259896823,0
myopic,28,44,2,12,0,1,91.99999988079071,12352.941175922751,5798.830798024108,150.53333723115816,578108.7489737778,131.2339851260106,0
myopic,28,43,2,12,0,1,91.99999988079071,12352.941175922751,5690.823393549668,132.88679810338311,590334.3343834477,131.2339851260106,0
myopic,28,42,2,12,0,1,91.99999988079071,12352.941175922751,5596.385823482108,139.47375712622085,603165.9200224334,131.2339851260106,0
myopic,28,41,2,12,0,1,91.99999988079071,12352.941175922751,5496.929147073607,142.3975158623005,616266.49146479,134.1721664575167,0
myopic,28,40,2,12,0,1,91.99999988079071,12352.941175922751,5395.246827688218,146.12823546382035,629710.2891100416,134.1721664575167,0
myopic,28,39,2,12,0,1,91.99999988079071,12352.941175922751,5291.790332903518,155.12778136727823,643982.0449773385,134.1721664575167,0
myopic,28,38,2,12,0,1,91.99999988079071,12352.941175922751,5183.747252690706,140.37344074068096,656896.4015087474,135.24479254111014,0
myopic,28,37,2,12,0,1,91.99999988079071,12352.941175922751,5085.312141848438,152.6447869460979,670939.7218895917,135.24479254111014,0
myopic,28,36,2,12,0,1,91.99999988079071,12352.941175922751,4975.704229543803,149.3230018495859,684677.4380419529,135.3776796692217,0
myopic,28,35,2,12,0,1,91.99999988079071,12352.941175922751,4868.918777431192,150.87162292453928,698557.6273330252,135.3776796692217,0
myopic,28,34,2,12,0,1,91.99999988079071,12352.941175922751,4758.543782904121,150.1182648331416,712368.5076797787,135.3776796692217,0
myopic,28,33,2,12,0,1,91.99999988079071,12352.941175922751,4647.119587874532,158.73688921838837,726972.3014689476,135.3776796692217,0
myopic,28,32,2,12,0,1,91.99999988079071,12352.941175922751,4532.074062390162,145.64419485888544,740371.5673786029,137.67563429490323,0
myopic,28,31,2,12,0,1,91.99999988079071,12352.941175922751,4427.707608969005,166.21130181271522,755663.0071255588,146.59908961842842,0
myopic,28,30,2,12,0,1,91.99999988079071,12352.941175922751,4306.558831005331,167.39872599126807,771063.6898968,146.67867998707746,0
myopic,28,29,2,12,0,1,91.99999988079071,12352.941175922751,4186.621645831137,165.40329626861703,786280.7931337951,149.0471367442043,0
myopic,28,28,2,12,0,1,91.99999988079071,12352.941175922751,4065.2813455843007,160.55471479897392,801051.8268761612,149.0471367442043,0
myopic,28,27,2,12,0,1,91.99999988079071,12352.941175922751,3947.5840627337247,159.34193538238642,815711.2849123457,149.46787494367135,0
myopic,28,26,2,12,0,1,91.99999988079071,12352.941175922751,3828.272342281647,178.85866981791585,832166.2825142724,149.46787494367135,0
myopic,28,25,2,12,0,1,91.99999988079071,12352.941175922751,3694.2649045245853,177.64885419726747,848509.9770792436,154.18295349612166,0
myopic,28,24,2,12,0,1,91.99999988079071,12352.941175922751,3560.197403520695,164.84332454532625,863675.5629177628,154.86606328959272,0
myopic,28,23,2,12,0,1,91.99999988079071,12352.941175922751,3438.6450771573827,179.53686674141616,880192.9546365706,155.75897319641388,0
myopic,28,22,2,12,0,1,91.99999988079071,12352.941175922751,3301.9221921948174,191.92264605455958,897849.8380507112,158.80352394212818,0
myopic,28,21,2,12,0,1,91.99999988079071,12352.941175922751,3156.1580984904012,170.57454078990196,913542.6957830482,158.80352394212818,0
myopic,28,20,2,12,0,1,91.99999988079071,12352.941175922751,3027.1878865801127,183.42313354996378,930417.6240477791,158.80352394212818,0
myopic,28,19,2,12,0,1,91.99999988079071,12352.941175922751,2888.3619114413113,180.3165992389031,947006.7511562628,158.80352394212818,0
myopic,28,18,2,12,0,1,91.99999988079071,12352.941175922751,2758.1078733255736,167.2496523582304,962393.7191532823,163.45135432315968,0
myopic,28,17,2,12,0,1,91.99999988079071,12352.941175922751,2626.373635110467,175.9335404350701,978579.6048523359,163.45135432315968,0
myopic,28,16,2,12,0,1,91.99999988079071,12352.941175922751,2492.2098592006705,177.95564108940962,994951.5238113475,163.48588367478033,0
myopic,28,15,2,12,0,1,91.99999988079071,12352.941175922751,2355.0294455830553,178.44642557455472,1011368.5949429341,166.63305223218825,0
myopic,28,14,2,12,0,1,91.99999988079071,12352.941175922751,2219.0840995324334,179.08933359734604,1027844.8136125408,167.6035577215017,0
myopic,28,13,2,12,0,1,91.99999988079071,12352.941175922751,2080.9827850335832,194.94005754198807,1045779.2988831651,168.05485080599917,0
myopic,28,12,2,12,0,1,91.99999988079071,12352.941175922751,1928.6433680370956,186.2346426893577,1062912.8859883852,169.09384479432455,0
myopic,28,11,2,12,0,1,91.99999988079071,12352.941175922751,1782.4386751207603,196.92308993050327,1081029.8102385164,169.09384479432455,0
myopic,28,10,2,12,0,1,91.99999988079071,12352.941175922751,1625.9748315452798,190.78531056228834,1098582.0587875035,170.63726322604822,0
myopic,28,9,2,12,0,1,91.99999988079071,12352.941175922751,1477.049918782035,179.00908897218685,1115050.8949516052,170.84305227950415,0
myopic,28,8,2,12,0,1,91.99999988079071,12352.941175922751,1333.6310349936466,189.79156328406594,1132511.7187511143,170.84305227950415,0
myopic,28,7,2,12,0,1,91.99999988079071,12352.941175922751,1178.9187943625184,185.49441133112094,1149577.2045714648,170.84305227950415,0
myopic,28,6,2,12,0,1,91.99999988079071,12352.941175922751,1028.7342743089193,169.55401168151306,1165176.1736259516,170.84305227950415,0
myopic,28,5,2,12,0,1,91.99999988079071,12352.941175922751,891.7636781485435,163.14322120183533,1180185.3499570724,155.39122305741984,0
myopic,28,4,2,12,0,1,91.99999988079071,12352.941175922751,758.7232239485638,156.67376896117014,1194599.336682823,149.0674834074808,0
myopic,28,3,2,12,0,1,91.99999988079071,12352.941175922751,631.5767788787853,144.1514935462986,1207861.2740718983,142.23678861945825,0
myopic,28,2,2,12,0,1,91.99999988079071,12352.941175922751,511.80270975258827,149.6491596030143,1221628.996737536,135.31638940994628,0
myopic,28,1,2,12,0,1,91.99999988079071,10000.0,384.8895071054794,0.0,1221628.996737536,127.3584148712835,0
myopic,29,100,3,12,0,1,91.99999988079071,12352.941175922751,10000.0,85.16957345671698,7835.600747864957,78.9152323625027,0
myopic,29,99,3,12,0,1,91.99999988079071,12352.941175922751,9944.07556792555,86.99202180228619,15838.866743305029,78.9152323625027,0
myopic,29,98,3,12,0,1,91.99999988079071,12352.941175922751,9886.945041971221,90.6515407409103,24178.808480662272,78.9152323625027,0
myopic,29,97,3,12,0,1,91.99999988079071,12352.941175922751,9827.146005056926,92.820716039453,32718.314345226856,80.54394018700624,0
myopic,29,96,3,12,0,1,91.99999988079071,12352.941175922751,9766.523309666725,85.75501121477738,40607.775366763584,80.54394018700624,0
myopic,29,95,3,12,0,1,91.99999988079071,12352.941175922751,9710.655511843213,75.28060060477131,47533.5906134284,80.87617793080689,0
myopic,29,94,3,12,0,1,91.99999988079071,12352.941175922751,9662.869194827066,89.65586182638674,55781.929890768166,80.87617793080689,0
myopic,29,93,3,12,0,1,91.99999988079071,12352.941175922751,9604.283928285595,83.60532796068041,63473.62005318423,81.3639638541496,0
myopic,29,92,3,12,0,1,91.99999988079071,12352.941175922751,9549.325566135258,92.98821308349075,72028.53564578033,81.79418251526724,0
myopic,29,91,3,12,0,1,91.99999988079071,12352.941175922751,9486.844891608542,96.39104324125809,80896.51161248537,81.79418251526724,0
myopic,29,90,3,12,0,1,91.99999988079071,12352.941175922751,9421.59757367976,114.76307607165744,91454.71459739702,82.94060849899128,0
myopic,29,89,3,12,0,1,91.99999988079071,12352.941175922751,9344.656362136811,92.13784455016275,99931.3962850283,82.94060849899128,0
myopic,29,88,3,12,0,1,91.99999988079071,12352.941175922751,9285.649579763538,79.33156240937343,107229.9000172336,82.94060849899128,0
myopic,29,87,3,12,0,1,91.99999988079071,12352.941175922751,9230.621802637828,114.77033824311657,117788.77112191863,84.67522570563183,0
myopic,29,86,3,12,0,1,91.99999988079071,12352.941175922751,9153.169633119183,92.45262430179781,126294.41254666282,84.67522570563183,0
myopic,29,85,3,12,0,1,91.99999988079071,12352.941175922751,9090.576375284852,79.92240400728677,133647.2737058057,84.94058336157,0
myopic,29,84,3,12,0,1,91.99999988079071,12352.941175922751,9037.435312270885,92.96129234467176,142199.71259043366,87.77795801726384,0
myopic,29,83,3,12,0,1,91.99999988079071,12352.941175922751,8973.085623217972,88.27471933285254,150320.98675853293,87.77795801726384,0
myopic,29,82,3,12,0,1,91.99999988079071,12352.941175922751,8913.282220416342,102.39010609356922,159740.87650693546,87.77795801726384,0
myopic,29,81,3,12,0,1,91.99999988079071,12352.941175922751,8842.970610655277,93.16505031009714,168312.06112435827,88.13621104433251,0
myopic,29,80,3,12,0,1,91.99999988079071,12352.941175922751,8780.864008926008,80.70376232717086,175736.80724883734,88.13621104433251,0
myopic,29,79,3,12,0,1,91.99999988079071,12352.941175922751,8725.232151559723,108.0650238426543,185678.7894294792,89.52353529625056,0
myopic,29,78,3,12,0,1,91.99999988079071,12352.941175922751,8652.72757507637,101.81840265687926,195046.08246177438,89.97027704899179,0
myopic,29,77,3,12,0,1,91.99999988079071,12352.941175922751,8585.474431045961,98.29520262874601,204089.24109190132,91.21290293230952,0
myopic,29,76,3,12,0,1,91.99999988079071,12352.941175922751,8517.90866183162,96.1021352828731,212930.63752646936,91.21290293230952,0
myopic,29,75,3,12,0,1,91.99999988079071,12352.941175922751,8452.509138388907,108.76914821150808,222937.39914896182,91.21290293230952,0
myopic,29,74,3,12,0,1,91.99999988079071,12352.941175922751,8377.692373677664,95.61335021536635,231733.82735737754,91.21290293230952,0
myopic,29,73,3,12,0,1,91.99999988079071,12352.941175922751,8310.727467556884,114.71283901143627,242287.40853275484,91.71167850679893,0
myopic,29,72,3,12,0,1,91.99999988079071,12352.941175922751,8231.060634511312,107.38294074818478,252166.63906878678,91.71167850679893,0
myopic,29,71,3,12,0,1,91.99999988079071,12352.941175922751,8156.731663352023,109.63238566852102,262252.8185372215,93.59268972961968,0
myopic,29,70,3,12,0,1,91.99999988079071,12352.941175922751,8083.375001452715,111.21390125026177,272484.4974389879,93.59268972961968,0
myopic,29,69,3,12,0,1,91.99999988079071,12352.941175922751,8008.252219692036,105.96934213608598,282233.67690287525,93.59268972961968,0
myopic,29,68,3,12,0,1,91.99999988079071,12352.941175922751,7935.595779156682,108.16654290500982,292184.99883724167,95.22698613284727,0
myopic,29,67,3,12,0,1,91.99999988079071,12352.941175922751,7859.005582601203,109.92336454003448,302297.94836182095,95.22698613284727,0
myopic,29,66,3,12,0,1,91.99999988079071,12352.941175922751,7783.432163621943,111.01685913811261,312511.4993892931,96.40547190899488,0
myopic,29,65,3,12,0,1,91.99999988079071,12352.941175922751,7706.675282580323,92.4303174432166,321015.08858305047,96.40547190899488,0
myopic,29,64,3,12,0,1,91.99999988079071,12352.941175922751,7644.902410360704,101.39352532433196,330343.292900802,96.40547190899488,0
myopic,29,63,3,12,0,1,91.99999988079071,12352.941175922751,7572.41773581291,103.41242922022496,339857.236376735,96.40547190899488,0
myopic,29,62,3,12,0,1,91.99999988079071,12352.941175922751,7499.922170745429,116.00592715834294,350529.78166147356,96.40547190899488,0
myopic,29,61,3,12,0,1,91.99999988079071,12352.941175922751,7421.282774925718,144.05182062863676,363782.54914213583,96.52103063721071,0
myopic,29,60,3,12,0,1,91.99999988079071,12352.941175922751,7319.648957176725,137.80292342385445,376460.41808070306,121.59600514742525,0
myopic,29,59,3,12,0,1,91.99999988079071,12352.941175922751,7222.09686018056,116.95623354910856,387220.3915532788,121.8300795387339,0
myopic,29,58,3,12,0,1,91.99999988079071,12352.941175922751,7140.253958036261,121.01972909753943,398354.2066158257,121.8300795387339,0
myopic,29,57,3,12,0,1,91.99999988079071,12352.941175922751,7055.182958650195,132.00154747389928,410498.3489676886,121.8300795387339,0
myopic,29,56,3,12,0,1,91.99999988079071,12352.941175922751,6963.468601267327,142.2384540099442,423584.28671964735,121.8300795387339,0
myopic,29,55,3,12,0,1,91.99999988079071,12352.941175922751,6866.897329798459,138.23114179321166,436301.5517481444,125.63667379851404,0
myopic,29,54,3,12,0,1,91.99999988079071,12352.941175922751,6766.383819503908,145.9195982643615,449726.1547710707,125.63667379851404,0
myopic,29,53,3,12,0,1,91.99999988079071,12352.941175922751,6665.4075113535455,141.29216022209755,462725.03349466034,125.63667379851404,0
myopic,29,52,3,12,0,1,91.99999988079071,12352.941175922751,6566.083052850163,143.8881590476545,475962.74410989176,125.88796995465694,0
myopic,29,51,3,12,0,1,91.99999988079071,12352.941175922751,6466.558146046748,143.7093589878602,489184.0051196434,127.68291019733265,0
myopic,29,50,3,12,0,1,91.99999988079071,12352.941175922751,6364.855189199556,130.57095077279527,501196.5325751753,127.68291019733265,0
myopic,29,49,3,12,0,1,91.99999988079071,12352.941175922751,6271.214533253822,150.90349056850596,515079.6536894887,127.67758616935599,0
myopic,29,48,3,12,0,1,91.99999988079071,12352.941175922751,6162.018388062765,118.80985270805287,526010.1601244663,127.67758616935599,0
myopic,29,47,3,12,0,1,91.99999988079071,12352.941175922751,6076.978823868549,146.41799948856126,539480.6160599595,127.67758616935599,0
myopic,29,46,3,12,0,1,91.99999988079071,12352.941175922751,5972.920105993026,142.0947937246007,552553.3370656838,130.9268177108672,0
myopic,29,45,3,12,0,1,91.99999988079071,12352.941175922751,5870.695434112747,149.3489309324001,566293.4386936608,130.9268177108672,0
myopic,29,44,3,12,0,1,91.99999988079071,12352.941175922751,5765.106627283497,145.70562431300698,579698.356113088,131.3462768471955,0
myopic,29,43,3,12,0,1,91.99999988079071,12352.941175922751,5661.01404788437,137.94847046631185,592389.615379544,131.3462768471955,0
myopic,29,42,3,12,0,1,91.99999988079071,12352.941175922751,5561.272001050854,142.57172898662364,605506.2144293175,131.3462768471955,0
myopic,29,41,3,12,0,1,91.99999988079071,12352.941175922751,5461.7407415801235,142.86835253598736,618650.1028455971,134.2844581787016,0
myopic,29,40,3,12,0,1,91.99999988079071,12352.941175922751,5361.807711432845,154.50752366076688,632864.7950039689,134.2844581787016,0
myopic,29,39,3,12,0,1,91.99999988079071,12352.941175922751,5250.596178606869,156.3462852948665,647248.6532324586,134.2844581787016,0
myopic,29,38,3,12,0,1,91.99999988079071,12352.941175922751,5141.281107416426,161.279741166515,662086.3894005519,135.35708426229505,0
myopic,29,37,3,12,0,1,91.99999988079071,12352.941175922751,5023.248134777335,139.3215582940523,674903.9727469963,135.35708426229505,0
myopic,29,36,3,12,0,1,91.99999988079071,12352.941175922751,4918.693258284436,142.73606794552907,688035.6909809696,135.4899713904066,0
myopic,29,35,3,12,0,1,91.99999988079071,12352.941175922751,4816.559573888078,147.19373344345883,701577.5144402209,135.4899713904066,0
myopic,29,34,3,12,0,1,91.99999988079071,12352.941175922751,4708.244737862428,155.45877430256866,715879.721657525,135.4899713904066,0
myopic,29,33,3,12,0,1,91.99999988079071,12352.941175922751,4590.379144429426,144.10666757858493,729137.535057576,135.4899713904066,0
myopic,29,32,3,12,0,1,91.99999988079071,12352.941175922751,4487.7396837725155,163.27521329535955,744158.8546612852,137.78792601608814,0
myopic,29,31,3,12,0,1,91.99999988079071,12352.941175922751,4370.037209012966,150.09802607572402,757967.8730423587,146.71138133961333,0
myopic,29,30,3,12,0,1,91.99999988079071,12352.941175922751,4259.333167584109,174.1137598418197,773986.3389270501,146.79097170826236,0
myopic,29,29,3,12,0,1,91.99999988079071,12352.941175922751,4132.252588449641,157.47413504354208,788473.9593322836,149.1594284653892,0
myopic,29,28,3,12,0,1,91.99999988079071,12352.941175922751,4015.8383164970464,161.08917441767076,803294.1633595059,149.1594284653892,0
myopic,29,27,3,12,0,1,91.99999988079071,12352.941175922751,3894.0274066119628,164.0303211703156,818384.952887621,149.58016666485625,0
myopic,29,26,3,12,0,1,91.99999988079071,12352.941175922751,3774.1577345760998,188.28794952133725,835707.4442211384,149.58016666485625,0
myopic,29,25,3,12,0,1,91.99999988079071,12352.941175922751,3634.7215604931307,156.49309907675269,850104.8093175442,154.29524521730656,0
myopic,29,24,3,12,0,1,91.99999988079071,12352.941175922751,3516.3166671232702,171.17329061380096,865852.7520336085,154.97835501077762,0
myopic,29,23,3,12,0,1,91.99999988079071,12352.941175922751,3386.374721189418,173.4624092211474,881811.2936612758,155.87126491759878,0
myopic,29,22,3,12,0,1,91.99999988079071,12352.941175922751,3255.4616959555015,175.51622853948362,897958.7866659851,158.91581566331308,0
myopic,29,21,3,12,0,1,91.99999988079071,12352.941175922751,3120.9322908839576,156.37939785605155,912345.6912501,158.91581566331308,0
myopic,29,20,3,12,0,1,91.99999988079071,12352.941175922751,3001.9963369379966,174.21828014518138,928373.7730026883,158.91581566331308,0
myopic,29,19,3,12,0,1,91.99999988079071,12352.941175922751,2865.4302672208314,173.32789671802385,944319.9394800842,158.91581566331308,0
myopic,29,18,3,12,0,1,91.99999988079071,12352.941175922751,2730.733090062872,186.85641378882133,961510.7295263808,163.56364604434458,0
myopic,29,17,3,12,0,1,91.99999988079071,12352.941175922751,2588.8927600355673,184.1632192939299,978453.7456794684,163.56364604434458,0
myopic,29,16,3,12,0,1,91.99999988079071,12352.941175922751,2445.468617530265,193.1519742757825,996223.7272898149,163.59817539596523,0
myopic,29,15,3,12,0,1,91.99999988079071,12352.941175922751,2294.453302619624,183.40759270244982,1013097.2257965764,166.74534395337315,0
myopic,29,14,3,12,0,1,91.99999988079071,12352.941175922751,2151.1901525018848,179.40140530628693,1029602.1550633685,167.7158494426866,0
myopic,29,13,3,12,0,1,91.99999988079071,12352.941175922751,2013.2937110140629,181.7962188469146,1046327.4071756129,168.16714252718407,0
myopic,29,12,3,12,0,1,91.99999988079071,12352.941175922751,1872.542775467352,178.7499284097659,1062772.4005680026,169.09384479432455,0
myopic,29,11,3,12,0,1,91.99999988079071,12352.941175922751,1729.3730474083895,172.81166264191907,1078671.0735104585,169.09384479432455,0
myopic,29,10,3,12,0,1,91.99999988079071,12352.941175922751,1592.3921072029552,190.6349249482369,1096209.4865829707,170.63726322604822,0
myopic,29,9,3,12,0,1,91.99999988079071,12352.941175922751,1443.556751858474,198.38487020771584,1114460.8946184313,170.84305227950415,0
myopic,29,8,3,12,0,1,91.99999988079071,12352.941175922751,1287.4248267499715,189.03975638777985,1131852.5521835717,170.84305227950415,0
myopic,29,7,3,12,0,1,91.99999988079071,12352.941175922751,1139.2063065507155,176.16391709583237,1148059.632535388,170.84305227950415,0
myopic,29,6,3,12,0,1,91.99999988079071,12352.941175922751,998.5117240565778,172.7272279507175,1163950.5374862633,170.84305227950415,0
myopic,29,5,3,12,0,1,91.99999988079071,12352.941175922751,856.0276433377403,153.69188708829773,1178090.1910800652,155.39122305741984,0
myopic,29,4,3,12,0,1,91.99999988079071,12352.941175922751,729.1778015450727,151.29043447867394,1192008.911034068,149.0674834074808,0
myopic,29,3,3,12,0,1,91.99999988079071,12352.941175922751,603.3649416464286,154.17132951402988,1206192.6733309801,142.23678861945825,0
myopic,29,2,3,12,0,1,91.99999988079071,10000.0,474.3773193221059,0.0,1206192.6733309801,135.31638940994628,0
myopic,29,1,3,12,0,1,91.99999988079071,10000.0,474.3773193221059,0.0,1206192.6733309801,127.3584148712835,0
